নাম/পদবী,সম্ভাব্য ধর্ম
মোহাম্মদ,মুসলমান
ইসলাম,মুসলমান
রহমান,মুসলমান
হোসেন,মুসলমান
হাসান,মুসলমান
আহমেদ,মুসলমান
খান,মুসলমান
হক,মুসলমান
আলম,মুসলমান
উদ্দিন,মুসলমান
শেখ,মুসলমান
কাজী,মুসলমান
আক্তার,মুসলমান
মাহমুদ,মুসলমান
মোসাম্মৎ,মুসলমান
সুলতানা,মুসলমান
সৈয়দ,মুসলমান
আলী,মুসলমান
মামুন,মুসলমান
কবির,মুসলমান
করিম,মুসলমান
খন্দকার,মুসলমান
বেগম,মুসলমান
কবীর,মুসলমান
জাহান,মুসলমান
ভূঁইয়া,মুসলমান
আবুল,মুসলমান
সিদ্দিকী,মুসলমান
আব্দুল্লাহ,মুসলমান
হোসাইন,মুসলমান
ফেরদৌস,মুসলমান
মিয়া,মুসলমান
খাতুন,মুসলমান
আহসান,মুসলমান
আজাদ,মুসলমান
রেজা,মুসলমান
জামান,মুসলমান
শারমিন,মুসলমান
আহমদ,মুসলমান
ফারুক,মুসলমান
আব্দুল্লাহ‌,মুসলমান
আসাদুজ্জামান,মুসলমান
রশীদ,মুসলমান
তানভীর,মুসলমান
আবদুল্লাহ,মুসলমান
উল্লাহ,মুসলমান
ফারজানা,মুসলমান
মেহেদী,মুসলমান
কামাল,মুসলমান-দুর্বল
পারভীন,মুসলমান
মোস্তফা,মুসলমান
ইয়াসমিন,মুসলমান
উদ্দীন,মুসলমান
মনিরুজ্জামান,মুসলমান
মাসুদ,মুসলমান
শাহরিয়ার,মুসলমান
নাহার,মুসলমান-দুর্বল
নূর,মুসলমান
ফয়সাল,মুসলমান
আসিফ,মুসলমান
ইকবাল,মুসলমান
মোল্লা,মুসলমান
গোলাম,মুসলমান
কামরুজ্জামান,মুসলমান
ইমরান,মুসলমান
ফাতেমা,মুসলমান
আরিফ,মুসলমান
খাঁন,মুসলমান
শরীফ,মুসলমান
পারভেজ,মুসলমান
শাহীন,মুসলমান
সাঈদ,মুসলমান
আনোয়ার,মুসলমান
নুসরাত,মুসলমান
গাজী,মুসলমান
নাহিদ,মুসলমান
রায়হান,মুসলমান
সাদিয়া,মুসলমান
আখতার,মুসলমান
উম্মে,মুসলমান
উম্‌মে,মুসলমান
খানম,মুসলমান
ফারহানা,মুসলমান
আকতার,মুসলমান
আফরোজ,মুসলমান
মাহমুদুল,মুসলমান
সিদ্দিক,মুসলমান
হায়দার,মুসলমান
আরাফাত,মুসলমান
আবদুল,মুসলমান
আহম্মেদ,মুসলমান
নাসরিন,মুসলমান
মাহবুব,মুসলমান
মুহম্মদ,মুসলমান
আজিজ,মুসলমান
ইমতিয়াজ,মুসলমান
সাইফুল,মুসলমান
আবেদীন,মুসলমান
জান্নাতুল,মুসলমান
আল,মুসলমান
সৈয়দা,মুসলমান
নাজমুল,মুসলমান
বারী,মুসলমান
মোর্শেদ,মুসলমান
হাবীব,মুসলমান
আরা,মুসলমান-দুর্বল
কাদের,মুসলমান
জাহিদ,মুসলমান
মাহমুদা,মুসলমান
খোন্দকার,মুসলমান
তাহমিনা,মুসলমান
রাশেদ,মুসলমান
আজম,মুসলমান
আমীন,মুসলমান
আরেফিন,মুসলমান
নাজনীন,মুসলমান
ফাহমিদা,মুসলমান
সেলিম,মুসলমান
হুদা,মুসলমান
মাসুম,মুসলমান
সানজিদা,মুসলমান
আব্দুল,মুসলমান
ইমাম,মুসলমান
বিল্লাহ,মুসলমান
ভূঞা,মুসলমান
মান্নান,মুসলমান
মির্জা,মুসলমান
রহিম,মুসলমান-দুর্বল
আলমগীর,মুসলমান
ইশরাত,মুসলমান
তামান্না,মুসলমান
ফরিদ,মুসলমান
আশরাফ,মুসলমান
ইউসুফ,মুসলমান
ইসরাত,মুসলমান
রাব্বী,মুসলমান
সালমা,মুসলমান
হাবিব,মুসলমান
জাহাঙ্গীর,মুসলমান
শামীমা,মুসলমান
সাকিব,মুসলমান
সাব্বির,মুসলমান
সিদ্দিকা,মুসলমান
হারুন,মুসলমান-দুর্বল
কিবরিয়া,মুসলমান
জান্নাত,মুসলমান
নোমান,মুসলমান
মারুফ,মুসলমান
সুমাইয়া,মুসলমান
আয়েশা,মুসলমান
আসমা,মুসলমান
আহাম্মদ,মুসলমান
জাকারিয়া,মুসলমান
মহিউদ্দিন,মুসলমান
আফরিন,মুসলমান
আফরোজা,মুসলমান
আমিনুল,মুসলমান
আশরাফুজ্জামান,মুসলমান
আহম্মদ,মুসলমান
কানিজ,মুসলমান
কামরুল,মুসলমান
জাকির,মুসলমান
রউফ,মুসলমান
রাজ্জাক,মুসলমান
এলাহী,মুসলমান
জাকিয়া,মুসলমান
মাহ‌বুব,মুসলমান
মিঞা,মুসলমান
শাহনাজ,মুসলমান
সাবরিনা,মুসলমান
সারোয়ার,মুসলমান
হুসাইন,মুসলমান
আরিফুল,মুসলমান
ফাহিম,মুসলমান
রাব্বি,মুসলমান
হামিদ,মুসলমান
হালিম,মুসলমান-দুর্বল
ইশতিয়াক,মুসলমান
কায়েস,মুসলমান
বাশার,মুসলমান
মিজানুর,মুসলমান
রফিকুল,মুসলমান
সাখাওয়াত,মুসলমান
সাজ্জাদ,মুসলমান
আনিসুজ্জামান,মুসলমান
আরেফীন,মুসলমান
জোহরা,মুসলমান
মালেক,মুসলমান
শফিকুল,মুসলমান
সালাম,মুসলমান
সুরাইয়া,মুসলমান
হান্নান,মুসলমান
হাবিবুর,মুসলমান
ইফতেখার,মুসলমান
খালিদ,মুসলমান
তানজিনা,মুসলমান
পাশা,মুসলমান
ফরিদা,মুসলমান
ফেরদৌসী,মুসলমান
ভূঁঞা,মুসলমান
মনিরা,মুসলমান
মনিরুল,মুসলমান
মাহফুজা,মুসলমান
মাহবুবা,মুসলমান
শাহেদ,মুসলমান
সামাদ,মুসলমান
হাকিম,মুসলমান-দুর্বল
হাছান,মুসলমান
আকবর,মুসলমান
আশরাফুল,মুসলমান
ইয়াছমিন,মুসলমান
কায়সার,মুসলমান
খাদিজা,মুসলমান
খালেক,মুসলমান
জামিল,মুসলমান
জাহিদুল,মুসলমান
নাজমুস,মুসলমান
বাকী,মুসলমান
মিজান,মুসলমান
মুরাদ,মুসলমান
রিয়াজ,মুসলমান
শাকিল,মুসলমান
হাফিজ,মুসলমান
আউয়াল,মুসলমান
আজিম,মুসলমান
আদনান,মুসলমান
ইয়াসমীন,মুসলমান
ওয়াদুদ,মুসলমান
তানজিলা,মুসলমান
তাহের,মুসলমান
নুর,মুসলমান
নেওয়াজ,মুসলমান
ফাহাদ,মুসলমান
মোমেন,মুসলমান
সাদিক,মুসলমান
সাবিনা,মুসলমান-দুর্বল
সাবিহা,মুসলমান
আফসানা,মুসলমান
আবিদা,মুসলমান
ইব্রাহীম,মুসলমান
এহসান,মুসলমান
কাওসার,মুসলমান
কাদির,মুসলমান
কামরুন,মুসলমান
খালেদ,মুসলমান
তাবাসসুম,মুসলমান
নাসির,মুসলমান
নুরুজ্জামান,মুসলমান
ফারুকী,মুসলমান
মনজুর,মুসলমান
মনজুরুল,মুসলমান
মাহফুজুর,মুসলমান
মাহমুদুর,মুসলমান
রওশন,মুসলমান
রেজাউল,মুসলমান
সাইফ,মুসলমান
সাজিয়া,মুসলমান
সাত্তার,মুসলমান
সালেহ,মুসলমান
আখতারুজ্জামান,মুসলমান
আরিফা,মুসলমান
আরিফুজ্জামান,মুসলমান
আরিফুর,মুসলমান
আহাদ,মুসলমান
এনামুল,মুসলমান
খায়ের,মুসলমান
তৌহিদুল,মুসলমান
দেলোয়ার,মুসলমান
নাঈম,মুসলমান
নাজমুন,মুসলমান
নাসরীন,মুসলমান
ফরহাদ,মুসলমান
ফিরোজ,মুসলমান
মনসুর,মুসলমান
মাসুমা,মুসলমান
মাহবুবুর,মুসলমান
মুহাম্মাদ,মুসলমান
মোরশেদ,মুসলমান
মোস্তাক,মুসলমান
রব্বানী,মুসলমান
রহিমা,মুসলমান
রাকিব,মুসলমান
রাকিবুল,মুসলমান
রাব্বানী,মুসলমান
রুবাইয়া,মুসলমান
শোয়েব,মুসলমান
সাদী,মুসলমান
সুলতান,মুসলমান
হোসনে,মুসলমান
আফতাব,মুসলমান
শামস,মুসলমান
নজরুল,মুসলমান
মিশকাত,মুসলমান
হাসনাত,মুসলমান
বরকত,মুসলমান
আব্দুর,মুসলমান
সবুর,মুসলমান
কানিজা,মুসলমান
মুহসিনা,মুসলমান
ইলিয়াস,মুসলমান
ওসমান,মুসলমান
আকিব,মুসলমান
জাভেদ,মুসলমান
গনি,মুসলমান
হুসনা,মুসলমান
ইশরাক,মুসলমান
হোসনা,মুসলমান
উল,মুসলমান
ফয়সল,মুসলমান
ইবনে,মুসলমান
বিলকিস,মুসলমান
নেসা,মুসলমান-দুর্বল
ফজলে,মুসলমান
আমান,মুসলমান
আফিয়া,মুসলমান
মোহাইমেন,মুসলমান
আবরার,মুসলমান
ইয়াসির,মুসলমান
আনসারী,মুসলমান
খাইরুল,মুসলমান
সালমান,মুসলমান
আমেনা,মুসলমান
আলিফ,মুসলমান
সুজা,মুসলমান
শামসু,মুসলমান
আহাম্মেদ,মুসলমান
আহমাদ,মুসলমান
আজিজুল,মুসলমান
নেছা,মুসলমান
ইব্রাহিম,মুসলমান
ইয়াছির,মুসলমান
ইয়াসিন,মুসলমান
এলাহি,মুসলমান
আব্বাস,মুসলমান
দৌলা,মুসলমান
আহসানুজ্জামান,মুসলমান
ইকরাম,মুসলমান
ইবরাহীম,মুসলমান
হোসাইন,মুসলমান
ইসমাইল,মুসলমান
উমর,মুসলমান
মবিন,মুসলমান
শাহনেওয়াজ,মুসলমান
মেহরাব,মুসলমান
আবদুর,মুসলমান
রকিব,মুসলমান
কালাম,মুসলমান
খায়রুল,মুসলমান
আনাম,মুসলমান
তারিক,মুসলমান
আক্তারুজ্জামান,মুসলমান
মোহম্মদ,মুসলমান
সাদমান,মুসলমান
সাজিদ,মুসলমান
জামাল,মুসলমান
তালহা,মুসলমান
জোবায়ের,মুসলমান
তাসনিম,মুসলমান
নাফিস,মুসলমান
মোহতাসিম,মুসলমান
হেলাল,মুসলমান
নাবিল,মুসলমান
মোসাম্মাৎ,মুসলমান
তাসনীম,মুসলমান
মেহজাবিন,মুসলমান
মুর্শেদ,মুসলমান
মাহজাবিন,মুসলমান
সায়মা,মুসলমান
তাহসিন,মুসলমান
মুবতাসিম,মুসলমান
মাহতাব,মুসলমান
রিয়াদ,মুসলমান
মাহদি,মুসলমান
হামীম,মুসলমান
হামজা,মুসলমান
ফারদিন,মুসলমান
নাসের,মুসলমান
তাহমিদ,মুসলমান
ফারনাজ,মুসলমান
সালেক,মুসলমান
আবেদিন,মুসলমান
আমরিন,মুসলমান
তৌসিফ,মুসলমান
সাদাত,মুসলমান
আহনাফ,মুসলমান
ইরফান,মুসলমান
ফয়েজ,মুসলমান
মুহাম্মদ,মুসলমান
সিফাত,মুসলমান
বিনতে,মুসলমান
মাহফুজ,মুসলমান
রহমত,মুসলমান
মুনতাহা,মুসলমান
শওকত,মুসলমান
আলিমা,মুসলমান
তাসফিয়া,মুসলমান
তারান্নুম,মুসলমান
আঞ্জুম,মুসলমান
তানজুম,মুসলমান
নাওয়ার,মুসলমান
ফাতিমা,মুসলমান
মুর্শিদ,মুসলমান
হোমাইরা,মুসলমান
মরিয়ম,মুসলমান
তাইয়েবা,মুসলমান
আয়শা,মুসলমান
আফনান,মুসলমান
ফৌজিয়া,মুসলমান
ইকরাহ,মুসলমান
মুনিরা,মুসলমান
রেজওয়ানা,মুসলমান
সরওয়ার,মুসলমান
নূরজাহান,মুসলমান
নুশরাত,মুসলমান
শফিকা,মুসলমান
সাইয়েদা,মুসলমান
ইমরোজ,মুসলমান
ওয়াহিদ,মুসলমান
আরিফিন,মুসলমান
সিকান্দার,মুসলমান
নওশীন,মুসলমান
মাশরাফি,মুসলমান
মোহাম্মাদ,মুসলমান
জাবের,মুসলমান
জুলফিকার,মুসলমান
হুমায়ুন,মুসলমান
আতিক,মুসলমান
আরমান,মুসলমান
মুস্তাফা,মুসলমান
তাসকিন,মুসলমান
রাহনুমা,মুসলমান
নাজিফা,মুসলমান
মঞ্জুর,মুসলমান
সাঈদা,মুসলমান
আশফাক,মুসলমান
সামিয়া,মুসলমান
তানজিম,মুসলমান
ইয়ামিন,মুসলমান
রাফায়েত,মুসলমান
আনাস,মুসলমান
সাদাফ,মুসলমান
মুনতাসির,মুসলমান
রাবাব,মুসলমান
ইসতিয়াক,মুসলমান
ইশতিয়াক,মুসলমান
ফাতেমাতুজ,মুসলমান
আনাফ,মুসলমান
নাবিলা,মুসলমান
অধিকারী,হিন্দু
অম্বুলী,হিন্দু
অসীম,হিন্দু
অ্যাগনেস,খ্রিস্টান
আইচ,হিন্দু
আচার্জি,খ্রিস্টান
আচার্য,হিন্দু
আচার্য্য,হিন্দু
আচিক,আদিবাসী
আঢ্য,হিন্দু
আদক,হিন্দু
আমূল,হিন্দু
আলমিদা,খ্রিস্টান
আলমেইদা,খ্রিস্টান
আলম্বায়ন,হিন্দু
উ,আদিবাসী
উকিল,হিন্দু
উপাধ্যায়,হিন্দু
উরাঁও,আদিবাসী
এছেন,আদিবাসী
এসেনছাওঁ,খ্রিস্টান
এসেনসন,খ্রিস্টান
এসেনসিও,খ্রিস্টান
এসেন্সিও,খ্রিস্টান
ওঝা,হিন্দু
ওঁরাও,আদিবাসী
কন্দ,আদিবাসী
কবিরাজ,হিন্দু
কর,হিন্দু
করণ,হিন্দু
করাল,হিন্দু
কর্মকার,হিন্দু
কংসবণিক,হিন্দু
কস্তা,খ্রিস্টান
কাঞ্জারি,হিন্দু
কাঞ্জি,হিন্দু
কাঞ্জিকুড়া,হিন্দু
কাঞ্জিলাল,হিন্দু
কানুনগো,হিন্দু
কান্তি,হিন্দু
কারক,হিন্দু
কারিগর,হিন্দু
কার্য্যী,হিন্দু
কাশ্যপ,হিন্দু
কাঁসারী,হিন্দু
কুকি,আদিবাসী
কুণ্ডু,হিন্দু
কুদো,হিন্দু
কুন্ড,হিন্দু
কুন্ডু,হিন্দু
কুন্দ,হিন্দু
কুবি,আদিবাসী
কুমার,হিন্দু
কুম্ভকার,হিন্দু
কুলভ,হিন্দু
কুলভী,হিন্দু
কুলী,হিন্দু
কুশারী,হিন্দু
কুশো,হিন্দু
কুসম,হিন্দু
কুসুমকুলী,হিন্দু
কৃষ্ণ,হিন্দু
কেশরকুনী,হিন্দু
কেশরকোণা,হিন্দু
কৈরী,হিন্দু
কোচ,আদিবাসী
কোড়াইয়া,খ্রিস্টান
কোঁয়ারী,হিন্দু
কোরায়া,খ্রিস্টান
কোল,আদিবাসী
কৌড়ি,হিন্দু
ক্রুজ,খ্রিস্টান
ক্রুস,খ্রিস্টান
খাঁ,হিন্দু
খাড়িয়া,আদিবাসী
খারওয়ার,আদিবাসী
খারিয়া,আদিবাসী
খাসি,আদিবাসী
খাসিয়া,আদিবাসী
খাস্তগীর,হিন্দু
খীসা,আদিবাসী
খুমি,আদিবাসী
খেড়োয়ার,আদিবাসী
খেয়াং,আদিবাসী
গঙ্গোপাধ্যায়,হিন্দু
গড়গড়ি,হিন্দু
গড়গড়ে,হিন্দু
গণ্ড,আদিবাসী
গনজালভেজ,খ্রিস্টান
গনজালেস,খ্রিস্টান
গনসালভেজ,খ্রিস্টান
গমেজ,খ্রিস্টান
গাইন,হিন্দু
গাগুর,হিন্দু
গাঙ্গুরি,হিন্দু
গাঙ্গুলি,হিন্দু
গাঙ্গুলী,হিন্দু
গায়েন,হিন্দু
গারো,আদিবাসী
গিরি,হিন্দু
গুড়,হিন্দু
গুড়া,হিন্দু
গুপ্তা,হিন্দু
গুহ,হিন্দু
গোপ,হিন্দু
গোপাল,হিন্দু
গোমস,খ্রিস্টান
গোমেজ,খ্রিস্টান
গোয়ালা,হিন্দু
গোলদার,হিন্দু
গোঁসাই,হিন্দু
গোস্বামী,হিন্দু
গৌতম,হিন্দু
গ্য,আদিবাসী
গ্রহবিপ্র,হিন্দু
ঘটক,হিন্দু
ঘন্টা,হিন্দু
ঘরাই,আদিবাসী
ঘরামী,হিন্দু
ঘাটাল,হিন্দু
ঘোষ,হিন্দু
ঘোষল,হিন্দু
ঘোষলী,হিন্দু
ঘোষাল,হিন্দু
চক্রবর্তী,হিন্দু
চক্রবর্ত্তী,হিন্দু
চট্ট,হিন্দু
চট্টোপাধ্যায়,হিন্দু
চন্দ,হিন্দু
চন্দ্র,হিন্দু
চাক,আদিবাসী
চাকমা,আদিবাসী
চাকলাদার,হিন্দু
চাকী,হিন্দু
চাকি,হিন্দু
চাক্‌মা,আদিবাসী
চাঙমা,আদিবাসী
চাটতি,হিন্দু
চাটুতি,হিন্দু
চাঁদ,হিন্দু
চাংমা,আদিবাসী
চাম্বুগং,আদিবাসী
চিং,আদিবাসী
চিরান,আদিবাসী
চোটখণ্ডী,হিন্দু
চোৎখণ্ড,হিন্দু
চৌধুরী,হিন্দু
চ্যাটার্জী,হিন্দু
ছুতোর,হিন্দু
জলদাস,হিন্দু
জানা,হিন্দু
জাম্বিল,খ্রিস্টান
জো,আদিবাসী
জোয়ার্দার,হিন্দু
টলেন্টিনো,খ্রিস্টান
টিকাদার,হিন্দু
টিপরা,আদিবাসী
ঠাকুর,হিন্দু
ডাকুয়া,হিন্দু
ডালু,আদিবাসী
ডি কস্তা,খ্রিস্টান
ডি রোজারিও,খ্রিস্টান
ডিকস্তা,খ্রিস্টান
ডিংসা,হিন্দু
ডিংসাই,হিন্দু
ঢালী,হিন্দু
তংচংগ্যা,আদিবাসী
তঞ্চঙ্গ্যা,আদিবাসী
তঞ্চ্যঙ্গা,আদিবাসী
তন্‌চংগ্যা,আদিবাসী
তরফদার,হিন্দু
তালুকদার,হিন্দু
তিঙ,আদিবাসী
তিলাড়া,হিন্দু
তিলি,হিন্দু
তেলি,হিন্দু
তৈলবাটী,হিন্দু
ত্রিপুরা,আদিবাসী
দত্ত,হিন্দু
দস্তিদার,হিন্দু
দাম,হিন্দু
দায়া,হিন্দু
দায়ী,হিন্দু
দাশ,হিন্দু
দাশগুপ্ত,হিন্দু
দাস,হিন্দু
দিও,আদিবাসী
দিন্দা,হিন্দু
দীঘড়া,হিন্দু
দীঘল,হিন্দু
দীঘারী,হিন্দু
দীর্ঘাঙ্গী,হিন্দু
দে,হিন্দু
দেওয়ান,হিন্দু
দেওরী,হিন্দু
দেব,হিন্দু
দেবনাথ,হিন্দু
দেবি,হিন্দু
দেবী,হিন্দু
দ্রং,আদিবাসী
ধর,হিন্দু
ধাড়া,হিন্দু
নন্দী,হিন্দু
নন্দীগ্রাম,হিন্দু
নাগ,হিন্দু
নাথ,হিন্দু
নায়,হিন্দু
নায়ারী,হিন্দু
নায়ী,হিন্দু
নু,আদিবাসী
পটুয়া,হিন্দু
পর্কটি,হিন্দু
পল,হিন্দু
পলশা,হিন্দু
পলসায়ী,হিন্দু
পলসোনা,হিন্দু
পাইক,হিন্দু
পাইন,হিন্দু
পাকড়াশি,হিন্দু
পাকুর,হিন্দু
পাখাধরা,হিন্দু
পাংখো,আদিবাসী
পাঙন,আদিবাসী
পাঁজা,হিন্দু
পাঁটিকার,হিন্দু
পাটোয়ারি,হিন্দু
পাতুণ্ড,হিন্দু
পাত্র,আদিবাসী
পান্ডে,হিন্দু
পারিহা,হিন্দু
পারিহাল,হিন্দু
পারী,হিন্দু
পাল,হিন্দু
পালতী,হিন্দু
পালধী,হিন্দু
পালমা,খ্রিস্টান
পালাকার,হিন্দু
পালীগ্রাম,হিন্দু
পাহাড়ি,আদিবাসী
পিউরিফিকেশন,খ্রিস্টান
পিউরীফিকেশন,খ্রিস্টান
পিপলাই,হিন্দু
পিপ্পল,হিন্দু
পিরিজ,খ্রিস্টান
পিরিস,খ্রিস্টান
পীতমুড়া,হিন্দু
পীতমুণ্ডী,হিন্দু
পুততুন্ড,হিন্দু
পুতিতুণ্ডি,হিন্দু
পুতুণ্ডা,হিন্দু
পুরকাইত,হিন্দু
পুরকায়স্থ,হিন্দু
পুরোহিত,হিন্দু
পুষলী,হিন্দু
পুষিলাল,হিন্দু
পুংসিক,হিন্দু
পূর্বগ্রাম,হিন্দু
পূর্বগ্রামী,হিন্দু
পৃতিতুণ্ড,হিন্দু
পেরেজ,খ্রিস্টান
পেরেরা,খ্রিস্টান
পেরেস,খ্রিস্টান
পোড়াবাড়ি,হিন্দু
পোড়ারী,হিন্দু
পোদ্দার,হিন্দু
পোষলা,হিন্দু
প্রধান,হিন্দু
প্রামাণিক,হিন্দু
প্রামানিক,হিন্দু
প্রু,আদিবাসী
ফার্নান্দেজ,খ্রিস্টান
ফার্নান্দেস,খ্রিস্টান
বটব্যাল,হিন্দু
বড়াল,হিন্দু
বড়ুয়া,বড়ুয়া
বণিক,হিন্দু
বনিক,হিন্দু
বন্দ্যঘটি,হিন্দু
বন্দ্যোপাধ্যায়,হিন্দু
বম,আদিবাসী
বর্দ্ধন,হিন্দু
বর্ধন,হিন্দু
বর্মণ,হিন্দু
বর্মন,হিন্দু
বল,হিন্দু
বসাক,হিন্দু
বসু,হিন্দু
বসুয়া,হিন্দু
বসুয়ারী,হিন্দু
বাগ,হিন্দু
বাগচি,হিন্দু
বাগচী,হিন্দু
বাগদী,আদিবাসী
বাছার,হিন্দু
বাড়ব,হিন্দু
বাড়র,হিন্দু
বাড়ৈ,হিন্দু
বাড়ৈ,হিন্দু
বাপুলা,হিন্দু
বাপুলী,হিন্দু
বারুই,হিন্দু
বারুজীবি,হিন্দু
বারেন্দ্র,হিন্দু
বালা,হিন্দু
বালী,হিন্দু
বালীগ্রাম,হিন্দু
বালো,হিন্দু
বাঁসফোর,হিন্দু
বিশ্বাস,হিন্দু
বীর,হিন্দু
বেরা,হিন্দু
বৈদ্য,হিন্দু
বৈরাগী,হিন্দু
বৈষ্ণব,হিন্দু
বোড়া,হিন্দু
বোষ্টম,হিন্দু
বোস,হিন্দু
ব্যানার্জি,হিন্দু
ব্যানার্জী,হিন্দু
ব্যাস,হিন্দু
ভক্ত,হিন্দু
ভঞ্জ,হিন্দু
ভট্টশালী,হিন্দু
ভট্টাচার্য,হিন্দু
ভট্টাচার্য্য,হিন্দু
ভট্টাচাৰ্য্য,হিন্দু
ভদ্র,হিন্দু
ভদ্রেশু,হিন্দু
ভাঁড়,হিন্দু
ভাদুড়ী,হিন্দু
ভাদুড়ী,হিন্দু
ভিল,আদিবাসী
ভুরসুট,হিন্দু
ভুরীগ্রামী,হিন্দু
ভূমিজ,আদিবাসী
ভৌমিক,হিন্দু
মং,আদিবাসী
মজুমদার,হিন্দু
মণিপুরী,আদিবাসী
মণ্ডল,হিন্দু
মন্ডল,হিন্দু
মল্লিক,হিন্দু
মহতা,হিন্দু
মহন্ত,হিন্দু
মহলদার,হিন্দু
মহলানবীশ,হিন্দু
মহাজন,হিন্দু
মহান,হিন্দু
মহিন্তা,হিন্দু
মহোত্তম,হিন্দু
মাইতি,হিন্দু
মাঝি,হিন্দু
মানকিন,আদিবাসী
মানখিন,আদিবাসী
মান্না,হিন্দু
মারমা,আদিবাসী
মার্ক,খ্রিস্টান
মার্কুজ,খ্রিস্টান
মার্কুস,খ্রিস্টান
মার্কেজ,খ্রিস্টান
মার্মা,আদিবাসী
মালপাহাড়ি,আদিবাসী
মালা,হিন্দু
মালাকার,হিন্দু
মালী,হিন্দু
মালো,হিন্দু
মাসচটক,হিন্দু
মাসদহ,হিন্দু
মাহাতো,হিন্দু
মিত্র,হিন্দু
মিস্ত্রী,হিন্দু
মুকুটি,হিন্দু
মুখটি,হিন্দু
মুখার্জী,হিন্দু
মুখোপাধ্যায়,হিন্দু
মুৎসুদ্দী,বড়ুয়া
মুন্ডা,আদিবাসী
মুরং,আদিবাসী
মুহুরী,হিন্দু
মূলগ্রাম,হিন্দু
মূলগ্রামী,হিন্দু
মে,আদিবাসী
মেগডালিনা,খ্রিস্টান
মেন্ডিজ,খ্রিস্টান
মেন্ডিস,খ্রিস্টান
মেন্ডেজ,খ্রিস্টান
মেন্ডেস,খ্রিস্টান
মৈত্র,হিন্দু
মৈত্রেয়,হিন্দু
মোদক,হিন্দু
মৌদগল্য,হিন্দু
ম্রো,আদিবাসী
রডরিক্স,খ্রিস্টান
রড্রিক্স,খ্রিস্টান
রদ্রিগেজ,খ্রিস্টান
রনজোগী,আদিবাসী
রবিদাস,হিন্দু
রাখাইন,আদিবাসী
রাজবংশী,আদিবাসী
রাণী,হিন্দু
রানী,হিন্দু
রায়,হিন্দু
রায় বাহাদুর,হিন্দু
রায়গ্রাম,হিন্দু
রায়চৌধুরী,হিন্দু
রায়ী,হিন্দু
রাংসা,আদিবাসী
রাহা,হিন্দু
রিছিল,আদিবাসী
রিবেরু,খ্রিস্টান
রিবেরূ,খ্রিস্টান
রিবেরো,খ্রিস্টান
রিয়াজী,আদিবাসী
রুদ্র,হিন্দু
রেমা,খ্রিস্টান
রোজারিও,খ্রিস্টান
লাওরা,আদিবাসী
লাহা,হিন্দু
লাহিড়ী,হিন্দু
লুসাই,আদিবাসী
শংখবণিক,হিন্দু
শর্মা,হিন্দু
শাঁখারী,হিন্দু
শাস্ত্রী,হিন্দু
শিকদার,হিন্দু
শিমুলি,হিন্দু
শিম্বলাল,হিন্দু
শীল,হিন্দু
শেঠ,হিন্দু
শোম,হিন্দু
শোলাকার,হিন্দু
শ্রী,হিন্দু
শ্রেণী,হিন্দু
ষাটক,হিন্দু
সনৎ,হিন্দু
সন্ন্যাসী,হিন্দু
সমাদ্দার,হিন্দু
সরকার,হিন্দু
সর্ববিদ্যা,হিন্দু
সাঁওতাল,আদিবাসী
সাণ্ডেশ্বরী,হিন্দু
সাঁতরা,হিন্দু
সাধক,হিন্দু
সান্যাল,হিন্দু
সামন্ত,হিন্দু
সাংমা,আদিবাসী
সাম্য,হিন্দু
সাহা,হিন্দু
সাহারিক,হিন্দু
সাহুড়া,হিন্দু
সিকদার,হিন্দু
সিদ্ধল,হিন্দু
সিধলা,হিন্দু
সিমলাই,হিন্দু
সিমলে,হিন্দু
সিয়ারা,হিন্দু
সিয়ারী,হিন্দু
সিংহ,হিন্দু
সুক্লা,হিন্দু
সুত্রধর,হিন্দু
সুর,হিন্দু
সূত্রধর,হিন্দু
সেউর,হিন্দু
সেন,হিন্দু
সেয়ক,হিন্দু
সেরাও,খ্রিস্টান
সোম,হিন্দু
সৌকালিন,হিন্দু
স্বর্ণকার,হিন্দু
হড়,হিন্দু
হদি,আদিবাসী
হরি,হিন্দু
হাওলাদার,হিন্দু
হাজং,আদিবাসী
হাজরা,হিন্দু
হাপাং,আদিবাসী
হালদার,হিন্দু
ম্রং,আদিবাসী
তঞ্চঙ্গাঁ,আদিবাসী
সিন্হা,হিন্দু
কান্ত,হিন্দু
এডওয়ার্ড,খ্রিস্টান
কীৰ্ত্তনীয়া,হিন্দু
খৃষ্টফার,খ্রিস্টান
চিসিম,আদিবাসী
জন,খ্রিস্টান
দেবপ্রসাদ,হিন্দু
হ্লা,আদিবাসী
সমদ্দার,হিন্দু
পত্রনবীশ,হিন্দু
প্রমথ,হিন্দু
মুকুটমনি,হিন্দু
মৌলিক,হিন্দু
প্রতিভা,হিন্দু
সিং,আদিবাসী
মোহন্ত,হিন্দু
বাইন,আদিবাসী
পাঠক,হিন্দু
শুভ্র,হিন্দু
বাছাড়,হিন্দু
জ্যোতি,হিন্দু
শেখর,হিন্দু
হাগিদক,আদিবাসী
রোয়াজা,আদিবাসী
মিনজি,হিন্দু
গৌড়,হিন্দু
সিনহা,হিন্দু
অর্ণব,হিন্দু
পৃথ্বীরাজ,হিন্দু
চিসিক,আদিবাসী
মিশেল,খ্রিস্টান
কমল,হিন্দু
জেভিয়ার,খ্রিস্টান
ফ্রাঙ্কলিন,খ্রিস্টান
গোমেস,খ্রিস্টান
শুভজিৎ,হিন্দু
জোসেফ,খ্রিস্টান
দেবজানি,হিন্দু
ক্লারা,খ্রিস্টান
রড্রিগেজ,খ্রিস্টান
পূজা,হিন্দু
চ্যাম্বুগং,আদিবাসী
অরূপ,হিন্দু
গঙ্গোপাধ্যায়,হিন্দু
চট্টোপাধ্যায়,হিন্দু
বন্দ্যোপাধ্যায়,হিন্দু
মুখোপাধ্যায়,হিন্দু
রায়,হিন্দু
পুরকায়স্থ,হিন্দু
রায় বাহাদুর,হিন্দু
জোয়ার্দার,হিন্দু
রায়চৌধুরী,হিন্দু
দেওয়ান,হিন্দু
পটুয়া,হিন্দু
পাটোয়ারি,হিন্দু
ডাকুয়া,হিন্দু
আলম্বায়ন,হিন্দু
গোয়ালা,হিন্দু
খেয়াং,আদিবাসী
খাসিয়া,আদিবাসী
খারিয়া,আদিবাসী
খারওয়ার,আদিবাসী
খেড়োয়ার,আদিবাসী
খাড়িয়া,আদিবাসী
গায়েন,হিন্দু
সেয়ক,হিন্দু
বসুয়ারী,হিন্দু
বসুয়া,হিন্দু
রায়ী,হিন্দু
রায়গ্রাম,হিন্দু
পলসায়ী,হিন্দু
সিয়ারী,হিন্দু
সিয়ারা,হিন্দু
নায়ী,হিন্দু
নায়ারী,হিন্দু
নায়,হিন্দু
দায়ী,হিন্দু
দায়া,হিন্দু
কোঁয়ারী,হিন্দু
বড়ুয়া,বড়ুয়া
কোড়াইয়া,খ্রিস্টান
রিয়াজী,আদিবাসী
কোরায়া,খ্রিস্টান
বিবি,মুসলমান
ম্মো,আদিবাসী
সরেন,আদিবাসী
পাহান,আদিবাসী
টুডু,আদিবাসী
বাউরী,আদিবাসী
মুরমু,আদিবাসী
মুরুং,আদিবাসী
ঋষি,হিন্দু
সাওতাল,আদিবাসী
উরাং,আদিবাসী
মোল্যা,মুসলমান
মার্ডী,আদিবাসী
হঁাসদা,আদিবাসী
নাজমা,মুসলমান
বুনার্জী,হিন্দু
উরাও,আদিবাসী
নুরজাহান,মুসলমান
আনোয়ারা,মুসলমান
কিস্কু,আদিবাসী
জাহানারা,মুসলমান
নাছিমা,মুসলমান
মনোয়ারা,মুসলমান
মাডির,আদিবাসী
বোনার্জী,হিন্দু
কুর্মী,আদিবাসী
হালিমা,মুসলমান
আকলিমা,মুসলমান
শব্দকর,হিন্দু
সুফিয়া,মুসলমান-দুর্বল
চৌহান,হিন্দু
রিশি,হিন্দু
হাজেরা,মুসলমান
তাতী,আদিবাসী
মগ,আদিবাসী
তাছলিমা,মুসলমান
তনচংগ্যা,আদিবাসী
কুজুর,আদিবাসী
মাতুব্বর,মুসলমান-দুর্বল
ভর,হিন্দু
আছমা,মুসলমান
রোকেয়া,মুসলমান
মমতাজ,মুসলমান
সেলিনা,মুসলমান-দুর্বল
মজির্না,মুসলমান
জয়ধর,হিন্দু
সঁাওতাল,আদিবাসী
বাকচী,হিন্দু
কুলসুম,মুসলমান
আছিয়া,মুসলমান
জলদাশ,হিন্দু
কিওর্নীয়া,হিন্দু
বাড়ই,হিন্দু
কিসকু,আদিবাসী
রোজিনা,মুসলমান-দুর্বল
মাজেদা,মুসলমান
সাজেদা,মুসলমান
শাহানাজ,মুসলমান
রাবেয়া,মুসলমান
রিকমন,আদিবাসী
বাড়াইক,হিন্দু
রাশিদা,মুসলমান
খুমী,আদিবাসী
নম,হিন্দু
খঁান,মুসলমান-দুর্বল
হেমব্রম,আদিবাসী
ম্মং,আদিবাসী
আলেয়া,মুসলমান
ছালমা,মুসলমান
হরিজন,হিন্দু
রাবিয়া,মুসলমান
রাজিয়া,মুসলমান
বল্লভ,হিন্দু
রাহিমা,মুসলমান
কহিনুর,মুসলমান
রবিদাশ,হিন্দু
সেক,মুসলমান
সেখ,মুসলমান
রিকিয়াসন,আদিবাসী
ফিরোজা,মুসলমান
তঞ্চঙ্গঁ্যা,আদিবাসী
রিকমুন,আদিবাসী
সাহিদা,মুসলমান
জুলেখা,মুসলমান
মালেকা,মুসলমান-দুর্বল
ছালেহা,মুসলমান
জহুরা,মুসলমান
উড়াও,আদিবাসী
কুলছুম,মুসলমান
মিনারা,মুসলমান
উল্লা,মুসলমান
বাকতি,আদিবাসী
বিলকিছ,মুসলমান
খিয়াং,আদিবাসী
তাসলিমা,মুসলমান
মনিদাস,হিন্দু
পাংখোয়া,আদিবাসী
রেজিয়া,মুসলমান
হামিদা,মুসলমান
ছালাম,মুসলমান
শাহিনুর,মুসলমান
হাসিনা,মুসলমান
শাহিদা,মুসলমান
রোকসানা,মুসলমান
উড়াং,আদিবাসী
হলদার,হিন্দু
আম্বিয়া,মুসলমান
খোদেজা,মুসলমান
তির্কী,আদিবাসী
ক্রুশ,খ্রিস্টান
রাশেদা,মুসলমান
রিকিয়াশন,আদিবাসী
হাছিনা,মুসলমান
ভট্রাচার্য্য,হিন্দু
মারাক,আদিবাসী
চৌকিদার,হিন্দু
ফাহিমা,মুসলমান
সখিনা,মুসলমান-দুর্বল
আলামিন,মুসলমান
হোসনেয়ারা,মুসলমান
সালেহা,মুসলমান
জবেদা,মুসলমান
ছকিনা,মুসলমান
কিওুর্নীয়া,হিন্দু
জলিল,মুসলমান
ভৌমিজ,হিন্দু
পারভিন,মুসলমান
সাফিয়া,মুসলমান-দুর্বল
নাসিমা,মুসলমান
ভুইয়া,মুসলমান
খালেদা,মুসলমান
আমিনা,মুসলমান-দুর্বল
কীওর্নীয়া,হিন্দু
মাকসুদা,মুসলমান
বডুয়া,বড়ুয়া
সাওঁতাল,আদিবাসী
শরিফা,মুসলমান
নুরুন্নাহার,মুসলমান
রফিক,মুসলমান
শামছুন্নাহার,মুসলমান
সামসুন্নাহার,মুসলমান
শামসুন্নাহার,মুসলমান
সামছুন্নাহার,মুসলমান
কামরুন্নাহার,মুসলমান
হাবিবা,মুসলমান
নূরুন্নাহার,মুসলমান
মুসলিমা,মুসলমান
শহিদুল্লাহ,মুসলমান
হাবিবুল্লাহ,মুসলমান
সাবিকুন্নাহার,মুসলমান
মোছলেমা,মুসলমান
মুসলিম,মুসলমান
নাজমুন্নাহার,মুসলমান
শহীদুল্লাহ,মুসলমান
লুৎফুন্নাহার,মুসলমান
অলিউল্লাহ,মুসলমান
সামচুন্নাহার,মুসলমান
ছামছুন্নাহার,মুসলমান
ছাবিকুন্নাহার,মুসলমান
নুরন্নাহার,মুসলমান
মুসুল্লী,মুসলমান
মোছলেম,মুসলমান
মোল্লাহ,মুসলমান
ছানাউল্লাহ,মুসলমান
নুন্নাহার,মুসলমান
আসাদুল্লাহ,মুসলমান
সাবেকুন্নাহার,মুসলমান
সাইফুল্লাহ,মুসলমান
ন্নাহার,মুসলমান
শামচুন্নাহার,মুসলমান
ওবায়দুল্লাহ,মুসলমান
সানাউল্লাহ,মুসলমান
মোছলিমা,মুসলমান
শামশুন্নাহার,মুসলমান
ছাবেকুন্নাহার,মুসলমান
রহমতুল্লাহ,মুসলমান
সফিউল্লাহ,মুসলমান
মহিবুল্লাহ,মুসলমান
রবিউল্লাহ,মুসলমান
এবাদুল্লাহ,মুসলমান
সহিদুল্লাহ,মুসলমান
মুস্তাকিম,মুসলমান
আমানুল্লাহ,মুসলমান
আমানউল্লাহ,মুসলমান
ওবাইদুল্লাহ,মুসলমান
শফিউল্লাহ,মুসলমান
নূরন্নাহার,মুসলমান
মুসলেম,মুসলমান
ছামসুন্নাহার,মুসলমান
কমরুন্নাহার,মুসলমান
আতাউল্লাহ,মুসলমান
হামিদুল্লাহ,মুসলমান
ছফিউল্লাহ,মুসলমান
সামশুন্নাহার,মুসলমান
আছাদুল্লাহ,মুসলমান
খাইরুন্নাহার,মুসলমান
অহিদুল্লাহ,মুসলমান
ফয়জুল্লাহ,মুসলমান
খায়রুন্নাহার,মুসলমান
মোছলেহা,মুসলমান
কালিমুল্লাহ,মুসলমান
উবায়দুল্লাহ,মুসলমান
কলিমুল্লাহ,মুসলমান
মোছেনা,মুসলমান
আশরাফুন্নাহার,মুসলমান
হাফিজুল্লাহ,মুসলমান
বদরুন্নাহার,মুসলমান
উবাইদুল্লাহ,মুসলমান
নুরুল্লাহ,মুসলমান
আতিকুল্লাহ,মুসলমান
রহমাতুল্লাহ,মুসলমান
নরুন্নাহার,মুসলমান
ওলিউল্লাহ,মুসলমান
মাহমুদুল্লাহ,মুসলমান
রহমতউল্লাহ,মুসলমান
জাফরুল্লাহ,মুসলমান
বরকতুল্লাহ,মুসলমান
শমসুন্নাহার,মুসলমান
আশাদুল্লাহ,মুসলমান
আছানউল্লাহ,মুসলমান
মোছলেউদ্দিন,মুসলমান
আজিজুন্নাহার,মুসলমান
আহমাদুল্লাহ,মুসলমান
ছলিমুল্লাহ,মুসলমান
শরিফুন্নাহার,মুসলমান
ছামচুন্নাহার,মুসলমান
শাসছুন্নাহার,মুসলমান
মুহিবুল্লাহ,মুসলমান
সমশুন্নাহার,মুসলমান
শমশুন্নাহার,মুসলমান
হাবীবুল্লাহ,মুসলমান
উবায়েদুল্লাহ,মুসলমান
ফয়জুন্নাহার,মুসলমান
সাইফুন্নাহার,মুসলমান
জীবন্নাহার,মুসলমান
শাসসুন্নাহার,মুসলমান
হাবিজুল্লাহ,মুসলমান
ওয়ালিউল্লাহ,মুসলমান
সহিদউল্লাহ,মুসলমান
জেবুন্নাহার,মুসলমান
আমিনুল্লাহ,মুসলমান
নাসরুল্লাহ,মুসলমান
লাইলুন্নাহার,মুসলমান
ওয়ালীউল্লাহ,মুসলমান
হিজবুল্লাহ,মুসলমান
সজরুন্নাহার,মুসলমান
এরশাদুল্লাহ,মুসলমান
মজিবুল্লাহ,মুসলমান
অজিউল্লাহ,মুসলমান
রফিকুল্লাহ,মুসলমান
লুতফুন্নাহার,মুসলমান
ছাইফুল্লাহ,মুসলমান
আয়াতুল্লাহ,মুসলমান
মোছাঃফাতেমা,মুসলমান
নাজুন্নাহার,মুসলমান
খলিলুল্লাহ,মুসলমান
হাবিউল্লাহ,মুসলমান
মুসির্দা,মুসলমান
পানাউল্লাহ,মুসলমান
নুরুনন্নাহার,মুসলমান
এনায়েতুল্লাহ,মুসলমান
সিফাতুল্লাহ,মুসলমান
তাজমুন্নাহার,মুসলমান
ছাদুল্লাহ,মুসলমান
জীবুন্নাহার,মুসলমান
মোছলেমিনা,মুসলমান
আহাতুল্লাহ,মুসলমান
সামনুন্নাহার,মুসলমান
মোছাব্বির,মুসলমান
হেকমতুল্লাহ,মুসলমান
গরিবুল্লাহ,মুসলমান
হেদায়েতুল্লাহ,মুসলমান
আক্তারুন্নাহার,মুসলমান
মুহাম্মাদুল্লাহ,মুসলমান
নূরুউল্লাহ,মুসলমান
মোছাদ্দেকা,মুসলমান
সামিউল্লাহ,মুসলমান
নজিবুল্লাহ,মুসলমান
মহিব্বুল্লাহ,মুসলমান
মাহাবুল্লাহ,মুসলমান
ছৈয়দুল্লাহ,মুসলমান
জায়তুন্নাহার,মুসলমান
এলমুন্নাহার,মুসলমান
করিমুল্লাহ,মুসলমান
কারুন্নাহার,মুসলমান
মোহাম্মদুল্লাহ,মুসলমান
শাবেকুন্নাহার,মুসলমান
আহমদুল্লাহ,মুসলমান
এমদাদুল্লাহ,মুসলমান
মাকছুদুল্লাহ,মুসলমান
জিবুন্নাহার,মুসলমান
শাবিকুন্নাহার,মুসলমান
আমীনুল্লাহ,মুসলমান
সাদিকুন্নাহার,মুসলমান
সমসুন্নাহার,মুসলমান
মুল্লাহ,মুসলমান
নিয়ামতুল্লাহ,মুসলমান
মফিজুল্লাহ,মুসলমান
হাকিমুল্লাহ,মুসলমান
শামছন্নাহার,মুসলমান
জান্নাতুন্নাহার,মুসলমান
মুস্তাফিজুর,মুসলমান
আতাবুল্লাহ,মুসলমান
ইমদাদুল্লাহ,মুসলমান
মোছলিম,মুসলমান
ছিফাতুল্লাহ,মুসলমান
খামরুন্নাহার,মুসলমান
মুসাব্বির,মুসলমান
ফাইজুল্লাহ,মুসলমান
নেয়ামতুল্লাহ,মুসলমান
আলীমুল্লাহ,মুসলমান
মোছতাকিন,মুসলমান
জিবন্নাহার,মুসলমান
শামছুরন্নাহার,মুসলমান
সাদুল্লাহ,মুসলমান
লুৎফুরন্নাহার,মুসলমান
সলিমুল্লাহ,মুসলমান
লুৎফন্নাহার,মুসলমান
হাবিদুল্লাহ,মুসলমান
মোছাদ্দেক,মুসলমান
শামসুরন্নাহার,মুসলমান
কামরূন্নাহার,মুসলমান
মোহাম্মাদুল্লাহ,মুসলমান
মোঃশহীদুল্লাহ,মুসলমান
মোছাঃবিলকিছ,মুসলমান
তকিউল্লাহ,মুসলমান
সাফাতুল্লাহ,মুসলমান
সাইদুল্লাহ,মুসলমান
হাবিবউল্লাহ,মুসলমান
শামসুনন্নাহার,মুসলমান
নাজমিন্নাহার,মুসলমান
শরিফুল্লাহ,মুসলমান
আরিফুল্লাহ,মুসলমান
সামুসুন্নাহার,মুসলমান
হাবুল্লাহ,মুসলমান
আহসানউল্লাহ,মুসলমান
মোছাঃকুলছুম,মুসলমান
সেফাতুল্লাহ,মুসলমান
শাহাদুল্লাহ,মুসলমান
নাজিমুন্নাহার,মুসলমান
রহমতুউল্লাহ,মুসলমান
মোহিবুল্লাহ,মুসলমান
মহিববুল্লাহ,মুসলমান
নুরেন্নাহার,মুসলমান
আমিরুন্নাহার,মুসলমান
রুকুন্নাহার,মুসলমান
সাখাওয়াতুল্লাহ,মুসলমান
শরিয়তুল্লাহ,মুসলমান
মোছাঃপারভীন,মুসলমান
মোছাঃফিরোজা,মুসলমান
নূন্নাহার,মুসলমান
ইয়াদুল্লাহ,মুসলমান
ফারজুল্লাহ,মুসলমান
অন্নাহার,মুসলমান
ছাবিদুল্লাহ,মুসলমান
ছাবিবুন্নাহার,মুসলমান
হাস্তল্লাহ,মুসলমান
মুস্তাকুজ্জামান,মুসলমান
রাহাতুল্লাহ,মুসলমান
মোছাঃআবিরন,মুসলমান
হানজাল্লাহ,মুসলমান
হাবিবার,মুসলমান
সলিমউল্লাহ,মুসলমান
পারভীন্নাহার,মুসলমান
শমছুন্নাহার,মুসলমান
ফুরুন্নাহার,মুসলমান
ছালমুন্নাহার,মুসলমান
মাসুমবিল্লাহ,মুসলমান
কালিমউল্লাহ,মুসলমান
রুবাইদুল্লাহ,মুসলমান
কাবাতুল্লাহ,মুসলমান
নাজাতুল্লাহ,মুসলমান
হাসমোতুল্লাহ,মুসলমান
শাফাতুল্লাহ,মুসলমান
মন্নুন্নাহার,মুসলমান
হঁাচিবুল্লাহ,মুসলমান
মুজাহিদুল্লাহ,মুসলমান
আন্নাহার,মুসলমান
আমানতউল্লাহ,মুসলমান
হাসানউল্লাহ,মুসলমান
হিরুন্নাহার,মুসলমান
জাকাতুল্লাহ,মুসলমান
সাফিউল্লাহ,মুসলমান
ইফাসতুল্লাহ,মুসলমান
কারিবুল্লাহ,মুসলমান
আব্দল্লাহ,মুসলমান
আরিফবিল্লাহ,মুসলমান
বুল্লাহ,মুসলমান
রাজুল্লাহ,মুসলমান
খলিলউল্লাহ,মুসলমান
আন্নাহারু,মুসলমান
জাইতুন্নাহার,মুসলমান
আয়তুন্নাহার,মুসলমান
মোঃমহিব্বুল্লাহ,মুসলমান
আইতুন্নাহার,মুসলমান
আজমুন্নাহার,মুসলমান
রিয়াজুন্নাহার,মুসলমান
ফজলুন্নাহার,মুসলমান
জাহেদুল্লাহ,মুসলমান
জুবাইরুন্নাহার,মুসলমান
মহিদুল্লাহ,মুসলমান
মুন্নাহার,মুসলমান
তারিকুল্লাহ,মুসলমান
সাবুকুন্নাহার,মুসলমান
জায়নুন্নাহার,মুসলমান
মিরাজুন্নাহার,মুসলমান
রেয়াজুন্নাহার,মুসলমান
মাহাম্মদুল্লাহ,মুসলমান
কমুরুন্নাহার,মুসলমান
রশিদুল্লাহ,মুসলমান
মোঃসলিমুল্লাহ,মুসলমান
সামছুন্নাহারা,মুসলমান
সালাতুল্লাহ,মুসলমান
এফাজুল্লাহ,মুসলমান
রকিবউল্লাহ,মুসলমান
রহিমুল্লাহ,মুসলমান
মিনুন্নাহার,মুসলমান
সাহাদুল্লাহ,মুসলমান
বাহাদ্দুল্লাহ,মুসলমান
করিমুন্নাহার,মুসলমান
মিসকুন্নাহার,মুসলমান
শরফুন্নাহার,মুসলমান
সায়েদুন্নাহার,মুসলমান
কেফায়াতুল্লাহ,মুসলমান
এবায়েদুল্লাহ,মুসলমান
ছেফাতুল্লাহ,মুসলমান
মহিবউল্লাহ,মুসলমান
কারিমুন্নাহার,মুসলমান
ওহিদুল্লাহ,মুসলমান
নুরুরন্নাহার,মুসলমান
কেপায়াতুল্লাহ,মুসলমান
আনিকুন্নাহার,মুসলমান
তরিকুল্লাহ,মুসলমান
সিরাজদুল্লাহ,মুসলমান
মুজিবুল্লাহ,মুসলমান
শরীয়াতুল্লাহ,মুসলমান
হেদাতুল্লাহ,মুসলমান
শাহীদুল্লাহ,মুসলমান
সামছুনন্নাহার,মুসলমান
খায়রন্নাহার,মুসলমান
আহদুল্লাহ,মুসলমান
নূরেরন্নাহার,মুসলমান
লূৎফুন্নাহার,মুসলমান
ফজিলতুন্নাহার,মুসলমান
সমছুন্নাহার,মুসলমান
মোছাবিয়া,মুসলমান
ল্লাহ,মুসলমান
আতিকুন্নাহার,মুসলমান
জুলপাতুন্নাহার,মুসলমান
মাজেদুন্নাহার,মুসলমান
উবাদুল্লাহ,মুসলমান
খুসন্নাহার,মুসলমান
আয়নুন্নাহার,মুসলমান
খোশন্নাহার,মুসলমান
আলীমুউল্লাহ,মুসলমান
নূরান্নাহার,মুসলমান
মিনকুন্নাহার,মুসলমান
গোলন্নাহার,মুসলমান
বদরুরন্নাহার,মুসলমান
রুন্নাহার,মুসলমান
ছাবিকুন্নাহারা,মুসলমান
মুখুদুল্লাহ,মুসলমান
তিলকায়াতুল্লাহ,মুসলমান
আইমুন্নাহার,মুসলমান
লাহাবুল্লাহ,মুসলমান
রাহাবুল্লাহ,মুসলমান
সেফায়তুল্লাহ,মুসলমান
উহিদুল্লাহ,মুসলমান
সাকিবুন্নাহার,মুসলমান
শামছূনন্নাহার,মুসলমান
সাহিবুল্লাহ,মুসলমান
মাহিবুল্লাহ,মুসলমান
মিন্নাহার,মুসলমান
ছৈয়াতুল্লাহ,মুসলমান
সামিউন্নাহার,মুসলমান
আজিবুল্লাহ,মুসলমান
তানিমুল্লাহ,মুসলমান
সাবেকোন্নাহার,মুসলমান
নূরুল্লাহ,মুসলমান
রেছুন্নাহার,মুসলমান
নিছফুন্নাহার,মুসলমান
রেফায়াতুল্লাহ,মুসলমান
আজিমুল্লাহ,মুসলমান
আয়তুল্লাহ,মুসলমান
সাহেবুল্লাহ,মুসলমান
আয়েতুল্লাহ,মুসলমান
শহিলুল্লাহ,মুসলমান
শাহিদুল্লাহ,মুসলমান
আতিবুল্লাহ,মুসলমান
বায়তুল্লাহ,মুসলমান
শরীফুন্নাহার,মুসলমান
শাফিউল্লাহ,মুসলমান
ছিদ্দিকুল্লাহ,মুসলমান
হবিউল্লাহ,মুসলমান
শামসান্নাহার,মুসলমান
কহিদুল্লাহ,মুসলমান
সাদিকুল্লাহ,মুসলমান
রফাতুল্লাহ,মুসলমান
লুৎফুনান্নাহার,মুসলমান
বাইতুল্লাহ,মুসলমান
রাসেদুল্লাহ,মুসলমান
নাছরুল্লাহ,মুসলমান
রাহমাতুল্লাহ,মুসলমান
রাযিবিল্লাহ,মুসলমান
অরুন্নাহার,মুসলমান
সামিরুন্নাহার,মুসলমান
কেফাইতুল্লাহ,মুসলমান
হেফজুল্লাহ,মুসলমান
মেহেরুন্নাহার,মুসলমান
আজিতুল্লাহ,মুসলমান
আব্দূল্লাহ,মুসলমান
আরিফুন্নাহার,মুসলমান
আতিউল্লাহ,মুসলমান
আহাদুল্লাহ,মুসলমান
জিকরুল্লাহ,মুসলমান
এনায়েতউল্লাহ,মুসলমান
আরাফাতুল্লাহ,মুসলমান
আমিনউল্লাহ,মুসলমান
মুহিব্বুল্লাহ,মুসলমান
কিফায়াতুল্লাহ,মুসলমান
জবাইদুল্লাহ,মুসলমান
আয়ুবুল্লাহ,মুসলমান
ওহিতউল্লাহ,মুসলমান
সোবেন্নাহার,মুসলমান
আসানউল্লাহ,মুসলমান
সেবাতুল্লাহ,মুসলমান
নূরূন্নাহার,মুসলমান
নুনন্নাহার,মুসলমান
শফিকুল্লাহ,মুসলমান
সাবিউল্লাহ,মুসলমান
আতিকউল্লাহ,মুসলমান
আলিমুল্লাহ,মুসলমান
রিয়াসাদউল্লাহ,মুসলমান
মমিনুল্লাহ,মুসলমান
লতিফুল্লাহ,মুসলমান
নবিউল্লাহ,মুসলমান
মানাউল্লাহ,মুসলমান
আজিজুল্লাহ,মুসলমান
শামছৃন্নাহার,মুসলমান
সামুন্নাহার,মুসলমান
রাকিবুল্লাহ,মুসলমান
বাইতুন্নাহার,মুসলমান
খলিল্লাহ,মুসলমান
শহিদউল্লাহ,মুসলমান
হাবিজুন্নাহার,মুসলমান
বাকাবিল্লাহ,মুসলমান
কারিমউল্লাহ,মুসলমান
সুবুরুল্লাহ,মুসলমান
আফাদুল্লাহ,মুসলমান
রবিঊল্লাহ,মুসলমান
শামুসুন্নাহার,মুসলমান
অবিদুল্লাহ,মুসলমান
আনারুল্লাহ,মুসলমান
সামসুন্নাহারা,মুসলমান
দুল্লাহ,মুসলমান
আহসানুল্লাহ,মুসলমান
মালাউল্লাহ,মুসলমান
ওয়াহিদুউল্লাহ,মুসলমান
আইদুল্লাহ,মুসলমান
আশুদুল্লাহ,মুসলমান
শাহানুল্লাহ,মুসলমান
ছাফায়াতুল্লাহ,মুসলমান
ফুলতুন্নাহার,মুসলমান
সবিরুল্লাহ,মুসলমান
আসানুল্লাহ,মুসলমান
আইনুন্নাহার,মুসলমান
অজউল্লাহ,মুসলমান
আছানুল্লাহ,মুসলমান
কামরুন্নাহারন,মুসলমান
কামররুন্নাহার,মুসলমান
বশিরউল্লাহ,মুসলমান
নুরুন্নাহারা,মুসলমান
অসিউল্লাহ,মুসলমান
লকিতুল্লাহ,মুসলমান
সামসুনন্নাহার,মুসলমান
আবাবিল্লাহ,মুসলমান
অলিওল্লাহ,মুসলমান
রহিতুল্লাহ,মুসলমান
জুবাইদুন্নাহার,মুসলমান
নুররন্নাহার,মুসলমান
শাসমুন্নাহার,মুসলমান
ইনাতুল্লাহ,মুসলমান
হেজবুল্লাহ,মুসলমান
বাহাদুল্লাহ,মুসলমান
সাসচুন্নাহার,মুসলমান
অয়ালিউল্লাহ,মুসলমান
নুরান্নাহার,মুসলমান
কামরুনন্নাহার,মুসলমান
কামনুন্নাহার,মুসলমান
ওবায়েদূল্লাহ,মুসলমান
আশ্রাফুন্নাহার,মুসলমান
রকমাতুল্লাহ,মুসলমান
শাসশুন্নাহার,মুসলমান
হিজবুন্নাহার,মুসলমান
মহিবব্বুল্লাহ,মুসলমান
নেয়ামাতুল্লাহ,মুসলমান
বরকাতুল্লাহ,মুসলমান
মাছুমবিল্লাহ,মুসলমান
শাসুন্নাহার,মুসলমান
ওবায়েদুল্লাহ,মুসলমান
মাকসুদুল্লাহ,মুসলমান
ছাইদুল্লাহ,মুসলমান
আহিউদল্লাহ,মুসলমান
আসরাফুল্লাহ,মুসলমান
আকতারুন্নাহার,মুসলমান
ছাব্দুল্লাহ,মুসলমান
রহমুতল্লাহ,মুসলমান
কুদরতুল্লাহ,মুসলমান
ছাইমুন্নাহার,মুসলমান
ছাদেকুন্নাহার,মুসলমান
ওয়াহিদুল্লাহ,মুসলমান
রহুল্লাহ,মুসলমান
সৈয়দুল্লাহ,মুসলমান
খাদিজুন্নাহার,মুসলমান
জীবনন্নাহার,মুসলমান
হাসিমুল্লাহ,মুসলমান
মজবুন্নাহার,মুসলমান
কুন্নাহার,মুসলমান
নূরেন্নাহার,মুসলমান
ওয়াজিদুল্লাহ,মুসলমান
জয়ঙ্গন্নাহার,মুসলমান
সফিবুল্লাহ,মুসলমান
কেফায়েতুল্লাহ,মুসলমান
বাজিতুল্লাহ,মুসলমান
শরীতুল্লাহ,মুসলমান
সামতুল্লাহ,মুসলমান
নরতুল্লাহ,মুসলমান
মজিতুল্লাহ,মুসলমান
আজতুল্লাহ,মুসলমান
জাহেতুল্লাহ,মুসলমান
জামতুল্লাহ,মুসলমান
নেকতুল্লাহ,মুসলমান
জিয়াউন্নাহার,মুসলমান
জমতুল্লাহ,মুসলমান
আহেদুল্লাহ,মুসলমান
শরিতুল্লাহ,মুসলমান
ধনিবুল্লাহ,মুসলমান
এশানুল্লাহ,মুসলমান
লায়লুন্নাহার,মুসলমান
সাইমুন্নাহার,মুসলমান
বাসেতুল্লাহ,মুসলমান
জেবুনন্নাহার,মুসলমান
মজিবুন্নাহার,মুসলমান
শানাউল্লাহ,মুসলমান
নুরুউল্লাহ,মুসলমান
মোঃআমানুল্লাহ,মুসলমান
রেজওয়ানুল্লাহ,মুসলমান
নেমাতুল্লাহ,মুসলমান
শামসুন্নাহারর,মুসলমান
ফারদুল্লাহ,মুসলমান
মুখসেতুন্নাহার,মুসলমান
জাইদুল্লাহ,মুসলমান
তুল্লাহ,মুসলমান
সরিওতুল্লাহ,মুসলমান
চুন্নাহার,মুসলমান
রাজিবিল্লাহ,মুসলমান
আইরুন্নাহার,মুসলমান
হেদাইতুল্লাহ,মুসলমান
সিবগাতুল্লাহ,মুসলমান
শেফাতুল্লাহ,মুসলমান
ইবাদুল্লাহ,মুসলমান
শরীয়তুল্লাহ,মুসলমান
শাহাবুল্লাহ,মুসলমান
জেসমিন্নাহার,মুসলমান
বাদুল্লাহ,মুসলমান
আমাতুল্লাহ,মুসলমান
খয়রুল্লাহ,মুসলমান
ছইদুল্লাহ,মুসলমান
নইমুল্লাহ,মুসলমান
ছুইফুল্লাহ,মুসলমান
মোঃআইনুল্লাহ,মুসলমান
ইজ্জতুল্লাহ,মুসলমান
সফাতুল্লাহ,মুসলমান
কাইরুন্নাহার,মুসলমান
জিন্নাহার,মুসলমান
আবিদুল্লাহ,মুসলমান
আরবুল্লাহ,মুসলমান
লতিবুল্লাহ,মুসলমান
হাবিবুউল্লাহ,মুসলমান
আইনুল্লাহ,মুসলমান
আহিদুল্লাহ,মুসলমান
আফিকুন্নাহার,মুসলমান
ছালিমসুল্লাহ,মুসলমান
সাইতুল্লাহ,মুসলমান
দও,হিন্দু
চক্রবওর্ী,হিন্দু
চক্রবওী,হিন্দু
সাওার,মুসলমান
ছওার,মুসলমান
হাসদা,আদিবাসী
হেমরম,আদিবাসী
মুমুর,আদিবাসী
নকরেক,আদিবাসী
সবর,আদিবাসী
টপ্য,আদিবাসী
তিগ্যা,আদিবাসী
পালিত,হিন্দু
এক্রা,আদিবাসী
লাকড়া,আদিবাসী
খালকো,আদিবাসী
মহালী,আদিবাসী
রাম,হিন্দু
দাসী,হিন্দু
মৃ,আদিবাসী
শর্ম্মা,হিন্দু
বর্ম্মন,হিন্দু
বেসরা,আদিবাসী
বাদ্যকর,হিন্দু
রজক,হিন্দু
মাহালী,আদিবাসী
ভুমিজ,আদিবাসী
রানি,হিন্দু
চক্রবতী,হিন্দু
এককা,আদিবাসী
রক্ষিত,হিন্দু
হেস্ব্রম,আদিবাসী
বাস্কে,আদিবাসী
বাউরি,আদিবাসী
শুক্লবৈদ্য,হিন্দু
কেরকেটা,আদিবাসী
মারডি,আদিবাসী
ঘাগ্রা,আদিবাসী
যাদব,হিন্দু
সুতার,হিন্দু
দেববর্মা,আদিবাসী
স্বর্নকার,হিন্দু
ফুলজান,মুসলমান
নমঃশূদ্র,হিন্দু
নমঃশুদ্র,হিন্দু
ভূইয়া,মুসলমান-দুর্বল
নায়েক,আদিবাসী
তঁাতী,আদিবাসী
চাষা,আদিবাসী
মধু,হিন্দু
রাজভর,আদিবাসী
ফকির,মুসলমান-দুর্বল
হীরা,হিন্দু
পাশী,আদিবাসী
নাইডু,আদিবাসী
খঁা,মুসলমান-দুর্বল
মুড়া,আদিবাসী
ঙ্গপ্ত,হিন্দু
কালিন্দী,আদিবাসী
বংশী,হিন্দু
অলমিক,আদিবাসী
কল,আদিবাসী
বাওয়ালী,হিন্দু
কানু,আদিবাসী
ঝরা,আদিবাসী
তন্তবায়,আদিবাসী
গঞ্জু,আদিবাসী
তংলা,আদিবাসী
গড়,আদিবাসী
বাক্তি,আদিবাসী
রেলী,আদিবাসী
নুনিয়া,আদিবাসী
মাদবর,মুসলমান-দুর্বল
খা,মুসলমান-দুর্বল
লোহার,আদিবাসী
মুস্পী,মুসলমান-দুর্বল
সাধু,হিন্দু
ঙ্গহ,হিন্দু
মুদি,আদিবাসী
ছত্রী,আদিবাসী
শিকারী,হিন্দু
গড়াইত,আদিবাসী
বাসফোর,আদিবাসী
উড়িয়া,আদিবাসী
আকন,মুসলমান-দুর্বল
পাশি,আদিবাসী
দেউরী,হিন্দু
কাহার,আদিবাসী
পাহাড়ী,আদিবাসী
কালিন্দি,আদিবাসী
কুমির,আদিবাসী
স্নাল,আদিবাসী
বারুরী,আদিবাসী
খংলা,আদিবাসী
তেলী,আদিবাসী
রাজগড়,আদিবাসী
রপ্তান,হিন্দু
হানিফ,মুসলমান-দুর্বল
কালোয়ার,আদিবাসী
ছাওার,মুসলমান-দুর্বল
ভক্তা,আদিবাসী
তজু,আদিবাসী
কপালী,আদিবাসী
চিছাম,আদিবাসী
ঙ্গপ্তা,হিন্দু
মনির,মুসলমান-দুর্বল
মজিদ,মুসলমান-দুর্বল
হোড়,হিন্দু
মীর,মুসলমান-দুর্বল
জয়নাল,মুসলমান-দুর্বল
মুনি,হিন্দু
বিল্লাল,মুসলমান-দুর্বল
শাহজাহান,মুসলমান-দুর্বল
বৈশ্য,হিন্দু
লস্কর,হিন্দু
জমাদার,হিন্দু
রুরাম,আদিবাসী
জসিম,মুসলমান-দুর্বল
রবিউল,মুসলমান-দুর্বল
নাইড়ু,আদিবাসী
আবু,মুসলমান-দুর্বল
ইউছুপ,মুসলমান
শ্রীমতি,হিন্দু
শ্রীমতী,হিন্দু
শ্রীমান,হিন্দু
সরদার,মুসলমান-দুর্বল
বেপারী,মুসলমান-দুর্বল
মৃধা,মুসলমান-দুর্বল
সর্দ্দার,মুসলমান-দুর্বল
বেওয়া,মুসলমান-দুর্বল
সানা,মুসলমান-দুর্বল
সর্দার,মুসলমান-দুর্বল
মোড়ল,মুসলমান-দুর্বল
জরিনা,মুসলমান-দুর্বল
জোদ্দার,মুসলমান-দুর্বল
মহালদার,মুসলমান-দুর্বল
আমিন,মুসলমান-দুর্বল
রশিদ,মুসলমান-দুর্বল
নিলুফা,মুসলমান-দুর্বল
জমিলা,মুসলমান
রতন,হিন্দু
শিং,হিন্দু
ছাহেরা,মুসলমান
নাগির্স,মুসলমান
শিরিন,মুসলমান
মোমেনা,মুসলমান
লামিন,আদিবাসী
বকসী,হিন্দু
বর্মা,হিন্দু
ফৌজদার,মুসলমান-দুর্বল
পাড়ই,আদিবাসী
সুমিত্রা,হিন্দু
হনুফা,মুসলমান
মোশের্দা,মুসলমান
খলিফা,মুসলমান
ফরাজী,মুসলমান
রওশনারা,মুসলমান
মোতালেব,মুসলমান
জয়নব,মুসলমান
বিক্রম,হিন্দু
ছিদ্দিক,মুসলমান
আলাউদ্দিন,মুসলমান
নারগিছ,মুসলমান
উল্যা,মুসলমান
শহিদুল,মুসলমান
সিরাজ,মুসলমান
সারমিন,মুসলমান
হাছনা,মুসলমান
ঋৃষি,হিন্দু
রশিদা,মুসলমান
নারগিস,মুসলমান
শাহিনা,মুসলমান
মজিবর,মুসলমান
মজিদা,মুসলমান
রড্রিকস,খ্রিস্টান
রুহিদাস,হিন্দু
উল্যাহ,মুসলমান
সেনঙ্গপ্ত,হিন্দু
সিলভা,খ্রিস্টান
সাইদ,মুসলমান
সাইদুল,মুসলমান
সুকুমার,হিন্দু
সুরং,আদিবাসী
সুটিং,আদিবাসী
সদ্দার,মুসলমান-দুর্বল
সাহেদা,মুসলমান
সাদ্দাম,মুসলমান
গোমস্তা,খ্রিস্টান
সুনিল,হিন্দু
সফিকুল,মুসলমান
স্বরসতী,হিন্দু
সিরাজুল,মুসলমান
মোসলেমা,মুসলমান
রবীদাস,হিন্দু
হাসনারা,মুসলমান
ঘোস,হিন্দু
আসলাম,মুসলমান
সুএধর,হিন্দু
হুসেন,মুসলমান
ফেরদৌসি,মুসলমান
শাহাবুদ্দিন,মুসলমান
সাহাবুদ্দিন,মুসলমান
মোসলেম,মুসলমান
সেনাপতি,হিন্দু
সহিদুল,মুসলমান
রিখিয়াসন,আদিবাসী
সরস্বতী,হিন্দু
সালাউদ্দিন,মুসলমান
রাশিদ,মুসলমান
আসাদ,মুসলমান
কুলসুমা,মুসলমান
ডিসিলভা,খ্রিস্টান
আসাদুল,মুসলমান
জান্নাতুন,মুসলমান
আলাউদ্দীন,মুসলমান
আশাদুল,মুসলমান
হামিদুল,মুসলমান
ছাইদুল,মুসলমান
মাইনুদ্দিন,মুসলমান
নাজিমুদ্দিন,মুসলমান
এমদাদুল,মুসলমান
রশিদুল,মুসলমান
শহীদুল,মুসলমান
খুরশিদা,মুসলমান
সুরুজ্জামান,মুসলমান
জান্নাতি,মুসলমান
ছালাউদ্দিন,মুসলমান
সামসুদ্দিন,মুসলমান
জাহেদুল,মুসলমান
সোলতানা,মুসলমান
সাইজুদ্দিন,মুসলমান
মুরশিদা,মুসলমান
ফরিদুল,মুসলমান
সামছুদ্দিন,মুসলমান
আব্দুল্লা,মুসলমান
বদিউজ্জামান,মুসলমান
রাশিদুল,মুসলমান
শামসুদ্দিন,মুসলমান
মজিদুল,মুসলমান
শাহিদুল,মুসলমান
রাশেদুল,মুসলমান
অহিদুল,মুসলমান
রহিদুল,মুসলমান
ওবায়দুল,মুসলমান
শাহাবুদ্দীন,মুসলমান
মহিউদ্দীন,মুসলমান
শামছুদ্দিন,মুসলমান
আজাদুল,মুসলমান
হাসানুজ্জামান,মুসলমান
তাইজুদ্দিন,মুসলমান
সালাউদ্দীন,মুসলমান
আলিমুদ্দিন,মুসলমান
মুদ্দিন,মুসলমান
জান্নাতী,মুসলমান
আজিমদ্দিন,মুসলমান
মদ্দিন,মুসলমান-দুর্বল
সোনামুদ্দিন,মুসলমান
মাইনদ্দিন,মুসলমান
শামসুদ্দীন,মুসলমান
আজিমুদ্দিন,মুসলমান
আবদুল্লা,মুসলমান
আফাজুদ্দিন,মুসলমান
আলীমুদ্দিন,মুসলমান
রোকনুজ্জামান,মুসলমান
কাজিমুদ্দিন,মুসলমান
আইনুদ্দিন,মুসলমান
মইজুদ্দিন,মুসলমান
হাবিবুল্লা,মুসলমান
শহিদুল্লা,মুসলমান
মাইনুদ্দীন,মুসলমান
নইমুদ্দিন,মুসলমান
সাইফুদ্দিন,মুসলমান
নাজিমদ্দিন,মুসলমান
সাহাবদ্দিন,মুসলমান
কছিমুদ্দিন,মুসলমান
ছানাউল্লা,মুসলমান
জসিমউদ্দিন,মুসলমান
শফিউদ্দিন,মুসলমান
কলিমুদ্দিন,মুসলমান
সামসুজ্জামান,মুসলমান
নূরুজ্জামান,মুসলমান
জিয়াউদ্দিন,মুসলমান
সাইফুদ্দীন,মুসলমান
ফাইজুদ্দিন,মুসলমান
জান্নাতু,মুসলমান
জয়নুদ্দিন,মুসলমান
রহিমুদ্দিন,মুসলমান
মিয়াজদ্দিন,মুসলমান
সুফি,মুসলমান
শাহজাদী,মুসলমান
ত্রিপাটি,হিন্দু
নুরুচ্ছফা,মুসলমান
ম্মাচিং,আদিবাসী
উইন,আদিবাসী
মনোআরা,মুসলমান
তঞ্চঈ্যঁা,আদিবাসী
চত্রবর্তী,আদিবাসী
তংচগ্যা,আদিবাসী
জ্জামান,মুসলমান
জান্নাতুন্নেছা,মুসলমান
শাহাবদ্দিন,মুসলমান
সাহাজদ্দিন,মুসলমান
মিনাজুদ্দিন,মুসলমান
সহিমুদ্দিন,মুসলমান
মাইনউদ্দিন,মুসলমান
আলিমদ্দিন,মুসলমান
মইনুদ্দিন,মুসলমান
উজ্জামান,মুসলমান
গিয়াসউদ্দিন,মুসলমান
সামুদ্দিন,মুসলমান
বাহাউদ্দিন,মুসলমান
অলিউল্লা,মুসলমান
মোরশিদা,মুসলমান
সাইজদ্দিন,মুসলমান
আইজুদ্দিন,মুসলমান
সামসুদ্দীন,মুসলমান
সাহাবুদ্দীন,মুসলমান
নিজামুদ্দিন,মুসলমান
খায়রুজ্জামান,মুসলমান
আনিছুজ্জামান,মুসলমান
আকতারুজ্জামান,মুসলমান
বদরুজ্জামান,মুসলমান
শাহাবউদ্দিন,মুসলমান
রিয়াজুদ্দিন,মুসলমান
আছরদ্দিন,মুসলমান
মফেজুদ্দিন,মুসলমান
নুরুউদ্দিন,মুসলমান
আলীমুদ্দীন,মুসলমান
অহিদুজ্জামান,মুসলমান
সাহাবউদ্দিন,মুসলমান
নুরুদ্দিন,মুসলমান
সালাহউদ্দিন,মুসলমান
ফাইজদ্দিন,মুসলমান
রমিজদ্দিন,মুসলমান
তাইজউদ্দিন,মুসলমান
রহিজুদ্দিন,মুসলমান
নৈমদ্দিন,মুসলমান
ফৈজুদ্দিন,মুসলমান
আছাদুজ্জামান,মুসলমান
মফিজুদ্দিন,মুসলমান
আশিদুল,মুসলমান
আমেজুদ্দিন,মুসলমান
তাজউদ্দীন,মুসলমান
ফয়জদ্দিন,মুসলমান
তাজউদ্দিন,মুসলমান
হাদিউজ্জামান,মুসলমান
আশিকুজ্জামান,মুসলমান
জালালউদ্দিন,মুসলমান
মুরশিদ,মুসলমান
ছালাউদ্দীন,মুসলমান
খালেকুজ্জামান,মুসলমান
রফিজুদ্দিন,মুসলমান
আশাবদ্দিন,মুসলমান
ফখরুদ্দিন,মুসলমান
আশাবুদ্দীন,মুসলমান
আমানউল্লা,মুসলমান
হাবিজদ্দিন,মুসলমান
তাইজদ্দিন,মুসলমান
মনিরুদ্দিন,মুসলমান
রুকুনুজ্জামান,মুসলমান
জুদ্দিন,মুসলমান
আফাজউদ্দিন,মুসলমান
সোনাউল্লা,মুসলমান
মিয়াজুদ্দিন,মুসলমান
সাহাজুদ্দিন,মুসলমান
নিজামউদ্দিন,মুসলমান
খইমুদ্দিন,মুসলমান
নুরজ্জামান,মুসলমান
রিয়াজদুজ্জামান,মুসলমান
রাকিবুজ্জামান,মুসলমান
নাজিমউদ্দীন,মুসলমান
জসিমুদ্দিন,মুসলমান
সালাহউদ্দীন,মুসলমান
রবিউল্লা,মুসলমান
নুরুদ্দীন,মুসলমান
ওয়াহিদুজ্জামান,মুসলমান
সামছুউদ্দিন,মুসলমান
আজিমউদ্দিন,মুসলমান
রহিমুদ্দীন,মুসলমান
ইছামুদ্দিন,মুসলমান
মিয়াজউদ্দিন,মুসলমান
শাহাবদ্দীন,মুসলমান
মহিজদ্দিন,মুসলমান
সাইফুজ্জামান,মুসলমান
সোনামদ্দিন,মুসলমান
লেহাজুদ্দিন,মুসলমান
তমিজদ্দিন,মুসলমান
রাইজুদ্দিন,মুসলমান
ফইমদ্দিন,মুসলমান
লেহাজদ্দিন,মুসলমান
নাজমুদ্দিন,মুসলমান
শামুদ্দিন,মুসলমান
বদরুদ্দিন,মুসলমান
ওয়াজুদ্দিন,মুসলমান
কাজীমুদ্দিন,মুসলমান
রফিজদ্দিন,মুসলমান
তারাজদ্দিন,মুসলমান
ছলিমুদ্দিন,মুসলমান
নৈমুদ্দিন,মুসলমান
কাইমুদ্দিন,মুসলমান
সফিজুদ্দিন,মুসলমান
নজিমুদ্দিন,মুসলমান
আলিমুদ্দীন,মুসলমান
মনিরউদ্দিন,মুসলমান
হাসিবুজ্জামান,মুসলমান
রফিউদ্দিন,মুসলমান
খাইরুজ্জামান,মুসলমান
আলীমদ্দিন,মুসলমান
কলিমুদ্দীন,মুসলমান
শাহাজদ্দিন,মুসলমান
আহাদুজ্জামান,মুসলমান
উফাজদ্দিন,মুসলমান
সামছুদ্দীন,মুসলমান
মঈনুদ্দীন,মুসলমান
জান্নাতারা,মুসলমান
তৌফিকুজ্জামান,মুসলমান
আমিনুজ্জামান,মুসলমান
আইনদ্দিন,মুসলমান
সাইজউদ্দিন,মুসলমান
মাঈনউদ্দিন,মুসলমান
শাহাজুদ্দিন,মুসলমান
মাঈনুদ্দীন,মুসলমান
খোরশিদা,মুসলমান
মাঈনুদ্দিন,মুসলমান
ছানাউল্যাহ,মুসলমান
শামছুজ্জামান,মুসলমান
সফিউল্লা,মুসলমান
খুরশিদ,মুসলমান
শাহবুদ্দিন,মুসলমান
আসাবুদ্দিন,মুসলমান
উনামদ্দিন,মুসলমান
ছায়ামদ্দিন,মুসলমান
শামছুউদ্দিন,মুসলমান
সাইমুদ্দিন,মুসলমান
নুরউদ্দিন,মুসলমান
নূরউদ্দিন,মুসলমান
শামছদ্দিন,মুসলমান
সফিউদ্দিন,মুসলমান
মোন্তাজউদ্দিন,মুসলমান
রিয়াজদ্দিন,মুসলমান
আছিমুদ্দিন,মুসলমান
নয়মুদ্দিন,মুসলমান
সাহাউদ্দিন,মুসলমান
হাফিজুদ্দিন,মুসলমান
আখিরুজ্জামান,মুসলমান
ছইমদ্দিন,মুসলমান
আমিরুজ্জামান,মুসলমান
সইমুদ্দিন,মুসলমান
ফইজুদ্দিন,মুসলমান
রাইসুদ্দিন,মুসলমান
কিয়ামুদ্দিন,মুসলমান
সখিমুদ্দিন,মুসলমান
নুকুমুদ্দিন,মুসলমান
কছুমুদ্দিন,মুসলমান
রহিমদ্দিন,মুসলমান
লালমুদ্দিন,মুসলমান
সাইদুজ্জামান,মুসলমান
শাহাবুউদ্দিন,মুসলমান
আমিরুদ্দিন,মুসলমান
হাফিজুদ্দীন,মুসলমান
বদুরুদ্দিন,মুসলমান
শামছউদ্দিন,মুসলমান
হাবিজুদ্দিন,মুসলমান
মাইনউদ্দীন,মুসলমান
মফিজদ্দিন,মুসলমান
জসিমদ্দিন,মুসলমান
কাজিমদ্দিন,মুসলমান
কলিমদ্দিন,মুসলমান
আফাজদ্দিন,মুসলমান
অলিউদ্দিন,মুসলমান
ছইনুদ্দিন,মুসলমান
শফিজুদ্দিন,মুসলমান
গইজুদ্দিন,মুসলমান
সামেজুদ্দিন,মুসলমান
রাহেজুদ্দিন,মুসলমান
সমেজুদ্দিন,মুসলমান
জৈনুদ্দিন,মুসলমান
ফালাজুদ্দিন,মুসলমান
বাহাজুদ্দিন,মুসলমান
নাজিমুদ্দীন,মুসলমান
অলিউল্যাহ,মুসলমান
শাহবদ্দিন,মুসলমান
অছিমদ্দিন,মুসলমান
আজিমুদ্দীন,মুসলমান
নজিমদ্দিন,মুসলমান
আছিমদ্দিন,মুসলমান
ছকিমুদ্দিন,মুসলমান
কছিমুদ্দীন,মুসলমান
দছিমুদ্দিন,মুসলমান
খাজামুদ্দীন,মুসলমান
জমিরুদ্দিন,মুসলমান
রিয়াজুদ্দীন,মুসলমান
মহিরদ্দিন,মুসলমান
জান্নাতন,মুসলমান
মইনুদ্দীন,মুসলমান
নবিছদ্দিন,মুসলমান
ইয়ারদ্দিন,মুসলমান
আতাবুদ্দীন,মুসলমান
কামরুদ্দীন,মুসলমান
মনিরুদ্দীন,মুসলমান
নাসিরউদ্দীন,মুসলমান
মইজদ্দিন,মুসলমান
রইছদ্দিন,মুসলমান
কলিমদ্দীন,মুসলমান
বদরদ্দিন,মুসলমান
তাহাজুদ্দিন,মুসলমান
নইমুদ্দীন,মুসলমান
শাবুদ্দিন,মুসলমান
ফয়মদ্দিন,মুসলমান
হাসিমুদ্দীন,মুসলমান
সাহাবউদ্দীন,মুসলমান
শরীফুজ্জামান,মুসলমান
শাহবুদ্দীন,মুসলমান
সামছদ্দিন,মুসলমান
সাহাবুউদ্দীন,মুসলমান
সরুজ্জামান,মুসলমান
অজিউল্লা,মুসলমান
মোরশিদ,মুসলমান
শামসুউদ্দিন,মুসলমান
মাইনুউদ্দিন,মুসলমান
জহিরউদ্দীন,মুসলমান
জান্নাতুলফেরদৌস,মুসলমান
আশাদুজ্জামান,মুসলমান
ওয়াজুদ্দীন,মুসলমান
মেহেরুজ্জামান,মুসলমান
সুলতানি,মুসলমান
রফিকুজ্জামান,মুসলমান
নিজামুদ্দীন,মুসলমান
ছায়ামদ্দীন,মুসলমান
আতাউল্লা,মুসলমান
শামসুজ্জামান,মুসলমান
খোরশিদ,মুসলমান
নূরুদ্দিন,মুসলমান
শামছুদ্দীন,মুসলমান
রমিজউদ্দিন,মুসলমান
শাফিউদ্দিন,মুসলমান
মঈনুদ্দিন,মুসলমান
তৌহিদুজ্জামান,মুসলমান
মাসুদুজ্জামান,মুসলমান
সাহাবদ্দীন,মুসলমান
নইমদ্দিন,মুসলমান
মদ্দীন,মুসলমান
সামসুউদ্দিন,মুসলমান
অলিউল্যা,মুসলমান
বদিরুজ্জামান,মুসলমান
হাইজদ্দিন,মুসলমান
ইমানউদ্দিন,মুসলমান
নাছিরদ্দিন,মুসলমান
রবিউল্যা,মুসলমান
সাইজউদ্দীন,মুসলমান
তইজুদ্দিন,মুসলমান
শ্রীমতিরানী,হিন্দু
শফিজউদ্দিন,মুসলমান
ময়জুদ্দিন,মুসলমান
কাজিমউদ্দিন,মুসলমান
মনুরুদ্দিন,মুসলমান
মাইনদ্দীন,মুসলমান
সিরাজউদ্দিন,মুসলমান
জালালুদ্দিন,মুসলমান
নছুমুদ্দিন,মুসলমান
সুনুমুদ্দিন,মুসলমান
সইমদ্দিন,মুসলমান
ইয়ামুদ্দিন,মুসলমান
জাহিদুজ্জামান,মুসলমান
নজুমুদ্দিন,মুসলমান
মহিরুদ্দিন,মুসলমান
নূরজ্জামান,মুসলমান
অলিমদ্দিন,মুসলমান
শামেজুদ্দিন,মুসলমান
আইজউদ্দিন,মুসলমান
সমিরুদ্দীন,মুসলমান
খবিরুদ্দিন,মুসলমান
শরফুদ্দীন,মুসলমান
রেহাজুদ্দিন,মুসলমান
শহীমুদ্দিন,মুসলমান
নেহাজুদ্দিন,মুসলমান
জান্না,মুসলমান
সুরদ্দিন,মুসলমান
পানাউল্লা,মুসলমান
খবিরউদ্দিন,মুসলমান
সহিমউদ্দিন,মুসলমান
সাহবুদ্দিন,মুসলমান
জহিরুদ্দিন,মুসলমান
খাইরুদ্দিন,মুসলমান
মফিজউদ্দিন,মুসলমান
তাইজুদ্দীন,মুসলমান
জামালউদ্দিন,মুসলমান
সাফাজদ্দিন,মুসলমান
আফরুজ্জামান,মুসলমান
সেরাজদ্দিন,মুসলমান
বদুরুজ্জামান,মুসলমান
শফিজদ্দিন,মুসলমান
মোসলেউদ্দিন,মুসলমান
মনোরুদ্দিন,মুসলমান
আফুরুদ্দিন,মুসলমান
কামিজদ্দিন,মুসলমান
আতাবদ্দিন,মুসলমান
সাফিজদ্দিন,মুসলমান
মহিজুদ্দিন,মুসলমান
ছালাহউদ্দিন,মুসলমান
ছানাউল্যা,মুসলমান
তাইজউদ্দীন,মুসলমান
সাফাজুদ্দিন,মুসলমান
মফিজদ্দীন,মুসলমান
মহিজউদ্দিন,মুসলমান
শরীফউদ্দিন,মুসলমান
নছরদ্দিন,মুসলমান
মিনাজদ্দিন,মুসলমান
মফিজউদ্দীন,মুসলমান
রাশেদুজ্জামান,মুসলমান
তৈমুদ্দিন,মুসলমান
ছৈনুদ্দিন,মুসলমান
নিফাজুদ্দিন,মুসলমান
সফিজদ্দিন,মুসলমান
নকুমুদ্দিন,মুসলমান
মনরউদ্দিন,মুসলমান
রমেজদ্দিন,মুসলমান
মৈজুদ্দিন,মুসলমান
রমেজুদ্দিন,মুসলমান
কছিমদ্দিন,মুসলমান
হাকিমুদ্দিন,মুসলমান
সুনামুদ্দিন,মুসলমান
হাকিমদ্দিন,মুসলমান
কছুমদ্দিন,মুসলমান
আজিমদ্দীন,মুসলমান
নুরদ্দিন,মুসলমান
মুরাদুজ্জামান,মুসলমান
ছাইরুদ্দিন,মুসলমান
সাহাবুউদ্দিন,মুসলমান
রুকনুজ্জামান,মুসলমান
জয়নদ্দিন,মুসলমান
মুশির্দুজ্জামান,মুসলমান
নছিমদ্দিন,মুসলমান
নাজিমদ্দীন,মুসলমান
আতাবদ্দীন,মুসলমান
আলাবদ্দীন,মুসলমান
তসিরউদ্দীন,মুসলমান
কছিমদ্দীন,মুসলমান
রফিজউদ্দিন,মুসলমান
অফদ্দিন,মুসলমান
তারামদ্দীন,মুসলমান
ময়নুদ্দিন,মুসলমান
রইসুদ্দিন,মুসলমান
শামশুদ্দিন,মুসলমান
জসিমুদ্দীন,মুসলমান
লইমুদ্দিন,মুসলমান
তইমুদ্দিন,মুসলমান
হাদীউজ্জামান,মুসলমান
নিজামদ্দিন,মুসলমান
কাজীমদ্দীন,মুসলমান
রিসানুজ্জামান,মুসলমান
নরুজ্জামান,মুসলমান
চিনিরুদ্দীন,মুসলমান
আনেজদ্দীন,মুসলমান
আছেমদ্দিন,মুসলমান
নকিমুদ্দীন,মুসলমান
মুনিরদ্দিন,মুসলমান
নুরদ্দীন,মুসলমান
আলিমদ্দীন,মুসলমান
ছারুদ্দীন,মুসলমান
ইয়ারদ্দীন,মুসলমান
তৈয়জদ্দীন,মুসলমান
রাহাবুদ্দিন,মুসলমান
মহিরউদ্দীন,মুসলমান
মজিরুদ্দিন,মুসলমান
ময়জদ্দিন,মুসলমান
রইছউদ্দীন,মুসলমান
ছদ্দিন,মুসলমান
নাজমুজ্জামান,মুসলমান
সরফুদ্দীন,মুসলমান
বশিরুজ্জামান,মুসলমান
রেজওয়ানুজ্জামান,মুসলমান
তহিরুদ্দীন,মুসলমান
শরিফদ্দিন,মুসলমান
জমিরদ্দিন,মুসলমান
মইছদ্দিন,মুসলমান
মনিরদ্দীন,মুসলমান
একারদ্দিন,মুসলমান
ছৈরদ্দিন,মুসলমান
পানছদ্দিন,মুসলমান
কুতুবুদ্দীন,মুসলমান
ওহিদুজ্জামান,মুসলমান
সদরদ্দীন,মুসলমান
তোয়াজউদ্দীন,মুসলমান
সাবুদ্দীন,মুসলমান
আক্তারউজ্জামান,মুসলমান
শফিউদ্দীন,মুসলমান
ছানারদ্দীন,মুসলমান
মইনউদ্দীন,মুসলমান
ফুলছদ্দীন,মুসলমান
ছদোরদ্দীন,মুসলমান
মইনদ্দীন,মুসলমান
আনারুদ্দীন,মুসলমান
সাকিবুজ্জামান,মুসলমান
তছিরুদ্দীন,মুসলমান
হেলালউদ্দিন,মুসলমান
কইনদ্দিন,মুসলমান
ফছিরদ্দীন,মুসলমান
তাহাজদ্দীন,মুসলমান
সাজউদ্দীন,মুসলমান
রফিউদ্দীন,মুসলমান
মশিউজ্জামান,মুসলমান
নাছিমুদ্দিন,মুসলমান
তহিরুজ্জামান,মুসলমান
নবীছদ্দীন,মুসলমান
নবিছদ্দীন,মুসলমান
ওয়াজউদ্দিন,মুসলমান
রোকুনুজ্জামান,মুসলমান
নাসিরুদ্দীন,মুসলমান
জান্নাতুননেছা,মুসলমান
ফারুকুজ্জামান,মুসলমান
তহিবুরজ্জামান,মুসলমান
আফতাবুজ্জামান,মুসলমান
মাছুদুজ্জামান,মুসলমান
আছিরউদ্দিন,মুসলমান
আলিমউদ্দীন,মুসলমান
খালিদুজ্জামান,মুসলমান
ছমিরুদ্দীন,মুসলমান
রায়হানুজ্জামান,মুসলমান
তোহিদুজ্জামান,মুসলমান
মনিরউদ্দীন,মুসলমান
সাদউদ্দীন,মুসলমান
রাদউদ্দীন,মুসলমান
দৌল্লাহ,মুসলমান
ফছিউদ্দিন,মুসলমান
মুহিউদ্দীন,মুসলমান
নাজেমুদ্দীন,মুসলমান
রিফাতউদ্দিন,মুসলমান
শমশুদ্দিন,মুসলমান
তাজুমুদ্দিন,মুসলমান
ঊল্লাহ,মুসলমান
বদুজ্জামান,মুসলমান
বুদ্দিন,মুসলমান
সাইসুদ্দিন,মুসলমান
হাসাবুদ্দিন,মুসলমান
হবিউল্লা,মুসলমান
মুজিবউল্লাহ,মুসলমান
উখিনমে,আদিবাসী
উছেনন্যে,আদিবাসী
উছিংয়েন,আদিবাসী
ক্যলুংফ্রু,আদিবাসী
মিংসে,আদিবাসী
সামাফ্রু,আদিবাসী
মাম্মাছেন,আদিবাসী
ঞোওয়ান,আদিবাসী
থামে,আদিবাসী
উখিংচৌ,আদিবাসী
তোরমা,আদিবাসী
মংছেচিং,আদিবাসী
মংক্যঞে,আদিবাসী
উম্যানু,আদিবাসী
লহাখিনু,আদিবাসী
মালেকুজ্জামান,মুসলমান
ছিদ্দিকি,মুসলমান
আলোমদ্দিন,মুসলমান
আসাবদ্দিন,মুসলমান
শাহাজুউদ্দিন,মুসলমান
ছাইফুদ্দিন,মুসলমান
ছফিউল্যাহ,মুসলমান
নজুমুদ্দীন,মুসলমান
হাবিবউল্লা,মুসলমান
রমিজুদ্দীন,মুসলমান
মোরশদুজ্জামান,মুসলমান
সেলিমুজ্জামান,মুসলমান
নাইমুদ্দীন,মুসলমান
শাহাদুজ্জামান,মুসলমান
জসিমউদ্দীন,মুসলমান
শামসুউদ্দীন,মুসলমান
এনামউল্লা,মুসলমান
জায়নুদ্দিন,মুসলমান
জয়নউদ্দিন,মুসলমান
হোসেনুজ্জামান,মুসলমান
ঊল্যা,মুসলমান
নুরেজ্জামান,মুসলমান
সফিউল্যা,মুসলমান
ওয়ালীউল্যা,মুসলমান
সফিউল্যাহ,মুসলমান
ফকরুদ্দিন,মুসলমান
রশিদাবেগম,মুসলমান
ছফিউল্যা,মুসলমান
আহসানউল্যা,মুসলমান
শুকরুজ্জামান,মুসলমান
নাদেরুজ্জামান,মুসলমান
নূরেরজ্জামান,মুসলমান
নাজমদ্দিন,মুসলমান
এলেমুদ্দিন,মুসলমান
উমরুজ্জামান,মুসলমান
নাজিরুজ্জামান,মুসলমান
আজমুদ্দিন,মুসলমান
সায়দুজ্জামান,মুসলমান
নজুমদ্দীন,মুসলমান
হামিদুজ্জামান,মুসলমান
আশ্রাফুজ্জামান,মুসলমান
শফিউল্যাহ,মুসলমান
মোছলেহউদ্দিন,মুসলমান
সানোয়ারউল্যাহ,মুসলমান
রুহুল্লাহ,মুসলমান
সৈদুজ্জামান,মুসলমান
মোয়ামদ্দীন,মুসলমান
লোহামুদ্দিন,মুসলমান
আনিসউজ্জামান,মুসলমান
তৈয়বুজ্জামান,মুসলমান
শামছদ্দীন,মুসলমান
শাহামুদ্দীন,মুসলমান
মাজিমদ্দিন,মুসলমান
মাকসুদুজ্জামান,মুসলমান
অছরুদ্দিন,মুসলমান
ছফুরুদ্দিন,মুসলমান
জান্নাতুছা,মুসলমান
ওয়াহাবুদ্দীন,মুসলমান
কুতুবউদ্দিন,মুসলমান
সায়েমদ্দিন,মুসলমান
রেশমদ্দিন,মুসলমান
সৈয়দুজ্জামান,মুসলমান
ছায়েমদ্দিন,মুসলমান
খায়রুদ্দিন,মুসলমান
বদ্দীন,মুসলমান
আশাবদ্দীন,মুসলমান
সোনমদ্দিন,মুসলমান
আইনুদ্দীন,মুসলমান
শামছুউদ্দীন,মুসলমান
হাদিউল্লাহ,মুসলমান
মোছাদ্দিনা,মুসলমান
সুনামদ্দিন,মুসলমান
রসুমদ্দিন,মুসলমান
মহরদ্দীন,মুসলমান
রইমুদ্দিন,মুসলমান
আছুমুদ্দিন,মুসলমান
রুপমদ্দিন,মুসলমান
আলিমুউদ্দিন,মুসলমান
হেদায়তুল্লাহ,মুসলমান
ইশাদুল্লাহ,মুসলমান
হাসমতুল্লাহ,মুসলমান
রহিজদ্দিন,মুসলমান
নবীউল্লা,মুসলমান
আসাবউদ্দিন,মুসলমান
আইনুউদ্দিন,মুসলমান
তরিকুজ্জামান,মুসলমান
হাইমদ্দিন,মুসলমান
কফুলুদ্দীন,মুসলমান
আক্তারজ্জামান,মুসলমান
তমিজদ্দীন,মুসলমান
ফাউজদ্দিন,মুসলমান
আলফাজউদ্দিন,মুসলমান
রোকনউদ্দিন,মুসলমান
মিয়াজুউদ্দিন,মুসলমান
হাবিজউদ্দিন,মুসলমান
ছাইনদ্দিন,মুসলমান
আমানউল্যাহ,মুসলমান
রুকোনুজ্জামান,মুসলমান
মোসলেমউদ্দীন,মুসলমান
কুতুবদ্দিন,মুসলমান
আকাবউদ্দিন,মুসলমান
আছুমুল্লাহ,মুসলমান
তাছুমদ্দিন,মুসলমান
লতিফুজ্জামান,মুসলমান
তমুজদ্দিন,মুসলমান
ছামিউল্লা,মুসলমান
শাসসুদ্দীন,মুসলমান
কলমদ্দিন,মুসলমান
তফিজদ্দিন,মুসলমান
তুরুজ্জামান,মুসলমান
আহাম্মদ্দীন,মুসলমান
ফায়জদ্দিন,মুসলমান
মমুরুদ্দিন,মুসলমান
মুসলেমুদ্দিন,মুসলমান
সোনামউদ্দিন,মুসলমান
নছিমউদ্দিন,মুসলমান
রাহাজুদ্দিন,মুসলমান
সিকিমুদ্দিন,মুসলমান
রমেজউদ্দিন,মুসলমান
মইনদ্দিন,মুসলমান
জালুমদ্দিন,মুসলমান
নাড়ুমুদ্দিন,মুসলমান
রহিজউদ্দিন,মুসলমান
নছুমউদ্দিন,মুসলমান
আসিফুজ্জামান,মুসলমান
ফায়েকুজ্জামান,মুসলমান
ওমেজুদ্দিন,মুসলমান
ছমুরদ্দিন,মুসলমান
সফুরুদ্দিন,মুসলমান
বানেজুদ্দীন,মুসলমান
বাহারুদ্দিন,মুসলমান
রেজুয়ানুজ্জামান,মুসলমান
ঊদ্দিন,মুসলমান
জহুরুদ্দিন,মুসলমান
রেহাতুল্লাহ,মুসলমান
নছুমুদ্দীন,মুসলমান
সোনাউল্যা,মুসলমান
ছোইমুদ্দীন,মুসলমান
আতিকুজ্জামান,মুসলমান
শহীদুজ্জামান,মুসলমান
তৈজুদ্দিন,মুসলমান
বাইজুদ্দীন,মুসলমান
ফরজুদ্দিন,মুসলমান
ফইমুদ্দিন,মুসলমান
ওয়াহিদুদজ্জামান,মুসলমান
জুদ্দীন,মুসলমান
আমানুদ্দিন,মুসলমান
রছিমদ্দিন,মুসলমান
জাকিউদ্দিন,মুসলমান
অছিমুদ্দিন,মুসলমান
বালাজউদ্দিন,মুসলমান
জোহরদ্দিন,মুসলমান
ফৈজদ্দিন,মুসলমান
বাহাজদ্দিন,মুসলমান
বসুরদ্দিন,মুসলমান
সামদ্দিন,মুসলমান
কায়মুদ্দিন,মুসলমান
ধৌলদ্দিন,মুসলমান
খইমদ্দীন,মুসলমান
আইনদ্দীন,মুসলমান
লালমদ্দিন,মুসলমান
সামউদ্দিন,মুসলমান
সৈজদ্দিন,মুসলমান
জৈনদ্দিন,মুসলমান
ওফাজুদ্দিন,মুসলমান
তমেজুদ্দিন,মুসলমান
উকিলুদ্দিন,মুসলমান
বছিরদ্দিন,মুসলমান
বদুরউদ্দিন,মুসলমান
বউদ্দিন,মুসলমান
ফারজানুজ্জামান,মুসলমান
খালিকুজ্জামান,মুসলমান
সাদাফুজ্জামানী,মুসলমান
মুহাইমেনুজ্জামান,মুসলমান
কারিমউজ্জামান,মুসলমান
আইজুদ্দীন,মুসলমান
খালেদুজ্জামান,মুসলমান
নাসিফুজ্জামান,মুসলমান
আওাবুদ্দীন,মুসলমান
আল্লাউদ্দিন,মুসলমান
তারিকুজ্জামান,মুসলমান
সবিরউদ্দীন,মুসলমান
ওয়াসিউদ্দিন,মুসলমান
মঈনউদ্দিন,মুসলমান
মইনউদ্দিন,মুসলমান
মাসুমুজ্জামান,মুসলমান
সখুমুদ্দিন,মুসলমান
রিহাজুদ্দিন,মুসলমান
তারাজুদ্দিন,মুসলমান
বছরউদ্দিন,মুসলমান
নাজিমউদ্দিন,মুসলমান
হাবিযুদ্দিন,মুসলমান
নাছুরুদ্দিন,মুসলমান
মোরাদুজ্জামান,মুসলমান
আশরাফউদ্দিন,মুসলমান
নুরুউদ্দীন,মুসলমান
ফয়জদ্দীন,মুসলমান
রতনউজ্জামান,মুসলমান
আশ্রাবুদ্দিন,মুসলমান
মহিমউদ্দিন,মুসলমান
নুরজান্নাত,মুসলমান
আতাবুদ্দিন,মুসলমান
আওাবদ্দীন,মুসলমান
ইয়ারউদ্দিন,মুসলমান
ফখরুজ্জামান,মুসলমান
তাওহীদুজ্জামান,মুসলমান
অসিমুদ্দীন,মুসলমান
নজিমুদ্দীন,মুসলমান
ইয়াজউদ্দিন,মুসলমান
আলীমুজ্জামান,মুসলমান
আছুরুদ্দীন,মুসলমান
সয়রুদ্দিন,মুসলমান
নছুরুদ্দিন,মুসলমান
আতামউদ্দিন,মুসলমান
লাবিবুজ্জামান,মুসলমান
সমিজুদ্দিন,মুসলমান
শুকুমদ্দিন,মুসলমান
শরফুজ্জামান,মুসলমান
অলুমুদ্দিন,মুসলমান
সাফিজুদ্দিন,মুসলমান
ছইমুদ্দীন,মুসলমান
কুতুবুদ্দিন,মুসলমান
ফরীদুদ্দীন,মুসলমান
সাদিকুজ্জামান,মুসলমান
শাহানাউল্লা,মুসলমান
মাইজুদ্দিন,মুসলমান
আকিবুজ্জামান,মুসলমান
আরাফাতুজ্জামান,মুসলমান
নাইবুদ্দীন,মুসলমান
নাজমুদ্দীন,মুসলমান
আহমদউল্যা,মুসলমান
ছায়েদুজ্জামান,মুসলমান
মহীউদ্দিন,মুসলমান
আশরাফউদ্দীন,মুসলমান
মমিনুজ্জামান,মুসলমান
নূরুদ্দীন,মুসলমান
কলিমউদ্দীন,মুসলমান
কফিলুউদ্দিন,মুসলমান
সাজিমউদ্দিন,মুসলমান
শহীদউল্লা,মুসলমান
আলফাজদ্দিন,মুসলমান
অকলদ্দীন,মুসলমান
শহরউদ্দিন,মুসলমান
সাইজুদ্দীন,মুসলমান
তমিজউদ্দীন,মুসলমান
মুসলেহউদ্দিন,মুসলমান
ইমামউদ্দিন,মুসলমান
ওছমদ্দিন,মুসলমান
আফরদ্দীন,মুসলমান
রাহিজদ্দিন,মুসলমান
ইসলামদ্দিন,মুসলমান
শফিউল্লা,মুসলমান
কমুরুদ্দিন,মুসলমান
মজরউদ্দিন,মুসলমান
ছলাউদ্দিন,মুসলমান
অহিজদ্দিন,মুসলমান
কফলদ্দিন,মুসলমান
অকলদ্দিন,মুসলমান
হেমাজদ্দিন,মুসলমান
আমানউল্যা,মুসলমান
হেলালদ্দিন,মুসলমান
মমিনদ্দিন,মুসলমান
জামালুদ্দীন,মুসলমান
কমুরউদ্দিন,মুসলমান
জালালদ্দীন,মুসলমান
মালেজুদ্দিন,মুসলমান
রেহাজদ্দিন,মুসলমান
সামছউদ্দিন,মুসলমান
সামুসদ্দিন,মুসলমান
মজুরদ্দিন,মুসলমান
তছুমদ্দিন,মুসলমান
মালাউদ্দিন,মুসলমান
দবুরদ্দিন,মুসলমান
আইজদ্দিন,মুসলমান
ছলমদ্দিন,মুসলমান
সুনুমদ্দিন,মুসলমান
সায়েমুদ্দিন,মুসলমান
তাইজুউদ্দিন,মুসলমান
আইনউদ্দিন,মুসলমান
শাহাজউদ্দিন,মুসলমান
বাহাউদ্দীন,মুসলমান
রফিজদ্দীন,মুসলমান
জামিরউদ্দিন,মুসলমান
সেরাজদ্দীন,মুসলমান
গিয়াসদ্দিন,মুসলমান
আসাবদ্দীন,মুসলমান
তমিজউদ্দিন,মুসলমান
নজমদ্দিন,মুসলমান
সাবাজুদ্দীন,মুসলমান
মুছলোদ্দীন,মুসলমান
ওয়াজদ্দিন,মুসলমান
কামারুজ্জামান,মুসলমান
আফাজুদ্দীন,মুসলমান
কমিজুদ্দীন,মুসলমান
সাইজদ্দীন,মুসলমান
সবুরদ্দিন,মুসলমান
বাহারদ্দিন,মুসলমান
আফাজদ্দীন,মুসলমান
মন্তাজউদ্দিন,মুসলমান
শাহেদুজ্জামান,মুসলমান
আফিজউদ্দীন,মুসলমান
শফুরুদ্দিন,মুসলমান
কিয়ামউদ্দিন,মুসলমান
রমতউল্লা,মুসলমান
আফতাবদ্দিন,মুসলমান
অখিলউদ্দিন,মুসলমান
মেসবাউদ্দিন,মুসলমান
ছমিরদ্দিন,মুসলমান
শরিফউদ্দীন,মুসলমান
বাহউদ্দিন,মুসলমান
আস্তামউদ্দিন,মুসলমান
মোছাউদ্দীন,মুসলমান
রেজদ্দিন,মুসলমান
মহিজদ্দীন,মুসলমান
আহছানউল্লা,মুসলমান
মিহিনউল্লা,মুসলমান
কাফায়েতউল্লা,মুসলমান
হাবিউল্লা,মুসলমান
আজিমউদ্দীন,মুসলমান
আলতাবদ্দিন,মুসলমান
শাহউদ্দিন,মুসলমান
পরশউল্যা,মুসলমান
শামজুদ্দিন,মুসলমান
এলাজদ্দিন,মুসলমান
আমিনউদ্দিন,মুসলমান
মাফুজ্জামান,মুসলমান
ওছিমউদ্দীন,মুসলমান
মনিরউজ্জামান,মুসলমান
ফরিজউদ্দিন,মুসলমান
মাইনোদ্দিন,মুসলমান
দলিলউদ্দিন,মুসলমান
রাসেদুজ্জামান,মুসলমান
মেজবাউদ্দিন,মুসলমান
সেহাবদ্দিন,মুসলমান
আক্তরুজ্জামান,মুসলমান
কাজেমদ্দিন,মুসলমান
মায়নুদ্দিন,মুসলমান
খৈমুদ্দিন,মুসলমান
তাইনুদ্দিন,মুসলমান
সাকিমুদ্দিন,মুসলমান
নাজুমদ্দিন,মুসলমান
তজুমোদ্দিন,মুসলমান
সনোজুদ্দিন,মুসলমান
বাহেজুদ্দিন,মুসলমান
সৈনুদ্দিন,মুসলমান
রাহেজউদ্দিন,মুসলমান
খইমদ্দিন,মুসলমান
কাজেমুদ্দিন,মুসলমান
জহরউদ্দিন,মুসলমান
আমেরদ্দিন,মুসলমান
এলেমদ্দিন,মুসলমান
নজুমদ্দিন,মুসলমান
সামেজদ্দিন,মুসলমান
আখেজদ্দিন,মুসলমান
তজিমদ্দিন,মুসলমান
সাজউদ্দিন,মুসলমান
ফকরদ্দিন,মুসলমান
রাহোজদ্দিন,মুসলমান
আলীমদ্দীন,মুসলমান
মৈজদ্দিন,মুসলমান
গয়জুদ্দিন,মুসলমান
দিরাজুদ্দিন,মুসলমান
ফৈইজদ্দিন,মুসলমান
মোমেজদ্দিন,মুসলমান
মমেজুদ্দিন,মুসলমান
এলুজুদ্দিন,মুসলমান
সোনাজদ্দিন,মুসলমান
রকিজুদ্দিন,মুসলমান
আপাজদ্দিন,মুসলমান
সাফেজুদ্দিন,মুসলমান
ওফাজউদ্দিন,মুসলমান
উফাজুদ্দিন,মুসলমান
আলালউদ্দিন,মুসলমান
সামোজউদ্দিন,মুসলমান
খইমুদ্দীন,মুসলমান
আহেজদ্দিন,মুসলমান
পাকিলুদ্দিন,মুসলমান
আশামুদ্দিন,মুসলমান
জইনুদ্দিন,মুসলমান
আসাদউল্লা,মুসলমান
আকিমদ্দিন,মুসলমান
আপ্তাজদ্দিন,মুসলমান
কুটুমুদ্দিন,মুসলমান
মনোরউদ্দিন,মুসলমান
সমেজুদ্দীন,মুসলমান
আমেজদ্দিন,মুসলমান
কাজীমদ্দিন,মুসলমান
উয়াজুদ্দিন,মুসলমান
নোমেজুদ্দিন,মুসলমান
ওচুমুদ্দিন,মুসলমান
হাবেজুদ্দিন,মুসলমান
জিয়ারউদ্দিন,মুসলমান
শাহজুদ্দিন,মুসলমান
রেহজউদ্দিন,মুসলমান
সামোজুদ্দিন,মুসলমান
শাহমুদ্দিন,মুসলমান
শাহাজদ্দীন,মুসলমান
গৈজুদ্দিন,মুসলমান
নিয়াজুদ্দিন,মুসলমান
শহিমুদ্দিন,মুসলমান
আমেজুদ্দীন,মুসলমান
তনুরুদ্দীন,মুসলমান
দেল্লোদ্দিন,মুসলমান
ছবুরুদ্দিন,মুসলমান
সৈনুউদ্দিন,মুসলমান
নকিমুদ্দিন,মুসলমান
কাজুমুদ্দিন,মুসলমান
সফেজুদ্দিন,মুসলমান
রহিমউদ্দিন,মুসলমান
আছুরুদ্দিন,মুসলমান
সাইজ্জুদ্দিন,মুসলমান
মহরউদ্দিন,মুসলমান
সকুমুদ্দিন,মুসলমান
রুফাজুদ্দিন,মুসলমান
তজিমুদ্দিন,মুসলমান
শাবউদ্দিন,মুসলমান
সাহামুদ্দিন,মুসলমান
তনুরুদ্দিন,মুসলমান
তায়জুদ্দিন,মুসলমান
ননুমুদ্দিন,মুসলমান
আহানুদ্দিন,মুসলমান
জকুলুদ্দিন,মুসলমান
সইজুদ্দিন,মুসলমান
তাজিমুদ্দিন,মুসলমান
কন্টুমুদ্দিন,মুসলমান
আয়নুদ্দিন,মুসলমান
আমিজুদ্দিন,মুসলমান
নাজুমুদ্দিন,মুসলমান
কিয়ামদ্দিন,মুসলমান
রাইসউদ্দিন,মুসলমান
মেজবাউদ্দীন,মুসলমান
সিফাতউল্লাহ,মুসলমান
মাহিনুজ্জামান,মুসলমান
আশাবুদ্দিন,মুসলমান
ছহলদ্দীন,মুসলমান
আকামদ্দিন,মুসলমান
জদ্দিন,মুসলমান
ফকুরদ্দিন,মুসলমান
আয়েতুউল্লা,মুসলমান
আলিমউদ্দিন,মুসলমান
কালিমদ্দিন,মুসলমান
শাহবউদ্দিন,মুসলমান
শিহাবউদ্দিন,মুসলমান
ওয়াহেদুজ্জামান,মুসলমান
আয়নদ্দিন,মুসলমান
মহিউদ্দিনঙ,মুসলমান
মুহিউদ্দিন,মুসলমান
আয়জদ্দিন,মুসলমান
নুরেজান্নাত,মুসলমান
ফইজউদ্দিন,মুসলমান
আমিনদ্দিন,মুসলমান
মহিনুদ্দিন,মুসলমান
ওহিউদ্দিন,মুসলমান
মোসলেউদ্দীন,মুসলমান
ফখরুউদ্দিন,মুসলমান
আফছারউদ্দিন,মুসলমান
ছৈনদ্দিন,মুসলমান
বানিজদ্দিন,মুসলমান
ছৈরুদ্দিন,মুসলমান
ফখরউদ্দিন,মুসলমান
আজিরুদ্দিন,মুসলমান
ছৈমদ্দীন,মুসলমান
ফুলরউদ্দিন,মুসলমান
আমজদ্দিন,মুসলমান
নুকুজ্জামান,মুসলমান
সমজদ্দিন,মুসলমান
জরিফদ্দিন,মুসলমান
মোরাদজ্জামান,মুসলমান
জিলেপদ্দিন,মুসলমান
জয়নুদ্দীন,মুসলমান
আছাদ্দুজ্জামান,মুসলমান
ফুলদ্দিন,মুসলমান
আলউদ্দিন,মুসলমান
জিয়াউদ্দীন,মুসলমান
হাছানোজ্জামান,মুসলমান
সনুরুদ্দিন,মুসলমান
মুরাজ্জামান,মুসলমান
মিয়াদুজ্জামান,মুসলমান
দৌলুতুজ্জামান,মুসলমান
ছাইরদ্দিন,মুসলমান
জৈয়মদ্দিন,মুসলমান
আইবদ্দিন,মুসলমান
অজুদ্দিন,মুসলমান
কুসুমউদ্দিন,মুসলমান
সুলতানারা,মুসলমান
সহিদুজ্জামান,মুসলমান
নৈমুদ্দীন,মুসলমান
আকাবুদ্দিন,মুসলমান
হাবিরুদ্দিন,মুসলমান
বসিরউদ্দিন,মুসলমান
ময়জউদ্দিন,মুসলমান
তহুরুদ্দিন,মুসলমান
মইজউদ্দিন,মুসলমান
কফিলউদ্দিন,মুসলমান
শাহামদ্দিন,মুসলমান
কসুমদ্দিন,মুসলমান
শহিদুজ্জামান,মুসলমান
আহসানউল্লা,মুসলমান
শহরদ্দিন,মুসলমান
মহুরদ্দিন,মুসলমান
আকছরদ্দিন,মুসলমান
ইছমদ্দীন,মুসলমান
হায়াতুজ্জামান,মুসলমান
তাইজুউদ্দীন,মুসলমান
চৌদ্দিন,মুসলমান
শামসউদ্দিন,মুসলমান
ছামছদ্দিন,মুসলমান
জয়েনদ্দীন,মুসলমান
নকিমদ্দিন,মুসলমান
ছয়মদ্দিন,মুসলমান
নমরদ্দিন,মুসলমান
মিয়ারুদ্দীন,মুসলমান
ছবরদ্দীন,মুসলমান
অয়জদ্দিন,মুসলমান
বয়জদ্দিন,মুসলমান
আজামদ্দিন,মুসলমান
ইছামদ্দিন,মুসলমান
নজোমদ্দিন,মুসলমান
মনরুদ্দীন,মুসলমান
নছুমদ্দিন,মুসলমান
নাদিরুজ্জামান,মুসলমান
ছহিমদ্দিন,মুসলমান
জরিমদ্দিন,মুসলমান
সয়েদজ্জামান,মুসলমান
মুজিবুদ্দিন,মুসলমান
সমেজউদ্দিন,মুসলমান
তমজদ্দিন,মুসলমান
নোয়াবুদ্দিন,মুসলমান
খাতিমুদ্দিন,মুসলমান
কছুরুদ্দিন,মুসলমান
ইউসুবুদ্দিন,মুসলমান
দলিমতদ্দীন,মুসলমান
ফাইমতদ্দীন,মুসলমান
মোহামদ্দীন,মুসলমান
কুশুমউদ্দীন,মুসলমান
পয়ইনদ্দীন,মুসলমান
হিসাবুদ্দীন,মুসলমান
কাইমতদ্দীন,মুসলমান
তৈমতদ্দীন,মুসলমান
সহমদ্দীন,মুসলমান
সমিরউদ্দীন,মুসলমান
নাশিরউদ্দীন,মুসলমান
খসমদ্দীন,মুসলমান
রহিমউদ্দীন,মুসলমান
আমিজদ্দীন,মুসলমান
সফিরউদ্দীন,মুসলমান
মকিমউদ্দীন,মুসলমান
হাবিলউদ্দিন,মুসলমান
ছামছোউদ্দীন,মুসলমান
বইজউদ্দীন,মুসলমান
খতিবুদ্দীন,মুসলমান
সইমদ্দীন,মুসলমান
অনিজদ্দীন,মুসলমান
খতিমদ্দিন,মুসলমান
তজিমদ্দীন,মুসলমান
কাজিমদ্দীন,মুসলমান
তুকাতজ্জামান,মুসলমান
ছুরুনদ্দিন,মুসলমান
নখমুদ্দিন,মুসলমান
ছকমুদ্দিন,মুসলমান
সাদেকুজ্জামান,মুসলমান
দবিরদ্দিন,মুসলমান
তহুজদ্দিন,মুসলমান
নাবারুদ্দিন,মুসলমান
ইয়ামুদ্দীন,মুসলমান
কোছিমুদ্দিন,মুসলমান
তফিজুদ্দিন,মুসলমান
নকমুদ্দিন,মুসলমান
আহিমদ্দীন,মুসলমান
মজমুদ্দিন,মুসলমান
আচুমুদ্দীন,মুসলমান
তয়জুদ্দিন,মুসলমান
কপিলদ্দিন,মুসলমান
সহিমদ্দিন,মুসলমান
মজিরদ্দীন,মুসলমান
সামসদ্দিন,মুসলমান
বদিওজ্জামান,মুসলমান
জসিরদ্দীন,মুসলমান
খয়রুদ্দিন,মুসলমান
পৈমুদ্দিন,মুসলমান
মিয়ারোদ্দীন,মুসলমান
নেজামদ্দীন,মুসলমান
সজিমদ্দিন,মুসলমান
হাকিমউদ্দীন,মুসলমান
শুকুরউল্লা,মুসলমান
ফইমদ্দীন,মুসলমান
কামিজউদ্দীন,মুসলমান
রিয়াজউদ্দীন,মুসলমান
নজিমদ্দীন,মুসলমান
আমিজদ্দিন,মুসলমান
সামসউদ্দীন,মুসলমান
জুমারদ্দিন,মুসলমান
সপিজদ্দীন,মুসলমান
নবদ্দিন,মুসলমান
জয়নদ্দীন,মুসলমান
আহাবুদ্দিন,মুসলমান
নছিবুদ্দিন,মুসলমান
হাফিজুউল্লা,মুসলমান
নসিমুদ্দীন,মুসলমান
মনিউজ্জামান,মুসলমান
আফরুদ্দীন,মুসলমান
ছকিমুদ্দীন,মুসলমান
মুহদ্দীন,মুসলমান
জলিমুদ্দিন,মুসলমান
শুকুরুদ্দিন,মুসলমান
আজুমুদ্দিন,মুসলমান
নেজামুদ্দীন,মুসলমান
সেরাজুদ্দিন,মুসলমান
আলউদ্দীন,মুসলমান
সোনারুদ্দিন,মুসলমান
কসিমুদ্দিন,মুসলমান
শাহামুদ্দিন,মুসলমান
শুকুরুদ্দীন,মুসলমান
আয়েশুদ্দিন,মুসলমান
গিয়াসুদ্দীন,মুসলমান
ফেলুরুদ্দীন,মুসলমান
কালুমুদ্দিন,মুসলমান
কালুমুদ্দীন,মুসলমান
রইসুদ্দীন,মুসলমান
শুকুদ্দীন,মুসলমান
গিয়াসউদ্দীন,মুসলমান
জেসুমুদ্দিন,মুসলমান
সাদরুজ্জামান,মুসলমান
ভোঙ্গরুদ্দীন,মুসলমান
আকিমুদ্দীন,মুসলমান
সানাউল্লা,মুসলমান
জহিরুদ্দীন,মুসলমান
মাফিজুদ্দিন,মুসলমান
কাছিমুদ্দিন,মুসলমান
ছুকুমদ্দীন,মুসলমান
রফিকউদ্দীন,মুসলমান
জিহাদুজ্জামান,মুসলমান
শাহিদুজ্জামান,মুসলমান
শামশুদ্দীন,মুসলমান
মফিজুদ্দীন,মুসলমান
তচ্ছদ্দিন,মুসলমান
ফাইজুদ্দীন,মুসলমান
তহিদুজ্জামান,মুসলমান
মোসলেমুদ্দিন,মুসলমান
বোদ্দিনাথ,মুসলমান
শুকুদ্দিন,মুসলমান
সহিমুদ্দীন,মুসলমান
বদ্দীনাথ,মুসলমান
জয়মদ্দীন,মুসলমান
লইমদ্দীন,মুসলমান
সাকিনুজ্জামান,মুসলমান
আফাজউদ্দীন,মুসলমান
লইমুদ্দীন,মুসলমান
ছাইমুদ্দীন,মুসলমান
অছিমুদ্দীন,মুসলমান
সখিমুদ্দীন,মুসলমান
কায়মুদ্দীন,মুসলমান
একামুদ্দীন,মুসলমান
আইরুদ্দিন,মুসলমান
হাইতুল্লাহ,মুসলমান
হাছিমদ্দিন,মুসলমান
সৈজ্জামান,মুসলমান
ইরাদুজ্জামান,মুসলমান
তমজ্জদ্দিন,মুসলমান
নূরেজান্নাতী,মুসলমান
মাহিদুজ্জামান,মুসলমান
নজিরুদ্দীন,মুসলমান
মেরাজুদ্দিন,মুসলমান
তমিজুদ্দিন,মুসলমান
বুদ্দীনাথ,মুসলমান
ছুরুজ্জামান,মুসলমান
রাফিউজ্জামান,মুসলমান
সুজাউদ্দীন,মুসলমান
সাজুদ্দিন,মুসলমান
সাইনুদ্দিন,মুসলমান
ছায়রদ্দিন,মুসলমান
ফকরুজ্জামান,মুসলমান
সাহেবুদ্দিন,মুসলমান
ফরিদুজ্জামান,মুসলমান
সায়দুল্লাহ,মুসলমান
আজিরুদ্দীন,মুসলমান
সাবুদ্দিন,মুসলমান
রহীমুদ্দিন,মুসলমান
জামিরুদ্দিন,মুসলমান
সামছুজ্জামান,মুসলমান
ছফাউদ্দিন,মুসলমান
শফিউজ্জামান,মুসলমান
এরশাদুজ্জামান,মুসলমান
চিও,হিন্দু
লক্ষী,হিন্দু
লক্ষ্মী,হিন্দু
কৃষ্ণপদ,হিন্দু
নারায়ন,হিন্দু
নারায়ণ,হিন্দু
বিষ্ণুপদ,হিন্দু
মহাদেব,হিন্দু
সনাতন,হিন্দু
শম্ভু,হিন্দু
নিরঞ্জন,হিন্দু
গোবিন্দ,হিন্দু
রামকৃষ্ণ,হিন্দু
শিবপদ,হিন্দু
হরিপদ,হিন্দু
দুর্গা,হিন্দু
পার্বতী,হিন্দু
গণেশ,হিন্দু
শঙ্কর,হিন্দু
বাসুদেব,হিন্দু
জগন্নাথ,হিন্দু
রাধা,হিন্দু
সীতা,হিন্দু
ভগবান,হিন্দু
ঈশ্বর,হিন্দু
শিবু,হিন্দু
মহেশ,হিন্দু
রামচন্দ্র,হিন্দু
গৌরাঙ্গ,হিন্দু
নিত্যানন্দ,হিন্দু
ব্রজেন,হিন্দু
সুধাংশু,হিন্দু
দ্বিজেন,হিন্দু
ভবানী,হিন্দু
কালীপদ,হিন্দু
অমরেন্দ্র,হিন্দু
যোগেন্দ্র,হিন্দু
মহেন্দ্র,হিন্দু
নরেন্দ্র,হিন্দু
ধীরেন্দ্র,হিন্দু
বীরেন্দ্র,হিন্দু
সুরেন্দ্র,হিন্দু
বানু,মুসলমান-দুর্বল
জান,মুসলমান-দুর্বল
হেলেনা,মুসলমান-দুর্বল
রাজীব,মুসলমান-দুর্বল
শাহ,মুসলমান-দুর্বল
গনেশ,হিন্দু
শংকর,হিন্দু
বিশ্বনাথ,হিন্দু
নিতাই,হিন্দু
রমেশ,হিন্দু
সুরেশ,হিন্দু
নরেশ,হিন্দু
পরেশ,হিন্দু
সুধীর,হিন্দু
সন্তোষ,হিন্দু
মনোরঞ্জন,হিন্দু
পরিমল,হিন্দু
নির্মল,হিন্দু
শ্যামল,হিন্দু
প্রদীপ,হিন্দু
সুনীল,হিন্দু
অনিল,হিন্দু
বিমল,হিন্দু
মন্টু,হিন্দু
মঙ্গল,হিন্দু
লক্ষন,হিন্দু
ভীম,হিন্দু
মোহন,হিন্দু
প্রসাদ,হিন্দু
রঞ্জন,হিন্দু
চরন,হিন্দু
কাতির্ক,হিন্দু
কার্তিক,হিন্দু
বাদল,হিন্দু
নয়ন,হিন্দু
অঞ্জলী,হিন্দু
অঞ্জলি,হিন্দু
অঞ্জনা,হিন্দু
অনিতা,হিন্দু
সবিতা,হিন্দু
সাবিত্রী,হিন্দু
মালতী,হিন্দু
মালতি,হিন্দু
গীতা,হিন্দু
আরতী,হিন্দু
আরতি,হিন্দু
বাসন্তী,হিন্দু
বাসন্তি,হিন্দু
বিমলা,হিন্দু
ভারতী,হিন্দু
দিপালী,হিন্দু
প্রমিলা,হিন্দু
মিনতি,হিন্দু
নমিতা,হিন্দু
ঝর্না,হিন্দু
সন্ধ্যা,হিন্দু
শ্যামলী,হিন্দু
মনিকা,হিন্দু
পুষ্প,হিন্দু
সুন্দরী,হিন্দু
দুলালী,হিন্দু
কুমারী,হিন্দু
শিখা,হিন্দু
লতা,হিন্দু
নমশূদ্র,হিন্দু
নমশুদ্র,হিন্দু
ক্ষত্রিয়,হিন্দু
ব্রহ্ম,হিন্দু
পন্ডিত,হিন্দু
মালাকর,হিন্দু
শাখারী,হিন্দু
মিস্ত্রি,হিন্দু
কয়াল,হিন্দু
সমাজপতি,হিন্দু
প্রজাপতি,হিন্দু
ডোম,হিন্দু
করাতী,হিন্দু
বারই,হিন্দু
পাড়ৈ,হিন্দু
মিশ্র,হিন্দু
সন্নযাসী,হিন্দু
ঋষী,হিন্দু
হাজারী,হিন্দু
বাকালী,হিন্দু
কেউট,হিন্দু
চক্র,হিন্দু
শাহা,হিন্দু
পাড়ে,হিন্দু
তেলেঙ্গা,আদিবাসী
রাউতিয়া,আদিবাসী
মান্দ্রাজী,আদিবাসী
মাদ্রাজী,আদিবাসী
তুরিয়া,আদিবাসী
পানিকা,আদিবাসী
কুরি,আদিবাসী
কুরী,আদিবাসী
কুইয়া,আদিবাসী
তন্তবাই,আদিবাসী
বাকতী,আদিবাসী
মান্দা,আদিবাসী
রংদী,আদিবাসী
ভাবুক,আদিবাসী
খয়রা,আদিবাসী
গোড়,আদিবাসী
ফুলমনি,আদিবাসী
সিদ্ধা,আদিবাসী
মেরী,খ্রিস্টান
ডায়েস,খ্রিস্টান
বুনাজির,খ্রিস্টান
বোনাজির,খ্রিস্টান
বুনারজী,খ্রিস্টান
লিলি,খ্রিস্টান
রনজিত,হিন্দু
রঞ্জিত,হিন্দু
সুবল,হিন্দু
মহন,হিন্দু
আদিত্য,হিন্দু
দিলীপ,হিন্দু
ধীরেন,হিন্দু
তপন,হিন্দু
অরুন,হিন্দু
অরুণ,হিন্দু
মতিলাল,হিন্দু
মহান্ত,হিন্দু
রুদ্রপাল,হিন্দু
সূর্য,হিন্দু
বিজয়,হিন্দু
কাঞ্চন,হিন্দু
সুশান্ত,হিন্দু
সুব্রত,হিন্দু
দেবাশীষ,হিন্দু
দেবাশিস,হিন্দু
বিশ্বজিৎ,হিন্দু
সুজিত,হিন্দু
অজিত,হিন্দু
উত্তম,হিন্দু
প্রশান্ত,হিন্দু
নিখিল,হিন্দু
বিকাশ,হিন্দু
সঞ্জিত,হিন্দু
বিপ্লব,হিন্দু
পলাশ,হিন্দু
অমল,হিন্দু
নিরোদ,হিন্দু
কালিপদ,হিন্দু
হরিদাস,হিন্দু
যোগেশ,হিন্দু
মহেশ্বর,হিন্দু
দীনেশ,হিন্দু
রাজেন,হিন্দু
নরেন,হিন্দু
সুরেন,হিন্দু
ভবেন,হিন্দু
ক্ষিরোদ,হিন্দু
পরিতোষ,হিন্দু
জয়দেব,হিন্দু
প্রফুল্ল,হিন্দু
বিধান,হিন্দু
বিধু,হিন্দু
নিমাই,হিন্দু
গৌর,হিন্দু
হরেন,হিন্দু
শৈলেন,হিন্দু
যমুনা,হিন্দু
ললিতা,হিন্দু
মল্লিকা,হিন্দু
জয়ন্তী,হিন্দু
কুসুম,হিন্দু
সুচিত্রা,হিন্দু
অর্চনা,হিন্দু
চন্দনা,হিন্দু
প্রতিমা,হিন্দু
কণিকা,হিন্দু
শিপ্রা,হিন্দু
তপতী,হিন্দু
অনিমা,হিন্দু
রেণুকা,হিন্দু
বীণা,হিন্দু
মঞ্জুরানী,হিন্দু
সরলা,হিন্দু
উষা,হিন্দু
পার্বতি,হিন্দু
সাধনা,হিন্দু
করুণা,হিন্দু
মিনতী,হিন্দু
সুলতা,হিন্দু
বনলতা,হিন্দু
কল্যাণী,হিন্দু
জোৎস্না,হিন্দু
শোভা,হিন্দু
মাধুরী,হিন্দু
সুপ্রিয়া,হিন্দু
দীপ্তি,হিন্দু
স্মৃতি,হিন্দু
অপর্ণা,হিন্দু
মৈত্রী,হিন্দু
সুমতি,হিন্দু
বেলা,হিন্দু
পদ,হিন্দু
প্রসন্ন,হিন্দু
বিহারী,হিন্দু
ভূষণ,হিন্দু
মোহান্ত,হিন্দু
ঠাকুরাইন,হিন্দু
তংচঙ্গ্যা,আদিবাসী
তিরকী,আদিবাসী
সিমসাং,আদিবাসী
রাকসাম,আদিবাসী
আরেং,আদিবাসী
মিনজী,আদিবাসী
মাহাত,আদিবাসী
টপ্পয,আদিবাসী
মহলী,আদিবাসী
ম্মোং,আদিবাসী
রিখমুন,আদিবাসী
পিনারু,আদিবাসী
বান,আদিবাসী
অং,আদিবাসী
তং,আদিবাসী
হাং,আদিবাসী
মারিয়া,খ্রিস্টান
গোনছালবেছ,খ্রিস্টান
পিরিচ,খ্রিস্টান
ডি,খ্রিস্টান
রেহেনা,মুসলমান
সুশীল,হিন্দু
পিয়ারা,মুসলমান
রিজিয়া,মুসলমান
শামীম,মুসলমান-দুর্বল
রোকিয়া,মুসলমান
বানেছা,মুসলমান
ফুলবানু,মুসলমান
রেহানা,মুসলমান
আলি,মুসলমান
আকন্দ,মুসলমান-দুর্বল
লতিফ,মুসলমান-দুর্বল
চঁান,মুসলমান-দুর্বল
বারিকদার,হিন্দু
জাহেদা,মুসলমান
কোহিনুর,মুসলমান
মজিরন,মুসলমান-দুর্বল
রমজান,মুসলমান
তহমিনা,মুসলমান
ইয়াছিন,মুসলমান
বাদশা,মুসলমান
পাটোয়ারী,মুসলমান-দুর্বল
মোশারফ,মুসলমান
লতিফা,মুসলমান
জালাল,মুসলমান
মমেনা,মুসলমান
দফাদার,হিন্দু
ছামাদ,মুসলমান
বেবী,মুসলমান-দুর্বল
নাছরিন,মুসলমান
রুবিয়া,মুসলমান
মেহের,মুসলমান
শরিফ,মুসলমান
মিতু,মুসলমান-দুর্বল
জোবেদা,মুসলমান
বারেক,মুসলমান
মায়া,হিন্দু
খালাসী,মুসলমান-দুর্বল
রেবেকা,খ্রিস্টান
লিমা,মুসলমান-দুর্বল
মেরিনা,মুসলমান-দুর্বল
সুঙ,আদিবাসী
জায়েদা,মুসলমান
রাজিব,মুসলমান-দুর্বল
মতিন,মুসলমান-দুর্বল
হাফিজা,মুসলমান
ভুঁইয়া,মুসলমান-দুর্বল
মিন্টু,মুসলমান-দুর্বল
রুমি,মুসলমান-দুর্বল
বাহাদুর,মুসলমান
বাহার,মুসলমান
পপি,মুসলমান-দুর্বল
কাশেম,মুসলমান
বীন,আদিবাসী
পলি,মুসলমান-দুর্বল
আবেদা,মুসলমান
প্যাদা,আদিবাসী
মরজিনা,মুসলমান
জাহেরা,মুসলমান
মামুদ,মুসলমান
রাজ,হিন্দু
মোবারক,মুসলমান
মোজাম্মেল,মুসলমান
মারুফা,মুসলমান
শরিফুল,মুসলমান
মমিন,মুসলমান-দুর্বল
শাজাহান,মুসলমান
দেলোয়ারা,মুসলমান
মির্ধা,মুসলমান-দুর্বল
নংমিন,আদিবাসী
মদিনা,মুসলমান
কদবানু,মুসলমান
লোকমান,মুসলমান
গফুর,মুসলমান
দারিং,আদিবাসী
মারান্ডী,আদিবাসী
জব্বার,মুসলমান
মোরশেদা,মুসলমান
শহিদ,মুসলমান
জামিলা,মুসলমান
মাবিয়া,মুসলমান-দুর্বল
দোষাদ,আদিবাসী
খলিল,মুসলমান
মজনু,মুসলমান
দালবৎ,আদিবাসী
ফুলমালী,আদিবাসী
বড়ূয়া,বড়ুয়া
তুরী,হিন্দু
বেনবংশী,আদিবাসী
বঁাশফোড়,আদিবাসী
দেবশর্মা,হিন্দু
মুস্পি,মুসলমান
লায়েক,মুসলমান-দুর্বল
শাহানারা,মুসলমান
মরমু,হিন্দু
আরিন্দা,আদিবাসী
চোকদার,মুসলমান-দুর্বল
শিল,হিন্দু
মোড়া,আদিবাসী
নুরবানু,মুসলমান
ছৈয়াল,মুসলমান
মিঞ্জ,আদিবাসী
মাখাল,হিন্দু
বাসফর,আদিবাসী
আজিরন,মুসলমান-দুর্বল
লায়লা,মুসলমান
নমসুদ্র,হিন্দু
ধার,হিন্দু
বর্মনী,হিন্দু
মালাহা,আদিবাসী
জোয়াদ্দার,মুসলমান-দুর্বল
ফজলু,মুসলমান
জুলহাস,মুসলমান
জামিরন,মুসলমান
আরজু,মুসলমান-দুর্বল
পতাম,আদিবাসী
গনজু,আদিবাসী
জোয়ার্দ্দার,হিন্দু
ওয়ান,আদিবাসী
মোতালিব,মুসলমান
টপ্প,আদিবাসী
আমিরন,মুসলমান
মাংসাং,আদিবাসী
প্রাং,আদিবাসী
কারিমা,মুসলমান
তাহেরা,মুসলমান
চৌধূরী,হিন্দু
বাচ্চু,মুসলমান
সেতারা,মুসলমান
মুরারী,হিন্দু
শুভকার,হিন্দু
কুদ্দুস,মুসলমান
মাফুজা,মুসলমান
শাবানা,মুসলমান
মালি,হিন্দু
চিন্তাপাত্র,হিন্দু
জয়ঙ্গন,হিন্দু
গয়াসুর,আদিবাসী
বাছিরন,মুসলমান
আজাহার,মুসলমান
হামেদা,মুসলমান
করিমন,মুসলমান
তোফাজ্জল,মুসলমান
রাজবল্লভ,হিন্দু
ঙ্গড়িয়া,হিন্দু
লুৎফা,মুসলমান
রংমা,আদিবাসী
রাও,হিন্দু
রিকমনি,আদিবাসী
হাই,মুসলমান-দুর্বল
জমাদ্দার,মুসলমান-দুর্বল
তঞ্চগ্যা,আদিবাসী
মারডী,আদিবাসী
জহিরুল,মুসলমান
নুরনাহার,মুসলমান
সহিদ,মুসলমান
কাইয়ুম,মুসলমান
বাক্তী,আদিবাসী
রিচিল,আদিবাসী
আঞ্জুয়ারা,মুসলমান-দুর্বল
খুদেজা,মুসলমান
তাসা,আদিবাসী
গেঁাড়,হিন্দু
বারাইক,আদিবাসী
খোরশেদ,মুসলমান
এরশাদ,মুসলমান
খোরশেদা,মুসলমান
সূতার,হিন্দু
আয়নাল,মুসলমান
ফিরুজা,মুসলমান
বনোয়ারী,আদিবাসী
জেলেখা,মুসলমান
হাজদা,আদিবাসী
পাঠান,মুসলমান
নাছির,মুসলমান
মমিনা,মুসলমান
মাহিনুর,মুসলমান
মহসিন,মুসলমান
বঁাশফোর,হিন্দু
পরামানিক,মুসলমান-দুর্বল
মেহেরুন,মুসলমান
জামিনা,মুসলমান
মন্নান,মুসলমান
ইয়ানুর,মুসলমান
জুবেদা,মুসলমান
পাইনকা,আদিবাসী
মুশির্দা,মুসলমান
দাশঙ্গপ্ত,হিন্দু
নবী,মুসলমান
জোলেখা,মুসলমান
কাউছার,মুসলমান
রড্রিক,খ্রিস্টান
হাউই,আদিবাসী
ডিখার,আদিবাসী
আমজাদ,মুসলমান
জহির,মুসলমান
আমিনুর,মুসলমান
আলিম,মুসলমান
বাতেন,মুসলমান-দুর্বল
তিরকি,আদিবাসী
কালেন্দী,হিন্দু
মানছুরা,মুসলমান
আনারুল,মুসলমান
আনোরা,মুসলমান
জয়গন,হিন্দু
আনজু,মুসলমান
পাংখুয়া,আদিবাসী
পাথাং,আদিবাসী
ভট্রাচার্য,হিন্দু
গোলেনুর,মুসলমান-দুর্বল
গ্রেগরী,খ্রিস্টান
হানিফা,মুসলমান
তঞ্চঙ্গা,আদিবাসী
শাওতাল,আদিবাসী
শহীদ,মুসলমান
আমির,মুসলমান
ইলিয়াছ,মুসলমান
আহামদ,মুসলমান
মেথর,হিন্দু
ছালেমা,মুসলমান
সহিদা,মুসলমান
মাছুমা,মুসলমান
বেল্লাল,মুসলমান
নেহার,মুসলমান
হাফেজা,মুসলমান
খতেজা,মুসলমান
দাংগ,আদিবাসী
লস্কার,হিন্দু
জহুরুল,মুসলমান-দুর্বল
জিয়ারুল,মুসলমান
মাহামুদা,মুসলমান
দেশাই,হিন্দু
আইরিন,মুসলমান
পারিয়াল,হিন্দু
থান্দার,হিন্দু
মাহাবুব,মুসলমান
হাসেম,মুসলমান
রুকিয়া,মুসলমান
শরীফা,মুসলমান
ছবুরা,মুসলমান
শারমীন,মুসলমান
গঁড়,আদিবাসী
ভুমিক,হিন্দু
জর্দ্দার,হিন্দু
আলীম,মুসলমান
শফিক,মুসলমান
জোয়ারদার,হিন্দু
হোছাইন,মুসলমান
ফজিলত,মুসলমান
নুনীয়া,আদিবাসী
সাহানী,হিন্দু
নাদিরা,মুসলমান
ফিনি,আদিবাসী
ঘাসি,আদিবাসী
গেঁৗড়,হিন্দু
ফতেমা,মুসলমান
ওয়াসিম,মুসলমান
রাই,হিন্দু
দেউড়ী,আদিবাসী
পঃতাম,আদিবাসী
রাজকুমার,হিন্দু
শাহীনুর,মুসলমান-দুর্বল
ছামিরন,মুসলমান
বারিক,মুসলমান
আলিয়া,মুসলমান
তংচংঙ্গ্যা,আদিবাসী
হাওয়ালদার,হিন্দু
লাক্সমী,হিন্দু
পলং,আদিবাসী
ছফুরা,মুসলমান
তংপের,আদিবাসী
টংপের,আদিবাসী
ঝড়া,আদিবাসী
আছিরন,মুসলমান
আফজাল,মুসলমান
তছিরন,মুসলমান
নাহা,হিন্দু
জাফর,মুসলমান
নাটুয়া,আদিবাসী
রৌশনারা,মুসলমান
শাফিয়া,মুসলমান
মাছুম,মুসলমান
কুন্দা,আদিবাসী
সূএধর,হিন্দু
তংঞ্চঙ্গ্যা,আদিবাসী
ইন্দোয়ার,আদিবাসী
নংরুম,আদিবাসী
রাজবল্লব,হিন্দু
বড়াইক,আদিবাসী
রাউত,আদিবাসী
রব,মুসলমান
মফিজ,মুসলমান
এমরান,মুসলমান
আনুয়ারা,মুসলমান-দুর্বল
বাছেদ,মুসলমান
সাহাজী,হিন্দু
কদ্দুছ,মুসলমান
ন্নেছা,মুসলমান
কুহিনুর,মুসলমান-দুর্বল
দেশওয়ারা,মুসলমান-দুর্বল
তালাং,আদিবাসী
মোল্লযা,মুসলমান
মোফাজ্জল,মুসলমান
হেকিম,মুসলমান
জয়তন,হিন্দু
মারলিয়া,খ্রিস্টান
নিজাম,মুসলমান
কমর্কার,হিন্দু
সন্যাসী,হিন্দু
রহিমন,মুসলমান
শাহেদা,মুসলমান
মকবুল,মুসলমান
জয়,হিন্দু
তারাবানু,মুসলমান
মেহেরজান,মুসলমান
আমিরুল,মুসলমান
ছানোয়ারা,মুসলমান-দুর্বল
বুলবুল,মুসলমান
দিলিপ,হিন্দু
ইউনুছ,মুসলমান
হোছন,মুসলমান
হোসনারা,মুসলমান
সুরবালা,হিন্দু
লামারাই,আদিবাসী
সতনামী,হিন্দু
মূখার্জী,হিন্দু
শাহানুর,মুসলমান
ছানোয়ার,মুসলমান
আনজুয়ারা,মুসলমান-দুর্বল
ফজল,মুসলমান
মজিবুর,মুসলমান-দুর্বল
মেথরানী,হিন্দু
পঃলং,আদিবাসী
আমবিয়া,মুসলমান-দুর্বল
শাহাজাহান,মুসলমান
লিন্ডা,খ্রিস্টান
কাওছার,মুসলমান
আকরাম,মুসলমান
মহারানী,হিন্দু
বিরেন,আদিবাসী
আলাল,মুসলমান
বছিরন,মুসলমান
মেহেরুন্নেছা,মুসলমান
কৃষ্ণা,হিন্দু
ইদ্রিস,মুসলমান
লালবানু,মুসলমান
মনজিলা,মুসলমান
জয়মালা,হিন্দু
আনিছ,মুসলমান
খোশেদা,মুসলমান
শাহাজান,মুসলমান
আনেছা,মুসলমান
হাফিজুল,মুসলমান
শাহজালাল,মুসলমান
মনিজা,মুসলমান
রঞ্জনা,হিন্দু
নাজমিন,মুসলমান
মঞ্জুরা,মুসলমান
লক্ষি,হিন্দু
দিলরুবা,মুসলমান
রুকসানা,মুসলমান
সাকিল,মুসলমান
লামিয়া,মুসলমান-দুর্বল
নুরেজা,মুসলমান-দুর্বল
আফরুজা,মুসলমান
পরমান্য,হিন্দু
সুইপার,হিন্দু
ছমিরন,মুসলমান
হাবিয়া,মুসলমান-দুর্বল
মনজু,মুসলমান
ইয়াকুব,মুসলমান
নাইম,মুসলমান
সাহিনুর,মুসলমান-দুর্বল
নুরনবী,মুসলমান-দুর্বল
খোতেজা,মুসলমান
দেশোয়ারা,মুসলমান-দুর্বল
তেওয়ারী,হিন্দু
ছখিনা,মুসলমান
ভট্ট,হিন্দু
পারবিন,মুসলমান
কাসেম,মুসলমান
ছোবাহান,মুসলমান
কাজুলী,মুসলমান
ধানোয়ার,আদিবাসী
দাস্যা,হিন্দু
নিয়াং,আদিবাসী
আতিওয়ারা,মুসলমান-দুর্বল
নুরু,মুসলমান
খ্যাং,আদিবাসী
মমিরন,মুসলমান
তাংসং,আদিবাসী
মফিজুল,মুসলমান
নিরাঞ্জন,হিন্দু
চক্রবতির,হিন্দু
আবছার,মুসলমান
সেরাজুল,মুসলমান
মাই,আদিবাসী
ভট্টচার্য্য,হিন্দু
আংঙ্গরা,আদিবাসী
সাহানারা,মুসলমান
মঞ্জুয়ারা,মুসলমান
জয়ন্তি,হিন্দু
মায়ারানী,হিন্দু
বলরাম,হিন্দু
জমিরন,মুসলমান
জেংচাম,আদিবাসী
জয়মনি,হিন্দু
কংওয়াং,আদিবাসী
চন্দ্রবান,হিন্দু
ছামিনা,মুসলমান
তংপেয়ার,আদিবাসী
মুখার্জ্জী,হিন্দু
সবুরা,মুসলমান-দুর্বল
হোসনেআরা,মুসলমান
মুশের্দা,মুসলমান
হরিদাসী,হিন্দু
ইউনুস,মুসলমান
রনজিৎ,হিন্দু
মোস্তাকিম,মুসলমান
তঞ্চঁঙ্গ্যা,আদিবাসী
আলেমা,মুসলমান
সুচিয়াং,আদিবাসী
ছলেমান,মুসলমান
ইসরাফিল,মুসলমান
মনজুরা,মুসলমান
আলতাফ,মুসলমান
মাজির্য়া,মুসলমান
সরবানু,মুসলমান
তংঞ্চগ্যা,আদিবাসী
মুৎসুদ্দি,হিন্দু
নমদাস,হিন্দু
একরামুল,মুসলমান
মাহাবুল,মুসলমান
সোলাইমান,মুসলমান
সানোয়ারা,মুসলমান-দুর্বল
মোমিন,মুসলমান
স্বরস্বতী,হিন্দু
গোলবাহার,মুসলমান
শাহাদাত,মুসলমান
মোশেদা,মুসলমান
তারিয়াং,আদিবাসী
সঞ্জয়,হিন্দু
শাবনুর,মুসলমান-দুর্বল
মমিনুর,মুসলমান
মাল্লা,হিন্দু
সুছিয়াং,আদিবাসী
রিংকু,আদিবাসী
আনিছা,মুসলমান
দাসি,হিন্দু
দাশী,হিন্দু
ফুলেশ্বরী,হিন্দু
ওয়াং,আদিবাসী
মালেহা,মুসলমান
নছিমন,মুসলমান
ছামিউল,মুসলমান
পরিবানু,মুসলমান
প্রামান্য,হিন্দু
মাতব্বর,মুসলমান
বিষ্ণু,হিন্দু
গৌরী,হিন্দু
মোক্তার,মুসলমান
দিলোয়ারা,মুসলমান-দুর্বল
পেয়ারা,মুসলমান-দুর্বল
জহিরন,মুসলমান
সমিরন,মুসলমান
নূরবানু,মুসলমান
মহাম্মদ,মুসলমান
ছাবিয়া,মুসলমান-দুর্বল
জয়তুন,হিন্দু
সাইদুর,মুসলমান
সোলেমান,মুসলমান
তাছনুর,মুসলমান-দুর্বল
মহালনবীশ,হিন্দু
উসমান,মুসলমান
মনুয়ারা,মুসলমান-দুর্বল
ফিকেশন,খ্রিস্টান
জাহানুর,মুসলমান
ক্য,আদিবাসী
সাং,আদিবাসী
জয়বানু,মুসলমান
লাকাছিয়াং,আদিবাসী
বিশ্বজিত,হিন্দু
তাং,আদিবাসী
সুদেব,হিন্দু
আখিনুর,মুসলমান-দুর্বল
মাতাব্বর,মুসলমান
কছিরন,মুসলমান
মিছিরন,মুসলমান
নুরভানু,মুসলমান-দুর্বল
দেশুয়ারা,মুসলমান-দুর্বল
আনিছুর,মুসলমান
আলতাব,মুসলমান
স্বরসতি,হিন্দু
মাহাবুর,মুসলমান
দেবরায়,হিন্দু
দিলুয়ারা,মুসলমান-দুর্বল
জয়ফুল,হিন্দু
লিন্ডুয়ার,আদিবাসী
মারছিয়াং,আদিবাসী
রেংসাই,আদিবাসী
রিখিয়াশন,খ্রিস্টান
নিছা,মুসলমান
রিয়াজুল,মুসলমান
শরবানু,মুসলমান
দেবেন,হিন্দু
শ্রীকান্ত,হিন্দু
সোনাবানু,মুসলমান
পরামান্য,হিন্দু
নছিরন,মুসলমান
জুলেকা,মুসলমান
সবুরজান,মুসলমান-দুর্বল
রাহাতুন,মুসলমান
মিনারুল,মুসলমান-দুর্বল
মহিদুল,মুসলমান
তাপসী,হিন্দু
চারুবালা,হিন্দু
মংলী,আদিবাসী
রবীন্দ্র,হিন্দু
খিং,আদিবাসী
ছিং,আদিবাসী
দেববর্মন,হিন্দু
সূর্যবানু,মুসলমান
শ্বরী,হিন্দু
দেবশর্ম্মা,হিন্দু
ইন্দয়ার,আদিবাসী
জাহান্নারা,মুসলমান
মনোয়ার,মুসলমান
শহরবানু,মুসলমান
হাসনেয়ারা,মুসলমান-দুর্বল
খায়রুন,মুসলমান
মহিতুন,মুসলমান
ছবুর,মুসলমান-দুর্বল
রিকাসন,খ্রিস্টান
জয়ন্ত,হিন্দু
জিন্নাতুন,মুসলমান
মানুয়ারা,মুসলমান-দুর্বল
সাজাহান,মুসলমান
নুরুল,মুসলমান
জয়নাব,মুসলমান
লুৎফুন্নেছা,মুসলমান
সনজিত,হিন্দু
ফুলবালা,হিন্দু
তাপস,হিন্দু
রেনুয়ারা,মুসলমান-দুর্বল
ইসমাঈল,মুসলমান
দাশঙ্গপ্তা,হিন্দু
সাবিয়া,মুসলমান-দুর্বল
আশেদা,মুসলমান
আংঙ্গরী,আদিবাসী
ইয়াছনুর,মুসলমান-দুর্বল
সুটঙা,আদিবাসী
রাজগৌড়,হিন্দু
জোসনারা,মুসলমান
আব্বাছ,মুসলমান
আচার্যী,হিন্দু
তরুবালা,হিন্দু
রুপবানু,মুসলমান
খোশনাহার,মুসলমান
ছবিয়া,মুসলমান-দুর্বল
মহিন্দ্র,হিন্দু
লংড,আদিবাসী
নিয়ালাং,আদিবাসী
দূর্গা,হিন্দু
হুসনেয়ারা,মুসলমান-দুর্বল
খাইরুন্নেছা,মুসলমান
তহিদুল,মুসলমান
আলতা,মুসলমান
মোনোয়ারা,মুসলমান-দুর্বল
মাসাং,আদিবাসী
আবিয়া,মুসলমান
লনচেও,আদিবাসী
মাইনুর,মুসলমান-দুর্বল
কহিনূর,মুসলমান
রবিন্দ্র,হিন্দু
ধনেশ্বর,হিন্দু
মংগল,আদিবাসী
স্বরেন,হিন্দু
খংষ্টিয়া,আদিবাসী
ঘাটোয়ার,আদিবাসী
স্বর,হিন্দু
জামিরুল,মুসলমান-দুর্বল
আহামেদ,মুসলমান
নিহার,মুসলমান
রুনিয়া,খ্রিস্টান
আবিরন,মুসলমান
অজয়,হিন্দু
দেব্যা,হিন্দু
অজবালা,হিন্দু
চক্রর্বতী,হিন্দু
মিরাজুল,মুসলমান
আবজাল,মুসলমান
নুরুজ্জাহান,মুসলমান
ফ্রু,আদিবাসী
মিয়াজী,মুসলমান-দুর্বল
সারবানু,মুসলমান
রিয়াং,আদিবাসী
চানবানু,মুসলমান
ফিলিপ,খ্রিস্টান
সরবালা,হিন্দু
রংখেং,আদিবাসী
ফুলশ্বরী,হিন্দু
মাজেদ,মুসলমান
মছিরন,মুসলমান
সাজেদুল,মুসলমান-দুর্বল
জয়া,হিন্দু
হামিদুর,মুসলমান
জিয়াউল,মুসলমান-দুর্বল
মনিন্দ্র,হিন্দু
জাহেনারা,মুসলমান
নুরী,মুসলমান
ক্রাউলী,খ্রিস্টান
লালমিয়া,মুসলমান-দুর্বল
রামদাস,হিন্দু
বিরেন্দ্র,হিন্দু
প্রিয়বালা,হিন্দু
সুরজাহান,মুসলমান
রূপবানু,মুসলমান
শ্রীনু,হিন্দু
আজোবালা,হিন্দু
রূহিদাস,হিন্দু
মুরশেদা,মুসলমান
মাজহারুল,মুসলমান-দুর্বল
রিকাশন,খ্রিস্টান
ধনঞ্জয়,হিন্দু
মায়ানুর,মুসলমান-দুর্বল
গোলবানু,মুসলমান
নিরবালা,হিন্দু
নুরানী,হিন্দু
সুবালা,হিন্দু
ধনেশ্বরী,হিন্দু
নিরোবালা,হিন্দু
ছকিমন,মুসলমান
লাংছিয়াং,আদিবাসী
ইয়ংনে,আদিবাসী
রাজেন্দ্র,হিন্দু
ফ্রাস্পিস,খ্রিস্টান
খতুন,মুসলমান
মুনুয়ারা,মুসলমান-দুর্বল
জাকিরুল,মুসলমান-দুর্বল
ছামিয়া,মুসলমান-দুর্বল
মিশন,খ্রিস্টান
ছাইদুর,মুসলমান
জয়তারা,হিন্দু
আকিমন,মুসলমান
আকতারুল,মুসলমান-দুর্বল
সামিউল,মুসলমান-দুর্বল
রাখাইং,আদিবাসী
মনরঞ্জন,হিন্দু
ছেনোয়ারা,মুসলমান-দুর্বল
নূরনাহার,মুসলমান
করিমুন,মুসলমান
মাইদুল,মুসলমান
তংচঙ্গঁ্যা,আদিবাসী
আবজান,মুসলমান
দেবত্রাতা,হিন্দু
দরানী,হিন্দু
মংলি,আদিবাসী
রুহিদাশ,হিন্দু
সাজেনুর,মুসলমান-দুর্বল
মিনুয়ারা,মুসলমান-দুর্বল
ইরানী,হিন্দু
প্রিয়াংকা,আদিবাসী
মাজেদুল,মুসলমান
গোলনাহার,মুসলমান
সনজিতা,হিন্দু
ইন্দ্র,হিন্দু
আবেজান,মুসলমান
দেবদাস,হিন্দু
নুরুন্নেছা,মুসলমান
ফজিলাতুন্নেছা,মুসলমান
মংলা,আদিবাসী
ফয়জুন্নেছা,মুসলমান
থোয়াই,আদিবাসী
তঞ্চগঁ্যা,আদিবাসী
ফারুল,মুসলমান-দুর্বল
রোশনারা,মুসলমান
ত্রিপুরানী,হিন্দু
নুরেছা,মুসলমান-দুর্বল
জলেশ্বরী,হিন্দু
সন,খ্রিস্টান
নানোয়ার,আদিবাসী
হাকিমা,মুসলমান
আরশেদ,মুসলমান
সাহানুর,মুসলমান-দুর্বল
সন্নাসী,হিন্দু
শোভারানী,হিন্দু
তাজেনুর,মুসলমান-দুর্বল
শান্তিবালা,হিন্দু
জয়মুনি,হিন্দু
লংডকিরি,আদিবাসী
শাহাবানু,মুসলমান
শারবানু,মুসলমান
আক্তারুল,মুসলমান-দুর্বল
নেছারন,মুসলমান
খাইরুন,মুসলমান
সুশীলা,হিন্দু
নুরুন্নবী,মুসলমান
বনিক্য,আদিবাসী
নূরী,মুসলমান
জাহানা,মুসলমান
খুশেদা,মুসলমান
শারজাহান,মুসলমান
ফাইজুল,মুসলমান
আবুবকর,মুসলমান
বাহারী,মুসলমান
ছবুরন,মুসলমান-দুর্বল
মোকছেদুল,মুসলমান
শাহেনুর,মুসলমান-দুর্বল
আইজুল,মুসলমান
মাতুয়ারা,মুসলমান-দুর্বল
লং,আদিবাসী
কালিন্দ্রী,হিন্দু
খংব,আদিবাসী
খংজ,আদিবাসী
মৎসদাস,হিন্দু
খংক্লিয়াম,আদিবাসী
সানোয়ার,মুসলমান
বুরহান,মুসলমান-দুর্বল
আমিরুন্নেছা,মুসলমান
ওবাইদুল,মুসলমান
রসবালা,হিন্দু
নুরুনাহার,মুসলমান
ঙ্গলনাহার,মুসলমান
করিমুন্নেছা,মুসলমান
এরশাদুল,মুসলমান-দুর্বল
মনজুয়ারা,মুসলমান-দুর্বল
নুং,আদিবাসী
শুক্লদাশ,হিন্দু
ইছাহাক,মুসলমান
শীলা,হিন্দু
দুর্জয়,হিন্দু
শাহিনূর,মুসলমান
ইসহাক,মুসলমান
রাজবানু,মুসলমান
হোসনাহার,মুসলমান
আতাবুর,মুসলমান-দুর্বল
বাহারজান,মুসলমান
নারায়নী,হিন্দু
নূরনবী,মুসলমান
জাইদুল,মুসলমান
চেনবানু,মুসলমান
কেরানী,হিন্দু
হেমবালা,হিন্দু
মংলু,আদিবাসী
আবদাল,মুসলমান
মান্দ্রাজি,হিন্দু
খংকাই,আদিবাসী
টাংসং,আদিবাসী
মুঞ্জুয়ারা,মুসলমান-দুর্বল
ইয়ারুল,মুসলমান-দুর্বল
জয়তুন্নেছা,মুসলমান
ওহিদুল,মুসলমান
স্বরবালা,হিন্দু
কালিদাস,হিন্দু
গৌরি,হিন্দু
সামিরন,মুসলমান
ইন্দ্রজিৎ,হিন্দু
রহিমোন,মুসলমান
ভোলানাথ,হিন্দু
সিতা,হিন্দু
জয়মন,হিন্দু
জেবুন্নেছা,মুসলমান
লামং,আদিবাসী
আফজল,মুসলমান
মংমং,আদিবাসী
কোহিনূর,মুসলমান
চিওরঞ্জন,হিন্দু
গিরিবালা,হিন্দু
রিচার্ডসন,আদিবাসী
নেলসন,খ্রিস্টান
হরেন্দ্র,হিন্দু
নুরজামাল,মুসলমান-দুর্বল
খুরশেদ,মুসলমান
হুসনারা,মুসলমান
নবিয়া,মুসলমান-দুর্বল
তাইজুল,মুসলমান
রংবানু,মুসলমান
ইসাহাক,মুসলমান
মংচান,আদিবাসী
জামিনুর,মুসলমান-দুর্বল
মহেশ্বরী,হিন্দু
নেহারুন,মুসলমান
ছামিদুল,মুসলমান-দুর্বল
ধনবালা,হিন্দু
রঘুনাথ,হিন্দু
দেবারু,হিন্দু
রুবিনাথ,হিন্দু
ইয়াংনিয়াং,আদিবাসী
খংস্তিয়া,আদিবাসী
খংন,আদিবাসী
ছিয়াং,আদিবাসী
লিটিং,আদিবাসী
তাংসাং,আদিবাসী
নাইয়াং,আদিবাসী
পাপাং,আদিবাসী
সিংহা,হিন্দু
নুরুননাহার,মুসলমান
রাধারানী,হিন্দু
রিজাউল,মুসলমান-দুর্বল
বাহারন,মুসলমান
ইমদাদুল,মুসলমান-দুর্বল
ফুলমিয়া,মুসলমান-দুর্বল
ক্যাডেট,আদিবাসী
সামনুর,মুসলমান-দুর্বল
খায়রুন্নেছা,মুসলমান
আবচার,মুসলমান
সনজয়,হিন্দু
আক্য,আদিবাসী
দেবদাশ,হিন্দু
কামরুন্নেছা,মুসলমান
জয়ফল,হিন্দু
তংচঙ্গা,আদিবাসী
তনচংগা,আদিবাসী
মনিবালা,হিন্দু
মনোবালা,হিন্দু
নূরু,মুসলমান
কাশিনাথ,হিন্দু
খুশনাহার,মুসলমান
রাজবাহার,মুসলমান
খুরশেদা,মুসলমান
সুরবানু,মুসলমান
আলফাতুন,মুসলমান
আংঙ্গর,আদিবাসী
জিতেন্দ্র,হিন্দু
ইয়াংয়ুং,আদিবাসী
ফুয়ারা,মুসলমান-দুর্বল
পরীবানু,মুসলমান
দেবেন্দ্র,হিন্দু
হাওয়ানুর,মুসলমান-দুর্বল
মুনিদাস,হিন্দু
নাছিরন,মুসলমান
ফজিলাতুন,মুসলমান
রবীন্দ্রনাথ,হিন্দু
পান্দ্রা,হিন্দু
রবিনাথ,হিন্দু
জলশ্বরী,হিন্দু
সন্তেষ,হিন্দু
ননীবালা,হিন্দু
ফুলোবালা,হিন্দু
ফুলোশ্বরী,হিন্দু
য়ংনে,আদিবাসী
রোহিদাস,হিন্দু
খংয়ং,আদিবাসী
নাহাক,আদিবাসী
মেহেরুননেছা,মুসলমান
লিংকন,খ্রিস্টান
সাহিদুল,মুসলমান
সহদেব,হিন্দু
জিনারুল,মুসলমান-দুর্বল
রওশনয়ারা,মুসলমান-দুর্বল
নিছারন,মুসলমান
ছানুয়ারা,মুসলমান-দুর্বল
আলীনুর,মুসলমান-দুর্বল
পিকেশন,খ্রিস্টান
আশিষ,হিন্দু
জাহিরুল,মুসলমান-দুর্বল
পিটার,খ্রিস্টান
চট্রোপাধ্যায়,হিন্দু
বন্দোপাধ্যায়,হিন্দু
এবাদুল,মুসলমান-দুর্বল
মংপ্রু,আদিবাসী
রৌশন,হিন্দু
বুমং,আদিবাসী
সুদর্শন,হিন্দু
রেনুবালা,হিন্দু
রবিয়া,মুসলমান-দুর্বল
নাইমা,মুসলমান
মিনোয়ারা,মুসলমান-দুর্বল
ইন্দ্রজিত,হিন্দু
মারজাহান,মুসলমান
ঙ্গলবাহার,মুসলমান
রিকেশন,খ্রিস্টান
নুরজান,মুসলমান-দুর্বল
তংঞ্চঙ্গঁ্যা,আদিবাসী
নেছার,মুসলমান
আজহারুল,মুসলমান-দুর্বল
আজাহারুল,মুসলমান-দুর্বল
নেহারা,মুসলমান
শ্রীবাস,হিন্দু
রিংকি,আদিবাসী
সুর্যবানু,মুসলমান
সোনামিয়া,মুসলমান-দুর্বল
জয়ধার,হিন্দু
ফজলুল,মুসলমান
হাসিনুর,মুসলমান-দুর্বল
নুরমোহাম্মদ,মুসলমান
নূরেজা,মুসলমান
করিমা,মুসলমান
সন্ধ্যারানী,হিন্দু
আলতাফুর,মুসলমান
রেংচেং,আদিবাসী
নাসিরুল,মুসলমান-দুর্বল
স্বরী,হিন্দু
রমনাথ,হিন্দু
মুনিরুল,মুসলমান-দুর্বল
মতিবালা,হিন্দু
আব্দাল,মুসলমান
বেরেন্দ্র,হিন্দু
শিবনাথ,হিন্দু
লমুরং,আদিবাসী
বুর্নাজী,হিন্দু
লাংষ্টাং,আদিবাসী
লাংবাং,আদিবাসী
পকেনতেং,আদিবাসী
মাস্যদাস,হিন্দু
দেব্বর্মা,হিন্দু
সবুরন,মুসলমান-দুর্বল
ঙ্গরুদাসী,হিন্দু
প্রসেনজিত,হিন্দু
আকিদুল,মুসলমান-দুর্বল
সামসুনাহার,মুসলমান
বদরুন্নেছা,মুসলমান
হোসন,মুসলমান
উক্যচিং,আদিবাসী
আফ্রু,আদিবাসী
আনুং,আদিবাসী
মংক্যউ,আদিবাসী
ম্মামং,আদিবাসী
থোইং,আদিবাসী
মেঘনাথ,হিন্দু
মাচিং,আদিবাসী
হরবালা,হিন্দু
চক্রর্বওী,হিন্দু
তংচংগা,আদিবাসী
শুক্লদাস,হিন্দু
স্যাম্পসন,খ্রিস্টান
যতীন্দ্র,হিন্দু
চক্রবিওর,হিন্দু
শুশীল,হিন্দু
সনজা,আদিবাসী
পঞ্চবালা,হিন্দু
ভাগ্যবতী,হিন্দু
বাবুরাম,হিন্দু
অঞ্জুলী,মুসলমান
সেনঙ্গপ্তা,হিন্দু
ডিক্রুজ,খ্রিস্টান
রওশনআরা,মুসলমান
চন্দ্রশীল,হিন্দু
আরাধন,মুসলমান
মুরুনী,খ্রিস্টান
মুল্লিক,হিন্দু
গবিন্দ্র,হিন্দু
কুলবানু,মুসলমান
বদরুল,মুসলমান-দুর্বল
মুশেদা,মুসলমান
দেলুয়ারা,মুসলমান-দুর্বল
শাহারুল,মুসলমান-দুর্বল
মরং,আদিবাসী
শাহনুর,মুসলমান-দুর্বল
আমীর,মুসলমান
রসনারা,মুসলমান
মঞ্জুরুল,মুসলমান-দুর্বল
দুলন,আদিবাসী
মোজাফর,মুসলমান
নেছাতন,মুসলমান
সবুরী,মুসলমান-দুর্বল
জয়চান,হিন্দু
ফুলবাহার,মুসলমান
নুরেদা,মুসলমান-দুর্বল
জহরুল,মুসলমান-দুর্বল
অনবালা,হিন্দু
দেলওয়ারা,মুসলমান-দুর্বল
আলাতুন,মুসলমান
সহিতুন,মুসলমান
আবেদালী,মুসলমান
সুরুবালা,হিন্দু
ননিবালা,হিন্দু
শরবালা,হিন্দু
দবিরুল,মুসলমান-দুর্বল
সইদুল,মুসলমান
পানশ্বরী,হিন্দু
আজবালা,হিন্দু
বুলোবালা,হিন্দু
আনিছার,মুসলমান
নিমশ্বরী,হিন্দু
কান্তেশ্বর,হিন্দু
ধীরেন্দ্রনাথ,হিন্দু
বিশনাথ,হিন্দু
আমেশ্বরী,হিন্দু
রামিয়া,মুসলমান-দুর্বল
লামুরং,আদিবাসী
খংথরেম,আদিবাসী
সুটঙ্গা,আদিবাসী
খংস্টিয়া,আদিবাসী
গৌড়ঁ,হিন্দু
ইয়ং,আদিবাসী
জয়দার,হিন্দু
বসুদেব,হিন্দু
পলিয়ারা,মুসলমান-দুর্বল
আশানুর,মুসলমান-দুর্বল
সাহাদুল,মুসলমান-দুর্বল
কামরুনাহার,মুসলমান
তন্দ্রা,হিন্দু
মেরাজুল,মুসলমান
বৈরাগ্য,হিন্দু
অনাথ,হিন্দু
তাজুল,মুসলমান
আলতাপ,মুসলমান
চক্রবতি,হিন্দু
আজিত,হিন্দু
ফুলনেছা,মুসলমান
নূরুল,মুসলমান
গীতারানী,হিন্দু
গৌরঙ্গ,হিন্দু
পিউরিপিকেশন,খ্রিস্টান
রিয়াদুল,মুসলমান-দুর্বল
তাহাজুল,মুসলমান
এসেনশন,খ্রিস্টান
মহিনুর,মুসলমান-দুর্বল
মিনিয়ারা,মুসলমান-দুর্বল
লক্ষীরানী,হিন্দু
শুশীলা,হিন্দু
শাহীনূর,মুসলমান
হায়াতুন,মুসলমান
স্বরশতী,হিন্দু
মংছেন,আদিবাসী
মংওয়েন,আদিবাসী
ফ্রুমে,আদিবাসী
মাখিং,আদিবাসী
মংম্মা,আদিবাসী
মাক্যচিং,আদিবাসী
প্রুমা,আদিবাসী
ছেনুয়ারা,মুসলমান-দুর্বল
নুরমালা,মুসলমান-দুর্বল
তাপসি,হিন্দু
গোলজাহান,মুসলমান
তাম্বিয়া,মুসলমান-দুর্বল
দাসঙ্গপ্ত,হিন্দু
জনসন,খ্রিস্টান
রামেশ্বর,হিন্দু
চক্রবরওী,হিন্দু
ফুলস্বরী,হিন্দু
আবদীন,মুসলমান
সামছুনাহার,মুসলমান
তহশীলদার,হিন্দু
দীনা,মুসলমান
সামছুন্নেহার,মুসলমান
হোসেনা,মুসলমান
ইসমাহিল,মুসলমান
এশাবানু,মুসলমান
ঙ্গলজাহান,মুসলমান
রাজবালা,হিন্দু
রবীদাশ,হিন্দু
জব্বর,মুসলমান
রোবিয়া,মুসলমান-দুর্বল
জয়না,হিন্দু
রৌসনারা,মুসলমান
মতুব্বর,মুসলমান
মনিদাশ,হিন্দু
জাহানার,মুসলমান
আগাসন,খ্রিস্টান
ক্রোস,আদিবাসী
খেমং,আদিবাসী
সুবিয়া,মুসলমান-দুর্বল
মতিয়ারা,মুসলমান-দুর্বল
রুমিয়া,মুসলমান-দুর্বল
মাহেনুর,মুসলমান-দুর্বল
চানবুরু,মুসলমান-দুর্বল
তাছিরন,মুসলমান
ধনোয়ার,আদিবাসী
স্বর্ন,হিন্দু
সন্তোস,খ্রিস্টান
ছাবেতুন,মুসলমান
খোসনারা,মুসলমান
রংবালা,হিন্দু
ছায়েদুল,মুসলমান-দুর্বল
দিপংকর,হিন্দু
জগনাথ,হিন্দু
সাহেনুর,মুসলমান-দুর্বল
আংকুরা,আদিবাসী
সিতারাম,হিন্দু
বানেশ্বর,হিন্দু
অনিবালা,হিন্দু
সুরোবালা,হিন্দু
আলতাফুন,মুসলমান
শরোবালা,হিন্দু
সরুবালা,হিন্দু
দেবারী,হিন্দু
আমেশ্বর,হিন্দু
সরোবালা,হিন্দু
বৈদ্যনাথ,হিন্দু
স্বরদিনী,হিন্দু
জিকরুল,মুসলমান-দুর্বল
সমবালা,হিন্দু
হরিদাশ,হিন্দু
ক্যারকাটা,আদিবাসী
মেহেরুল,মুসলমান-দুর্বল
রামেশ্বরী,হিন্দু
মনিন্দ্রনাথ,হিন্দু
মানিরুল,মুসলমান-দুর্বল
জয়চঁান,হিন্দু
লবানু,মুসলমান
সুচেন,আদিবাসী
সানুয়ারা,মুসলমান-দুর্বল
সুদেবী,হিন্দু
পকেনটেং,আদিবাসী
লংডো,আদিবাসী
মান্দ্রার্জী,হিন্দু
তেংরা,আদিবাসী
দেশয়ারা,মুসলমান-দুর্বল
খংপডা,আদিবাসী
বরকোন্দাজ,হিন্দু
শ্রীদাম,হিন্দু
মইদুল,মুসলমান
হাচেন,আদিবাসী
ইকরামুল,মুসলমান
আছাদুল,মুসলমান-দুর্বল
মেহেদুল,মুসলমান-দুর্বল
মুল্লা,মুসলমান
জামসেদ,মুসলমান
আতাউল,মুসলমান-দুর্বল
রফিকুন্নেছা,মুসলমান
ভঞ্জন,হিন্দু
সোনাহার,মুসলমান
রওসনারা,মুসলমান
মুঞ্জুরুল,মুসলমান-দুর্বল
সুধারানী,হিন্দু
ওবায়দুর,মুসলমান
মানোয়ার,মুসলমান
সামসুননাহার,মুসলমান
উষারানী,হিন্দু
নূরুন্নেছা,মুসলমান
ইয়াদুল,মুসলমান-দুর্বল
খাদেমুল,মুসলমান
মেহেরুন্নেসা,মুসলমান
রাজোবালা,হিন্দু
রুইদাস,হিন্দু
আব্রাহাম,খ্রিস্টান
কালিদাসী,হিন্দু
সাহারুল,মুসলমান-দুর্বল
শহীদা,মুসলমান
হাসানুর,মুসলমান
হারানী,হিন্দু
চার্য্য,হিন্দু
চক্রবত্রী,হিন্দু
উমেচিং,আদিবাসী
আপ্রু,আদিবাসী
আখিং,আদিবাসী
খিংছেন,আদিবাসী
নাইং,আদিবাসী
মেসাং,আদিবাসী
মংক্যছিং,আদিবাসী
অংক্যছেন,আদিবাসী
অংক্য,আদিবাসী
চেন,আদিবাসী
অংচিং,আদিবাসী
মাছিং,আদিবাসী
উখিং,আদিবাসী
তঞ্চগা,আদিবাসী
মংক্য,আদিবাসী
লোকনাথ,হিন্দু
আবুমা,মুসলমান
এমারুল,মুসলমান-দুর্বল
নুরুজ্জামাল,মুসলমান
তাজনেহার,মুসলমান
হোছনেয়ারা,মুসলমান-দুর্বল
শামসুননাহার,মুসলমান
হাসনুর,মুসলমান-দুর্বল
আংকুর,আদিবাসী
সূর্য্যবানু,মুসলমান
আশ্চার্য,হিন্দু
পাতাং,আদিবাসী
সৈয়দুন্নেছা,মুসলমান
বেগমা,মুসলমান
রহিমুন্নেছা,মুসলমান
অঞ্জন,হিন্দু
সনজিৎ,হিন্দু
সুদার্শন,হিন্দু
ভট্টরাচার্য্য,হিন্দু
মুৎসদ্দী,হিন্দু
তনচংঙ্গ্যা,আদিবাসী
জামশেদ,মুসলমান
আয়াতুন্নেছা,মুসলমান
রুবিদাস,হিন্দু
নূরুন্নবী,মুসলমান
রোসনারা,মুসলমান
ফখরুল,মুসলমান-দুর্বল
তংচংগঁ্যা,আদিবাসী
ফূলবানু,মুসলমান
তংঞ্চঁ্যা,আদিবাসী
গৌড়ী,হিন্দু
রোশেদা,মুসলমান
আজিজুন্নেছা,মুসলমান
মনেছা,মুসলমান
মাহাবুবা,মুসলমান
ঙ্গলবানু,মুসলমান
তবিয়া,মুসলমান-দুর্বল
জতিন্দ্র,হিন্দু
ফকরুল,মুসলমান-দুর্বল
জুলমত,মুসলমান
ফুলজাহান,মুসলমান
সামিদুল,মুসলমান-দুর্বল
বাহারুল,মুসলমান
খগেন্দ্র,হিন্দু
হাবিজুল,মুসলমান
হাবুল্লা,মুসলমান
মাহবুর,মুসলমান-দুর্বল
ছহিতুন,মুসলমান
আনোয়ারুল,মুসলমান
চন্দ্রবানু,হিন্দু
ইন্দ্রা,হিন্দু
সন্ধারানী,হিন্দু
একাব্বর,মুসলমান
নূরভানু,মুসলমান
বুদ্ধিনাথ,হিন্দু
রংবাহার,মুসলমান
মংলাওয়েন,আদিবাসী
কিংহাম,আদিবাসী
রাজুবালা,হিন্দু
রাজেশ্বরী,হিন্দু
মধুবালা,হিন্দু
রহিমুন,মুসলমান
শ্রীনাথ,হিন্দু
ফজুল,মুসলমান
বিলাতুন,মুসলমান
মনয়ারা,মুসলমান-দুর্বল
দুর্গী,হিন্দু
মিল্লাত,মুসলমান
গৌড়া,হিন্দু
ছরবানু,মুসলমান
সহিদুর,মুসলমান
আলোরানী,হিন্দু
এনদাদুল,মুসলমান-দুর্বল
স্বরেস্বতী,হিন্দু
শুরবালা,হিন্দু
ঘরানী,হিন্দু
ফুলরানী,হিন্দু
নুরল,মুসলমান-দুর্বল
বিনোদীনি,হিন্দু
বানেশ্বরী,হিন্দু
জিতেন্দ্রনাথ,হিন্দু
রমানাথ,হিন্দু
মুক্তারুল,মুসলমান-দুর্বল
দিনশ্বরী,হিন্দু
রজবালা,হিন্দু
খগেশ্বর,হিন্দু
মনশ্বরী,হিন্দু
চানবালা,হিন্দু
শুনিবালা,হিন্দু
আজিনুর,মুসলমান-দুর্বল
জয়নুল,হিন্দু
চকোবালা,হিন্দু
তফিজুল,মুসলমান
জগিন্দ্র,হিন্দু
জগেন্দ্র,হিন্দু
সনিবালা,হিন্দু
হিসাবিয়া,আদিবাসী
রাহেদুল,মুসলমান-দুর্বল
বালাদিনী,হিন্দু
বিষেশ্বর,হিন্দু
অংমনি,আদিবাসী
হীতেন্দ্রনাথ,হিন্দু
ব্রজবালা,হিন্দু
আলেপনুর,মুসলমান-দুর্বল
সরিনাথ,হিন্দু
ফুরতুন,মুসলমান
মাছির্য়াং,আদিবাসী
টারিয়াং,আদিবাসী
তংপিয়ার,আদিবাসী
টংপেয়ার,আদিবাসী
দেসুয়ারা,মুসলমান-দুর্বল
টাংসাং,আদিবাসী
জয়তেরা,হিন্দু
জিৎ,হিন্দু
বুলুয়ারা,মুসলমান-দুর্বল
আলতাফন,মুসলমান
ডলিয়ারা,মুসলমান-দুর্বল
সাবদুল,মুসলমান-দুর্বল
ইয়াজুল,মুসলমান
চন্দ্রনা,হিন্দু
সিদ্দীক,মুসলমান
জাম্বিয়া,মুসলমান-দুর্বল
ছাবদুল,মুসলমান-দুর্বল
ইজাজুল,মুসলমান
গৌরব,হিন্দু
রানুয়ারা,মুসলমান-দুর্বল
চন্দ্রা,হিন্দু
নতুন,মুসলমান
মিলিয়ারা,মুসলমান-দুর্বল
জমিরুল,মুসলমান-দুর্বল
শ্বরশতী,হিন্দু
ন্নেসা,মুসলমান
লিপিয়ারা,মুসলমান-দুর্বল
স্বরভানু,হিন্দু
হামিরন,মুসলমান
টেংরা,আদিবাসী
স্বরস্বতি,হিন্দু
হোসেনেয়ারা,মুসলমান
ক্রোশ,আদিবাসী
সিংগাদার,হিন্দু
কাছিরন,মুসলমান
সহরবানু,মুসলমান
আনুবালা,হিন্দু
স্বরশ্বতী,হিন্দু
বিজয়া,হিন্দু
দুলমনি,হিন্দু
আজারুল,মুসলমান-দুর্বল
হাকিমন,মুসলমান
উসাং,আদিবাসী
ফ্রুমা,আদিবাসী
চেনমে,আদিবাসী
মংয়াইন,আদিবাসী
মংবাছেন,আদিবাসী
হলামং,আদিবাসী
মংরী,আদিবাসী
মংফ্রু,আদিবাসী
ক্যওয়ান,আদিবাসী
মাপ্রু,আদিবাসী
মংগলী,আদিবাসী
মংবাছিং,আদিবাসী
অংমেচিং,আদিবাসী
উছিং,আদিবাসী
ক্যক্য,আদিবাসী
মেমং,আদিবাসী
অংক্যছিং,আদিবাসী
মাখিংনু,আদিবাসী
আছিং,আদিবাসী
উম্মাছিং,আদিবাসী
মংমে,আদিবাসী
মেচিং,আদিবাসী
এক্য,আদিবাসী
শচীন্দ্র,হিন্দু
কমিরন,মুসলমান
সানমং,আদিবাসী
ম্মাক্য,আদিবাসী
ক্যছেন,আদিবাসী
প্রুমে,আদিবাসী
মাক্যউ,আদিবাসী
মংক্যছেন,আদিবাসী
ঋষিদাশ,হিন্দু
ম্মামাচিং,আদিবাসী
খোশনেহার,মুসলমান
মিয়াজি,মুসলমান-দুর্বল
জুলুসা,মুসলমান
হোসনেহারা,মুসলমান
কামরুননাহার,মুসলমান
ঋষিদাস,হিন্দু
মায়েনুর,মুসলমান-দুর্বল
গজেন্দ্র,হিন্দু
ভট্টচার্য,হিন্দু
বিয়াধন,হিন্দু
শ্রীপদ,হিন্দু
মিদুল,হিন্দু
আফলাতুন,মুসলমান
চক্রবরতী,হিন্দু
রবিচন্দ্র,হিন্দু
সন্তুষ,হিন্দু
ভাগ্য,হিন্দু
ইউসুপ,মুসলমান
আশ্চার্য্য,হিন্দু
মনিরানী,হিন্দু
সুকদেব,হিন্দু
রবার্টসেন,খ্রিস্টান
তমিরন,মুসলমান
রঙ্গনাথ,হিন্দু
রুমেন্নেছা,মুসলমান
নুরেন্নেছা,মুসলমান
জয়লাল,হিন্দু
জয়রাম,হিন্দু
হেসেন,মুসলমান
জীবননেছা,মুসলমান
খায়রুননেছা,মুসলমান
রোশন,মুসলমান
সাবনুর,মুসলমান-দুর্বল
তংচঙ্গঁা,আদিবাসী
উম্মাচিং,আদিবাসী
মাম্যাচিং,আদিবাসী
তঞ্চংগ্যা,আদিবাসী
তনচংগঁ্যা,আদিবাসী
সাদেকা,মুসলমান
এসনাহার,মুসলমান
নূরেছা,মুসলমান
রহমতুল্লা,মুসলমান
তারামিয়া,মুসলমান-দুর্বল
জয়ঙ্গন্নেছা,মুসলমান
কুদবানু,মুসলমান
ইছহাক,মুসলমান
মোহসেনা,মুসলমান
চঁানবানু,মুসলমান
মেছিরন,মুসলমান
মিতানুর,মুসলমান-দুর্বল
গোলনেহার,মুসলমান
তাজিনুর,মুসলমান-দুর্বল
জায়দুল,মুসলমান-দুর্বল
এবাদুল্লা,মুসলমান
ফয়জুল,মুসলমান
আশরাফুন্নেছা,মুসলমান
মহিদুর,মুসলমান
মিনহাজুল,মুসলমান
সন্তোশ,হিন্দু
চন্দ্রভানু,হিন্দু
পিটারসন,খ্রিস্টান
শাহিতুন,মুসলমান
আজবানু,মুসলমান
বদিনাথ,হিন্দু
নন্দরানী,হিন্দু
জয়ভানু,হিন্দু
মেহেনুর,মুসলমান-দুর্বল
ছুবিয়া,মুসলমান-দুর্বল
নুরতাজ,মুসলমান-দুর্বল
মুনজুয়ারা,মুসলমান-দুর্বল
ছামিনুর,মুসলমান-দুর্বল
হোসনিয়ারা,মুসলমান-দুর্বল
রাসেদুল,মুসলমান-দুর্বল
মাহাকী,মুসলমান
পিউরিফিকেসন,খ্রিস্টান
আজিমুন্নেছা,মুসলমান
হাওয়াতুন,মুসলমান
কামিরন,মুসলমান
সন্তোষী,হিন্দু
এন্ডারসন,খ্রিস্টান
ইয়াং,আদিবাসী
বাহারাম,মুসলমান
মোহাসিন,মুসলমান
মোক্তারা,মুসলমান
মাহিনূর,মুসলমান
ত্রিনাথ,হিন্দু
আফ্রাদ,মুসলমান
হরেকৃষ্ণ,হিন্দু
শফিউল,মুসলমান-দুর্বল
সাহারবানু,মুসলমান
অহিতুন,মুসলমান
রাজেশ্বর,হিন্দু
করিমোন,মুসলমান
পরমেশ্বর,হিন্দু
রহিদাস,হিন্দু
মোনয়ারা,মুসলমান-দুর্বল
সারেং,আদিবাসী
সন্তেস,খ্রিস্টান
মাহাকি,মুসলমান
নুরবান,মুসলমান-দুর্বল
আলেনুর,মুসলমান-দুর্বল
ঠাকুরানী,হিন্দু
অংতেন,আদিবাসী
এছাহাক,মুসলমান
শুরোবালা,হিন্দু
মায়নুর,মুসলমান-দুর্বল
আমরুল,মুসলমান-দুর্বল
শাহাদুল,মুসলমান-দুর্বল
পাংখা,আদিবাসী
পিয়ারুল,মুসলমান-দুর্বল
আবেয়া,মুসলমান
হাছানুর,মুসলমান-দুর্বল
চিনিবালা,হিন্দু
প্রিয়নাথ,হিন্দু
মনেশ্বরী,হিন্দু
ছবিরানী,হিন্দু
শান্তিরানী,হিন্দু
বুলুরানী,হিন্দু
গলেনুর,মুসলমান-দুর্বল
আনসারুল,মুসলমান-দুর্বল
মহসেনা,মুসলমান
আমশ্বরী,হিন্দু
জয়মনী,হিন্দু
আতিশ্বরী,হিন্দু
জিতো,হিন্দু
নবানু,মুসলমান
ধনশ্বরী,হিন্দু
জগেশ্বর,হিন্দু
ধনজয়,হিন্দু
আশন্তি,আদিবাসী
বিশোবালা,হিন্দু
পানেশ্বরী,হিন্দু
আহেদুল,মুসলমান-দুর্বল
মজিতোন,হিন্দু
আশেদুল,মুসলমান
সাইনুর,মুসলমান-দুর্বল
ফনিবালা,হিন্দু
হাচানুর,মুসলমান-দুর্বল
দিনোবালা,হিন্দু
বিনারানী,হিন্দু
অন্তবালা,হিন্দু
গিনিয়ারা,মুসলমান-দুর্বল
বিষনাথ,হিন্দু
মহশ্বরী,হিন্দু
হরিচন্দ্র,হিন্দু
আমোশ্বরী,হিন্দু
বাদেনুর,মুসলমান-দুর্বল
নুনাহার,মুসলমান
নিরেন্দ্রনাথ,হিন্দু
মনোশ্বরী,হিন্দু
নন্দ্র,হিন্দু
ফারঙ্গসন,খ্রিস্টান
ইয়ংনিয়াং,আদিবাসী
খংমালাই,আদিবাসী
মেরছিয়াং,আদিবাসী
টংপিয়ার,আদিবাসী
পংলং,আদিবাসী
তংসং,আদিবাসী
আমলরং,আদিবাসী
লাকাচিয়াং,আদিবাসী
পাটাং,আদিবাসী
মুয়ং,আদিবাসী
মূয়ং,আদিবাসী
প্রিংগল,আদিবাসী
সরেং,আদিবাসী
তেংসং,আদিবাসী
ছামেদুল,মুসলমান-দুর্বল
সুভাগ্য,হিন্দু
জয়েন,হিন্দু
য়ারা,মুসলমান-দুর্বল
নুরনেহার,মুসলমান
নূরজান,মুসলমান
ইমারুল,মুসলমান-দুর্বল
আজমুল,মুসলমান
আবেদুল,মুসলমান-দুর্বল
ছবুরোন,মুসলমান-দুর্বল
ব্রজদাস,হিন্দু
মহসেন,মুসলমান
শৈলবালা,হিন্দু
বাশন্তি,আদিবাসী
লতারানী,হিন্দু
আব্বাচ,মুসলমান
কামিরুল,মুসলমান-দুর্বল
অভিজিত,হিন্দু
জুলহক,মুসলমান
রবিন্দ্রনাথ,হিন্দু
হবিবুর,মুসলমান-দুর্বল
সামাউল,মুসলমান-দুর্বল
মাজিদুল,মুসলমান-দুর্বল
তাজমুল,মুসলমান
হরিদাসি,হিন্দু
প্রসেনজিৎ,হিন্দু
বাহারুন,মুসলমান
নিপেন্দ্রনাথ,হিন্দু
ইসমাতারা,মুসলমান
ফুলোয়ারা,মুসলমান-দুর্বল
নুরইসলাম,মুসলমান-দুর্বল
কিতুনিয়া,মুসলমান
কিতুনীয়া,মুসলমান
মামুনুর,মুসলমান-দুর্বল
মিনাজুল,মুসলমান
ইমাদুল,মুসলমান-দুর্বল
মাছিরন,মুসলমান
কুলসন,খ্রিস্টান
হসেন,মুসলমান
মফিদুল,মুসলমান-দুর্বল
সুজয়,হিন্দু
শামনুর,মুসলমান-দুর্বল
মিয়ারাজ,মুসলমান-দুর্বল
তোহিদুল,মুসলমান
মোহাইমিনুল,মুসলমান
মইনুর,মুসলমান-দুর্বল
স্বদেব,হিন্দু
সামিয়ারা,মুসলমান-দুর্বল
মুল্যা,মুসলমান
আব্দুল্যা,মুসলমান
আবুজার,মুসলমান
শরিফুন্নেছা,মুসলমান
মাছেং,আদিবাসী
ছিংমে,আদিবাসী
মংম্মাথেন,আদিবাসী
মংবা,আদিবাসী
কমরুন্নেছা,মুসলমান
উছেনখিং,আদিবাসী
উনুচিং,আদিবাসী
মাচং,আদিবাসী
উম্মাখিং,আদিবাসী
অংক্যজেন,আদিবাসী
উছেমং,আদিবাসী
আবুমং,মুসলমান
মংসে,আদিবাসী
ক্যম্মা,আদিবাসী
মংক্যছা,আদিবাসী
মংছেনক্য,আদিবাসী
মংক্যচিং,আদিবাসী
উক্যথেন,আদিবাসী
উমাচিং,আদিবাসী
ক্যি,আদিবাসী
মাখিংওয়ান,আদিবাসী
মংম্মাছিং,আদিবাসী
ক্যছিং,আদিবাসী
অংছেন,আদিবাসী
ক্যাচিং,আদিবাসী
উম্যাছিং,আদিবাসী
ম্মাখিং,আদিবাসী
আনাং,আদিবাসী
আউসাং,আদিবাসী
মেছিং,আদিবাসী
এখ্যাইচিং,আদিবাসী
সাংমে,আদিবাসী
মংহলা,আদিবাসী
ছেনমং,আদিবাসী
মংক্যম্মা,আদিবাসী
মংছিং,আদিবাসী
মংএছিং,আদিবাসী
অংছেনচিং,আদিবাসী
ছেনচিং,আদিবাসী
হলাখিং,আদিবাসী
উখিংমে,আদিবাসী
প্রুমাসে,আদিবাসী
মাছাচিং,আদিবাসী
চেং,আদিবাসী
মাম্মাচিং,আদিবাসী
শামছুননাহার,মুসলমান
জয়বাহার,মুসলমান
উছেনমং,আদিবাসী
মংম্মাওয়ান,আদিবাসী
উছামং,আদিবাসী
ক্যম্মাউ,আদিবাসী
উক্যম্মা,আদিবাসী
আপ্রুরী,আদিবাসী
এছাচিং,আদিবাসী
থোইনমং,আদিবাসী
এমং,আদিবাসী
দিলবাহার,মুসলমান
বদরুদ্দোজা,মুসলমান
মংথিন,আদিবাসী
কাতুন,মুসলমান
রোসন,খ্রিস্টান
সেনোয়ারা,মুসলমান
জুলাস,মুসলমান
আমিরেন্নেছা,মুসলমান
সফিউল,মুসলমান-দুর্বল
সচিন্দ্র,হিন্দু
শামসুনাহার,মুসলমান
ঙ্গরুদাস,হিন্দু
আচার্য্যী,হিন্দু
ভট্টাচার্যী,হিন্দু
ভট্টযাচার্য্য,হিন্দু
শুক্লাদাশ,হিন্দু
মুৎসুর্দ্দী,হিন্দু
রবিবালা,হিন্দু
রনবালা,হিন্দু
জুলন,মুসলমান
সত্যবালা,হিন্দু
প্রিয়ংকা,আদিবাসী
তাজনুর,মুসলমান-দুর্বল
খোসনেহার,মুসলমান
এডিসন,খ্রিস্টান
ভট্টযাচার্য,হিন্দু
রিচার্ডসেন,খ্রিস্টান
তফুরেন্নেছা,মুসলমান
ফরিদুন্নেছা,মুসলমান
করিমজান,মুসলমান
ফয়জুন্নেসা,মুসলমান
চন্দ্রভান,হিন্দু
আরশাদুল,মুসলমান-দুর্বল
তংঞ্চঁঙ্গ্যা,আদিবাসী
তংচংঙ্গা,আদিবাসী
বয়ৎেলাং,আদিবাসী
তংঞ্চংগ্যা,আদিবাসী
নুচিং,আদিবাসী
তংচংঙ্গঁ্যা,আদিবাসী
মংচ,আদিবাসী
উম্মামং,আদিবাসী
খ্যায়াং,আদিবাসী
তংচঁঙ্গ্যা,আদিবাসী
চেও,আদিবাসী
বেগমী,মুসলমান
বালামী,হিন্দু
রববানু,মুসলমান
আরজাহান,মুসলমান
সামসুনেহার,মুসলমান
ফুলনাহার,মুসলমান
মিয়াচান,মুসলমান-দুর্বল
পাংখু,আদিবাসী
পাংখূয়া,আদিবাসী
জীবন্নেছা,মুসলমান
তংঞ্চ্যা,আদিবাসী
গৌড়ি,হিন্দু
আঃখালেক,মুসলমান
খাতেমুন্নেছা,মুসলমান
মাশেদা,মুসলমান
নুরিসলাম,মুসলমান-দুর্বল
দূর্জয়,হিন্দু
সনজু,হিন্দু
কুসনাহার,মুসলমান
নূরেন্নেছা,মুসলমান
নুরুজামান,মুসলমান
মাজারুল,মুসলমান-দুর্বল
আয়তুন্নেছা,মুসলমান
মেহেরুনন্নেছা,মুসলমান
থাতুন,মুসলমান
জমশেদ,মুসলমান
সজিত,হিন্দু
ইছনাহার,মুসলমান
মরবানু,মুসলমান
আলতাফুন্নেছা,মুসলমান
আজিবুর,মুসলমান-দুর্বল
সিতারা,মুসলমান
ঙ্গলেনুর,মুসলমান-দুর্বল
ছিদ্দীক,মুসলমান
দিলজাহান,মুসলমান
জায়তুন,মুসলমান
নূরইসলাম,মুসলমান
মলিন্দ্র,হিন্দু
তৈবুর,মুসলমান-দুর্বল
নুরুননেছা,মুসলমান
মংথান,আদিবাসী
নুরুলহক,মুসলমান
জয়রন,হিন্দু
মঞ্জনা,হিন্দু
রবিনসন,খ্রিস্টান
বেলাতুন,মুসলমান
আলফ্রেড,খ্রিস্টান
আজাফর,মুসলমান
শিমসাং,আদিবাসী
ওয়ারা,মুসলমান-দুর্বল
যতিন্দ্র,হিন্দু
মুঞ্জুরানী,হিন্দু
চানমিয়া,মুসলমান-দুর্বল
জয়মুন,হিন্দু
মাজেদুর,মুসলমান
আংঙ্গরি,আদিবাসী
সত্যেন্দ্র,হিন্দু
ফজিলাতুন্নেসা,মুসলমান
নূরমোহাম্মদ,মুসলমান
ওছপেয়ারা,মুসলমান-দুর্বল
রিক্সন,খ্রিস্টান
আজিরুন্নেছা,মুসলমান
গোলেনূর,মুসলমান
কহেনুর,মুসলমান-দুর্বল
নাইমুল,মুসলমান
ইছিরন,মুসলমান
লুৎফুন্নেসা,মুসলমান
শাহানূর,মুসলমান
বিজেন্দ্র,হিন্দু
মিতারানী,হিন্দু
নুননাহার,মুসলমান
আজাহান,মুসলমান
আনজুআরা,মুসলমান
চক্রবর্ত্রী,হিন্দু
এ্যাটকিনসন,খ্রিস্টান
বরজাহান,মুসলমান
এছহাক,মুসলমান
এলানুর,মুসলমান-দুর্বল
আলিমুন্নেছা,মুসলমান
জুলিয়ানা,খ্রিস্টান
মানকিং,আদিবাসী
আয়াতুন,মুসলমান
শ্রীদেবী,হিন্দু
মনতাজুল,মুসলমান
গোবিন্দা,হিন্দু
নারায়নাম্মা,হিন্দু
আমাতুন,মুসলমান
রহিতুন,মুসলমান
চন্দ্রদাস,হিন্দু
শহিতুন,মুসলমান
সহিদুল্যা,মুসলমান
গৌরদাসী,হিন্দু
শহিদুল্যাহ,মুসলমান
চানবাহার,মুসলমান
মহিবুর,মুসলমান-দুর্বল
হাকিমুন,মুসলমান
নাজমুননাহার,মুসলমান
গোলনুর,মুসলমান-দুর্বল
হরিদাশী,হিন্দু
মুরশেদ,মুসলমান
অছিরন,মুসলমান
জাহানী,মুসলমান
ফজলাল,মুসলমান
বেগমম,মুসলমান
মানিক্য,আদিবাসী
জামসেদা,মুসলমান
সাহাজুল,মুসলমান
হাকিদার,মুসলমান
অংচান,আদিবাসী
মংমেন,আদিবাসী
চোমং,আদিবাসী
উলাচিং,আদিবাসী
চোচিং,আদিবাসী
মংতেন,আদিবাসী
মংচো,আদিবাসী
মাতোয়ারা,মুসলমান-দুর্বল
স্বরেসতী,হিন্দু
রামনাথ,হিন্দু
হাছনুর,মুসলমান-দুর্বল
তাসনুর,মুসলমান-দুর্বল
নুরজামান,মুসলমান
শাইনুর,মুসলমান-দুর্বল
নুরেমা,মুসলমান-দুর্বল
আলতাবানু,মুসলমান
লংফুল,আদিবাসী
সোহানুর,মুসলমান-দুর্বল
সাফিউল,মুসলমান-দুর্বল
নূরানী,মুসলমান
আব্দুল্লযাহ,মুসলমান
ফজলি,মুসলমান
মানবী,মুসলমান
নুরজাহানী,মুসলমান
খোদবানু,মুসলমান
বিশ্বর্শমা,হিন্দু
খুদবানু,মুসলমান
দীপেন্দ্র,হিন্দু
দিদারুল,মুসলমান-দুর্বল
সত্যজিত,হিন্দু
হেমেন্দ্র,হিন্দু
আনছারুল,মুসলমান-দুর্বল
ফিলিপস,খ্রিস্টান
সমনাথ,হিন্দু
রাজিন্দ্র,হিন্দু
মোহাদেব,হিন্দু
গীরেন্দ্র,হিন্দু
লক্ষিরানী,হিন্দু
সুবারানী,হিন্দু
মিনুবালা,হিন্দু
তিলেশ্বরী,হিন্দু
বেজবালা,হিন্দু
শুকবালা,হিন্দু
জয়মতি,হিন্দু
আইদুল,মুসলমান
জহিরান,মুসলমান
ইন্দবালা,হিন্দু
রামেন্দ্র,হিন্দু
রজিত,হিন্দু
নুরনিহার,মুসলমান
হাপিজুল,মুসলমান
ধনদেব,হিন্দু
ফুলস্বরি,হিন্দু
তিলশ্বরী,হিন্দু
ধনস্বরী,হিন্দু
মজিত,হিন্দু
সিরাতুন,মুসলমান
দয়াবালা,হিন্দু
যশবালা,হিন্দু
বুধোবালা,হিন্দু
রুপবালা,হিন্দু
বালাশ্বরী,হিন্দু
মোজাহারুল,মুসলমান-দুর্বল
নুনিবালা,হিন্দু
আরাবী,মুসলমান
আরফাতুন,মুসলমান
আতারুল,মুসলমান-দুর্বল
আজিদুল,মুসলমান-দুর্বল
আতোয়ারা,মুসলমান-দুর্বল
জাহিনুর,মুসলমান-দুর্বল
বিন্দেশ্বরী,হিন্দু
করিমুল,মুসলমান
ফূলশ্বরী,হিন্দু
ফুলোরানী,হিন্দু
এজারুল,মুসলমান-দুর্বল
আলতানুর,মুসলমান
পরবালা,হিন্দু
এজাজুল,মুসলমান
রিখিয়েশন,খ্রিস্টান
খগেন্দ্রনাথ,হিন্দু
শমেশ্বরী,হিন্দু
শূশীল,হিন্দু
গিরবালা,হিন্দু
পছিরন,মুসলমান
পমেশ্বরী,হিন্দু
বিরেন্দ্রনাথ,হিন্দু
দেবেশ্বরী,হিন্দু
বিশোদীনি,হিন্দু
শ্বর,হিন্দু
কুমোবালা,হিন্দু
সত্যন্দ্র,হিন্দু
সৈবুর,মুসলমান-দুর্বল
সহারবানু,মুসলমান
অজেনুর,মুসলমান-দুর্বল
বাইরুল,মুসলমান-দুর্বল
রুলেখা,মুসলমান-দুর্বল
জয়কুমার,হিন্দু
জয়েন্তী,হিন্দু
শ্রীমন্ত,হিন্দু
শ্রীপতি,হিন্দু
জিয়াবুর,মুসলমান-দুর্বল
নুবাহার,মুসলমান
আলিয়ারা,মুসলমান-দুর্বল
ফিনিয়ারা,মুসলমান-দুর্বল
জাহান্নুর,মুসলমান
নুরমহল,মুসলমান-দুর্বল
ফিকিমন,মুসলমান
মনোরানী,হিন্দু
মহাশ্বরী,হিন্দু
যোগেন্দ্রনাথ,হিন্দু
গয়ানাথ,হিন্দু
শ্রীবালা,হিন্দু
হীরেন্দ্রনাথ,হিন্দু
নিমোশ্বরী,হিন্দু
অজিন্দ্র,হিন্দু
লক্ষিন্দ্র,হিন্দু
সন্তষ,হিন্দু
ধলেশ্বরী,হিন্দু
উপেন্দ্রনাথ,হিন্দু
হাসবালা,হিন্দু
ভূজেন্দ্রনাথ,হিন্দু
বুদোবালা,হিন্দু
গ্যারোময়ী,আদিবাসী
কুঞ্জুবালা,হিন্দু
দুকেশ্বরী,হিন্দু
গফিরন্নেছা,মুসলমান
ঝুমোবালা,হিন্দু
ফুলেশ্বর,হিন্দু
দীনমই,হিন্দু
নীরোবালা,হিন্দু
হিদ্দেশ্বরী,হিন্দু
নণীবালা,হিন্দু
প্রমেশ্বর,হিন্দু
ছদ্দিমিয়া,মুসলমান-দুর্বল
নিভারানী,হিন্দু
মাছিয়াং,আদিবাসী
দেশুওয়ারা,মুসলমান-দুর্বল
তেং,আদিবাসী
টেং,আদিবাসী
ইয়াংয়ূং,আদিবাসী
লাংস্টাং,আদিবাসী
খংপ্ডা,আদিবাসী
খংনো,আদিবাসী
তঙ্গঁলা,আদিবাসী
বেগম্যান,মুসলমান
কেনটেং,আদিবাসী
সুইটিং,আদিবাসী
দেবর্বমা,হিন্দু
চং,আদিবাসী
রিকেআসন,খ্রিস্টান
ফারঙ্গশন,খ্রিস্টান
কেওয়ারা,মুসলমান-দুর্বল
সুরাতুন্নেছা,মুসলমান
মিংকু,আদিবাসী
নাহারুল,মুসলমান
মানোয়ারা,মুসলমান-দুর্বল
তহিদুর,মুসলমান
বেনুয়ারা,মুসলমান-দুর্বল
বানুয়ারা,মুসলমান
শাহাজুল,মুসলমান
শফিরুল,মুসলমান-দুর্বল
পপিয়ারা,মুসলমান-দুর্বল
নিহারুন,মুসলমান
নেহারন,মুসলমান
সানারুল,মুসলমান-দুর্বল
ইয়ারুন্নেছা,মুসলমান
উমারানী,হিন্দু
ওছিরন,মুসলমান
ইনতাদুল,মুসলমান-দুর্বল
হাসানুল,মুসলমান
আকরামুল,মুসলমান
গরিবুল্লা,মুসলমান
লুৎফার,মুসলমান
জামরুল,মুসলমান-দুর্বল
মারজুল,মুসলমান
জিন্নাতুন্নেছা,মুসলমান
মুখ্যার্জী,হিন্দু
বাহারোন,মুসলমান
তুলাদাসী,হিন্দু
অথৈ,আদিবাসী
বেলোয়ারা,মুসলমান-দুর্বল
আবুবক্রর,মুসলমান
জুহুরুল,মুসলমান-দুর্বল
রশেদা,মুসলমান
রাফায়েল,খ্রিস্টান
সারজুল,মুসলমান
সিদ্ধিশ্বর,হিন্দু
গৃবালা,হিন্দু
রাজমুল,মুসলমান
নবীরুল,মুসলমান-দুর্বল
আঞ্জুমনোয়ারা,মুসলমান-দুর্বল
ইসলম,মুসলমান
সাহাবুর,মুসলমান-দুর্বল
ইনুবালা,হিন্দু
পোদদার,হিন্দু
মবিদুল,মুসলমান-দুর্বল
কেশন,খ্রিস্টান
লিবিয়া,মুসলমান-দুর্বল
ফারুকহোসেন,মুসলমান
ফ্রাস্পিস্কা,খ্রিস্টান
শামিউল,মুসলমান-দুর্বল
আবুবকরসিদ্দিক,মুসলমান
শিখানুর,মুসলমান-দুর্বল
জীবুন্নেছা,মুসলমান
মলংগী,আদিবাসী
লাকিয়ারা,মুসলমান-দুর্বল
মানারুল,মুসলমান-দুর্বল
সত্যেন্দ্রনাথ,হিন্দু
নিছারোন,মুসলমান
সেবাদাসী,হিন্দু
সন্দেশ,হিন্দু
সাবিরুল,মুসলমান-দুর্বল
নুজরুল,মুসলমান-দুর্বল
আনেহার,মুসলমান
জানেহার,মুসলমান
স্বর্নমনি,হিন্দু
এ্যাসেনসন,খ্রিস্টান
আমিরননেছা,মুসলমান
অমেদুল,মুসলমান-দুর্বল
শামিনুর,মুসলমান-দুর্বল
নুরজাহন,মুসলমান-দুর্বল
কামারুল,মুসলমান-দুর্বল
প্রিয়ারুল,মুসলমান-দুর্বল
পচিবালা,হিন্দু
দূর্গাপদ,হিন্দু
পাংকোয়া,আদিবাসী
আব্দুল্যাহ,মুসলমান
নিয়াজুল,মুসলমান
শুকদেব,হিন্দু
সরজিত,হিন্দু
ছায়দুল,মুসলমান-দুর্বল
রাধাবালা,হিন্দু
কালীদাসী,হিন্দু
কালিদাসি,হিন্দু
মায়েছিং,আদিবাসী
থুইমং,আদিবাসী
ক্যনাই,আদিবাসী
আলোয়ারা,মুসলমান-দুর্বল
আলিমুননেছা,মুসলমান
এছিংমে,আদিবাসী
চিংমে,আদিবাসী
অংমাচিন,আদিবাসী
উচিং,আদিবাসী
আমাসাং,আদিবাসী
মাখিংছেন,আদিবাসী
খিংউমে,আদিবাসী
মাছিংলা,আদিবাসী
উখিংছেন,আদিবাসী
চিংনু,আদিবাসী
ক্যমে,আদিবাসী
খিংছেনমে,আদিবাসী
খিংম্মা,আদিবাসী
ম্মাত্রখিং,আদিবাসী
অংক্যম্মা,আদিবাসী
খিংমং,আদিবাসী
লামংছিং,আদিবাসী
ওয়ানমং,আদিবাসী
চেংলামং,আদিবাসী
অংসাই,আদিবাসী
মংটেনচিং,আদিবাসী
সামং,আদিবাসী
মংছাছিং,আদিবাসী
মংএছেন,আদিবাসী
মংলাছিং,আদিবাসী
মংখিং,আদিবাসী
ক্যএমং,আদিবাসী
অংছিন,আদিবাসী
উখিংমং,আদিবাসী
আউমং,আদিবাসী
অংক্যচিং,আদিবাসী
উচিমং,আদিবাসী
ক্যচু,আদিবাসী
ক্যটিন,আদিবাসী
ছেংলুন,আদিবাসী
লাইং,আদিবাসী
থৈইন,আদিবাসী
থৈন,আদিবাসী
ক্যএ,আদিবাসী
নূরুচ্ছফা,মুসলমান
হলাওয়াংচিং,আদিবাসী
ক্যাংমং,আদিবাসী
মংখ্যাই,আদিবাসী
উছাচিং,আদিবাসী
এছামং,আদিবাসী
মংম্মাচিং,আদিবাসী
অংছিংমং,আদিবাসী
মাছেংনু,আদিবাসী
উছংচিং,আদিবাসী
মাসাংপ্রু,আদিবাসী
নাংরী,আদিবাসী
আছেং,আদিবাসী
আক্যাই,আদিবাসী
সুইনাংচিং,আদিবাসী
য়াইং,আদিবাসী
ছেং,আদিবাসী
আথেইং,আদিবাসী
মংচিংম্মা,আদিবাসী
অংছিং,আদিবাসী
ক্যছা,আদিবাসী
ছেংলুং,আদিবাসী
লাচিং,আদিবাসী
মংচম্মা,আদিবাসী
টিং,আদিবাসী
মংছেনচিং,আদিবাসী
উখ্যাই,আদিবাসী
উক্যওয়ান,আদিবাসী
মাচেনুং,আদিবাসী
উছেনচিং,আদিবাসী
হলাছিং,আদিবাসী
ক্যচিং,আদিবাসী
খ্যাই,আদিবাসী
মাঅং,আদিবাসী
ক্রাছংচিং,আদিবাসী
অংমা,আদিবাসী
মাছিংপ্রু,আদিবাসী
লুংচিং,আদিবাসী
ছেংম্মামে,আদিবাসী
চখিং,আদিবাসী
নুরুচ্ছাবা,মুসলমান
উখ্যাচিং,আদিবাসী
মংতিন,আদিবাসী
বামং,আদিবাসী
থোয়াইন,আদিবাসী
লাং,আদিবাসী
অংক্যছা,আদিবাসী
অংটি,আদিবাসী
নিমং,আদিবাসী
আচিং,আদিবাসী
লামেচিং,আদিবাসী
কিং,আদিবাসী
তঞ্চঁগ্যা,আদিবাসী
চিংম্মা,আদিবাসী
অংজেন,আদিবাসী
মাম্মাছিং,আদিবাসী
এখিং,আদিবাসী
ইমং,আদিবাসী
ছৈয়দা,মুসলমান
হাছনেয়ারা,মুসলমান-দুর্বল
পলিরানী,হিন্দু
সন্তু,হিন্দু
অংম্মাথোইন,আদিবাসী
মংহেনচিং,আদিবাসী
অংছা,আদিবাসী
ক্যামে,আদিবাসী
ঞোমাচিং,আদিবাসী
আচিংমে,আদিবাসী
মংছেনউ,আদিবাসী
চিংম্মামং,আদিবাসী
বুসাং,আদিবাসী
উক্যথোইন,আদিবাসী
উমংক্য,আদিবাসী
ক্যম্মাইন,আদিবাসী
মংসেপ্রু,আদিবাসী
উক্যহলাইন,আদিবাসী
খাইনক্যলং,আদিবাসী
উক্যলাইন,আদিবাসী
অংছাচিং,আদিবাসী
ছেংয়াইনমে,আদিবাসী
অংমাউ,আদিবাসী
মাচিংয়াইন,আদিবাসী
মাঅংচিং,আদিবাসী
মাছেননুং,আদিবাসী
মাহলানুং,আদিবাসী
অংম্মাক্য,আদিবাসী
ক্যমং,আদিবাসী
আছেনমং,আদিবাসী
খিনমং,আদিবাসী
অংথোইন,আদিবাসী
ক্যহলাচিং,আদিবাসী
উসাইমং,আদিবাসী
মাক্যছেন,আদিবাসী
নুরুচ্ছবি,মুসলমান
মায়েচিং,আদিবাসী
মানেছা,মুসলমান
অংক্যজ,আদিবাসী
ক্যহলাইন,আদিবাসী
মাএচিং,আদিবাসী
থুইচিং,আদিবাসী
মংফ্রুরি,আদিবাসী
ফ্রুমাসে,আদিবাসী
মংতু,আদিবাসী
ক্যজ,আদিবাসী
লাক্য,আদিবাসী
ফ্রুমাচিং,আদিবাসী
চিংলুং,আদিবাসী
ফ্রুমং,আদিবাসী
আলুমং,আদিবাসী
উক্য,আদিবাসী
উচিংহলা,আদিবাসী
মংম্মাপ্রু,আদিবাসী
এথোয়াই,আদিবাসী
অংথিং,আদিবাসী
ফেয়ারা,মুসলমান-দুর্বল
আলবাহার,মুসলমান
এংরাজ,খ্রিস্টান
জয়ধন,হিন্দু
জানোয়ারা,মুসলমান-দুর্বল
শীব,হিন্দু
খোসনেয়ারা,মুসলমান-দুর্বল
আহাদুল,মুসলমান-দুর্বল
জিন্নতেন্নেছা,মুসলমান
শমিরন,মুসলমান
ভাগ্যরানী,হিন্দু
দাসু,হিন্দু
ছৈয়দুন্নেছা,মুসলমান
কাজবানু,মুসলমান
দেববর্ম্মন,হিন্দু
দেববমন,হিন্দু
মিয়াধন,মুসলমান-দুর্বল
তংঞ্চঙ্গা,আদিবাসী
মংহলাছিং,আদিবাসী
উক্যখাইন,আদিবাসী
পাংকুয়া,আদিবাসী
ছিদ্দীকা,মুসলমান
ধঞ্জয়,হিন্দু
রুন্দ্র,হিন্দু
ভট্টযচার্য্য,হিন্দু
হাকীম,মুসলমান
মোকশেদা,মুসলমান
শুল্কদাস,হিন্দু
সূশীল,হিন্দু
খঅতুন,মুসলমান
ভাগ্যবতি,হিন্দু
প্রেমবালা,হিন্দু
ফটোরানী,হিন্দু
অনন্তবালা,হিন্দু
ভর্টাচার্য,হিন্দু
কামরুন্নিছা,মুসলমান
চক্রবর্বওী,হিন্দু
চক্রবর্ক্তী,হিন্দু
শুক্লাদাস,হিন্দু
শন,খ্রিস্টান
সন্ধাবালা,হিন্দু
পরানী,হিন্দু
কুলেশ্বরী,হিন্দু
সুরঞ্জন,হিন্দু
অন্নবালা,হিন্দু
মঞ্জুআরা,মুসলমান
তাহেরুন্নেছা,মুসলমান
জুলহাশ,মুসলমান
মরশেদা,মুসলমান
তংচাংগ্যা,আদিবাসী
তঞ্চাঙ্গা,আদিবাসী
তঞ্চঞ্জ্যা,আদিবাসী
শৈলাবালা,হিন্দু
শ্রীকৃষ্ণ,হিন্দু
গেনেন্দ্র,হিন্দু
আবদুল্যা,মুসলমান
হাসানাত,মুসলমান
বেদারুল,মুসলমান-দুর্বল
মোহাম্মদী,মুসলমান
মায়াদীন,মুসলমান
বালাম,হিন্দু
অঞ্জনী,হিন্দু
রবার্টসন,খ্রিস্টান
তৈয়বুন্নেছা,মুসলমান
শামছুন্নেছা,মুসলমান
ফজিলতেন্নেছা,মুসলমান
আংকুরেন্নেছা,মুসলমান
বেলায়েতেন্নেছা,মুসলমান
আয়াতেন্নেছা,মুসলমান
নিপেন্দ্র,হিন্দু
শহীদুল্যাহ,মুসলমান
উপেন্দ্র,হিন্দু
ইন্দ্রমতি,হিন্দু
সুখদেব,হিন্দু
অনজিত,হিন্দু
কতবানু,মুসলমান
অংথোয়াইচিং,আদিবাসী
মেনুচিং,আদিবাসী
নাইসাংউ,আদিবাসী
তংঞ্চগঁ্যা,আদিবাসী
থোয়াইচিং,আদিবাসী
মেথোয়াই,আদিবাসী
উথোয়াই,আদিবাসী
মাসিংউ,আদিবাসী
সুইম্মাচিং,আদিবাসী
থোয়াইং,আদিবাসী
ম্মানুচিং,আদিবাসী
চাইমেপ্রু,আদিবাসী
এং,খ্রিস্টান
মাসাচিং,আদিবাসী
মাউচিং,আদিবাসী
মানুচিং,আদিবাসী
মানোচিং,আদিবাসী
মংচউ,আদিবাসী
অংম্মাচিং,আদিবাসী
অংছাথুই,আদিবাসী
মংখ্যাইচিং,আদিবাসী
ছোমং,আদিবাসী
ক্যশৈঅং,আদিবাসী
ছানাউল,মুসলমান-দুর্বল
জয়দন,হিন্দু
খুশবানু,মুসলমান
নুরেনা,মুসলমান-দুর্বল
হোসনেহার,মুসলমান
উদাসী,হিন্দু
ঈসমাইল,মুসলমান
খোশবাহার,মুসলমান
তনচঙ্গ্যা,আদিবাসী
তষ্ণঙ্গ্যা,আদিবাসী
তনচংঙ্গা,আদিবাসী
তংষ্ণঙ্গ্যা,আদিবাসী
পেশোয়ারা,মুসলমান-দুর্বল
পাইনুর,মুসলমান-দুর্বল
মদীনা,মুসলমান
সালেমুন্নেছা,মুসলমান
তঁারাবানু,মুসলমান
দুধবানু,মুসলমান
এছনাহার,মুসলমান
নূরুননাহার,মুসলমান
মাজাহারুল,মুসলমান-দুর্বল
আজিমন্নেছা,মুসলমান
ফরজুল,মুসলমান
জয়তননেছা,মুসলমান
নুরজাহার,মুসলমান-দুর্বল
আয়তন্নেছা,মুসলমান
আনোওয়ারা,মুসলমান-দুর্বল
নমদাশ্য,হিন্দু
সনচিতা,হিন্দু
নূরেকা,মুসলমান
খুসনাহার,মুসলমান
ফুলেন্নেছা,মুসলমান
তৈয়বুননেছা,মুসলমান
বেলাতুন্নেছা,মুসলমান
জাফরান,মুসলমান
নুরচঁান,মুসলমান-দুর্বল
নুরনেছা,মুসলমান
হাবিবুররহমান,মুসলমান-দুর্বল
নূরমহল,মুসলমান
বেন্নেছা,মুসলমান
রিংকী,আদিবাসী
খোশেদ,মুসলমান
মহিজুল,মুসলমান
নূরজাহার,মুসলমান
কুহিনূর,মুসলমান
সচিরানী,হিন্দু
পিউরীফিকেসন,খ্রিস্টান
বেগমেন,মুসলমান
সবদুল,মুসলমান-দুর্বল
সমরানী,হিন্দু
মোশের্দুল,মুসলমান-দুর্বল
বরিদাস,হিন্দু
নুরচান,মুসলমান-দুর্বল
মহিতুন্নেছা,মুসলমান
তাইবুর,মুসলমান-দুর্বল
জহোরুল,মুসলমান-দুর্বল
শবদুল,মুসলমান-দুর্বল
উবাইদুল,মুসলমান
বজেন্দ্র,হিন্দু
ফুলখাতুন,মুসলমান
শুরেন্দ্র,হিন্দু
চিচিং,আদিবাসী
সতেন্দ্র,হিন্দু
মোনারুল,মুসলমান-দুর্বল
আগাশন,খ্রিস্টান
আকাশন,খ্রিস্টান
মংখেন,আদিবাসী
আঃমান্নান,মুসলমান
লুৎফুনেছা,মুসলমান
বনোয়ারি,আদিবাসী
রবীউল,মুসলমান-দুর্বল
সরভাগ্য,হিন্দু
মকসেদুল,মুসলমান-দুর্বল
সাহাবানু,মুসলমান
শাহদেব,হিন্দু
জগবালা,হিন্দু
খোসনাহার,মুসলমান
আশিকনুর,মুসলমান-দুর্বল
বজবালা,হিন্দু
শুকুরানী,হিন্দু
ঙ্গপিনাথ,হিন্দু
মুজাফর,মুসলমান
আহাতুন,মুসলমান
স্বরবানু,মুসলমান
ফজলী,মুসলমান
শেরাজুল,মুসলমান
ওমিরন,মুসলমান
আব্দুলাহ,মুসলমান
আয়তুন,মুসলমান
দিলবানু,মুসলমান
ছুবুরা,মুসলমান-দুর্বল
দোলোয়ারা,মুসলমান-দুর্বল
নয়ামিয়া,মুসলমান-দুর্বল
শুদেব,হিন্দু
খোশনবীশ,মুসলমান
প্রভারানী,হিন্দু
সচীন্দ্র,হিন্দু
তাজবানু,মুসলমান
আফ্রিদি,মুসলমান
দিগেন্দ্র,হিন্দু
সুহরোওয়ার্দ্দী,মুসলমান
মহিবুল্লা,মুসলমান
জয়ঙ্গননেছা,মুসলমান
কিরনবালা,হিন্দু
গৌস্বামী,হিন্দু
রিকসন,খ্রিস্টান
উমিয়া,মুসলমান-দুর্বল
রিবিয়ারোও,খ্রিস্টান
ভিনসেন্ট,খ্রিস্টান
আইজ্যাক,খ্রিস্টান
আহাসান,মুসলমান
খরশেদ,মুসলমান
ঙ্গলবাহারী,মুসলমান
পুষ্পরানী,হিন্দু
রামুলাম্মা,মুসলমান
পলসন,খ্রিস্টান
জয়নুব,হিন্দু
জীবননেসা,মুসলমান
জয়সী,হিন্দু
সিংহানিয়া,হিন্দু
আঞ্জনা,হিন্দু
মজিরুন্নেছা,মুসলমান
আসাতুন্নেছা,মুসলমান
হানেছা,মুসলমান
গৌরাংগ,হিন্দু
খাতুনবি,মুসলমান
মমেদুল,মুসলমান-দুর্বল
রব্বানু,মুসলমান
আদরবানু,মুসলমান
রাইবালা,হিন্দু
তাজনাহার,মুসলমান
দেবিন্দ্র,হিন্দু
আইনুর,মুসলমান-দুর্বল
যয়তুন,মুসলমান
শেরজাহান,মুসলমান
মনিদাসী,হিন্দু
জয়নবি,মুসলমান
শহিদুর,মুসলমান
আমিরুননেছা,মুসলমান
ইসমা,মুসলমান
গোবিন্দাম্মা,হিন্দু
দুর্গাম্মা,হিন্দু
চেন্দ,আদিবাসী
ছাবিতুন,মুসলমান
দোজা,মুসলমান
বাবুর্চী,মুসলমান-দুর্বল
দূর্গারাও,হিন্দু
সন্যাশী,হিন্দু
সন্তোসী,হিন্দু
সিদ্দীকী,মুসলমান
চন্দ্রকর,হিন্দু
কৃষ্ণদাস,হিন্দু
আক্তারবানু,মুসলমান
ছাবিনুর,মুসলমান-দুর্বল
আক্তারেন্নেছা,মুসলমান
আক্তারুন্নেছা,মুসলমান
মায়ারাণী,হিন্দু
জয়গোন,হিন্দু
প্রেমনাথ,হিন্দু
তেজারুল,মুসলমান-দুর্বল
তাকিরুন্নেছা,মুসলমান
আনিজুল,মুসলমান
খায়তুন,মুসলমান
জুলাইখা,মুসলমান
আবিতুন,মুসলমান
আফিরুন্নেছা,মুসলমান
জহুরুন্নেছা,মুসলমান
মেহেরবানু,মুসলমান
গোলাতুন,মুসলমান
শামছুন্নেহার,মুসলমান
ছবিতুন,মুসলমান
ফজলীতুন,মুসলমান
সমিরুল,মুসলমান-দুর্বল
তানবীর,মুসলমান
ছামছুনাহার,মুসলমান
শহিদুল্যা,মুসলমান
রহিমুননেছা,মুসলমান
তাজিরুল,মুসলমান-দুর্বল
ফজলিতুন,মুসলমান
জয়রুন,মুসলমান
নুরুনেহার,মুসলমান
আয়তননেছা,মুসলমান
জজমিয়া,মুসলমান-দুর্বল
রোশনআরা,মুসলমান
আনেয়ারা,মুসলমান-দুর্বল
ফালাতুন,মুসলমান
চন্দ্রমালা,হিন্দু
হরীদাসী,হিন্দু
হাছিনুর,মুসলমান-দুর্বল
সন্তস,খ্রিস্টান
হায়তুন,মুসলমান
আফেন্দী,মুসলমান
রামদেব,হিন্দু
সবিয়া,মুসলমান-দুর্বল
আছানুল্লা,মুসলমান
সনজীবন,হিন্দু
হোচেন,আদিবাসী
দেবু,হিন্দু
ওবাইদুর,মুসলমান
বদরুন্নেসা,মুসলমান
ছবুরজান,মুসলমান-দুর্বল
জয়লক্ষী,হিন্দু
স্বর্নমত,হিন্দু
সন্যাসি,হিন্দু
সেরজাহান,মুসলমান
আবুকালাম,মুসলমান
আফ্রজা,মুসলমান
হায়াতুন্নেছা,মুসলমান
বেয়া,মুসলমান
সায়েদুল,মুসলমান-দুর্বল
তোফাজ্জুল,মুসলমান
লালবুরু,মুসলমান-দুর্বল
বালাতন,হিন্দু
মনুমিয়া,মুসলমান-দুর্বল
স্বর্নমালা,হিন্দু
ওহেদুল,মুসলমান-দুর্বল
ঙ্গরুদাসি,হিন্দু
নুরহোসেন,মুসলমান
এমাদুল,মুসলমান-দুর্বল
আলোনুর,মুসলমান-দুর্বল
শহীদুল্লা,মুসলমান
নেহারু,মুসলমান
ব্রজোবালা,হিন্দু
বুচিং,আদিবাসী
উলাওয়েন,আদিবাসী
অংছান,আদিবাসী
মংলাচিন,আদিবাসী
অংওয়েন,আদিবাসী
মংহান,আদিবাসী
মাহানচিং,আদিবাসী
বোচিং,আদিবাসী
মিরন,মুসলমান
চক্রাবর্তী,হিন্দু
স্বরদিনি,হিন্দু
পিওবালা,হিন্দু
নুরমোহাম্মাদ,মুসলমান
জয়নপ,হিন্দু
আকিনুর,মুসলমান-দুর্বল
শহিনুর,মুসলমান-দুর্বল
বিভারানী,হিন্দু
আবুছালেহ,মুসলমান
মানছুয়ারা,মুসলমান-দুর্বল
ময়মুন্নেছা,মুসলমান
জামিয়া,মুসলমান-দুর্বল
সুখরঞ্জন,হিন্দু
ছোকানুর,মুসলমান-দুর্বল
আলতাজ,মুসলমান
চানমং,আদিবাসী
আফ্রুসে,আদিবাসী
বেজেশ্বরী,হিন্দু
থয়মং,আদিবাসী
মামাফ্রু,আদিবাসী
মংবাতেন,আদিবাসী
অংমেন,আদিবাসী
এলেনুর,মুসলমান-দুর্বল
হেলেনুর,মুসলমান-দুর্বল
রঙ্গদেবী,হিন্দু
মোহাব্বত,মুসলমান
ফুলেরানী,হিন্দু
অমিরন,মুসলমান
জয়লা,হিন্দু
জয়নোব,হিন্দু
বেলায়েতুন,মুসলমান
নুরনবি,মুসলমান-দুর্বল
জিবন্নেছা,মুসলমান
মতিরানী,হিন্দু
জয়বান,হিন্দু
নেকজাহান,মুসলমান
বিন্দ্র,হিন্দু
রসেনারা,মুসলমান
মতবানু,মুসলমান
তামিরন,মুসলমান
মনুআরা,মুসলমান
নূরল,মুসলমান
গোলবাহারী,মুসলমান
আমানুর,মুসলমান-দুর্বল
রমেন্দ্র,হিন্দু
কালাবানু,মুসলমান
মুক্তিরানী,হিন্দু
কাইরুল,মুসলমান-দুর্বল
ফুলনেহার,মুসলমান
আতিবুর,মুসলমান-দুর্বল
ফজুলু,মুসলমান
নমদাশ,হিন্দু
আসুবালা,হিন্দু
হারুল,মুসলমান-দুর্বল
খাতেবানু,মুসলমান
বণিক্য,আদিবাসী
রংকেং,আদিবাসী
সাংগমা,আদিবাসী
গৌরিবালা,হিন্দু
আকাব্বর,মুসলমান
মশেদা,মুসলমান
নওশেদ,মুসলমান
শুকেশ্বরী,হিন্দু
বিবিসন,খ্রিস্টান
কাশেদা,মুসলমান
মধুরানী,হিন্দু
জহিদুল,মুসলমান
সামেদুল,মুসলমান-দুর্বল
জয়ারানী,হিন্দু
খিরোবালা,হিন্দু
জিয়ারা,মুসলমান-দুর্বল
বীনাবালা,হিন্দু
সামিনুর,মুসলমান-দুর্বল
বিনাবালা,হিন্দু
সুদাসন,হিন্দু
কুসুমবালা,হিন্দু
বিরোবালা,হিন্দু
বুলোরানী,হিন্দু
নগেন্দ্রনাথ,হিন্দু
মুঞ্জুল,মুসলমান
তুলবালা,হিন্দু
সুরঞ্জিত,হিন্দু
পুষনাথ,হিন্দু
হিমবালা,হিন্দু
আতিয়ারা,মুসলমান-দুর্বল
জাফরুল,মুসলমান
মাহিদুল,মুসলমান
ঈসা,মুসলমান
সিবনাথ,হিন্দু
খইরুল,মুসলমান-দুর্বল
মেজারুল,মুসলমান-দুর্বল
ফইজুল,মুসলমান
জলেনুর,মুসলমান-দুর্বল
মংগোলী,আদিবাসী
যগেন্দ্র,হিন্দু
জাহেরুল,মুসলমান-দুর্বল
রুপশ্বরী,হিন্দু
উলফন,আদিবাসী
সুপেন্দ্র,হিন্দু
চানশ্বরী,হিন্দু
শ্বরি,হিন্দু
হেমশ্বরী,হিন্দু
পরিবালা,হিন্দু
শুরুবালা,হিন্দু
উলফো,আদিবাসী
জয়দেপ,হিন্দু
বেহানশ্বরী,হিন্দু
বালামুনি,হিন্দু
তরবালা,হিন্দু
ত্রিবালা,হিন্দু
দীনবালা,মুসলমান
বিশনু,হিন্দু
পঞ্চনাথ,হিন্দু
তেলশ্বরী,হিন্দু
দীনেশ্বরী,হিন্দু
উলেন,হিন্দু
শিশোবালা,হিন্দু
শুকোবালা,হিন্দু
কাচুবালা,হিন্দু
শিশুবালা,হিন্দু
শিরোবালা,হিন্দু
নিরেন্দ্র,হিন্দু
উলন,হিন্দু
মহিন্দ্রর,হিন্দু
স্বরজনি,হিন্দু
প্রশন্ন,হিন্দু
বেজোবালা,হিন্দু
নিরীবালা,হিন্দু
সামসন,খ্রিস্টান
সনোবালা,হিন্দু
সুরজিত,হিন্দু
মোক্তারুল,মুসলমান
মোরশেদুল,মুসলমান
ফেস্পিয়ারা,মুসলমান-দুর্বল
সাজেদুর,মুসলমান
মোকতারুল,মুসলমান-দুর্বল
মোকছেদুর,মুসলমান
রসিদুল,মুসলমান-দুর্বল
রশিনুর,মুসলমান-দুর্বল
জেনারুল,মুসলমান-দুর্বল
সমোবালা,হিন্দু
মনিছা,মুসলমান
মনিবুর,মুসলমান-দুর্বল
জবদুল,মুসলমান-দুর্বল
সামসুন্নেহার,মুসলমান
ঙ্গলোবালা,হিন্দু
এক্যা,আদিবাসী
বিন্দবালা,হিন্দু
মকছেদুল,মুসলমান
নীলশ্বরী,হিন্দু
জামিয়ার,মুসলমান-দুর্বল
খয়রুল,মুসলমান-দুর্বল
চারুরানী,হিন্দু
সনতোস,খ্রিস্টান
বসুবালা,হিন্দু
জামেদুল,মুসলমান-দুর্বল
গোবিন্দ্র,হিন্দু
রাব্বিনা,মুসলমান
শনিবালা,হিন্দু
জশবালা,হিন্দু
তাহিরুল,মুসলমান-দুর্বল
জসিদুল,মুসলমান-দুর্বল
নাছিরুল,মুসলমান-দুর্বল
জহিমা,মুসলমান
অবেশ্বরী,হিন্দু
এন্দাদুল,মুসলমান-দুর্বল
মনারুল,মুসলমান-দুর্বল
পুরনজয়,হিন্দু
হাচিনুর,মুসলমান-দুর্বল
কাজিরুল,মুসলমান-দুর্বল
মুনিবালা,হিন্দু
ঙ্গনবালা,হিন্দু
তিলোশ্বরী,হিন্দু
সাহেদুল,মুসলমান-দুর্বল
ফুলশ্বরি,হিন্দু
রুপস্বরী,হিন্দু
রাজেন্দ্রনাথ,হিন্দু
জসোবালা,হিন্দু
তারাজুল,মুসলমান
গোপেশ্বর,হিন্দু
রজোবালা,হিন্দু
দুর্যধন,হিন্দু
আসিদুল,মুসলমান-দুর্বল
সনমতি,হিন্দু
ঙ্গরুদেব,হিন্দু
সখিন্দ্র,হিন্দু
লংকেশ্বর,হিন্দু
রহেদুল,মুসলমান-দুর্বল
মানোবালা,হিন্দু
ব্রজেন্দ্র,হিন্দু
সানাউল,মুসলমান-দুর্বল
ছবিয়ারা,মুসলমান-দুর্বল
তোহরুল,মুসলমান-দুর্বল
আলতেনুর,মুসলমান-দুর্বল
শনজিত,হিন্দু
সুমিয়ারা,মুসলমান-দুর্বল
নুরফুল,মুসলমান-দুর্বল
সইবুর,মুসলমান-দুর্বল
সনতেস,খ্রিস্টান
জয়েদা,মুসলমান
আজেনুর,মুসলমান-দুর্বল
পঞ্চরানী,হিন্দু
জুল্লু,মুসলমান
তবজুল,মুসলমান
সামিরুল,মুসলমান-দুর্বল
তোফাজুল,মুসলমান
তুয়ারা,মুসলমান-দুর্বল
বিনশ্বরী,হিন্দু
ভুদেব,হিন্দু
পুশনো,খ্রিস্টান
চন্দ্রমনি,হিন্দু
দাসমুনি,হিন্দু
ইশ্বর,হিন্দু
পুশবালা,হিন্দু
বিনশ্বরি,হিন্দু
নুরেফা,মুসলমান-দুর্বল
সহাদেব,হিন্দু
সনজোতি,হিন্দু
সূর্যরানী,হিন্দু
মুনুআরা,মুসলমান
শানুয়ারা,মুসলমান-দুর্বল
তোবজুল,মুসলমান
লেতুনজেরা,মুসলমান
সারিউল,মুসলমান-দুর্বল
জলিয়ারা,মুসলমান-দুর্বল
রাজয়ার,হিন্দু
শহারবানু,মুসলমান
অলসন,খ্রিস্টান
নূরেশা,মুসলমান
সাহাদুর,মুসলমান
দুলবালা,হিন্দু
ছামিরুল,মুসলমান-দুর্বল
সুকিমন,মুসলমান
উলোবতী,হিন্দু
সুনিবালা,হিন্দু
বদ্ধিনাথ,হিন্দু
সিরাঞ্জন,হিন্দু
লক্ষীন্দ্র,হিন্দু
ওসনারা,মুসলমান
অবিদাস,হিন্দু
প্রসোনজিত,হিন্দু
শ্রীচরন,হিন্দু
ভবেন্দ্রনাথ,হিন্দু
ব্রজেন্দ্রনাথ,হিন্দু
বুধিবালা,হিন্দু
বদ্যনাথ,হিন্দু
সখিবালা,হিন্দু
আজিন্দ্র,হিন্দু
জলোশ্বরী,হিন্দু
আসন্তি,হিন্দু
শুকরানী,হিন্দু
বিনস্বরী,হিন্দু
জুলিয়ান,খ্রিস্টান
ঝুরোবালা,হিন্দু
আনোবালা,হিন্দু
অঞ্জুরানী,হিন্দু
সিংটি,আদিবাসী
জলস্বরী,হিন্দু
অভিনাথ,হিন্দু
সত্যনাথ,হিন্দু
কুলোবালা,হিন্দু
বিনোশ্বরী,হিন্দু
সিনাথ,হিন্দু
দাসমি,হিন্দু
বুদিশ্বর,হিন্দু
সজিবালা,হিন্দু
লছিরন,মুসলমান
নরেন্দ্রনাথ,হিন্দু
লঙ্কেশ্বর,হিন্দু
নাজিরুল,মুসলমান-দুর্বল
জাহীদুল,মুসলমান-দুর্বল
অলকারানী,হিন্দু
শ্রীমনি,হিন্দু
জয়সোয়াল,হিন্দু
তাজবালা,হিন্দু
নূরন্নবী,মুসলমান
আলতাফুননেছা,মুসলমান
মের্াশেদা,মুসলমান
বেলীতুন,মুসলমান
আশিনুর,মুসলমান-দুর্বল
দেবলা,হিন্দু
তাংসন,আদিবাসী
তাংশং,আদিবাসী
ইয়াংনে,আদিবাসী
সুটংআ,আদিবাসী
সূচিয়াং,আদিবাসী
খংতাংকুট,আদিবাসী
লাংচিয়াং,আদিবাসী
মারছিয়ং,আদিবাসী
গৌঢ়,হিন্দু
রুহীদাস,হিন্দু
য়ং,আদিবাসী
অজিৎ,হিন্দু
লামিং,আদিবাসী
পাকসাং,আদিবাসী
সুচিং,আদিবাসী
ইয়ংওয়ার,আদিবাসী
সেংক্রেম,আদিবাসী
পঃকেনটেং,আদিবাসী
পঃকেনতেং,আদিবাসী
সিতারুন,মুসলমান
রিতিয়াসন,খ্রিস্টান
কালোয়ারা,হিন্দু
আলতাফী,মুসলমান
শ্রীমন্তি,হিন্দু
ইজাজুন্নেছা,মুসলমান
মাৎসদাস,হিন্দু
খংষ্টিট,আদিবাসী
খংলাহ,আদিবাসী
মাওয়ং,আদিবাসী
সিংছত্রী,আদিবাসী
দেসওয়ারা,হিন্দু
পাইকনাথ,হিন্দু
দুর্গামনি,হিন্দু
আদনারায়ন,হিন্দু
কংয়াং,আদিবাসী
ইয়ংসাআট,আদিবাসী
টংবেত,আদিবাসী
খংষ্ঠিয়া,আদিবাসী
মালাং,আদিবাসী
লাকচিয়াং,আদিবাসী
রিকিসন,খ্রিস্টান
রিকিয়ারশন,খ্রিস্টান
রিকশন,খ্রিস্টান
সাতেং,আদিবাসী
নেছারুন,মুসলমান
পন্থদাশ,হিন্দু
করিমুননেছা,মুসলমান
সেনুয়ারা,মুসলমান-দুর্বল
ছায়াতুন,মুসলমান
ছুরতুন্নেছা,মুসলমান
আজিবুন্নেছা,মুসলমান
কন্দ্র,হিন্দু
শামছুরনাহার,মুসলমান
জয়াদ্দার,হিন্দু
সমীরনাথ,হিন্দু
রাজেন্দ্রা,হিন্দু
নুনজাহান,মুসলমান
ঝুমুরানী,হিন্দু
এনামুন্নেছা,মুসলমান
এবায়দুল,মুসলমান-দুর্বল
ইনারুল,মুসলমান-দুর্বল
রুলিবালা,হিন্দু
বানেয়ারা,মুসলমান-দুর্বল
বানোয়ারা,মুসলমান-দুর্বল
বিনায়ারা,মুসলমান-দুর্বল
রিনায়ারা,মুসলমান-দুর্বল
মালায়ারা,মুসলমান-দুর্বল
পাখিয়ারা,মুসলমান-দুর্বল
টুনারুল,মুসলমান-দুর্বল
জানেয়ারা,মুসলমান-দুর্বল
আলতামন,মুসলমান
আয়রুল,মুসলমান-দুর্বল
অজ্জুয়ারা,মুসলমান-দুর্বল
হিমুয়ারা,মুসলমান-দুর্বল
বুলিয়ারা,মুসলমান-দুর্বল
চন্দ্রজান,হিন্দু
আশারুল,মুসলমান-দুর্বল
বুলুআরা,মুসলমান
শাবুর,মুসলমান-দুর্বল
গৌসামী,হিন্দু
খিরুজানেছা,মুসলমান
মালারানী,হিন্দু
দুর্গারানী,হিন্দু
জুলিয়াটিম,খ্রিস্টান
নেহেরুল,মুসলমান-দুর্বল
গঙ্গাবালা,হিন্দু
ভুপেন্দ্রনাথ,হিন্দু
হাকিকাল,মুসলমান
আমিদুল,মুসলমান-দুর্বল
তাজব্বার,মুসলমান
ফয়েজুল্লা,মুসলমান
কিয়ারুল,মুসলমান-দুর্বল
দোয়াজ্জুল,মুসলমান
ছাবদুল্লা,মুসলমান
কেয়ারুল,মুসলমান-দুর্বল
রমবিয়া,মুসলমান-দুর্বল
অবেদুল্লা,মুসলমান
নবীছদ্দী,মুসলমান
জুমারুল,মুসলমান-দুর্বল
আছফা,মুসলমান
উল্ফা,হিন্দু
রাহাদুল,মুসলমান-দুর্বল
জামবিয়া,মুসলমান-দুর্বল
নেছারোন,মুসলমান
আমবেয়া,মুসলমান
শাফিনুর,মুসলমান-দুর্বল
আলানুর,মুসলমান-দুর্বল
ছাহেরুন্নেছা,মুসলমান
জয়বুনন্নেছা,মুসলমান
আবজানুর,মুসলমান-দুর্বল
নুরচঁাপা,মুসলমান
রবিদাসী,হিন্দু
মিজানূর,মুসলমান
তহুরুন্নেছা,মুসলমান
সরিফুন্নেছা,মুসলমান
শুক্লদাসি,হিন্দু
পুটিরন্নেছা,মুসলমান
রোশিদুল,মুসলমান-দুর্বল
রোহিদুল,মুসলমান
মিয়াজান,মুসলমান-দুর্বল
ইন্তাদুল,মুসলমান-দুর্বল
আনরুল,মুসলমান-দুর্বল
আবুছদ্দি,মুসলমান
শনিরুল,মুসলমান-দুর্বল
আসান্নুর,মুসলমান-দুর্বল
সদরুল,মুসলমান-দুর্বল
আংটি,আদিবাসী
নুরুমিয়া,মুসলমান
আশানুরী,মুসলমান-দুর্বল
আসমাতুল্লা,মুসলমান
সহিনুর,মুসলমান-দুর্বল
নিহারোন,মুসলমান
নেবুরা,মুসলমান-দুর্বল
রেংঙ্গয়া,আদিবাসী
জামানুর,মুসলমান
সুখীবালা,হিন্দু
খশিয়ারা,মুসলমান-দুর্বল
ইকাদুল,মুসলমান-দুর্বল
দেব্রত,হিন্দু
তলেশ্বরী,হিন্দু
আক্তানুর,মুসলমান-দুর্বল
হচেন,আদিবাসী
শুক্রুরুন্নেছা,মুসলমান
তরিবালা,হিন্দু
জিলাবালা,হিন্দু
ভক্তদাস,হিন্দু
আঞ্জুমানয়ারা,মুসলমান-দুর্বল
মোন্তাজুল,মুসলমান
আবুজাফর,মুসলমান
বাবুরালী,মুসলমান-দুর্বল
ফুরসিরাতুন,মুসলমান
আবাদুল,মুসলমান-দুর্বল
ইচাহাক,মুসলমান
আব্দার,মুসলমান-দুর্বল
জাফিরুল,মুসলমান-দুর্বল
জাহাননূরী,মুসলমান
সারাজাহান,মুসলমান
ছব্দুল,মুসলমান-দুর্বল
মুসাদুল,মুসলমান-দুর্বল
ওবাইদুল্লা,মুসলমান
দুলজান,মুসলমান-দুর্বল
সন্যশী,হিন্দু
দেবনাদ,হিন্দু
আমোদাসী,হিন্দু
গৌরীবালা,হিন্দু
বিপ্রজিৎ,হিন্দু
অনুশীলা,হিন্দু
ফাতুবালা,হিন্দু
ছামাউল,মুসলমান-দুর্বল
সাবানুর,মুসলমান
আনজুমানয়ারা,মুসলমান-দুর্বল
নূরুন্নহার,মুসলমান
লতিফুননাহার,মুসলমান
সন্ধ্যারাণী,হিন্দু
দেবুদাসী,হিন্দু
মহীন্দ্র,হিন্দু
মিছিরন্নেছা,মুসলমান
নিছারুন,মুসলমান
মহিতোন্নেছা,মুসলমান
নিহারন্নেছা,মুসলমান
পরমান্যা,হিন্দু
অংশু,আদিবাসী
রুইদাসী,হিন্দু
প্রমান্য,হিন্দু
নবীরোননেছা,মুসলমান
আরিন্দ্রা,হিন্দু
সবুরোন,মুসলমান-দুর্বল
মেহেদুন্নেছা,মুসলমান
সিংঙ্গাদার,আদিবাসী
মেহেরন্নেছা,মুসলমান
সিংহদার,আদিবাসী
হাকিমোন্নেছা,মুসলমান
ছরাতুন্নেছা,মুসলমান
খুশিয়ারা,মুসলমান-দুর্বল
মাহিরুল,মুসলমান-দুর্বল
কাবিরুল,মুসলমান-দুর্বল
জাব্বারুল,মুসলমান-দুর্বল
বানারুল,মুসলমান-দুর্বল
পাপিয়ারা,মুসলমান-দুর্বল
সাকিরুল,মুসলমান-দুর্বল
ইমনরুল,মুসলমান-দুর্বল
আবুজেল,মুসলমান
মুন্নীয়ারা,মুসলমান-দুর্বল
চুমকিয়ারা,মুসলমান-দুর্বল
দিতিয়ারা,মুসলমান-দুর্বল
দিলিয়ারা,মুসলমান-দুর্বল
বিউটিয়ারা,মুসলমান-দুর্বল
সুমমাইয়ারা,মুসলমান-দুর্বল
যুথিয়ারা,মুসলমান-দুর্বল
বিথিয়ারা,মুসলমান-দুর্বল
শান্তিয়ারা,মুসলমান-দুর্বল
মুক্তিয়ারা,মুসলমান-দুর্বল
বানিয়ারা,মুসলমান-দুর্বল
শুকুবালা,হিন্দু
ইনদাদুল,মুসলমান-দুর্বল
বিথীয়ারা,মুসলমান-দুর্বল
আবিরনন্নেসা,মুসলমান
রাজিদুল,মুসলমান-দুর্বল
ফাতেজাননেছা,মুসলমান
চন্দ্রিকা,হিন্দু
বাকারুল,মুসলমান-দুর্বল
ররহমান,মুসলমান
হাসিয়ারা,মুসলমান-দুর্বল
ছবিরননেছা,মুসলমান
চক্রর্তী,হিন্দু
শুকুরননেছা,মুসলমান
সাজিদুর,মুসলমান
ভাদিবালা,হিন্দু
ছদ্দী,মুসলমান
ইশানুর,মুসলমান-দুর্বল
খাকছারুল,মুসলমান-দুর্বল
ইনছারুল,মুসলমান-দুর্বল
গাফফারুল,মুসলমান-দুর্বল
সবিরুল,মুসলমান-দুর্বল
বানুয়রা,মুসলমান
আন্তানুর,মুসলমান-দুর্বল
রেফাউল,মুসলমান-দুর্বল
আজনাহার,মুসলমান
রানীপাত্র,হিন্দু
মিয়াহ,মুসলমান-দুর্বল
প্রসনজিত,হিন্দু
তাহমিদুল,মুসলমান-দুর্বল
ভানিবালা,হিন্দু
আসানুর,মুসলমান-দুর্বল
তবিবুর,মুসলমান-দুর্বল
গেন্দারানী,হিন্দু
নিশারানী,হিন্দু
আছিরননেছা,মুসলমান
স্নিগ্ধাশীল,হিন্দু
চিরঞ্জিৎ,হিন্দু
ইতিয়ারা,মুসলমান-দুর্বল
শামিরুল,মুসলমান-দুর্বল
পলিচক্রবতির,হিন্দু
জহুরন্নেছা,মুসলমান
জেসন,খ্রিস্টান
বিষ্ণুপুর্দ্দার,হিন্দু
আছিরোননেছা,মুসলমান
দুলজার,মুসলমান-দুর্বল
শলোবালা,হিন্দু
ছানুবালা,হিন্দু
তৌহিদুজাজামান,মুসলমান
কেষ্টদাস,হিন্দু
জহিরন্নেছা,মুসলমান
ছবুরুন্নেছা,মুসলমান
আনঞ্জুয়ারা,মুসলমান-দুর্বল
নুরজহান,মুসলমান-দুর্বল
শরিফুননেছা,মুসলমান
হাউল,মুসলমান-দুর্বল
তুতোরানী,হিন্দু
বিল্যাহ,মুসলমান
সুপেন্দ্রনাথ,হিন্দু
মোহাম্মাদালী,মুসলমান
তহারুন্নেছা,মুসলমান
ময়েশ্বরী,হিন্দু
দাশি,হিন্দু
জায়রুন্নেছা,মুসলমান
দেবযানী,হিন্দু
গৌরজান,হিন্দু
হোসনিআরা,মুসলমান
শ্রীমানী,হিন্দু
অজয়বর,হিন্দু
তুলাদাশি,হিন্দু
গঙ্গাদেবী,হিন্দু
শুকনেছা,মুসলমান
লুৎফূন্নেছা,মুসলমান
সাইদুজজামান,মুসলমান
শতবালা,হিন্দু
জয়াদাসী,হিন্দু
তৈমুননেছা,মুসলমান
সন্নাসি,হিন্দু
দেবেলা,হিন্দু
গ্যানো,আদিবাসী
বরদেবী,হিন্দু
প্রস্নজিৎ,হিন্দু
আজুয়ারা,মুসলমান-দুর্বল
দীনেষ,হিন্দু
নুরহায়েনি,মুসলমান-দুর্বল
আব্দুল্লযা,মুসলমান
নুরুচ্ছপা,মুসলমান
নুরুছপা,মুসলমান
নুরুজজাহান,মুসলমান
মাচিচেং,আদিবাসী
উয়েবংপ্রু,আদিবাসী
পেচেংউ,আদিবাসী
লাম্মাচিং,আদিবাসী
ছানাছিং,আদিবাসী
মাচিংইয়ে,আদিবাসী
লাসাং,আদিবাসী
থঁ্যাচিং,আদিবাসী
চেংচেনউ,আদিবাসী
মাছিংয়ে,আদিবাসী
ধুমাসিং,আদিবাসী
আথাছিং,আদিবাসী
মিসাং,আদিবাসী
ছেংম্মা,আদিবাসী
লাসিংয়েন,আদিবাসী
লাউছিং,আদিবাসী
ছেকিং,আদিবাসী
মংম্যায়াচিং,আদিবাসী
সুইমং,আদিবাসী
ক্যাজেলা,আদিবাসী
তাচেংচিং,আদিবাসী
মংলাচিং,আদিবাসী
অংক্যা,আদিবাসী
ক্যাচেমং,আদিবাসী
চেচিঅং,আদিবাসী
ছিলুমং,আদিবাসী
জলাইমং,আদিবাসী
মংথেনজ্যা,আদিবাসী
ছিংথেইন,আদিবাসী
বুবুমং,আদিবাসী
মংছাদু,আদিবাসী
উখিমং,আদিবাসী
আক্যামং,আদিবাসী
মংছেমি,আদিবাসী
ছ্যালেমং,আদিবাসী
মংমরি,আদিবাসী
সোলামং,আদিবাসী
মংছেলাই,আদিবাসী
ক্যাচিংমং,আদিবাসী
ক্যাওয়ে,আদিবাসী
মংবাচিং,আদিবাসী
অংক্যাথেন,আদিবাসী
থোইংয়ে,আদিবাসী
মংইলা,আদিবাসী
মংএচিং,আদিবাসী
মংদুউ,আদিবাসী
মংকোথেন,আদিবাসী
দুংছিমং,আদিবাসী
মংছেছা,আদিবাসী
ওছেমং,আদিবাসী
ওতৌছিং,আদিবাসী
মেকেংজ,আদিবাসী
ছেংথ্রোএ,আদিবাসী
শৈউমং,আদিবাসী
মাখিংওয়া,আদিবাসী
মাক্যনচিং,আদিবাসী
মাখিচেং,আদিবাসী
ইনুচিং,আদিবাসী
ক্যামৌ,আদিবাসী
থেংচিউ,আদিবাসী
চেনছা,আদিবাসী
ছেনক্য,আদিবাসী
থেনাথেউ,হিন্দু
ক্যখিন,আদিবাসী
জ্যাওয়ান,আদিবাসী
ক্যখিংউ,আদিবাসী
মংছেনথে,আদিবাসী
ছাবেকুলনাহার,মুসলমান
ছাবেকুনাহার,মুসলমান
শুফীয়ারা,মুসলমান-দুর্বল
ছম্মাছিং,আদিবাসী
চফ্রু,আদিবাসী
নিলাওয়াং,আদিবাসী
মাঞাউচিং,আদিবাসী
ইয়েনোচেং,আদিবাসী
মাসাফ্রু,আদিবাসী
ছিংলাখাইন,আদিবাসী
মাছাংউ,আদিবাসী
নুনুখিং,আদিবাসী
চেংলাফ্রু,আদিবাসী
ছিংসে,আদিবাসী
ম্মাখিংউ,আদিবাসী
খিংচন্যে,আদিবাসী
মাফ্রু,আদিবাসী
মাখিংউয়া,আদিবাসী
মুসাং,আদিবাসী
এছিংএ,আদিবাসী
থ্লাম্মাছিং,আদিবাসী
লাছংছিং,আদিবাসী
খিংমাউ,আদিবাসী
ইংছামে,আদিবাসী
খিংসান,আদিবাসী
অংমাছা,আদিবাসী
ছেংছেনু,আদিবাসী
এম্মাচিং,আদিবাসী
মাছিংশে,আদিবাসী
হলাঞচিং,আদিবাসী
লানুখিং,আদিবাসী
উখেচিং,আদিবাসী
চিংনাই,আদিবাসী
লাখিং,আদিবাসী
অংনু,আদিবাসী
খিংমেচেন,আদিবাসী
মাসেনচিং,আদিবাসী
উছেনছিং,আদিবাসী
হলান্যেচিং,আদিবাসী
লায়েফ্রু,আদিবাসী
মাছেংয়েন,আদিবাসী
নেংক্য,আদিবাসী
ফ্রুমারি,আদিবাসী
খিংএছেন,আদিবাসী
মাছেংছিন,আদিবাসী
নেম্মাছিং,আদিবাসী
উয়েনফ্রু,আদিবাসী
উয়েচিং,আদিবাসী
সাংরি,আদিবাসী
আছিংমে,আদিবাসী
লাচিংনু,আদিবাসী
খিংখিং,আদিবাসী
ইংসেনছা,আদিবাসী
মাসাংথি,আদিবাসী
অংসেনছা,আদিবাসী
খিংছেনু,আদিবাসী
উনাং,আদিবাসী
লাচং,আদিবাসী
উচখিং,আদিবাসী
ইম্মাখিং,আদিবাসী
ম্মাছেংয়েন,আদিবাসী
ছেংম্মায়ীন,আদিবাসী
মাখিংউ,আদিবাসী
মাখিনক্য,আদিবাসী
খিংনু,আদিবাসী
উখিংনুৎ,আদিবাসী
মাছেনছিং,আদিবাসী
খিংলাওয়ান,আদিবাসী
ছাজোঅং,আদিবাসী
অংক্যথোইন,আদিবাসী
সেম্মাঅং,আদিবাসী
মংখি,আদিবাসী
চেংরীমং,আদিবাসী
লামংসে,আদিবাসী
উলাচেন,আদিবাসী
সিম্মাচেন,আদিবাসী
উবামং,আদিবাসী
মংসিয়ী,আদিবাসী
অংছেলা,আদিবাসী
মংছানসুইম্মযা,আদিবাসী
কেরীমং,আদিবাসী
ক্যথেনরি,আদিবাসী
আফ্রুশ,আদিবাসী
ক্যলাচিং,আদিবাসী
আফ্রুরী,আদিবাসী
ক্যছিংঅং,আদিবাসী
মংক্যিউ,আদিবাসী
ওয়াংছা,আদিবাসী
আবামং,আদিবাসী
ক্যছে,আদিবাসী
ছেনটিনমং,আদিবাসী
চেংখেলা,আদিবাসী
চেনচাইগ্য,আদিবাসী
চোনেটেং,আদিবাসী
মংফা,আদিবাসী
মংছেঞে,আদিবাসী
মংমংরী,আদিবাসী
অংথেনক্য,আদিবাসী
ছেংক্য,আদিবাসী
মংছাথোইন,আদিবাসী
আক্যমং,আদিবাসী
আশাইমং,আদিবাসী
মংলায়েন,আদিবাসী
মংছেম্মা,আদিবাসী
অংখিন,আদিবাসী
এলাঅং,আদিবাসী
মংথেনলা,আদিবাসী
উথোনইখিং,আদিবাসী
আফ্রুমং,আদিবাসী
ছৈনতেমং,আদিবাসী
মংগি,আদিবাসী
মংচখিন,আদিবাসী
খিনমংথেনই,আদিবাসী
মংচিওয়ে,আদিবাসী
অংম্মাছা,আদিবাসী
চেনরী,আদিবাসী
অংছোথেন,আদিবাসী
মংছেনয়িন,আদিবাসী
উক্যহিন,আদিবাসী
থৈয়িং,আদিবাসী
মংথৈই,আদিবাসী
থৈইনরি,আদিবাসী
মংলাওয়ে,আদিবাসী
মংকেম্মা,আদিবাসী
উচেংলা,আদিবাসী
মংওয়ানক্য,আদিবাসী
ফ্রুথেইন,আদিবাসী
মংসেছেন,আদিবাসী
অংছাথোইন,আদিবাসী
আক্যরী,আদিবাসী
হলাসানমং,আদিবাসী
থেনলাক্য,আদিবাসী
মংক্যওয়ান,আদিবাসী
লাঅং,আদিবাসী
থেনসামং,আদিবাসী
মংছেনথেন,আদিবাসী
উক্যথিং,আদিবাসী
অংজেংরী,আদিবাসী
ময়েনফ্রু,আদিবাসী
অংছেথেইন,আদিবাসী
বালামং,হিন্দু
মইচিং,আদিবাসী
চিংছামং,আদিবাসী
অংচিংথেন,আদিবাসী
মংচিম্মা,আদিবাসী
মিজুমং,আদিবাসী
মংবাছিনং,আদিবাসী
মংছা,আদিবাসী
থৈইঅং,আদিবাসী
সেনথাক্য,আদিবাসী
মংখিংওয়ান,আদিবাসী
উলাঅং,আদিবাসী
ফ্রুসান,আদিবাসী
ছামং,আদিবাসী
সেলাঅং,আদিবাসী
মংকেএ,আদিবাসী
মংনু,আদিবাসী
মংলাউ,আদিবাসী
চিংরিমং,আদিবাসী
ক্যাছিমং,আদিবাসী
চংলু,আদিবাসী
সোটিং,আদিবাসী
উথোইনজয়,হিন্দু
মংয়েছা,আদিবাসী
ছেংথেন,আদিবাসী
মংএয়াছিন,আদিবাসী
থোইক্য,আদিবাসী
মংখিউ,আদিবাসী
উক্যথেং,আদিবাসী
অংক্যলাই,আদিবাসী
ফ্রুসে,আদিবাসী
মংলাজ্য,আদিবাসী
মংখিছেন,আদিবাসী
মংছেনচো,আদিবাসী
জোনেথেং,আদিবাসী
ছেলামং,আদিবাসী
উমংছেন,আদিবাসী
মংটিনলেন,আদিবাসী
ক্যাটিং,আদিবাসী
সোথেং,আদিবাসী
ভারীমং,আদিবাসী
অংচথেন,আদিবাসী
লাংলাং,আদিবাসী
থেংএ,আদিবাসী
ইজুমং,আদিবাসী
ছেনওয়ানমং,আদিবাসী
উক্যছোয়ে,আদিবাসী
উক্যছেন,আদিবাসী
মোঅং,আদিবাসী
চিংজ্য,আদিবাসী
খেমংলেন,আদিবাসী
মংচোমি,আদিবাসী
ছেংক্যয়,আদিবাসী
মাছছিং,আদিবাসী
খিংম্মাছেন,আদিবাসী
ছেনখিংনু,আদিবাসী
ছানখাক্য,আদিবাসী
মংছেনলা,আদিবাসী
অংচিথেইন,আদিবাসী
ক্যলেমিন,আদিবাসী
মংথেইওয়ান,আদিবাসী
জওয়াংমং,আদিবাসী
উফিছিং,আদিবাসী
মংছেননু,আদিবাসী
অংম্মাসি,আদিবাসী
চাহনাংজিং,আদিবাসী
লায়েংচিং,আদিবাসী
চাহলচিং,আদিবাসী
চাচিমং,আদিবাসী
অংহলাচিং,আদিবাসী
লুৎফান্নেছা,মুসলমান
মংখ্যাইমং,আদিবাসী
মংকালা,আদিবাসী
মংউসাং,আদিবাসী
উছিংম্মা,আদিবাসী
বুংমং,আদিবাসী
মংথোইংম্মা,আদিবাসী
আপ্রুছিং,আদিবাসী
ক্যম্মাউং,আদিবাসী
মংপ্রুন্যান্ট,আদিবাসী
নিউমংরী,আদিবাসী
মংফেছিং,আদিবাসী
আজামং,আদিবাসী
ম্মামংচিং,আদিবাসী
বাবুমং,আদিবাসী
মেইগ্য,আদিবাসী
মংছেনম্মা,আদিবাসী
মংছাহলা,আদিবাসী
অংচছিং,আদিবাসী
ওক্যেমি,আদিবাসী
ম্মাগ্য,আদিবাসী
উলামং,আদিবাসী
ক্যছেংমং,আদিবাসী
উছিংথে,আদিবাসী
ক্যালাইং,আদিবাসী
মংচনাইং,আদিবাসী
ক্যজহিন,আদিবাসী
নেংমাসাং,আদিবাসী
মেখিং,আদিবাসী
ছেংনুং,আদিবাসী
মেমেছেং,আদিবাসী
এক্যছিং,আদিবাসী
ছিংয়াই,আদিবাসী
এচছিং,আদিবাসী
মাছেংএ,আদিবাসী
আনচিং,আদিবাসী
মাছেংউ,আদিবাসী
ছানাং,আদিবাসী
মাছিংউ,আদিবাসী
মুনাং,আদিবাসী
ম্মাছেংখিং,আদিবাসী
ম্যামাছেং,আদিবাসী
এক্যনুং,আদিবাসী
ছিংএম্যা,আদিবাসী
নেংক্যখিং,আদিবাসী
উম্মানুং,আদিবাসী
উছিংয়াই,আদিবাসী
এছেনখিং,আদিবাসী
মানেখিং,আদিবাসী
টিংটিংউ,আদিবাসী
টিংটিংচৌ,আদিবাসী
ক্যওয়েমং,আদিবাসী
সুইথোইমং,আদিবাসী
মংত্রছিং,আদিবাসী
মংলায়াই,আদিবাসী
কোক্যমেং,আদিবাসী
মংথোইওয়ান,আদিবাসী
মংয়াই,আদিবাসী
অংনাইউ,আদিবাসী
উসেইমং,আদিবাসী
মংচএ,আদিবাসী
থোইএমং,আদিবাসী
ম্মোছেং,আদিবাসী
উতেংমং,আদিবাসী
উচমং,আদিবাসী
প্রুথেইমং,আদিবাসী
মেখ্যাই,আদিবাসী
থেইম্মাচিং,আদিবাসী
ক্যঞোই,আদিবাসী
মংছেহেন,আদিবাসী
মংখ্যাইহৃী,আদিবাসী
মংছো,আদিবাসী
মংবুরী,মুসলমান-দুর্বল
উহলাথোইং,আদিবাসী
উসোইছিং,আদিবাসী
চম্মামং,আদিবাসী
মংম্যিথোই,আদিবাসী
থেইং,আদিবাসী
উম্মাওয়াং,আদিবাসী
থোইংয়াইং,আদিবাসী
উহলাগ্য,আদিবাসী
ক্যওয়াং,আদিবাসী
হলামংছিং,আদিবাসী
উথোইংখিং,আদিবাসী
ক্যসেঅং,আদিবাসী
মংম্মাথোইং,আদিবাসী
অংছিংগ্য,আদিবাসী
ম্মানেয়াইং,আদিবাসী
হলামাপ্রু,আদিবাসী
মাখ্যাই,আদিবাসী
আক্যমে,আদিবাসী
মাখিংঞেই,আদিবাসী
মাচেনছা,আদিবাসী
মাছানুং,আদিবাসী
ছানাংপ্রু,আদিবাসী
লুংমাসাং,আদিবাসী
খিংছেনুং,আদিবাসী
নাংচিংখ্যাইন,আদিবাসী
য়াইচিং,আদিবাসী
এছিং,আদিবাসী
চিংনুং,আদিবাসী
উখিংনুং,আদিবাসী
এছংচিং,আদিবাসী
মাচম্যাইং,আদিবাসী
মাছিংঞো,আদিবাসী
ওয়াংচিং,আদিবাসী
হলাক্যনুং,আদিবাসী
হলাছংচিং,আদিবাসী
মেখ্যাইচিং,আদিবাসী
মানেংখিং,আদিবাসী
য়াইনুং,আদিবাসী
মাছিংয়াই,আদিবাসী
নেইচিং,আদিবাসী
লুংমাচিং,আদিবাসী
ঙেছংচিং,আদিবাসী
এম্যাচিং,আদিবাসী
মাছেংহলা,আদিবাসী
উয়াইচিং,আদিবাসী
অংক্রেখিং,আদিবাসী
মাছিংঞেই,আদিবাসী
হলাসাং,আদিবাসী
ম্মাচিংঞো,আদিবাসী
উয়াইগ্য,আদিবাসী
আলাং,আদিবাসী
বুসাংরী,আদিবাসী
চংছেন,আদিবাসী
ইং,আদিবাসী
সুইনেয়াইং,আদিবাসী
উখ্যাইমে,আদিবাসী
প্রুমাশে,আদিবাসী
ছেংখিং,আদিবাসী
মাছেছিং,আদিবাসী
মেছেংউ,আদিবাসী
ম্মাছিংপ্রু,আদিবাসী
উমেছিং,আদিবাসী
রণজিৎ,হিন্দু
নুরুচ্ছাফা,মুসলমান
কমরুন্নেসা,মুসলমান
ইউমাছিং,আদিবাসী
ছেংচি,আদিবাসী
আলুছেং,আদিবাসী
খাইং,আদিবাসী
ছেংলামে,আদিবাসী
লাছিং,আদিবাসী
কিলাছেং,আদিবাসী
মাসাইছিং,আদিবাসী
আব্বুরি,মুসলমান-দুর্বল
উছেচিং,আদিবাসী
ছিংম্মা,আদিবাসী
লামেসাং,আদিবাসী
ভাসাং,আদিবাসী
খিংখিংলা,আদিবাসী
ছেংলাই,আদিবাসী
ক্যাচাছিং,আদিবাসী
ক্যথোইনুলা,আদিবাসী
কালামং,আদিবাসী
লাঅংফু,আদিবাসী
আউম্মাচাং,আদিবাসী
সাইমং,আদিবাসী
হেমং,আদিবাসী
মংলহায়ে,আদিবাসী
বাবুছেং,আদিবাসী
অংসে,আদিবাসী
উম্মুচছফা,মুসলমান
নুরুন্নিছা,মুসলমান
কমরুন্নিছা,মুসলমান
জিয়াবুননেছা,মুসলমান
যামশেদ,মুসলমান
রহিমুন্নিছা,মুসলমান
মাছিংপু,আদিবাসী
ওকিংপু,আদিবাসী
অক্রাচিং,আদিবাসী
মাকিংইউ,আদিবাসী
রাইমং,আদিবাসী
মংকিউচিং,আদিবাসী
অংকিউচিং,আদিবাসী
তাইং,আদিবাসী
মংতাইংচিং,আদিবাসী
মুনাংপু,আদিবাসী
অংচাইলা,আদিবাসী
মাছেখিং,আদিবাসী
অংছেং,আদিবাসী
অংক্যয়ছেং,আদিবাসী
উবাকিং,আদিবাসী
মংটংকিং,আদিবাসী
মংচিংথেই,আদিবাসী
টেংছিটেং,আদিবাসী
উলাথোয়াই,আদিবাসী
থৈনাছু,আদিবাসী
মালাকিং,আদিবাসী
উনেছিং,আদিবাসী
মাকিংও,আদিবাসী
ক্যজেংলহা,আদিবাসী
অংগ্য,আদিবাসী
সুইক্যলহা,আদিবাসী
ছিংমং,আদিবাসী
ক্যজউ,আদিবাসী
বাক্য,আদিবাসী
ক্যরী,আদিবাসী
ক্যমংথেইন,আদিবাসী
অহলামং,আদিবাসী
ক্যওয়াসেই,আদিবাসী
উক্যানাই,আদিবাসী
ক্যছিংম্মা,আদিবাসী
অংক্যনাই,আদিবাসী
ক্যারেনাই,আদিবাসী
ওয়াংছেংমং,আদিবাসী
নাইলাংথৈন,আদিবাসী
মাঅংথৌ,আদিবাসী
মাংফ্রু,আদিবাসী
মংলাক্য,আদিবাসী
ফ্রুয়েই,আদিবাসী
উলহাইয়াই,আদিবাসী
নাংছা,আদিবাসী
আংখংয়,আদিবাসী
নুয়েছিং,আদিবাসী
ছিংছিং,আদিবাসী
লাংছেংচিং,আদিবাসী
লাংওয়ানন্য,আদিবাসী
খিংম্যাছেন,আদিবাসী
ম্মাছেংদা,আদিবাসী
বাবুইং,আদিবাসী
লাসিং,আদিবাসী
কাইছিফ্রু,আদিবাসী
রাজিয়ান্নেছা,মুসলমান
উনুখিং,আদিবাসী
খিংমিতউ,আদিবাসী
এনুক্য,আদিবাসী
ক্যামিউজ,আদিবাসী
পাকেং,আদিবাসী
চৈক্যমং,আদিবাসী
তংঞ্চাঙ্গ্যা,আদিবাসী
তঞ্চাঙ্গঁ্যা,আদিবাসী
তফতঙ্গঁ্যা,আদিবাসী
তানছিং,আদিবাসী
ক্যমংলা,আদিবাসী
মংন্যেই,আদিবাসী
ক্যথোইছা,আদিবাসী
থোইংউতিন,আদিবাসী
ক্যংওয়ান,আদিবাসী
ম্মোগ্য,আদিবাসী
সুইক্য,আদিবাসী
চিংথোয়াইন,আদিবাসী
অংসুইজেন,আদিবাসী
মনতাছিং,আদিবাসী
থোইঅংক্য,আদিবাসী
মংসুছিং,আদিবাসী
থোইউক্য,আদিবাসী
ক্যছাছিং,আদিবাসী
মংজ্যউ,আদিবাসী
অংপ্রেফ্রু,আদিবাসী
ম্মছছিং,আদিবাসী
মাছিংখিং,আদিবাসী
ছনাংএ,আদিবাসী
উক্যখিং,আদিবাসী
চেনসুইম্যা,আদিবাসী
মাম্মাখিং,আদিবাসী
খিংঞয়াং,আদিবাসী
ওয়াংমাপ্রু,আদিবাসী
নুখিং,আদিবাসী
টিংটিং,আদিবাসী
চিংম্মাখাইং,আদিবাসী
চোনুংপ্রু,আদিবাসী
খিংখিংছেন,আদিবাসী
উছেনক্যী,আদিবাসী
ক্যাখিং,আদিবাসী
কেনখিং,আদিবাসী
পোপ্রু,আদিবাসী
চেনমাসে,আদিবাসী
চেনওয়ান,আদিবাসী
ম্মাসাং,আদিবাসী
মাক্যাখিং,আদিবাসী
নিনিওয়াং,আদিবাসী
উচিংয়াই,আদিবাসী
ছিংনুখিং,আদিবাসী
চম্যাখাইং,আদিবাসী
চৌম্মেথৈ,আদিবাসী
নাং,আদিবাসী
উসাংপ্রু,আদিবাসী
চিংচিংউ,আদিবাসী
উয়াইংচো,আদিবাসী
খিংম্মেটলাই,আদিবাসী
মংচ্যাউলা,আদিবাসী
মংকিতাইং,আদিবাসী
লাচিংগ্য,আদিবাসী
ময়ুকেং,আদিবাসী
তংচচঙ্গঁ্যা,আদিবাসী
ওয়াইনচিং,আদিবাসী
আনজুমিয়া,মুসলমান-দুর্বল
খায়রন্নেছা,মুসলমান
মিলনেনেছা,মুসলমান
দেবরাজ,হিন্দু
দেরোয়ারা,মুসলমান-দুর্বল
ভগ্যবতী,হিন্দু
হাস্যবালা,হিন্দু
শ্রীনিবাস,হিন্দু
সৈলবালা,হিন্দু
সনজীতা,খ্রিস্টান
ছিদ্দিকেন্নেছা,মুসলমান
স্বর্বানন্দ,হিন্দু
ছফুল্লা,মুসলমান
দ্বেবিন্দ্র,হিন্দু
সাহজাহান,মুসলমান
ছেংয়াইন,আদিবাসী
কিংছেন,আদিবাসী
উথোইচিং,আদিবাসী
মংক্যছিন,আদিবাসী
আউসিং,আদিবাসী
ম্মাঅংলা,আদিবাসী
ক্যহিংথোইং,আদিবাসী
জমংউ,আদিবাসী
ক্যলামং,আদিবাসী
মংম্মাওয়া,আদিবাসী
মংখিনওয়া,আদিবাসী
মংএছিন,আদিবাসী
ছেননুয়াইং,আদিবাসী
সিংক্যউ,আদিবাসী
ম্মাসিংখাইন,আদিবাসী
ছেনয়াইং,আদিবাসী
মংয়াইথেন,আদিবাসী
ক্যবা,আদিবাসী
তেথাংশে,আদিবাসী
চিংম্মাথোইন,আদিবাসী
হলামংচিং,আদিবাসী
মংছয়াইন,আদিবাসী
ভালূমং,আদিবাসী
হলাক্যচিং,আদিবাসী
মংকইনকহলা,আদিবাসী
মংথোইনয়াইন,আদিবাসী
অংক্যয়াইন,আদিবাসী
ক্যছাচিং,আদিবাসী
থোইনক্য,আদিবাসী
বালাইন,হিন্দু
মংছেনয়াইন,আদিবাসী
মংধাংঅং,আদিবাসী
ছেংসে,আদিবাসী
কেংগ্রী,আদিবাসী
উহলামং,আদিবাসী
ক্যম্মাচিং,আদিবাসী
মংচলাইন,আদিবাসী
ধুংক্য,আদিবাসী
থোইনম্মাগ্য,আদিবাসী
উথোইনচিং,আদিবাসী
অংথোইনছা,আদিবাসী
ভেমং,আদিবাসী
ছিংথোইন,আদিবাসী
কালাগ্যা,আদিবাসী
ধুংচেং,আদিবাসী
মংছেনরী,আদিবাসী
উথোইং,আদিবাসী
আচেন,আদিবাসী
ক্যথোইন,আদিবাসী
ক্যথোইনম্মা,আদিবাসী
ছাবঅং,আদিবাসী
উক্যহলা,আদিবাসী
অংথোইনয়াইন,আদিবাসী
কেংউমং,আদিবাসী
অংপ্রু,আদিবাসী
ক্যসে,আদিবাসী
ক্যনুং,আদিবাসী
চিংছাঅং,আদিবাসী
ছিংমংহলা,আদিবাসী
মংমংহলা,আদিবাসী
ক্যরি,আদিবাসী
জলাং,আদিবাসী
ছেংছেং,আদিবাসী
ক্যথুইওয়ান,আদিবাসী
সাংওয়ান,আদিবাসী
মংখিংনু,আদিবাসী
মংবাক্য,আদিবাসী
অংছেননে,আদিবাসী
ছেংসান,আদিবাসী
ক্যঞিন,আদিবাসী
মংক্যখিন,আদিবাসী
ছমং,আদিবাসী
ম্মামংচেন,আদিবাসী
লাংখাইন,আদিবাসী
ক্যহিন,আদিবাসী
অংম্মাওয়ান,আদিবাসী
মংছেনওয়ে,আদিবাসী
অংছেনথোইন,আদিবাসী
উঅংছেং,আদিবাসী
অংচোমং,আদিবাসী
মান্যোয়ে,হিন্দু
ক্যা,আদিবাসী
নেংয়াইনচিং,আদিবাসী
হলাখিংছেং,আদিবাসী
চছিংয়াইন,আদিবাসী
মাছেনুং,আদিবাসী
অংন্যোয়েন,আদিবাসী
নাংএ,আদিবাসী
চিংহলামে,আদিবাসী
ধুংমাসে,আদিবাসী
ধুংমে,আদিবাসী
হলাছিংয়াইন,আদিবাসী
চিংনং,আদিবাসী
নেহলাচিং,আদিবাসী
মাহেনচিং,আদিবাসী
ইংসাইনমা,আদিবাসী
আধুংখাইন,আদিবাসী
ছাপ্রু,আদিবাসী
এনুং,আদিবাসী
মাছাংচিং,আদিবাসী
একিং,আদিবাসী
এ্যানুং,আদিবাসী
খিংছেননু,আদিবাসী
উনচেন,আদিবাসী
আছাংসে,আদিবাসী
উখাইনচিং,আদিবাসী
ম্মাপ্রু,আদিবাসী
আক্যইন,আদিবাসী
অংমেছেন,আদিবাসী
মাখিংন্যে,আদিবাসী
মাক্যওয়ে,আদিবাসী
কৈমাচিং,আদিবাসী
ম্মাছিংয়াইন,আদিবাসী
ছিংক্যউ,আদিবাসী
মাসাংউ,আদিবাসী
ম্মাএচিং,আদিবাসী
ছেননুখিং,আদিবাসী
মাছেনখিং,আদিবাসী
হলায়াইনচিং,আদিবাসী
খিংচয়িন,আদিবাসী
খিংম্মাচু,আদিবাসী
খিংমোয়াইন,আদিবাসী
মাক্যম্মা,আদিবাসী
চেন্দাওয়ান,আদিবাসী
মাক্যাচিং,আদিবাসী
উএক্যি,আদিবাসী
উক্যখিন,আদিবাসী
ম্মায়াইনচিং,আদিবাসী
খিংক্য,আদিবাসী
ছিংম্মায়িন,আদিবাসী
মাহ্নাথি,হিন্দু
ছেনুকিং,আদিবাসী
ম্মাছেনখিং,আদিবাসী
মংফোচিং,আদিবাসী
ছাপ্রুথোইন,আদিবাসী
চেনমং,আদিবাসী
ক্যউমং,আদিবাসী
হলাঅং,আদিবাসী
মংয়েইসে,আদিবাসী
চেনম্মাক্য,আদিবাসী
ম্মামংউ,আদিবাসী
নাথুই,হিন্দু
অংছাং,আদিবাসী
অংছিনরী,আদিবাসী
অংহলাথোইন,আদিবাসী
মংথোইনছা,আদিবাসী
মংফচিং,আদিবাসী
খিনমংহলী,আদিবাসী
সুইচিং,আদিবাসী
উথোইমং,আদিবাসী
মংএ,আদিবাসী
মংছিনউ,আদিবাসী
ক্যাছেন,আদিবাসী
ক্যাইন,আদিবাসী
মংফি,আদিবাসী
ছাথোইচিং,আদিবাসী
মংচহা,আদিবাসী
মংচয়াইন,আদিবাসী
মংমাই,আদিবাসী
ক্যথেন,আদিবাসী
অংথোইছা,আদিবাসী
মংথোইনম্মি,আদিবাসী
অংক্যইছিন,আদিবাসী
মংসোছেন,আদিবাসী
অংছেনউ,আদিবাসী
হলাখিংমং,আদিবাসী
আসাইমং,আদিবাসী
ক্যছেনউ,আদিবাসী
উথোইংলাইন,আদিবাসী
হলারীমং,আদিবাসী
হলামংসাই,আদিবাসী
মংছাহেন,আদিবাসী
ক্যালাইন,আদিবাসী
ক্যছুর,আদিবাসী
উথেনছিং,আদিবাসী
মংমংছেন,আদিবাসী
অংচোওয়ান,আদিবাসী
সুইমংছিন,আদিবাসী
মংছিংথোইন,আদিবাসী
অংনাইন,আদিবাসী
এক্যছেন,আদিবাসী
অংক্যমো,আদিবাসী
ক্যথোইনওয়ান,আদিবাসী
অংত্যলাইন,আদিবাসী
চিংহ্নায়াইন,আদিবাসী
আছাংমে,আদিবাসী
অংমারী,আদিবাসী
আক্যাইনমে,আদিবাসী
নাংছাওয়ে,আদিবাসী
আমাচিং,আদিবাসী
ছাং,আদিবাসী
ম্মাছেনছিং,আদিবাসী
আনুংমে,আদিবাসী
প্রুমারী,আদিবাসী
ম্মাছেনচিং,আদিবাসী
মাসুইখিং,আদিবাসী
ইয়াংছেন,আদিবাসী
সাইপ্রু,আদিবাসী
অংন্যানচিং,আদিবাসী
চিংহলামা,আদিবাসী
চিংনুমা,আদিবাসী
কেনমাচিং,আদিবাসী
উয়াইনচিং,আদিবাসী
হলানেসাং,আদিবাসী
মাহলাচিং,আদিবাসী
নুংমা,আদিবাসী
চিংছেনমে,আদিবাসী
উসাংমে,আদিবাসী
নিহলাচিং,আদিবাসী
চসাংমা,আদিবাসী
খিংচনু,আদিবাসী
খিনাংয়েং,আদিবাসী
মংহলাওয়ে,আদিবাসী
চেনহলামং,আদিবাসী
উবাচিং,আদিবাসী
ছাচিং,আদিবাসী
মংবাখিন,আদিবাসী
চিংছা,আদিবাসী
বারিমং,আদিবাসী
উহলাসাং,আদিবাসী
চাক্য,আদিবাসী
থোইনম্মাক্য,আদিবাসী
মেনাং,আদিবাসী
ক্যওয়েন,আদিবাসী
ফ্রুসা,আদিবাসী
মংচিংয়াইন,আদিবাসী
মংচিংথোইন,আদিবাসী
মংছালা,আদিবাসী
ক্যাচিংলা,আদিবাসী
অংক্যজ্য,আদিবাসী
মংচনুং,আদিবাসী
সেং,আদিবাসী
সাংমং,আদিবাসী
মংম্মাচেন,আদিবাসী
অংঞাচিং,আদিবাসী
ঞোওফ্রু,আদিবাসী
সইনাং,আদিবাসী
অংখাইঞা,আদিবাসী
মংএসাই,আদিবাসী
মংসেওয়ন,আদিবাসী
অংক্যচিন,আদিবাসী
মংথ্লাওয়ান,আদিবাসী
মংসা,আদিবাসী
মংছেনহলা,আদিবাসী
এক্যি,আদিবাসী
আটিং,আদিবাসী
খিংমেছেন,আদিবাসী
উবাক্য,আদিবাসী
ছালামং,আদিবাসী
মংরে,আদিবাসী
ক্যম্যাছিন,আদিবাসী
মংটিনউ,আদিবাসী
মংফুরী,আদিবাসী
থেং,আদিবাসী
মংস্যেওয়ান,আদিবাসী
আপ্রুসে,আদিবাসী
থিনলাংজ্য,আদিবাসী
চেনমা,আদিবাসী
ইচিং,আদিবাসী
সেইথেনপ্রু,আদিবাসী
মংসাং,আদিবাসী
লুংসাং,আদিবাসী
মংক্যমান,আদিবাসী
ফ্রুরী,আদিবাসী
চোলাং,আদিবাসী
ক্যছেনলাইন,আদিবাসী
মংচিংথেন,আদিবাসী
উক্যংছিং,আদিবাসী
মালাচিং,আদিবাসী
ক্যসামং,আদিবাসী
চিংলা,আদিবাসী
ক্যহেন,আদিবাসী
মংফ্রুথেন,আদিবাসী
ম্মাশৈমং,আদিবাসী
উছমং,আদিবাসী
মংএম্মাইন,আদিবাসী
চঁয়েফ্রু,আদিবাসী
মংসোচিং,আদিবাসী
অংম্মাজেন,আদিবাসী
মংবাথোইন,আদিবাসী
মংছেওয়ান,আদিবাসী
উখ্যাইচিং,আদিবাসী
মংছেনম্যিন,আদিবাসী
ছেক্য,আদিবাসী
মংবাথিন,আদিবাসী
মংছংচীং,আদিবাসী
মংসীকু,আদিবাসী
মংওয়াইন,আদিবাসী
উক্যছিং,আদিবাসী
ক্যাজেম্মা,আদিবাসী
মংক্যহলা,আদিবাসী
অক্যরী,আদিবাসী
অংকছি,আদিবাসী
খিসেংনু,আদিবাসী
মাচিংলা,আদিবাসী
ক্যউ,আদিবাসী
চেননু,আদিবাসী
ম্মাসাংমা,আদিবাসী
মাছিংমে,আদিবাসী
লাফ্রু,আদিবাসী
ক্যহলাঅং,আদিবাসী
মংছাক্য,আদিবাসী
উক্যছা,আদিবাসী
অংমংঞেই,আদিবাসী
মংটিন,আদিবাসী
খিংমংথে,আদিবাসী
উক্যম্মান,আদিবাসী
মংচিনছেন,আদিবাসী
মংক্যটিন,আদিবাসী
অংথু,আদিবাসী
মংক্যনিন,আদিবাসী
চিমং,আদিবাসী
মংছাম্মা,আদিবাসী
মংছাতুন,মুসলমান
টেনক্য,আদিবাসী
চাচিং,আদিবাসী
মংলায়াইন,আদিবাসী
মংয়াইছথিন,আদিবাসী
উক্যমং,আদিবাসী
মংতাম্মা,আদিবাসী
ক্যচিউ,আদিবাসী
চোঅং,আদিবাসী
অংমিউ,আদিবাসী
উক্যমো,আদিবাসী
আমাফ্রু,আদিবাসী
মাঅংচিন,আদিবাসী
ম্মাছখিং,আদিবাসী
ছিংগ্রীউ,আদিবাসী
মংম্মাচিন,আদিবাসী
ক্যাবু,আদিবাসী
থোইংন,আদিবাসী
উক্যচেন,আদিবাসী
ক্রইলাচিং,আদিবাসী
উক্যাচিং,আদিবাসী
চেওয়াংখিং,আদিবাসী
মংম্মাছেন,আদিবাসী
মাএখিং,আদিবাসী
মায়াইং,আদিবাসী
আলতাস,মুসলমান
হাকিমজান,মুসলমান
দিলনুর,মুসলমান-দুর্বল
তাজুন্নেছা,মুসলমান
মাবেয়া,মুসলমান
ন্নবী,মুসলমান
মিয়াইন,মুসলমান-দুর্বল
ক্রাফ্রু,আদিবাসী
ফ্রুয়াইন,আদিবাসী
ছেনছিংমে,আদিবাসী
ফ্রুমারী,আদিবাসী
আউচিং,আদিবাসী
মামাছিং,আদিবাসী
মংএছা,আদিবাসী
ঞোইনমং,আদিবাসী
ক্যাছা,আদিবাসী
মংসেহলা,আদিবাসী
ক্যঞিই,আদিবাসী
বাসাং,আদিবাসী
মংখিন,আদিবাসী
ক্যচিন,আদিবাসী
মংহারী,আদিবাসী
থৌচিং,আদিবাসী
বাছিং,আদিবাসী
মংসেফ্রু,আদিবাসী
মংলুগী,আদিবাসী
অংন্যান,আদিবাসী
বাইক্রো,আদিবাসী
এছেমং,আদিবাসী
হলাচিং,আদিবাসী
উলাকিং,আদিবাসী
কিংমং,আদিবাসী
মংউথেন,আদিবাসী
ক্যজলাইন,আদিবাসী
মংছিংয়েই,আদিবাসী
য়েংমাচিং,আদিবাসী
নায়েয়ং,আদিবাসী
মাচিংপ্রু,আদিবাসী
এছায়ং,আদিবাসী
উকিওয়াং,আদিবাসী
মংছাপু,আদিবাসী
কিমং,আদিবাসী
মনফুরচিং,আদিবাসী
থায়েংপ্রু,আদিবাসী
বিংগ্যা,আদিবাসী
উপ্রু,আদিবাসী
এচিং,আদিবাসী
মাচিংছা,আদিবাসী
এনুপ্রু,আদিবাসী
মাওয়াইচিং,আদিবাসী
ম্মাওয়াইচিং,আদিবাসী
ওয়াইনুচিং,আদিবাসী
মাঞাচিং,আদিবাসী
নাংমাচিং,আদিবাসী
মাঞেচিং,আদিবাসী
ঞোছাছিং,আদিবাসী
হাইছিংনু,আদিবাসী
নুমেচিং,আদিবাসী
অংমাচিং,আদিবাসী
খিংউ,আদিবাসী
চথোয়াই,আদিবাসী
উছিমং,আদিবাসী
ঞোমং,আদিবাসী
উম্মাপ্রু,আদিবাসী
ধুংশের,আদিবাসী
অংওয়াই,আদিবাসী
ছিসেমং,আদিবাসী
অংকাই,আদিবাসী
ছাহলাচিং,আদিবাসী
চিংম্মমং,আদিবাসী
মংছাচিং,আদিবাসী
মংশৈমুই,আদিবাসী
মংচ্ছা,আদিবাসী
থোয়াইছাপ্রু,আদিবাসী
এক্যচিং,আদিবাসী
ছাথোয়াই,আদিবাসী
অংহলা,আদিবাসী
ক্যাছামং,আদিবাসী
প্রুছাঅং,আদিবাসী
মংচিন,আদিবাসী
মংছেছিং,আদিবাসী
অংক্যজাই,আদিবাসী
থোয়াইছিংছা,আদিবাসী
থোয়াইম্মা,আদিবাসী
ক্যঞিং,আদিবাসী
অংকিয়চিং,আদিবাসী
মংবুশে,আদিবাসী
উমংম্মা,আদিবাসী
মোক্য,আদিবাসী
মংচোসাইন,আদিবাসী
মুলংক্যয়,আদিবাসী
খিংছামং,আদিবাসী
বদিউজজামান,মুসলমান
শনোফা,খ্রিস্টান
তৈয়ুযবেন্নেছা,মুসলমান
ফজরেরন্নেছা,মুসলমান
আশ্ববেন্নেছা,মুসলমান
জয়নবেনেছা,হিন্দু
ফজিলুতুন্নেছা,মুসলমান
মিতেন্দ্র,হিন্দু
দীরেন্দ্র,হিন্দু
আভাইগ্যা,আদিবাসী
সিনান্দ্র,হিন্দু
ফযজুন্নেসা,মুসলমান
আখীনুর,মুসলমান-দুর্বল
আজমন্নেসা,মুসলমান
স্বরনেহের,হিন্দু
সুজীৎ,হিন্দু
এনুমিয়া,মুসলমান-দুর্বল
তাজবাহার,মুসলমান
শিরজাহান,মুসলমান
আবেনুর,মুসলমান-দুর্বল
অজয়দে,হিন্দু
শরৎচন্দ্র,হিন্দু
প্রসনজিৎ,হিন্দু
দৌলতেন্নেছা,মুসলমান
মরিয়ময়ারা,মুসলমান-দুর্বল
হুলবরেন্নেছা,মুসলমান
নুরুনেহের,মুসলমান
আমুল্লা,মুসলমান
আছরেন্নেছা,মুসলমান
ওবায়েদুল্লা,মুসলমান
ছেতয়ারা,মুসলমান-দুর্বল
ছামছুননাহার,মুসলমান
খোশনেয়ারা,মুসলমান-দুর্বল
মেহেরেন্নেছা,মুসলমান
আওাবেন্নেছা,মুসলমান
প্রিংয়াকা,আদিবাসী
ক্যাথারিন,আদিবাসী
উটিংহলা,আদিবাসী
থেলাঅং,আদিবাসী
ছিংখাই,আদিবাসী
খিংমে,আদিবাসী
মেছেংনু,আদিবাসী
চেনক্য,আদিবাসী
মংহলাচিং,আদিবাসী
অংপ্রচিং,আদিবাসী
উলাপ্রু,আদিবাসী
ক্যঞো,আদিবাসী
মংছেনথেই,আদিবাসী
লনসিং,আদিবাসী
ছিংওয়ান,আদিবাসী
মিওয়াপ্রু,আদিবাসী
উসুইয়াইং,আদিবাসী
এমাছিং,আদিবাসী
ধুপ্রু,আদিবাসী
অংমাছেন,আদিবাসী
দেব্বর্মন,হিন্দু
আবুওয়ালা,মুসলমান
মিদুমং,আদিবাসী
প্রভাসিংহ,আদিবাসী
ছিদ্দীকী,মুসলমান
রজবুন্নেসা,মুসলমান
পরমশ্বর,হিন্দু
লুৎফূন্নবী,মুসলমান
তৈয়বুন্নবী,মুসলমান
সুরাজিৎ,হিন্দু
সায়মুন্নেছা,মুসলমান
মহিউদ্দৌলা,মুসলমান
আরানী,মুসলমান
নুরছাবা,মুসলমান-দুর্বল
দেবিনাথ,হিন্দু
মাধরীদাস,হিন্দু
কানুংগো,আদিবাসী
নুরখাতুন,মুসলমান
কম্পুনিনেছা,মুসলমান
করবুলেন্নেছা,মুসলমান
তনংচংগঁ্যা,আদিবাসী
উমংছিং,আদিবাসী
বোমং,আদিবাসী
দেবকী,হিন্দু
ভট্টচার্যা,হিন্দু
বীরঞ্জন,হিন্দু
জয়হরি,হিন্দু
ভট্রাচার্যী,হিন্দু
ন্নিছা,মুসলমান
শাহরুল,মুসলমান-দুর্বল
তঞ্চইগ্যা,আদিবাসী
সাংসাং,আদিবাসী
আংজেন,আদিবাসী
অংবা,আদিবাসী
মরিয়মুন্নেছা,মুসলমান
ভট্টাচার্য়্য,হিন্দু
শুল্কদাশ,হিন্দু
বেগমবাহার,মুসলমান
রবাটর্সন,খ্রিস্টান
চবুর,মুসলমান-দুর্বল
আজমলননেছা,মুসলমান
তাজেরনুর,মুসলমান-দুর্বল
সতরঞ্জন,হিন্দু
সখারানী,হিন্দু
আজনুর,মুসলমান-দুর্বল
ভিয়ারাম,মুসলমান-দুর্বল
নূরছাপা,মুসলমান
ময়জুন্নুর,মুসলমান-দুর্বল
সামছুন্নুর,মুসলমান-দুর্বল
শ্রীহরি,হিন্দু
সাতেনুর,মুসলমান-দুর্বল
নুরছাফা,মুসলমান-দুর্বল
বীজবালা,হিন্দু
কাঞ্চননূর,মুসলমান
হাবান্নুর,মুসলমান-দুর্বল
মঙ্গলীবালা,হিন্দু
গোলাপনুর,মুসলমান-দুর্বল
এলাপনুর,মুসলমান-দুর্বল
সুনিয়ারা,মুসলমান-দুর্বল
বেগমজান,মুসলমান
জয়শীল,হিন্দু
খাইরুন্নিছা,মুসলমান
ছেয়ারা,মুসলমান-দুর্বল
বদরুন্নিছা,মুসলমান
জেবুন্নিছা,মুসলমান
নুরুদ্দাহার,মুসলমান
শুভ্রাশীল,হিন্দু
দিপ্তীশীল,হিন্দু
জ্জাহান,মুসলমান
ভর্ট্টাচার্য্য,হিন্দু
উলফা,মুসলমান
ছুবুর,মুসলমান-দুর্বল
মেহেরুন্নিছা,মুসলমান
লুৎফুন্নিছা,মুসলমান
রুমিয়াতি,মুসলমান-দুর্বল
মান্দ্রজি,হিন্দু
লেনাথ,হিন্দু
শ্রীদাস,হিন্দু
মুকুন্দ্র,হিন্দু
শুখবালা,হিন্দু
দূর্গামনি,হিন্দু
মার্ন্দ্রাজী,হিন্দু
মোছাংরাই,আদিবাসী
বিনন্দীনি,হিন্দু
লিংগনা,আদিবাসী
নন্দীনি,হিন্দু
ভাগ্যতি,হিন্দু
প্রিয়দর্শন,হিন্দু
জালদাস,হিন্দু
বাদশামিয়া,মুসলমান-দুর্বল
যুতিবালা,হিন্দু
সূযর্রানী,হিন্দু
হরন্দ্র,হিন্দু
সিরাজউদ্দৌলা,মুসলমান
রণদাস,হিন্দু
ভট্রাচার্য়্য,হিন্দু
ছমিউল,মুসলমান-দুর্বল
জুলিয়েট,খ্রিস্টান
রজবেন্নেছা,মুসলমান
জয়নাবুন্নেছা,মুসলমান
ভট্টার্চার্য্য,হিন্দু
শিবচন্দ্র,হিন্দু
খরিচন্দ্র,হিন্দু
পিয়াংকা,আদিবাসী
মিতানাথ,হিন্দু
চক্রতবওর্ী,হিন্দু
তংচংক্য,আদিবাসী
চাপ্রুমা,আদিবাসী
অংজাই,আদিবাসী
মমপ্রু,আদিবাসী
মান্দ্রজী,হিন্দু
আতানুর,মুসলমান-দুর্বল
নরানী,হিন্দু
মুৎপুদ্দী,হিন্দু
শুইআংফ্র,আদিবাসী
আফছারুননেছা,মুসলমান
ফোথোয়াইউ,আদিবাসী
ইসমাল,মুসলমান
চিন্তরানী,হিন্দু
স্বরুপ,হিন্দু
বাশুদেব,হিন্দু
প্রানেরশ্বরী,হিন্দু
আতরেন্নেছা,মুসলমান
আশরাফুন্নেসা,মুসলমান
দেবানাথ,হিন্দু
ক্যচিংছা,আদিবাসী
ভট্টচার্য্যা,হিন্দু
জুনরুতনেছা,মুসলমান
দাশপুপ্তা,হিন্দু
জবেদানেছা,মুসলমান
অঞ্জুশীল,হিন্দু
জয়নবয়ারা,মুসলমান
কানুনগৌয়,হিন্দু
ওয়ারাওয়াইতা,মুসলমান-দুর্বল
রিচাডর্সন,খ্রিস্টান
আব্বাসী,মুসলমান
সশীল,হিন্দু
লালমতিন্নেছা,মুসলমান
দয়ারাম,মুসলমান-দুর্বল
মিথরানী,হিন্দু
গোলাপরানী,হিন্দু
দাসঙ্গপ্তা,হিন্দু
রত্নাশীল,হিন্দু
ভট্টাাচার্য্য,হিন্দু
নাহারুননেছা,মুসলমান
এনজয়,খ্রিস্টান
জুলিয়েন,খ্রিস্টান
আর্চার্য্য,হিন্দু
ভট্রচার্য,হিন্দু
ধনবিয়া,মুসলমান-দুর্বল
ফাজিলাতুন্নেছা,মুসলমান
মঞ্জুশীল,হিন্দু
চান্দ্রানী,হিন্দু
শাহরবানু,মুসলমান
তৈয়বেরন্নেছা,মুসলমান
তৈয়বেন্নেছা,মুসলমান
হোসনয়ারা,মুসলমান-দুর্বল
আফুরেন্নেছা,মুসলমান
জিন্নাতেন্নেছা,মুসলমান
আয়াতেনেছা,মুসলমান
তফুরিন্নেসা,মুসলমান
কৈতরিন্নেছা,মুসলমান
সোহেদিন্নেছা,মুসলমান
নাজমুন্নেছা,মুসলমান
ফজিলতেরন্নেছা,মুসলমান
ফয়েজুন্নেছা,মুসলমান
তৈয়বন্নেছা,মুসলমান
হাসমতেন্নেছা,মুসলমান
বেলায়তেরনেছা,মুসলমান
তাজিমেন্নেছা,মুসলমান
আরফতিন্নেছা,মুসলমান
হারুনেননেছা,মুসলমান
রহিমান্নেছা,মুসলমান
চন্দ্রাবতী,হিন্দু
রফিকুন্নেসা,মুসলমান
চান্দ্রা,হিন্দু
রুমেনুন্নেছা,মুসলমান
আফরিন্নেছা,মুসলমান
লুৎফুরনাহার,মুসলমান
চন্দ্রনাথ,হিন্দু
বদরেননেছা,মুসলমান
গৌবিন্দ,হিন্দু
আছমতেন্নেছা,মুসলমান
সর্বজয়া,হিন্দু
কুলবালা,হিন্দু
সামছুননাহার,মুসলমান
লজ্জতেন্নেছা,মুসলমান
সুদীন্য,হিন্দু
বাসীনাথ,হিন্দু
জয়কৃষ্ণ,হিন্দু
মংগলা,আদিবাসী
রোওসনারা,মুসলমান
শ্রকৃষ্ণ,হিন্দু
সৈয়দেন্নেছা,মুসলমান
অহিদেরন্নেছা,মুসলমান
তফুরানেছা,মুসলমান
সামছুলনাহার,মুসলমান
খায়েরুন্নেছা,মুসলমান
অহিদুন্নেছা,মুসলমান
বদরেরনেছা,মুসলমান
আমিরেরনেছা,মুসলমান
হাছনবানু,মুসলমান
মইপুলেরনেছা,মুসলমান
মহরমেন্নেছা,মুসলমান
শ্বরবতী,হিন্দু
আবদুল্যাহছ,মুসলমান
আজনেহার,মুসলমান
নূরজ্জমান,মুসলমান
উলপুতুর,মুসলমান-দুর্বল
আমিরুনেছা,মুসলমান
এখ্যাইনু,আদিবাসী
মালিচং,আদিবাসী
তঞ্চ্যাঙ্গা,আদিবাসী
পাংঘু,আদিবাসী
ম্মামেফ্রু,আদিবাসী
মারতং,আদিবাসী
থোয়াইচ,আদিবাসী
হঞ্চগ্যা,আদিবাসী
উমংচিং,আদিবাসী
মংবুসাং,আদিবাসী
উমংঞো,আদিবাসী
ক্যনুচিং,আদিবাসী
পৈম্মামং,আদিবাসী
মেখ্যাইনু,আদিবাসী
চাইসাংথুই,আদিবাসী
মেসাপ্রু,আদিবাসী
মেপ্রু,আদিবাসী
ম্মামিউসাং,আদিবাসী
ক্রাজোপ্রু,আদিবাসী
উয়ইচিং,আদিবাসী
চিংক্রাঞো,আদিবাসী
দনুপ্রু,আদিবাসী
নাংম্মাসাং,আদিবাসী
নাংউসাং,আদিবাসী
নাইউসাং,আদিবাসী
সাইংদাপ্রু,আদিবাসী
মায়ইপ্রু,আদিবাসী
নাইম্মাসাং,আদিবাসী
প্রুনুমং,আদিবাসী
সাথুইচিং,আদিবাসী
উমংপ্রু,আদিবাসী
মংচয়ইং,আদিবাসী
দানুমিয়া,মুসলমান-দুর্বল
সুইনুচিং,আদিবাসী
ক্যঅংপ্রু,আদিবাসী
উনুমং,আদিবাসী
মংদা,আদিবাসী
ছামাচিং,আদিবাসী
আওয়াং,আদিবাসী
পাইক্রাচিং,আদিবাসী
উষাচিং,আদিবাসী
ক্যজম্মা,আদিবাসী
উইং,আদিবাসী
মংজলাইন,আদিবাসী
উছেংখৃং,আদিবাসী
শৈমেচিং,আদিবাসী
খিংছ,আদিবাসী
থুইনুমং,আদিবাসী
মংছিংয়াই,আদিবাসী
চম্মাপ্রু,আদিবাসী
অংক্যওয়ে,আদিবাসী
অংম্যায়,আদিবাসী
চনুমং,আদিবাসী
লুসাইমং,আদিবাসী
উটিংথোই,আদিবাসী
মিছেং,আদিবাসী
ক্যাছিথেন,আদিবাসী
নুচিংপ্রু,আদিবাসী
নাংকাইং,আদিবাসী
গোলাচিং,আদিবাসী
মুচিং,আদিবাসী
প্রুমুইচিং,আদিবাসী
অংমাপ্রু,আদিবাসী
ম্মায়ইসিং,আদিবাসী
উসিংয়াই,আদিবাসী
মায়ইচিং,আদিবাসী
মেপ্রুচিং,আদিবাসী
অংক্রা,আদিবাসী
উক্যসাইন,আদিবাসী
অংসিংনু,আদিবাসী
মংমুই,আদিবাসী
কোকোচিং,আদিবাসী
ম্মাক্যশৈ,আদিবাসী
উথোয়াইসা,আদিবাসী
শৈহাইমং,আদিবাসী
উছেংগ্য,আদিবাসী
মুৎসূর্দ্দী,হিন্দু
মংথুইসাং,আদিবাসী
ওয়াংটিং,আদিবাসী
ঞোওয়াং,আদিবাসী
অংশৈচিং,আদিবাসী
সিংম্মামা,আদিবাসী
থোয়াইশৈক্য,আদিবাসী
মুৎসূদ্দী,হিন্দু
অংসাইন,আদিবাসী
হাইং,আদিবাসী
মংচশৈ,আদিবাসী
সাইংমিন,আদিবাসী
মংম্মাসিং,আদিবাসী
চসিংপ্রু,আদিবাসী
উম্যাচিং,আদিবাসী
নুম্মাচিং,আদিবাসী
ওয়াংশৈনু,আদিবাসী
খয়সিংনু,আদিবাসী
ম্মায়ীপ্রু,আদিবাসী
ম্যাম্যাচিং,আদিবাসী
পাইমেচিং,আদিবাসী
ক্র্যানুচিং,আদিবাসী
অংম্মাথুই,আদিবাসী
আমাছিং,আদিবাসী
মওটাং,আদিবাসী
প্রুসাংউ,আদিবাসী
মুইয়ইচিং,আদিবাসী
ডম্মাচিং,আদিবাসী
মাম্যাসিং,আদিবাসী
পলিপ্রু,আদিবাসী
ম্যাডালিক্য,আদিবাসী
উক্রাচিং,আদিবাসী
এলিপ্রু,আদিবাসী
উম্যাসিং,আদিবাসী
ছিংম্যাউ,আদিবাসী
ক্যবাইচিং,আদিবাসী
থাংমিং,আদিবাসী
উবাসিং,আদিবাসী
থোয়াইনুচিং,আদিবাসী
চনাইং,আদিবাসী
মেথোইং,আদিবাসী
উনুসিং,আদিবাসী
দুংমাচিং,আদিবাসী
আচিংমা,আদিবাসী
গোলাপচিং,আদিবাসী
খ্যাইনুপ্রু,আদিবাসী
পাইংনুমা,আদিবাসী
কোলমাচিং,আদিবাসী
সায়ইপ্রু,আদিবাসী
দউচিং,আদিবাসী
ম্মানাইসিং,আদিবাসী
চিংকোওয়াইপ্রু,আদিবাসী
ওয়াংসাংপ্রু,আদিবাসী
হলাওয়াইপ্রু,আদিবাসী
ক্যামাচিং,আদিবাসী
মিলিপ্রু,আদিবাসী
মেয়ইচিং,আদিবাসী
ডনুচিং,আদিবাসী
মেসাংপ্রু,আদিবাসী
কোয়াইনুচিং,আদিবাসী
ক্লোয়াইচিংপ্রু,আদিবাসী
উমেপ্রু,আদিবাসী
খ্যাইংশৈচিং,আদিবাসী
উখ্যাইনু,আদিবাসী
এসিংনু,আদিবাসী
নুসাংপ্রু,আদিবাসী
মাসংচিং,আদিবাসী
জিং,আদিবাসী
থাং,আদিবাসী
রিং,আদিবাসী
নুংম্মায়াইন,আদিবাসী
সাহাজাহান,মুসলমান
মানুপ্রু,আদিবাসী
থুইসাং,আদিবাসী
য়ইমাচিং,আদিবাসী
উগ্য,আদিবাসী
নারাং,আদিবাসী
নুরুচছফা,মুসলমান
অংমাখইন,আদিবাসী
মনিচন্দ্র,হিন্দু
থোইলাইং,আদিবাসী
ধোমাছিং,আদিবাসী
চৌঅং,আদিবাসী
থোয়াইছিংমং,আদিবাসী
নুরবাহার,মুসলমান
মাদুবালা,হিন্দু
মেথুইচিং,আদিবাসী
ওয়াভাইংপ্রু,আদিবাসী
মেয়ইংচিং,আদিবাসী
ধুংমাছিং,আদিবাসী
মাসানুং,আদিবাসী
ঞোপ্রু,আদিবাসী
সুইছাচিং,আদিবাসী
খ্যাদিঅং,আদিবাসী
মংসুইম্মা,আদিবাসী
মংতাইনু,আদিবাসী
সুইচিংমং,আদিবাসী
ক্যসাচিং,আদিবাসী
উসাছিং,আদিবাসী
চিংসাম্মা,আদিবাসী
লুংখ্যা,আদিবাসী
ধুংছো,আদিবাসী
মেথোয়াইং,আদিবাসী
মংসাহলা,আদিবাসী
সাচিংউ,আদিবাসী
ম্মানাংচিং,আদিবাসী
মেছাচিং,আদিবাসী
ছানুচিং,আদিবাসী
ওকেচিং,আদিবাসী
নংখাইউ,আদিবাসী
ঞোয়াইচিং,আদিবাসী
ম্মামাফ্রু,আদিবাসী
চিংম্মাউ,আদিবাসী
উছেংনু,আদিবাসী
মাচিংনু,আদিবাসী
ক্রাচিং,আদিবাসী
য়ইনুচিং,আদিবাসী
ম্মায়াইচিং,আদিবাসী
ম্মাছিংমে,আদিবাসী
ম্মাচিংউ,আদিবাসী
মাঅংফু,আদিবাসী
মায়াইংচিং,আদিবাসী
ইয়াননুচিং,আদিবাসী
উঞোচিং,আদিবাসী
ডুমাচিং,আদিবাসী
চেম্যাফ্রু,আদিবাসী
সাইএচিং,আদিবাসী
ম্মাচিংখ্যই,আদিবাসী
সৈনাংজিং,আদিবাসী
সৈনুচিং,আদিবাসী
মাছাউচিং,আদিবাসী
এক্যনু,আদিবাসী
অংখ্যাইমে,আদিবাসী
চিংনউ,আদিবাসী
মেথূইচিং,আদিবাসী
উচিংনু,আদিবাসী
সংথুইফ্রু,আদিবাসী
বোমাচিং,আদিবাসী
ওয়ানচিং,আদিবাসী
ছাথোয়াইংচিং,আদিবাসী
মংচিংথোইং,আদিবাসী
রেথোইংচিং,আদিবাসী
ম্মামংনু,আদিবাসী
মংখুই,আদিবাসী
পেনছাফ্রু,আদিবাসী
আথোয়াইং,আদিবাসী
থুইক্যচিং,আদিবাসী
উক্যনু,আদিবাসী
ফোচিং,আদিবাসী
রেম্মাঅং,আদিবাসী
কেলাচিং,আদিবাসী
মংচানউ,আদিবাসী
উখ্যাইম্মা,আদিবাসী
অংছামং,আদিবাসী
রেম্মামং,আদিবাসী
মংম্মানু,আদিবাসী
এথোয়াইংচিং,আদিবাসী
বাথোয়াইচিং,আদিবাসী
ছাথুইমং,আদিবাসী
ছেম্মামং,আদিবাসী
ম্মাথোইচিং,আদিবাসী
থোইংছাচিং,আদিবাসী
আরেমং,আদিবাসী
মেনরিং,আদিবাসী
মংরেই,আদিবাসী
মংবাথোয়াইন,আদিবাসী
ডুংশিঅং,আদিবাসী
ছোম্মাচিং,আদিবাসী
উমংবুং,আদিবাসী
ছাম্মামং,আদিবাসী
মংক্যএ,আদিবাসী
বাচিং,আদিবাসী
থুইম্মাচিং,আদিবাসী
মংথোইচিং,আদিবাসী
চিংসামং,আদিবাসী
চিংদক,আদিবাসী
মংসৈম্মা,আদিবাসী
ছানুমং,আদিবাসী
আটোমং,আদিবাসী
ফৌচিং,আদিবাসী
অংমংফ্রু,আদিবাসী
মংছানু,আদিবাসী
থুইহলাচিং,আদিবাসী
অংছানু,আদিবাসী
সুইম্মাঅং,আদিবাসী
মংকিয়চিং,আদিবাসী
ছাসিমং,আদিবাসী
মংএথোয়াই,আদিবাসী
উমংসিং,আদিবাসী
উনাংমে,আদিবাসী
ক্রাথুইচিং,আদিবাসী
ম্মামেসিং,আদিবাসী
মাক্যপ্রু,আদিবাসী
উমাসিং,আদিবাসী
থুইক্রাপ্রু,আদিবাসী
মাঅংয়ই,আদিবাসী
য়ইনচিংমে,আদিবাসী
মাহাইংনু,আদিবাসী
নাইমাচিং,আদিবাসী
ক্রাম্মাঅং,আদিবাসী
য়ইউমং,আদিবাসী
মংবাসিং,আদিবাসী
অংশৈই,আদিবাসী
শৈম্মাচিং,আদিবাসী
ছাম্মাঅং,আদিবাসী
অংসুইগ্য,আদিবাসী
চিংথুই,আদিবাসী
থোয়াইসাচিং,আদিবাসী
অংক্যয়থুই,আদিবাসী
মংবায়ই,আদিবাসী
মংখ্যাইরী,আদিবাসী
আছোচিং,আদিবাসী
মোসেফ্রু,আদিবাসী
অংসাচিং,আদিবাসী
বিংমং,আদিবাসী
ম্মামংছা,আদিবাসী
ম্মাক্যয়াইন,আদিবাসী
ওয়াঞোচিং,আদিবাসী
ইয়াংরিং,আদিবাসী
লংঙান,আদিবাসী
ক্যম্মাছি,আদিবাসী
তংহচগ্যা,আদিবাসী
লাম্বিয়াছিং,আদিবাসী
খিংমো,আদিবাসী
মংমি,আদিবাসী
ক্যহিং,আদিবাসী
নুরুছাপা,মুসলমান
মংছেনগ্য,আদিবাসী
এয়াইংপ্রু,আদিবাসী
গরামং,আদিবাসী
শৈসিংউ,আদিবাসী
মংফ্রুথোইং,আদিবাসী
ওয়ানম্মাচিং,আদিবাসী
খিংখিংউ,আদিবাসী
মম্মাছিং,আদিবাসী
তংঞঙ্গঁ্যা,আদিবাসী
তঞ্জগ্যা,আদিবাসী
এখিংওয়ান,আদিবাসী
য়াংপুং,আদিবাসী
মেচিংনু,আদিবাসী
অংম্মাসিং,আদিবাসী
চৌসাং,আদিবাসী
চিংমাঞো,আদিবাসী
পাইসাংউ,আদিবাসী
চৌমাপ্রু,আদিবাসী
ঙেসাংচিং,আদিবাসী
ঙৈচিংউ,আদিবাসী
মাঅচিং,আদিবাসী
ক্রাচিংপ্রু,আদিবাসী
থুইনুচিং,আদিবাসী
মেউচিং,আদিবাসী
ক্যসাউ,আদিবাসী
ফৌথোয়াইউ,আদিবাসী
চৌচিং,আদিবাসী
সাংলিয়ান,আদিবাসী
উসিংনু,আদিবাসী
ধনুশ্বরী,হিন্দু
তহুরানেছা,মুসলমান
মনিরুজজামান,মুসলমান
কৃষ্ণদাসী,হিন্দু
নুরননাহার,মুসলমান
কেশবানু,মুসলমান
রাবিউল,মুসলমান-দুর্বল
খুসনেহার,মুসলমান
জহিরুননেছা,মুসলমান
পুষ্পাআরা,মুসলমান
জুলনা,মুসলমান
হাসুবেগম,মুসলমান
জুরুনেছা,মুসলমান
ওহীদুন্নেছা,মুসলমান
মৈশন,আদিবাসী
খোশপিয়ারা,মুসলমান-দুর্বল
হাবীবুল্লা,মুসলমান
জগৎবানু,মুসলমান
ইতিমুন্নেছা,মুসলমান
কাপ্তাননেছা,মুসলমান
করিমুন্নেছ,মুসলমান
ফুলেবুন্নেছা,মুসলমান
হাসনুয়ারা,মুসলমান-দুর্বল
রুপজাহান,মুসলমান
শরীফুননেছা,মুসলমান
জুরবানু,মুসলমান
খোশনেরা,মুসলমান
তয়বনেছা,মুসলমান
মমিন্নেছা,মুসলমান
জাফরি,মুসলমান
দিনইসলাম,মুসলমান
কনবালা,হিন্দু
খুসপেয়ারা,মুসলমান-দুর্বল
বেবিশন,খ্রিস্টান
জয়চরণ,হিন্দু
মোহনবালা,হিন্দু
মিলনবালা,হিন্দু
ফাতেন্নেসা,মুসলমান
চক্রবতীর,হিন্দু
আনারুল্লা,মুসলমান
নুরেরনেছা,মুসলমান
পাংখেয়া,আদিবাসী
সাংগা,আদিবাসী
পাংখূ,আদিবাসী
ম্মাছিংয়াই,আদিবাসী
নাংছিং,আদিবাসী
জোয়াং,আদিবাসী
উক্রাইংমা,আদিবাসী
চেএখিং,আদিবাসী
তনংচংগ্যা,আদিবাসী
ম্মিয়ার,মুসলমান-দুর্বল
ক্যওসিংমং,আদিবাসী
তঙ্গঞ্চা,আদিবাসী
তঙ্গঞ্চ্যা,আদিবাসী
ম্মাসিংউ,আদিবাসী
মিসাপ্রু,আদিবাসী
ডনাংচিং,আদিবাসী
চথোয়াইমং,আদিবাসী
হলাসিংমং,আদিবাসী
চংগ্যা,আদিবাসী
জাহানায়ারা,মুসলমান
সাংয়া,আদিবাসী
জাইনুর,মুসলমান-দুর্বল
তনচনগ্যা,আদিবাসী
মংসাচিং,আদিবাসী
তঞ্চঙ্গ্য,আদিবাসী
তংচঞ্চঙ্গ্যা,আদিবাসী
তংষ্ণগ্যা,আদিবাসী
প্রুসে,আদিবাসী
আউছিং,আদিবাসী
মংসোএম্মাপ্রু,আদিবাসী
পাইংক্যপ্রু,আদিবাসী
মাসিনয়াইং,আদিবাসী
তলচংগ্যা,আদিবাসী
এচেন্দা,আদিবাসী
জুনুরানী,হিন্দু
শদুমিয়া,মুসলমান-দুর্বল
ফিয়ারা,মুসলমান-দুর্বল
আম্মাতেন্নেছা,মুসলমান
মরিয়মেন্নেছা,মুসলমান
মোকশেদ,মুসলমান
মোবাশ্বরা,হিন্দু
মিলন্নেছা,মুসলমান
ওহিদেন্নেছা,মুসলমান
করিমেন্নছা,মুসলমান
চন্দশীল,হিন্দু
হিরামুন্নেছা,মুসলমান
উবায়দুল,মুসলমান-দুর্বল
দুখুমিয়া,মুসলমান-দুর্বল
করফুননেছা,মুসলমান
লুৎফুননেছা,মুসলমান
আয়তননেসা,মুসলমান
বায়তুল্লা,মুসলমান
ফূলজাহান,মুসলমান
আলবানু,মুসলমান
বিলাতুন্নেছা,মুসলমান
ফলবানু,মুসলমান
মিরাজুন্নেছা,মুসলমান
শবজেনেছা,মুসলমান
ফাইউল,মুসলমান-দুর্বল
সুর্যমননেছা,মুসলমান
করমনেছা,মুসলমান
আজমন্নেছা,মুসলমান
জয়গন্নেছা,মুসলমান
সাইমন্নেছা,মুসলমান
শাহজাহানা,মুসলমান
আলেমন্নেসা,মুসলমান
সুনাবান্নেছা,মুসলমান
হোসনায়ারা,মুসলমান-দুর্বল
জৈঙ্গন্নেছা,মুসলমান
মেহেরুননেসা,মুসলমান
খায়রুনেছা,মুসলমান
ফজিলতন্নেছা,মুসলমান
রেনোয়ারা,মুসলমান-দুর্বল
নূরুজাহান,মুসলমান
কায়রুন্নেহার,মুসলমান
নুরঙ্গনি,হিন্দু
সরজুল,মুসলমান
মাফিজুল,মুসলমান
হারুন্নেছা,মুসলমান
হাইজুল,মুসলমান
সুয়েমন্নেছা,মুসলমান
আয়দুল,মুসলমান-দুর্বল
মোহাইমেলুন,মুসলমান
বাহানুরনেছা,মুসলমান
আপ্তরুন্নেছা,মুসলমান
সাঈদুল,মুসলমান-দুর্বল
মন্তুন্নেছা,মুসলমান
আব্দুল্লহ,মুসলমান
শাজাহানারা,মুসলমান
মিয়াছিন,মুসলমান-দুর্বল
হাকান্নেছা,মুসলমান
জয়মননেছা,মুসলমান
হাওয়ান্নেছা,মুসলমান
ছয়মন্নেছা,মুসলমান
নূরেননেছা,মুসলমান
সনজুরা,মুসলমান
মাশহারুল,মুসলমান-দুর্বল
কুশনাহার,মুসলমান
জয়মলী,হিন্দু
রানোয়ারা,মুসলমান-দুর্বল
আকিমনন্নেছা,মুসলমান
উননেছা,মুসলমান
রাহাতুন্নেছা,মুসলমান
রিংকন,আদিবাসী
তজিমুননেছা,মুসলমান
জিল্লাল,মুসলমান
শুহুরবানু,মুসলমান
গণিমিয়া,মুসলমান-দুর্বল
আলতুন্নেছা,মুসলমান
কামরুনেছা,মুসলমান
আবুসুফিয়ান,মুসলমান
জয়তি,হিন্দু
জানুয়ারা,মুসলমান-দুর্বল
সমতাবানু,মুসলমান
হবিয়া,মুসলমান-দুর্বল
মনিয়ারা,মুসলমান-দুর্বল
কোশনাহার,মুসলমান
হাদিসন্নেছা,মুসলমান
এংরাজী,খ্রিস্টান
এয়াসনাহার,মুসলমান
ভর্ট্রাচার্য্য,হিন্দু
বাইজিত,হিন্দু
আইজুন্নেছা,মুসলমান
আরসননেছা,মুসলমান
হাফিজুল্লা,মুসলমান
সাহারুন্নেছা,মুসলমান
আমরুন্নেছা,মুসলমান
আঞ্জুমুন্নেছা,মুসলমান
আইধন্নেছা,মুসলমান
জাহানয়ারা,মুসলমান
জীবনেছা,মুসলমান
জয়ঙ্গননেসা,মুসলমান
ছুলেবানু,মুসলমান
কাতেবানু,মুসলমান
মিলুবেগম,মুসলমান
জয়হুননেছা,মুসলমান
ছোলেমান্নেছা,মুসলমান
খাতুনা,মুসলমান
আনোয়ারাখাতুন,মুসলমান
আতিবুল্লা,মুসলমান
আছিরুন্নেছা,মুসলমান
রয়মননেছা,মুসলমান
ইসলমা,মুসলমান
মেছিরননেছা,মুসলমান
মজিবুন্নেছা,মুসলমান
লাকবানু,মুসলমান
জহুরুননেছা,মুসলমান
আঁখিকুন্নেছা,মুসলমান
হামিদুন্নেছা,মুসলমান
ময়মননেছা,মুসলমান
খাতেমুন্নেসা,মুসলমান
শামিশ্বরী,হিন্দু
সুভরানী,হিন্দু
ইন্দ্রেশ্বরী,হিন্দু
আবুনা,মুসলমান
মজ্জাহান,মুসলমান
ছিফারন্নেছা,মুসলমান
ইছনেহার,মুসলমান
আসাদুজামান,মুসলমান
মিয়াসিন,মুসলমান-দুর্বল
সতিরঞ্জন,হিন্দু
আলাতুন্নেছা,মুসলমান
লাহাবানু,মুসলমান
আরজুন্নেছা,মুসলমান
মিননিসা,মুসলমান
ফটিকচাননেছা,মুসলমান
ছাদনাহার,মুসলমান
কানসন,খ্রিস্টান
কোরশেদা,মুসলমান
সূর্যমননেছা,মুসলমান
আশিকুররহমান,মুসলমান
সালেমন্নেছা,মুসলমান
এয়াদুল,মুসলমান-দুর্বল
খদবানু,মুসলমান
সারজাহান,মুসলমান
খতবানু,মুসলমান
মুননাহার,মুসলমান
শাহিজুল,মুসলমান
নূরালী,মুসলমান
আফবানু,মুসলমান
মারকাদীনা,মুসলমান
তুহিনুর,মুসলমান-দুর্বল
ইসমান,মুসলমান
সুঞ্জয়,হিন্দু
ছোনোয়ারা,মুসলমান-দুর্বল
লুৎফরনেছা,মুসলমান
রুকতুন্নেছা,মুসলমান
ফূলবালা,হিন্দু
নুন্নেছা,মুসলমান
শামছুদ্দোহা,মুসলমান
সৈয়দবানু,মুসলমান
আমীরুল,মুসলমান-দুর্বল
সুনুয়ারা,মুসলমান-দুর্বল
কেলেষ্টোরেন্নেছা,মুসলমান
এংগা,খ্রিস্টান
ফায়জুন্নেছা,মুসলমান
পরিসন,খ্রিস্টান
শিরাজুন্নেছা,মুসলমান
উজুরুন্নেসা,মুসলমান
জহুরাখাতুন,মুসলমান
ইন্তাজুল,মুসলমান
হাসনায়ারা,মুসলমান-দুর্বল
মোহিতুন,মুসলমান
মোকাদাসা,হিন্দু
বুরজালী,মুসলমান-দুর্বল
ফটিকেন্নেছা,মুসলমান
পদ্যারানী,হিন্দু
নূরচঁান,মুসলমান
আশ্রাফুন্নেছা,মুসলমান
মাহাবুবুন্নেছা,মুসলমান
কুলসুমেনেছা,মুসলমান
শহিদ্দুল্লা,মুসলমান
হোসেনয়ারা,মুসলমান
সামসুরনাহার,মুসলমান
জাফরআলী,মুসলমান
সাইফুল্লা,মুসলমান
হটিকেন্নেছা,মুসলমান
আয়মননেছা,মুসলমান
ফিকেশনঙ,খ্রিস্টান
পিউরিফীকেশন,খ্রিস্টান
গৌরচান,হিন্দু
হাবিজুল্লা,মুসলমান
ফুলেশ্বরি,হিন্দু
করফুলেন্নেছা,মুসলমান
চন্দ্রধর,হিন্দু
নুরুইসলাম,মুসলমান
রেকাতুন,মুসলমান
ফিকেসন,খ্রিস্টান
আরতীবালা,হিন্দু
কুলেন্তুনু,মুসলমান
পিউরিফেকেশন,খ্রিস্টান
এবাইদুল্যা,মুসলমান
ইমরুল,মুসলমান-দুর্বল
তিনেন্দ্র,হিন্দু
জয়দাস,হিন্দু
মোশিদুল,মুসলমান-দুর্বল
মহানন্দ্র,হিন্দু
গোলাপীন্নেছা,মুসলমান
নাথনিয়েল,হিন্দু
আঞ্জুনাহার,মুসলমান
নূন্নেহার,মুসলমান
তনুয়ারা,মুসলমান-দুর্বল
যুগিন্দ্র,হিন্দু
আম্মিয়া,মুসলমান-দুর্বল
এমদাদুলহক,মুসলমান-দুর্বল
আব্দুরছামাদ,মুসলমান
সাঞ্জুআরা,মুসলমান
গিতারানী,হিন্দু
সোকদেব,হিন্দু
মুনজুল,মুসলমান
বিরবালা,হিন্দু
নূরুহানি,মুসলমান
হানিছা,মুসলমান
আঃরউফ,মুসলমান
আয়মনেরনেছা,মুসলমান
স্বরষতি,হিন্দু
গঙ্গেঁাপাধ্যায়,হিন্দু
আবুসাম,মুসলমান
হেনোয়ারা,মুসলমান-দুর্বল
নুরজাহানা,মুসলমান
কিলিয়ারসন,খ্রিস্টান
হাবিদুল,মুসলমান-দুর্বল
সরিফুন্নেসা,মুসলমান
আনজোয়ারা,মুসলমান-দুর্বল
জুলী,মুসলমান
আন্দ্রেশ,খ্রিস্টান
দীন্নাথ,হিন্দু
জহিরননেছা,মুসলমান
শ্যামদাশী,হিন্দু
সাজিত,হিন্দু
হারবালা,হিন্দু
মাশিকনুর,মুসলমান-দুর্বল
সন্যেমাত,খ্রিস্টান
সঞ্জয়মাল,হিন্দু
মনদেবী,হিন্দু
শিল্পীরানী,হিন্দু
নবুমিয়া,মুসলমান-দুর্বল
এশাদুল,মুসলমান-দুর্বল
আছাতুন,মুসলমান
নূরজাহন,মুসলমান
জাহানরা,মুসলমান
আশাদুল্লযাহ,মুসলমান
দিবদাস,হিন্দু
রজিতুননেছা,মুসলমান
জামিনূর,মুসলমান
সনতেশী,হিন্দু
সন্তোশী,হিন্দু
আহেতুন,মুসলমান
ফালুমিয়া,মুসলমান-দুর্বল
ছবিরনন্নেছা,মুসলমান
নুজাহান,মুসলমান
উইলসন,খ্রিস্টান
মসিরুন্নেছা,মুসলমান
ফজলেরহমান,মুসলমান
পিযুষ,হিন্দু
অঙ্গবানু,মুসলমান
ডালিমুননেছা,মুসলমান
শ্রীদীলিপ,হিন্দু
নূরনজাহান,মুসলমান
রিফিকেশন,খ্রিস্টান
শৈক্রাচিং,আদিবাসী
ক্যজেম্মা,আদিবাসী
অহিদুননেছা,মুসলমান
বামিরননেছা,মুসলমান
ছয়ফুরুন্নেছা,মুসলমান
তোয়ামুরনেছা,মুসলমান
প্রেমরাজনেছা,মুসলমান
পরনাথ,হিন্দু
দৌলদুন্নেছা,মুসলমান
লিকসন,খ্রিস্টান
আশানূর,মুসলমান
চন্দীদাস,হিন্দু
মোহাইমিন,মুসলমান
জিহাদুল,মুসলমান-দুর্বল
নুসরাতজাহান,মুসলমান
আয়বানু,মুসলমান
আঞ্জুমানায়ারা,মুসলমান-দুর্বল
শ্বরেসতি,হিন্দু
আছাদুল্লা,মুসলমান
দুলেশ্বরী,হিন্দু
এন্দ্রোজ,খ্রিস্টান
মেহিনুর,মুসলমান-দুর্বল
বানেন্দ্র,হিন্দু
বনিসন,খ্রিস্টান
প্রেমিশন,খ্রিস্টান
আরিজুল,মুসলমান
বিশরানী,হিন্দু
সাহীনুর,মুসলমান-দুর্বল
মহাদেবী,হিন্দু
জয়ন,হিন্দু
মঞ্জুলী,মুসলমান
সদবানু,মুসলমান
মোজাহিদুল,মুসলমান
ছূবিয়া,মুসলমান-দুর্বল
মাকমুদুল,মুসলমান-দুর্বল
ছলেমননেছা,মুসলমান
নুরমেহের,মুসলমান-দুর্বল
শামীনুর,মুসলমান-দুর্বল
দুদুমিয়া,মুসলমান-দুর্বল
জয়নু,হিন্দু
আবুশামা,মুসলমান
গৌবিন্দ্র,হিন্দু
রহিমনা,মুসলমান
নূরিয়া,মুসলমান
মিষ্টবানু,মুসলমান
মাজিদুর,মুসলমান
ছোমিরন,মুসলমান
শবুরী,মুসলমান-দুর্বল
রনজয়ন্তী,হিন্দু
সাজিদুল,মুসলমান-দুর্বল
সুববানু,মুসলমান
সিবুরন,মুসলমান-দুর্বল
জাহিজুল,মুসলমান
আফাতুন,মুসলমান
ইয়াতনন্নেছা,মুসলমান
জোসন,খ্রিস্টান
আরশেদা,মুসলমান
নয়তুন,মুসলমান
নুরবকস,মুসলমান-দুর্বল
আমীনুর,মুসলমান-দুর্বল
রুব্বানু,মুসলমান
জয়েদ,মুসলমান
নকিমন,মুসলমান
আসহাদুল,মুসলমান-দুর্বল
শ্রীচরণ,হিন্দু
আঃকদ্দুছ,মুসলমান
ভুমেশ্বরি,হিন্দু
যুগলদাসী,হিন্দু
ডাকেশ্বরী,হিন্দু
পাইমং,আদিবাসী
সুরেতুন্নেছা,মুসলমান
ভর্ট্রাচার্য,হিন্দু
মরনদাসী,হিন্দু
কালিদাশি,হিন্দু
তরজুল,মুসলমান
বেগমস,মুসলমান
সুনাবানু,মুসলমান
শ্যামদাসি,হিন্দু
গরীন্দ্র,হিন্দু
পিয়ানুর,মুসলমান-দুর্বল
প্রেমদাসী,হিন্দু
নারজুল,মুসলমান
জুলহাসেম,মুসলমান
সাহিনূর,মুসলমান
জয়দেবী,হিন্দু
নূরহাদ,মুসলমান
নওবাহার,মুসলমান
জেলেবানু,মুসলমান
বিনন্দ্র,হিন্দু
নেহারজান,মুসলমান
সোশন,খ্রিস্টান
মাহেন্দ্র,হিন্দু
সন্দ্যা,হিন্দু
শেবাদাসী,হিন্দু
সুচেন্দ্র,হিন্দু
জয়নফ,মুসলমান
ছামিরুন্নেসা,মুসলমান
মোহাম্মাদি,মুসলমান
বালাগিওজান,হিন্দু
কিমলিং,আদিবাসী
জয়নবী,মুসলমান
ওয়াংহেবম,আদিবাসী
অংকন,আদিবাসী
মনুজাহান,মুসলমান
মোহাম্মাদী,মুসলমান
সাবিকুননাহার,মুসলমান
ফকরুননিসা,মুসলমান
লতিফুন্নেসা,মুসলমান
খায়রুন্নেসা,মুসলমান
আসাতুন,মুসলমান
রিংকো,খ্রিস্টান
হুসেনা,মুসলমান
ইসনাহার,মুসলমান
রওশনরা,মুসলমান
স্বরূপা,হিন্দু
শুকুরনিছা,মুসলমান
ইরজাহান,মুসলমান
শিবারানী,হিন্দু
শ্রীনারায়ন,হিন্দু
ভুলানাথ,হিন্দু
হবিদাসী,হিন্দু
এঞ্জুস,খ্রিস্টান
সামেদুননেসা,মুসলমান
সিমারানী,হিন্দু
সন্নযসী,হিন্দু
জুগন্নেছা,মুসলমান
ছামবুরু,মুসলমান-দুর্বল
ছাইতুন,মুসলমান
বাকাতুন,মুসলমান
নছিরনন্নেছা,মুসলমান
করিমুন্নেসা,মুসলমান
মনআরা,মুসলমান
আরজুবানু,মুসলমান
জুলেছা,মুসলমান
লাজুল,মুসলমান
মইংরি,আদিবাসী
টবিয়াস,খ্রিস্টান
ফাবিয়ান,মুসলমান-দুর্বল
থেংরী,আদিবাসী
সানিক্যান,আদিবাসী
পোলাক্রো,খ্রিস্টান
সামেরুন্নেছা,মুসলমান
গোলাফুন্নেছা,মুসলমান
আকুবেন্নেছা,মুসলমান
আরিফুজজামান,মুসলমান
পনিশন,খ্রিস্টান
মিতিন্দ্র,হিন্দু
কুরানী,হিন্দু
এ্যাসনশন,খ্রিস্টান
পাইনাফ্রু,আদিবাসী
আন্দ্রিয়,হিন্দু
তাহেরুননেছা,মুসলমান
শ্রীদিস,হিন্দু
রফিতুল্লা,মুসলমান
কৃষ্ণধণ,হিন্দু
সনকুমার,হিন্দু
মুখ্যাজি,আদিবাসী
আময়ং,আদিবাসী
মাহেনুরু,মুসলমান
সাইরুন্নেছা,মুসলমান
জায়তুন্নেছা,মুসলমান
কামরুন্নিসা,মুসলমান
জায়বুন্নিসা,মুসলমান
নিলসন,খ্রিস্টান
অংলেন,আদিবাসী
তুনজিলা,মুসলমান
নাজিরুন্নেসা,মুসলমান
উলুফা,মুসলমান-দুর্বল
আতরবানু,মুসলমান
নুররফা,মুসলমান-দুর্বল
মাহবুবুররহমান,মুসলমান-দুর্বল
অলেতুন,মুসলমান
সিনুদাস,হিন্দু
দেবসরমা,হিন্দু
ঈশ্বরাম্মা,হিন্দু
মোহনশীল,হিন্দু
বান্নেসা,মুসলমান
পানুয়ারা,মুসলমান-দুর্বল
জৈয়তুন,মুসলমান
উলফ,খ্রিস্টান
শাফাতুন,মুসলমান
আয়াতুন্নেসা,মুসলমান
হাকেমুন,মুসলমান
নিঠুরানী,হিন্দু
বদিউদজামান,মুসলমান
নাংকাই,আদিবাসী
নেলশন,খ্রিস্টান
মাহীনুর,মুসলমান-দুর্বল
ফিরুল,মুসলমান-দুর্বল
গৌরঙ্গদে,হিন্দু
গৌনছালবেছ,হিন্দু
সামসুদ্দোজা,মুসলমান
বাহারুন্নেসা,মুসলমান
তেনমং,আদিবাসী
জোমং,আদিবাসী
হুসনীয়ারা,মুসলমান-দুর্বল
জয়বুননেছা,মুসলমান
মকসুদুল,মুসলমান-দুর্বল
মিয়াম,মুসলমান-দুর্বল
সাংখা,আদিবাসী
আঞ্জুমানআরা,মুসলমান
ছামরুল,মুসলমান-দুর্বল
মাছাপ্রু,আদিবাসী
কামরুননেছা,মুসলমান
আবেদাখাতুন,মুসলমান
টিটুমং,আদিবাসী
সাইরুন্নেসা,মুসলমান
রফিজুল,মুসলমান
হাশনুর,মুসলমান
তাইজ্জুল,মুসলমান
জবারুল,মুসলমান-দুর্বল
ইন্দ্রোজিত,হিন্দু
নূরি,মুসলমান
মেলিসন,খ্রিস্টান
দ্রারিং,আদিবাসী
মিংমেন,আদিবাসী
সুরুজজামান,মুসলমান
মিং,আদিবাসী
নূরেদা,মুসলমান
জুলে,মুসলমান
সামসুদ্দোহা,মুসলমান
ভিগনারাজা,খ্রিস্টান
সুইলিংলী,আদিবাসী
মংচহলা,আদিবাসী
তায়জুল,মুসলমান
জয়মন্ডল,হিন্দু
আমেনাবেগম,মুসলমান
ছাবিয়াবেগম,মুসলমান
তহুরন্নেছা,মুসলমান
ফজলিমা,মুসলমান
দোলায়ারা,মুসলমান-দুর্বল
চেনোয়ারা,মুসলমান-দুর্বল
আমিরুন্নেসা,মুসলমান
কাশীনাথ,হিন্দু
ছবুরুন,মুসলমান-দুর্বল
রুপনেহার,মুসলমান
সায়বানু,মুসলমান
আশাদুল্লা,মুসলমান
ইমানুর,মুসলমান-দুর্বল
শ্বরশ্বতী,হিন্দু
গোপালশীল,হিন্দু
মুকশেদা,মুসলমান
চরনদাসী,হিন্দু
কুটিশ্বর,হিন্দু
কশিনাথ,হিন্দু
সামবালা,হিন্দু
শাহানুরী,মুসলমান-দুর্বল
মিরারানী,হিন্দু
নুরিছলাম,মুসলমান-দুর্বল
নূরুনিসা,মুসলমান
ডেবাডাউসন,খ্রিস্টান
জরিফুলনেছা,মুসলমান
ফজিলতুন্নেসা,মুসলমান
মংক্যম্মাইন,আদিবাসী
শিবেন্দ্রনাথ,হিন্দু
ডিক্রোজ,খ্রিস্টান
জয়ফুন,মুসলমান
সফিরুন্নেসা,মুসলমান
ছাইতুন্নেছা,মুসলমান
জিনাতুননেছা,মুসলমান
গ্যাব্রিয়েল,খ্রিস্টান
আঁখিনূর,মুসলমান
রহুনাথ,হিন্দু
ধর্মদাসী,হিন্দু
রফিতুন,মুসলমান
রিংকোন,আদিবাসী
সরাজিত,হিন্দু
খিংয়েছেন,আদিবাসী
আজিতন্নেছা,মুসলমান
গঙ্গারানী,হিন্দু
হরিনাথ,হিন্দু
দেবালয়,হিন্দু
শজিমননেছা,মুসলমান
আকরামুননেছা,মুসলমান
ফকরুন্নেছা,মুসলমান
মাহেনূর,মুসলমান
লজ্জাতুননেছা,মুসলমান
আজিমননেসা,মুসলমান
সব্বুর,মুসলমান-দুর্বল
মানয়ারা,মুসলমান-দুর্বল
জইমুন্নেছা,মুসলমান
তান্বিয়া,মুসলমান-দুর্বল
জেয়ারন্নেছা,মুসলমান
লোক্য,আদিবাসী
রনজুরুল,মুসলমান-দুর্বল
শুভ্রদেব,হিন্দু
শেফাতুন,মুসলমান
আঞ্জুরুল,মুসলমান-দুর্বল
বোলানাথ,হিন্দু
এমদাদুলৈ,মুসলমান-দুর্বল
আলতাফুল,মুসলমান
শ্বরেশ্বতি,হিন্দু
কানুর্শ,মুসলমান-দুর্বল
জগেন্দ্রনাথ,হিন্দু
মুনিন্দ্র,হিন্দু
সাংক্ষ,আদিবাসী
রহিতুন্নেসা,মুসলমান
ছমিরুন্নেসা,মুসলমান
তেফাতুন,মুসলমান
আয়নেছা,মুসলমান
পুজারানী,হিন্দু
সোড়বালা,হিন্দু
হীরন্নেছা,মুসলমান
আলতাফুনেছা,মুসলমান
রোউশন,খ্রিস্টান
রত্নেশ্বরী,হিন্দু
দর্শন,হিন্দু
খোশবালা,হিন্দু
শীল্পী,হিন্দু
হুরবানু,মুসলমান
জ্যাকোব,খ্রিস্টান
খাতিমুন্নেছা,মুসলমান
আমিরুননেসা,মুসলমান
সুতুন,মুসলমান
বালুতুন্নেছা,মুসলমান
ফজরুন্নেছা,মুসলমান
সাকিরুন্নেসা,মুসলমান
কাউছিমং,আদিবাসী
চক্রবওীর,হিন্দু
সিংগাপাল্লা,আদিবাসী
য়ারামাসেট্টি,মুসলমান-দুর্বল
নারাইনা,খ্রিস্টান
কৃষ্ণারাও,হিন্দু
মাহালাক্সমী,হিন্দু
ঈশ্বররাও,হিন্দু
শ্রীন,হিন্দু
আরজানারাও,খ্রিস্টান
দেবানন্দ,হিন্দু
লাওয়ারাজু,মুসলমান-দুর্বল
লয়ারাজু,মুসলমান-দুর্বল
ইয়াংকাআম্মা,আদিবাসী
সন্নাসম্মা,হিন্দু
ঈশ্বরাম্যা,হিন্দু
গোবিন্দামা,হিন্দু
রামেশ্রী,হিন্দু
দুর্গাবাওয়ানী,হিন্দু
বোলাক্সমী,হিন্দু
রামলাক্সমী,হিন্দু
ইসওয়ারাম্মা,মুসলমান-দুর্বল
দূর্গাআম্মা,হিন্দু
ইন্দ্রানী,হিন্দু
বুলাক্সমী,হিন্দু
রাজেশ্রীরি,হিন্দু
কৃষ্ণান্মা,হিন্দু
রাময়াশ্রী,হিন্দু
গোবিন্দম্মা,হিন্দু
লোকেশ্বরী,হিন্দু
নিক্সন,খ্রিস্টান
শ্রীণু,হিন্দু
আয়মননেসা,মুসলমান
খাজামিয়া,মুসলমান-দুর্বল
গৌড়দাসী,হিন্দু
সুচন্দ্রা,হিন্দু
এংকানা,খ্রিস্টান
গৌরমতি,হিন্দু
নারায়না,হিন্দু
বালাজি,হিন্দু
রামুলামমা,মুসলমান
নারায়ানাম্মা,হিন্দু
গৌরাম্মা,হিন্দু
দূর্গাম্মা,হিন্দু
মেহেশ্বরী,হিন্দু
দিজেন্দ্র,হিন্দু
আরাফা,মুসলমান
মেহেরুনেছা,মুসলমান
ফয়জনন্নেসা,মুসলমান
নারায়েন,হিন্দু
রব্বেনুর,মুসলমান-দুর্বল
সুখরানী,হিন্দু
আপান্নেসা,মুসলমান
জগরানী,হিন্দু
বিষ্ণুদাস,হিন্দু
হোসেনি,মুসলমান
নূরমিয়া,মুসলমান
সানজিত,হিন্দু
পাঠেশ্বরী,হিন্দু
নুরুন্নেসা,মুসলমান
রয়তুন্নেছা,মুসলমান
রুববানু,মুসলমান
ছোলমান্নেছা,মুসলমান
তাজেরুন্নেছা,মুসলমান
ছায়তুন,মুসলমান
আজিজুল্লা,মুসলমান
ফাইজুন্নেছা,মুসলমান
মহিদুরনেছা,মুসলমান
আরাফাতুন্নেছা,মুসলমান
জয়পুন,হিন্দু
জুহারানী,হিন্দু
নীরঞ্জন,হিন্দু
ফয়েসাল,মুসলমান
খুতুজা,মুসলমান
সাইরুন,মুসলমান
ইয়ারুন্নেসা,মুসলমান
রোড্রিকস,খ্রিস্টান
ফাইজুলনাহার,মুসলমান
জৈয়তুল্লা,মুসলমান
আলিমুদ্দোজা,মুসলমান
হীরেন্দ্র,হিন্দু
ঈসরাফিল,মুসলমান
বদুরোন্নেছা,মুসলমান
চন্দ্রসীল,হিন্দু
সেংহ,আদিবাসী
দাশঁ,হিন্দু
ফজোরানেছা,মুসলমান
জয়শৌ,হিন্দু
জয়গননেছা,মুসলমান
জাফরীন,মুসলমান
অহিদুল্লা,মুসলমান
হাসেনয়ারা,মুসলমান-দুর্বল
ফাবিয়া,মুসলমান-দুর্বল
জয়নবেন্নেছা,মুসলমান
নূরনেসা,মুসলমান
নূরুন্নেহার,মুসলমান
হাফিজুল্যাহ,মুসলমান
সইতুন,মুসলমান
বদরুননেছা,মুসলমান
সাকিবুর,মুসলমান-দুর্বল
হোসনাআরা,মুসলমান
ময়নুন্নেছা,মুসলমান
আয়মন্নেছা,মুসলমান
আজিতুন,মুসলমান
হাওয়াতুন্নেছা,মুসলমান
দানেছা,মুসলমান
সনজনা,মুসলমান
রুহিতুন,মুসলমান
ফজুলিতুন,মুসলমান
মনবালা,হিন্দু
সায়মুননেছা,মুসলমান
স্বপনাহার,মুসলমান
ইয়ারজুল,মুসলমান
জুলহোসেন,মুসলমান
সাহাতুল্যাহ,মুসলমান
আলীমুননেছা,মুসলমান
সহিতুন্নেছা,মুসলমান
নুরুল্লা,মুসলমান
ইন্দ্রজীত,হিন্দু
সূর্যাবানু,মুসলমান
সতরানী,হিন্দু
ফোসনারা,মুসলমান
বাহরননেছা,মুসলমান
হোশনেয়ারা,মুসলমান-দুর্বল
তইবুর,মুসলমান-দুর্বল
হাসিতুন,মুসলমান
রমিয়া,মুসলমান-দুর্বল
আমানুল্লা,মুসলমান
হাবিবুল্যাহ,মুসলমান
নিরদাসী,হিন্দু
হানুমিয়া,মুসলমান-দুর্বল
সহিদুল্লা,মুসলমান
রবমিয়া,মুসলমান-দুর্বল
আসাদুল্লা,মুসলমান
আলকাতুন,মুসলমান
মুরজাহান,মুসলমান
লজ্জাতুন,মুসলমান
তাহিন্নেছা,মুসলমান
রমিজুন্নেছা,মুসলমান
পিরবানু,মুসলমান
সত্বরঞ্জন,হিন্দু
জয়রাজ,হিন্দু
মিয়াচঁান,মুসলমান-দুর্বল
লায়লাবানু,মুসলমান
শাইদুল,মুসলমান
আঃমোতালিব,মুসলমান
উৎফুলন্নেছা,মুসলমান
শাহারবানু,মুসলমান
সাইদুন্নেছা,মুসলমান
চঁানবাহার,মুসলমান
সাহেতুন,মুসলমান
মায়ানূর,মুসলমান
করিমুল্যা,মুসলমান
নিকিন্দ্র,হিন্দু
আবুছিদ্দিক,মুসলমান
সোহানমিয়া,মুসলমান-দুর্বল
বারিন্দ্র,হিন্দু
জেপারসন,খ্রিস্টান
কিপশন,খ্রিস্টান
কাফরুন্নেছা,মুসলমান
সবিরন্নেসা,মুসলমান
সনবতিয়া,হিন্দু
রঞ্জিতরাম,হিন্দু
বিষ্ণুনু,হিন্দু
তাহিনুর,মুসলমান-দুর্বল
সাহিতুন,মুসলমান
আইতুন,মুসলমান
নুরতুন্নাহর,মুসলমান
রেহাতুন,মুসলমান
জাবিনুর,মুসলমান-দুর্বল
ছেলাতুন,মুসলমান
আজীজুল,মুসলমান
মেজাজুল,মুসলমান
সদেব,হিন্দু
নিদ্রারানী,হিন্দু
নুরহজাহান,মুসলমান
শইতুন,মুসলমান
সাফিতুন,মুসলমান
মিচেং,আদিবাসী
নুরুজ্জমাল,মুসলমান
ওহীদুল,মুসলমান-দুর্বল
খোদোজা,মুসলমান
আলীনূর,মুসলমান
আকলিমুননেছা,মুসলমান
খালাতুন,মুসলমান
আনয়ারা,মুসলমান-দুর্বল
লতিফোনেছা,মুসলমান
ছুবুরন,মুসলমান-দুর্বল
ফয়জন্নেসা,মুসলমান
নুরছালিমা,মুসলমান-দুর্বল
ছমিরুন্নেছা,মুসলমান
গূরুদাসী,হিন্দু
উদ্দৌলা,মুসলমান
মূখোপাধ্যায়,হিন্দু
আলিনুর,মুসলমান-দুর্বল
স্বরসূতী,হিন্দু
দেবদাশী,হিন্দু
শাহাবুর,মুসলমান-দুর্বল
নবিয়াল,মুসলমান-দুর্বল
সিদ্দীকা,মুসলমান
ছবুরন্নেছা,মুসলমান
এমরুল,মুসলমান-দুর্বল
সীমারানী,হিন্দু
ফয়জোয়ারা,মুসলমান-দুর্বল
প্রানবালা,হিন্দু
চন্দ্রাবান,হিন্দু
ফয়জুননেছা,মুসলমান
ইজ্জাতন্নেছা,মুসলমান
ছৈদুন্নেছা,মুসলমান
প্রশেনজিৎ,হিন্দু
নুরসাদ,মুসলমান-দুর্বল
নজিরনবেগম,মুসলমান
আসমাবেগম,মুসলমান
ফারুকস্বর্নমাত,মুসলমান
জয়ধ্বনী,হিন্দু
ছেনায়ারা,মুসলমান-দুর্বল
পৃনরানী,হিন্দু
আবুলমির,মুসলমান
বিমলারানী,হিন্দু
মৃতুযনজয়,হিন্দু
সন্যামাত,হিন্দু
হায়াতোন্নেছা,মুসলমান
রানীদে,হিন্দু
কহীনুর,মুসলমান-দুর্বল
ছাইয়াদুল,মুসলমান-দুর্বল
সেরুল,মুসলমান-দুর্বল
বিষ্ণুবর,হিন্দু
জাহানি,মুসলমান
শামদাসী,হিন্দু
মোনোয়ার,মুসলমান
লংকেরশ্বর,হিন্দু
রঙবাহার,মুসলমান
সুকানুর,মুসলমান-দুর্বল
সাবাতুন,মুসলমান
আংগূরী,আদিবাসী
বাকাতুন্নেছা,মুসলমান
জহিরা,মুসলমান
চিকবাহার,মুসলমান
ফুলেরস্বরী,হিন্দু
বুরুজান,মুসলমান-দুর্বল
সৌরবালা,হিন্দু
আঃবাতেন,মুসলমান
স্বরেবানু,মুসলমান
স্বরবতি,হিন্দু
স্বরনা,হিন্দু
পিয়ারাজান,মুসলমান-দুর্বল
সিদ্বেশ্বর,হিন্দু
নিন্দ্রা,হিন্দু
উবাইদুল্লা,মুসলমান
নয়তনেছা,মুসলমান
ইবাদুননেসা,মুসলমান
ছুরাতুন,মুসলমান
ঠাকুরদাসী,হিন্দু
সন্দে,হিন্দু
ইংরেজ,আদিবাসী
মজিরুল,মুসলমান-দুর্বল
জয়ধ্বনি,হিন্দু
গোলাপবানু,মুসলমান
রণজিত,হিন্দু
হরিবালা,হিন্দু
আহাদনুর,মুসলমান-দুর্বল
গয়াদাসী,হিন্দু
কবুরন,মুসলমান-দুর্বল
জয়দা,হিন্দু
আঃকাদের,মুসলমান
আব্বাসালী,মুসলমান
তাজইসলাম,মুসলমান
জুগলদাসী,হিন্দু
পানোয়ারা,মুসলমান-দুর্বল
মেঘুমিয়া,মুসলমান-দুর্বল
ছাফাতুন,মুসলমান
স্বরসথী,হিন্দু
রাজদেব,হিন্দু
সবুরি,মুসলমান-দুর্বল
স্বরশতি,হিন্দু
লক্ষীবেগম,মুসলমান
শ্বরবানু,মুসলমান
স্বরুপী,হিন্দু
রওশয়ারা,মুসলমান-দুর্বল
সন্দি,হিন্দু
শান্তিবেগম,মুসলমান
বাচাতননেছা,মুসলমান
আভারানী,হিন্দু
দুলিবেগম,মুসলমান
জোৎসন্না,মুসলমান
নূরুবক্স,মুসলমান
জয়মনা,হিন্দু
আংগরী,আদিবাসী
ওফাতুন,মুসলমান
খোশবানু,মুসলমান
কারিউল,মুসলমান-দুর্বল
হিরন্নেছা,মুসলমান
মুনাশ্রী,হিন্দু
লিচুবালা,হিন্দু
রবুল্লা,মুসলমান
সাফাতুল্লা,মুসলমান
পিউরীফিেকশন,খ্রিস্টান
সম্ভুনাথ,হিন্দু
সুরজামান,মুসলমান
হাকিমালী,মুসলমান
ফজলুল্লা,মুসলমান
চেয়ারুন্নেছা,মুসলমান
শাহজামান,মুসলমান
আভিনুর,মুসলমান-দুর্বল
মনদাসী,হিন্দু
শামসুন্নেছা,মুসলমান
আলেনূর,মুসলমান
রমজান্নেছা,মুসলমান
হাসেনুর,মুসলমান-দুর্বল
রিয়জুল,মুসলমান
রানীজোয়াদ্দার,হিন্দু
কৃষ্ণানন্দি,হিন্দু
আফুরুন্নেছা,মুসলমান
শ্বরশ্বতি,হিন্দু
জয়জন,হিন্দু
গোরদাসী,হিন্দু
শান্তানুর,মুসলমান-দুর্বল
রশনেছা,মুসলমান
নুরজা,মুসলমান-দুর্বল
রুশন,খ্রিস্টান
মোনবাহার,মুসলমান
রাজামিয়া,মুসলমান-দুর্বল
বিকাশীল,হিন্দু
হাছনেহারা,মুসলমান
আমাতুন্নেছা,মুসলমান
শশীলা,হিন্দু
জামশেদা,মুসলমান
আংকুরনেছা,মুসলমান
রুশনেয়ারা,মুসলমান-দুর্বল
বয়জুন্নেছা,মুসলমান
আইতুনী,মুসলমান
ফুকুরুন্নেছা,মুসলমান
রত্নেশ্বর,হিন্দু
নূরনেহার,মুসলমান
আকলাতুন,মুসলমান
মাচেনউ,আদিবাসী
উসেফ্রু,আদিবাসী
মংচমেন,আদিবাসী
মংমংছান,আদিবাসী
মোমিয়া,মুসলমান-দুর্বল
মংলাওয়ান,আদিবাসী
মাসুইচিং,আদিবাসী
ফ্রুনুমা,আদিবাসী
মাচিংসুইয়,আদিবাসী
অংথায়ম্যা,আদিবাসী
চাসেঅং,আদিবাসী
মংচিংনো,আদিবাসী
মংচিং,আদিবাসী
মংখে,আদিবাসী
উচংখেন,আদিবাসী
চংসে,আদিবাসী
সেমাচিং,আদিবাসী
নিফ্রুমং,আদিবাসী
মংখেনু,আদিবাসী
মাত্রচিং,আদিবাসী
চোয়েনফ্রু,আদিবাসী
নোয়ামং,আদিবাসী
মংফু,আদিবাসী
থাংজ,আদিবাসী
মংলাচো,আদিবাসী
নুরছায়েদ,মুসলমান-দুর্বল
অংচ,আদিবাসী
মালিং,আদিবাসী
মংচিসে,আদিবাসী
মংতাংচো,আদিবাসী
খ্যাচান,আদিবাসী
নূরচেহেরা,মুসলমান
মংতুচিং,আদিবাসী
থাউচিং,আদিবাসী
অংপ্রিচু,আদিবাসী
নেছান,মুসলমান
মংমংলা,আদিবাসী
লাচানচিং,আদিবাসী
নোমাচিং,আদিবাসী
উচোমং,আদিবাসী
উক্যওয়েন,আদিবাসী
মংখেলা,আদিবাসী
সেমং,আদিবাসী
মাদব্বর,মুসলমান
অংচিখেন,আদিবাসী
লাইচিং,আদিবাসী
পাংখাইন,আদিবাসী
চিংসে,আদিবাসী
থামং,আদিবাসী
মংয়ং,আদিবাসী
চিংমং,আদিবাসী
মংথয়,আদিবাসী
য়েনথাচিং,আদিবাসী
মংয়েন,আদিবাসী
চিংলাসে,আদিবাসী
মংঅংলয়েন,আদিবাসী
চলামং,আদিবাসী
ফ্রুখাইউ,আদিবাসী
চংখান,আদিবাসী
ওয়েচিংউ,আদিবাসী
চিংখাইফ্রু,আদিবাসী
পুলুমং,আদিবাসী
চিংচাথং,আদিবাসী
লাচিংমং,আদিবাসী
অংশাচিং,আদিবাসী
থয়অংচা,আদিবাসী
উচাচিং,আদিবাসী
অংরিমা,আদিবাসী
আংমাউ,আদিবাসী
চিংচামা,আদিবাসী
ফ্রুফ্রু,আদিবাসী
মোচিংন,আদিবাসী
খ্যান,আদিবাসী
মেচিংনো,আদিবাসী
এচিংমং,আদিবাসী
মংয়াচিং,আদিবাসী
চিংলামং,আদিবাসী
ওয়েমাচিং,আদিবাসী
চিংচো,আদিবাসী
মংমংউ,আদিবাসী
মংতেলা,আদিবাসী
চলাফ্রু,আদিবাসী
মংম্যা,আদিবাসী
জুলাই,মুসলমান
ফ্রুশে,আদিবাসী
জাতুন্নেছা,মুসলমান
মোচিংগা,আদিবাসী
এসহাক,মুসলমান
আফ্রুশে,আদিবাসী
চোমংচিং,আদিবাসী
অংথান্ট,আদিবাসী
এচিংসে,আদিবাসী
মাওচিং,আদিবাসী
লমেচিং,আদিবাসী
নুমং,আদিবাসী
চোয়ংশে,আদিবাসী
থয়মাচিং,আদিবাসী
মাতেনচিং,আদিবাসী
সাইমিয়াত্যা,মুসলমান-দুর্বল
হাংনচিংন,আদিবাসী
চিলামং,আদিবাসী
অংখেন,আদিবাসী
উনেচিং,আদিবাসী
লাএচিং,আদিবাসী
মংক্রোওয়ান,আদিবাসী
মংচোওয়েন,আদিবাসী
অংচুরা,আদিবাসী
খাইনুচিং,আদিবাসী
ক্যোচিন,আদিবাসী
ম্মামুইচিং,আদিবাসী
নুয়েচিংফু,আদিবাসী
মচিং,আদিবাসী
ইফিউচেন,আদিবাসী
গোলচেয়ারা,মুসলমান-দুর্বল
শামসুরনেহার,মুসলমান
রিপনদাস,হিন্দু
ইজাদুল,মুসলমান-দুর্বল
বিষুরানী,হিন্দু
ফজিনুর,মুসলমান-দুর্বল
খাদিজাবেগম,মুসলমান
বেদনাথ,হিন্দু
ফাকিনুর,মুসলমান-দুর্বল
রাশাদুল,মুসলমান-দুর্বল
তাওহীদুল,মুসলমান-দুর্বল
ছুরাতুন্নেছা,মুসলমান
খবিরুননেছা,মুসলমান
মৃতুযঞ্জয়,হিন্দু
রনোজীৎ,হিন্দু
চঁানমিয়া,মুসলমান-দুর্বল
ছেরাতুন্নেছা,মুসলমান
হালিমননেছা,মুসলমান
চন্দ্রবরাল,হিন্দু
আকিমুন্নেছা,মুসলমান
হুরুননেছা,মুসলমান
ছায়েনুর,মুসলমান-দুর্বল
মজিতুন,মুসলমান
বকুলুন্নেছা,মুসলমান
হায়াতোননেছা,মুসলমান
শামছুনেছা,মুসলমান
রহিমোননেছা,মুসলমান
আজমিয়ারা,মুসলমান-দুর্বল
ছেয়াতুন,মুসলমান
রনজুয়ারা,মুসলমান-দুর্বল
অমিয়া,মুসলমান-দুর্বল
লুৎফুননাহার,মুসলমান
নুরুন্নেহার,মুসলমান
রডশনআরা,মুসলমান
মনোজিত,হিন্দু
শাজেনুর,মুসলমান-দুর্বল
কিরতুনিয়া,মুসলমান
চাহেনুর,মুসলমান-দুর্বল
পরিতুন্নেছা,মুসলমান
হামিদুন্নেসা,মুসলমান
জয়লক্ষ্মী,হিন্দু
নজিমুনন্নেছা,মুসলমান
সতিন্দ্র,হিন্দু
সতীন্দ্র,হিন্দু
সুকরঞ্জন,হিন্দু
ছৈদুননেছা,মুসলমান
জাহারুল,মুসলমান-দুর্বল
বুদ্ধিশ্বর,হিন্দু
আবেদুন্নেছা,মুসলমান
করিমোন্নেছা,মুসলমান
ছুরাতননেছা,মুসলমান
চার্য,হিন্দু
চক্রাবওর্ী,হিন্দু
জয়সাওজাল,হিন্দু
কানাথ,হিন্দু
সাবানু,মুসলমান
নুরছাহেরা,মুসলমান-দুর্বল
মানজুয়ারা,মুসলমান-দুর্বল
দুলিরানী,হিন্দু
আজিতোন,হিন্দু
গোনেশীল,হিন্দু
বিবিশন,খ্রিস্টান
জাকিনুর,মুসলমান-দুর্বল
সেরাতুন্নেছা,মুসলমান
তাজনেহারা,মুসলমান
রাঝেশ্বর,হিন্দু
এলিনুর,মুসলমান-দুর্বল
পাখিনুর,মুসলমান-দুর্বল
জরিতুন্নেছা,মুসলমান
ইমরানী,হিন্দু
স্বরেশ্বতি,হিন্দু
মাহামুদুল,মুসলমান
আঃছালাম,মুসলমান
গৌরঙ্গনী,হিন্দু
গ্যানোদা,আদিবাসী
রংগোবালা,হিন্দু
কোমোদীনি,হিন্দু
গেনিন্দ্র,হিন্দু
দেবনাম,হিন্দু
বিজেশ্বরী,হিন্দু
মংসো,আদিবাসী
মংবাচিন,আদিবাসী
মংফো,আদিবাসী
আংকোজো,আদিবাসী
মংবাচো,আদিবাসী
মংহানসে,আদিবাসী
নিঅং,আদিবাসী
চিংকোমেন,আদিবাসী
অংথিনলা,আদিবাসী
অংবোতেন,আদিবাসী
মাচিংয়েন,আদিবাসী
লাউচিং,আদিবাসী
অংতেনমে,আদিবাসী
চিংনমে,আদিবাসী
নুনাচিং,আদিবাসী
মংটেনছ্যোয়,আদিবাসী
মংক্যোমেন,আদিবাসী
মংচোজো,আদিবাসী
চোমংতেন,আদিবাসী
মংখানোয়,আদিবাসী
মংতাহান,আদিবাসী
মংউফ্রু,আদিবাসী
খেঅংনান্ট,আদিবাসী
মংসেলেন,আদিবাসী
মংশেহান,আদিবাসী
মংচোলেন,আদিবাসী
অংসেলেন,আদিবাসী
মংমংজো,আদিবাসী
থেলঅংক্যো,আদিবাসী
খেনচিংনু,আদিবাসী
লানায়চিং,আদিবাসী
কানচাচিং,আদিবাসী
অনুংসে,আদিবাসী
অংচানতেন,আদিবাসী
হানচিংমং,আদিবাসী
মাচিংহান,আদিবাসী
মাচাফ্রু,আদিবাসী
মাচিংচা,আদিবাসী
মংটেন,আদিবাসী
লাচোমং,আদিবাসী
এতেনমং,আদিবাসী
মংসুইথিন,আদিবাসী
হেনতেনমং,আদিবাসী
মংচাচিন,আদিবাসী
খেমংলা,আদিবাসী
চাচিংফ্রু,আদিবাসী
অংথান,আদিবাসী
চিংক্যোয়েন,আদিবাসী
মংচোমেন,আদিবাসী
অংচিংলা,আদিবাসী
মাচিংতেন,আদিবাসী
চংম্মাউ,আদিবাসী
অংমংচিন,আদিবাসী
মংয়ি,আদিবাসী
মংচংনান,আদিবাসী
উথয়মং,আদিবাসী
খেনমং,আদিবাসী
সুইচিনমং,আদিবাসী
মংবু,আদিবাসী
মংখেচিং,আদিবাসী
চানথেঅং,আদিবাসী
মাচংনান,আদিবাসী
উমং,আদিবাসী
চিংলাফ্রু,আদিবাসী
ক্যএছেন,আদিবাসী
চিনচাফ্রু,আদিবাসী
অংমে,আদিবাসী
মোনচেয়ারা,মুসলমান-দুর্বল
চংচিং,আদিবাসী
চাংহানু,আদিবাসী
খেফ্রু,আদিবাসী
চিংফ্রুমা,আদিবাসী
মাতনচিং,আদিবাসী
নোমাফ্রু,আদিবাসী
চাংগোমা,আদিবাসী
চিংচান,আদিবাসী
মংচানতেন,আদিবাসী
মেমংশে,আদিবাসী
খেচিংমং,আদিবাসী
অংথানফ্রু,আদিবাসী
তেনমংশে,আদিবাসী
মংচিনতে,আদিবাসী
মংহানখে,আদিবাসী
মংলুন,আদিবাসী
মমংশে,আদিবাসী
মোমেচাং,আদিবাসী
মালাখেং,আদিবাসী
মালচিং,আদিবাসী
ফ্রুমংশে,আদিবাসী
ওচাচিং,আদিবাসী
কোমংসে,আদিবাসী
অংচিংশে,আদিবাসী
লাচুচিং,আদিবাসী
লাতেমং,আদিবাসী
অংসেচিং,আদিবাসী
অংচোছান,আদিবাসী
মংতিসে,আদিবাসী
অংচিশে,আদিবাসী
মংফুচো,আদিবাসী
মাতাচিং,আদিবাসী
ইয়েচিং,আদিবাসী
অংচো,আদিবাসী
চিংখেমং,আদিবাসী
মংহানচিং,আদিবাসী
উচেওয়েন,আদিবাসী
মংচোনিন,আদিবাসী
মংথানতেন,আদিবাসী
মংচানথে,আদিবাসী
মংলেন,আদিবাসী
মংলামেন,আদিবাসী
মংচানচো,আদিবাসী
অংমংথান,আদিবাসী
চংনু,আদিবাসী
চোংচিংমা,আদিবাসী
খেনাচিং,আদিবাসী
চংতেউ,আদিবাসী
এইচিংমা,আদিবাসী
লাসেচিং,আদিবাসী
মাচংচিং,আদিবাসী
মংথউ,আদিবাসী
উটেমং,আদিবাসী
চিংতামং,আদিবাসী
উসাংচিং,আদিবাসী
এমংসে,আদিবাসী
জরিতুননেছা,মুসলমান
তরুরানী,হিন্দু
অপেনুর,মুসলমান-দুর্বল
ছুরতেন্নেছা,মুসলমান
ধরানী,হিন্দু
আনওয়ারুল,মুসলমান-দুর্বল
দৌলতুননেছা,মুসলমান
আরিফুল্যাহ,মুসলমান
কুঞ্জদাসী,হিন্দু
আবদুল্যাহ,মুসলমান
জিয়াদুল,মুসলমান-দুর্বল
কয়নুর,মুসলমান-দুর্বল
নুরুতাজ,মুসলমান
জয়তুনন্নেছা,মুসলমান
জয়দর,হিন্দু
ফোখরুল,মুসলমান-দুর্বল
রহিমজান,মুসলমান
দৌলতনেছা,মুসলমান
বতুন,মুসলমান
কাহিনুর,মুসলমান-দুর্বল
নুরুজ্জমান,মুসলমান
ইয়েনুর,মুসলমান-দুর্বল
জয়ন্তিফুল,হিন্দু
সেমাউল,মুসলমান-দুর্বল
ইমিরন,মুসলমান
সিতারানী,হিন্দু
বিজেস্বর,হিন্দু
অবিয়া,মুসলমান-দুর্বল
আজুমিয়া,মুসলমান-দুর্বল
জহিরদ্দি,মুসলমান
সন্ধিফুল,হিন্দু
ছাম্বিয়া,মুসলমান-দুর্বল
আংঙ্গুরী,আদিবাসী
আফছানুর,মুসলমান-দুর্বল
অফিনুর,মুসলমান-দুর্বল
দেবণাথ,হিন্দু
নারায়নশীল,হিন্দু
ফয়জন্নেছা,মুসলমান
আয়নুর,মুসলমান-দুর্বল
শিপ্রারানী,হিন্দু
একুতেন্নেছা,মুসলমান
আয়তুনেছা,মুসলমান
ইনজামান,মুসলমান
নাঈমাজাহান,মুসলমান
পাপরুল,মুসলমান-দুর্বল
ছুমিরন,মুসলমান
আবুশানা,মুসলমান
বাহারি,মুসলমান
হাওয়ানূর,মুসলমান
নাহারী,মুসলমান
জ্যোস্নারানী,হিন্দু
নুরেতন,মুসলমান-দুর্বল
এঞ্জে,খ্রিস্টান
জব্বারু,মুসলমান
জয়ভান,হিন্দু
কুমিরন,মুসলমান
মফজল,মুসলমান
ছামিদুর,মুসলমান
ইসলঅম,মুসলমান
বিজেশ্বর,হিন্দু
বোলবালা,হিন্দু
উসারানী,হিন্দু
চিরাতুন,মুসলমান
মুনাহার,মুসলমান
অবিরুল,মুসলমান-দুর্বল
মোজারুল,মুসলমান-দুর্বল
হাওয়াবানু,মুসলমান
অংক,আদিবাসী
জীবন্নেসা,মুসলমান
ওবায়দুল্যা,মুসলমান
রওশনয়ার,মুসলমান
নূজাহান,মুসলমান
মান্দ্রা,হিন্দু
মরিয়ম্মেন্নেছা,মুসলমান
কাবিরেন্নেসা,মুসলমান
আছমাখাতুন,মুসলমান
নির্বাসন,হিন্দু
দেবস,হিন্দু
মোগলেননেছা,মুসলমান
মগলেন্নেছা,মুসলমান
ফজুরহমান,মুসলমান
মোকশুদুন্নেসা,মুসলমান
চানঁবানু,মুসলমান
বারবালা,হিন্দু
নিংমিংঞ্জা,আদিবাসী
ক্রিপসন,খ্রিস্টান
নুরমামুদ,মুসলমান-দুর্বল
আহিলেন্নেছা,মুসলমান
আতনেন্নেছা,মুসলমান
কুসনেহার,মুসলমান
রানীসরকার,হিন্দু
রফবানু,মুসলমান
শামছুন্নেছার,মুসলমান
সায়ংমা,আদিবাসী
তপুরুল,মুসলমান-দুর্বল
কদরবানু,মুসলমান
রোব্বানু,মুসলমান
মেহারুন্নেছা,মুসলমান
খেং,আদিবাসী
দুদবানু,মুসলমান
রংরিং,আদিবাসী
আফানুর,মুসলমান-দুর্বল
সুবুরা,মুসলমান-দুর্বল
ছাদুল্যাহ,মুসলমান
বাশাতুল্যাহ,মুসলমান
ফিরুজুল,মুসলমান
মাহাদুল,মুসলমান-দুর্বল
আমিনূর,মুসলমান
মেহেদীজামান,মুসলমান
নুরুনবী,মুসলমান
আনজুরয়ারা,মুসলমান-দুর্বল
জুলাহা,মুসলমান
নামিয়া,মুসলমান-দুর্বল
নবীনুর,মুসলমান-দুর্বল
সেবদুল,মুসলমান-দুর্বল
রামদাসী,হিন্দু
টাংশু,আদিবাসী
সাফানুর,মুসলমান-দুর্বল
মুয়াবিয়া,মুসলমান-দুর্বল
সুরোতুন্নেসা,মুসলমান
নুরুন্নাহর,মুসলমান
তজরুল,মুসলমান-দুর্বল
ভুমিদাস,হিন্দু
শাকিরুল,মুসলমান-দুর্বল
সোনাহারা,মুসলমান
ফজলিতন,মুসলমান
ইচ্ছেনেছা,মুসলমান
ইসনেহার,মুসলমান
বিসন্তি,হিন্দু
হিরাদাস,হিন্দু
জাবিয়া,মুসলমান-দুর্বল
গীতিয়ারা,মুসলমান-দুর্বল
অবিয়ালী,মুসলমান-দুর্বল
তিতুমীর,মুসলমান
মিরজুলহাস,মুসলমান
সনজেদা,মুসলমান
আয়তুল্লা,মুসলমান
ছাবিয়াম,মুসলমান-দুর্বল
আহাব্বর,মুসলমান
সুমিরন,মুসলমান
নাহারুন,মুসলমান
রুজবানু,মুসলমান
গৌরিলাল,হিন্দু
নূরানি,মুসলমান
নইতুন,মুসলমান
জহিরণ,মুসলমান
রওশনায়ারা,মুসলমান-দুর্বল
আরমিশন,খ্রিস্টান
একতুন্নেছা,মুসলমান
সনজিল,হিন্দু
সাজরেরন্নেছা,মুসলমান
ছবুরেরনেছা,মুসলমান
জয়ঙ্গনা,হিন্দু
একাদুল,মুসলমান-দুর্বল
সায়েদুর,মুসলমান
সন্তুষজান,হিন্দু
আশহাদুল,মুসলমান-দুর্বল
মজলিশেরন্নেছা,মুসলমান
ফুলাবানু,মুসলমান
লুৎফুরন্নেছা,মুসলমান
সনতুষ,হিন্দু
আপ্তারুনেছা,মুসলমান
আজিদনুর,মুসলমান-দুর্বল
আবেদনুর,মুসলমান-দুর্বল
করফুন্নেছা,মুসলমান
মিজাজুল,মুসলমান
জুলায়খা,মুসলমান
পূণ্যবালা,হিন্দু
তাজ্জতেনেছা,মুসলমান
কুলসুমেন্নেছা,মুসলমান
নুরেনেহার,মুসলমান
বজরুল,মুসলমান-দুর্বল
হজুলক,মুসলমান
ইস্তারেন্নেছা,মুসলমান
সেকান্দরেন্নেছা,মুসলমান
হুসনেহারা,মুসলমান
অলিনুর,মুসলমান-দুর্বল
কোহীনূর,মুসলমান
মহরবানু,মুসলমান
ফজরেন্নেছা,মুসলমান
ফজরহমান,মুসলমান
বিশ্বশ্বর্মা,হিন্দু
তাপাজুল,মুসলমান
ফরজবানু,মুসলমান
শনতারা,মুসলমান
সাজিজুল,মুসলমান
অবনিন্দ্র,হিন্দু
নিলবানু,মুসলমান
রূপবাহার,মুসলমান
আসাদুন্নেছা,মুসলমান
সাজিবুর,মুসলমান-দুর্বল
তাজ্জতেন্নেছা,মুসলমান
ছায়বানু,মুসলমান
জয়নবনেছা,মুসলমান
ফজলূ,মুসলমান
খাতুনী,মুসলমান
মুনেশ্বরী,হিন্দু
রংমেলান্নেছা,মুসলমান
ভবেন্দ্র,হিন্দু
নিকসন,খ্রিস্টান
আবুতালব,মুসলমান
সাবিকুরনাহার,মুসলমান
নূরেছাপা,মুসলমান
মহরেন্নেছা,মুসলমান
হাদিনূর,মুসলমান
পরিষ্কারেন্নেছা,মুসলমান
আরসেন্নেছা,মুসলমান
জিন্নতেন্নেসা,মুসলমান
দেবনাত,হিন্দু
রাফাতুন্নেসা,মুসলমান
আদরেন্নেছা,মুসলমান
পন্ডিতেন্নেছা,মুসলমান
সরুফুন্নেছা,মুসলমান
ফুলেবানু,মুসলমান
কলেশ্বরী,হিন্দু
কোহীনুর,মুসলমান-দুর্বল
আফ্রুজা,আদিবাসী
বুদিরানী,হিন্দু
রনঞ্জিত,হিন্দু
সুকেন্দ্র,হিন্দু
ফনিন্দ্র,হিন্দু
শ্রীসুমন,হিন্দু
দীগেন্দ্র,হিন্দু
অকিমন,মুসলমান
জয়ফুলি,হিন্দু
রজেন্দ্র,হিন্দু
গোপীনাথ,হিন্দু
কল্পনাথ,হিন্দু
ধীরবালা,হিন্দু
আনন্দ্র,হিন্দু
দীজিন্দ্র,হিন্দু
অজয়দেবনাথ,হিন্দু
জবাহার,মুসলমান
নীলবানু,মুসলমান
রেংকেং,আদিবাসী
কুদুল,মুসলমান-দুর্বল
মিনিকসন,খ্রিস্টান
ঝিনুয়ারা,মুসলমান-দুর্বল
দেবর্ষী,হিন্দু
লংমিন,আদিবাসী
ক্যাথরিন,খ্রিস্টান
যশোয়ারা,মুসলমান-দুর্বল
হেমারসন,খ্রিস্টান
পানথ্রা,আদিবাসী
দারেং,আদিবাসী
নিপসন,খ্রিস্টান
আরফাতুন্নেছা,মুসলমান
করফুলিন্নেছা,মুসলমান
হুসনেআরা,মুসলমান
পান্থ্রা,আদিবাসী
সুবুরুন,মুসলমান-দুর্বল
সুরুজেন্নেছা,মুসলমান
করফুন্নেসা,মুসলমান
কমিশন,খ্রিস্টান
দেলোয়ারহোসাইন,মুসলমান
জুয়েলশন,খ্রিস্টান
পিটারশন,খ্রিস্টান
শুরবানু,মুসলমান
আদরেন্নেসা,মুসলমান
আফিসেন্নেছা,মুসলমান
আইজুনাহার,মুসলমান
চন্দ্রপাল,হিন্দু
জয়রণ,হিন্দু
রিতাবেগম,মুসলমান
আলিয়াবেগম,মুসলমান
মহনোয়ারা,মুসলমান-দুর্বল
শ্রীতিনা,হিন্দু
বকুলেন্নেছা,মুসলমান
বেগমআরা,মুসলমান
খাইরুননেছা,মুসলমান
গৌরাঙ্গঁ,হিন্দু
ইদরেন্নেছা,মুসলমান
লতিফুন্নেছা,মুসলমান
নিতেন্দ্র,হিন্দু
হুসনাবানু,মুসলমান
ফুরবানু,মুসলমান
বাশন্তী,হিন্দু
খাইরুলইসলাম,মুসলমান-দুর্বল
হোছাইনী,মুসলমান
হিমেলমিয়া,মুসলমান-দুর্বল
ছুবুরজান,মুসলমান-দুর্বল
ইয়ারন্নেছা,মুসলমান
সিংমসং,আদিবাসী
মনদুল,মুসলমান-দুর্বল
পাতাবাহার,মুসলমান
জামিদুল,মুসলমান-দুর্বল
রৌশনআরা,মুসলমান
মোনাহার,মুসলমান
সহিদুল্লযা,মুসলমান
ছফেতুল্লা,মুসলমান
তীলেস্বরী,হিন্দু
আজিজুলহক,মুসলমান
উবায়েদুল্লা,মুসলমান
হাবিতুল্যাহ,মুসলমান
ফেরদ্দোছী,মুসলমান
শাবানুর,মুসলমান
জুলফি,মুসলমান
আলস্বরি,হিন্দু
গয়াশ্বরী,হিন্দু
সুরঞ্জনা,হিন্দু
ভবেশ্বর,হিন্দু
হামিতন্নেছা,মুসলমান
নূরুদ্দি,মুসলমান
ফুলুতেন্নেছা,মুসলমান
অংকমালা,আদিবাসী
লেচুমিয়া,মুসলমান-দুর্বল
গোলবাহারি,মুসলমান
আংঙ্গয়া,আদিবাসী
সোভারানী,হিন্দু
কুঞ্জেশ্বর,হিন্দু
জীব্বর,মুসলমান
পলিশন,খ্রিস্টান
সাংহা,আদিবাসী
আলবাহারী,মুসলমান
নুরেকা,মুসলমান-দুর্বল
আম্মাতুন,মুসলমান
শ্রীপাতি,হিন্দু
আছাদুল্যাহ,মুসলমান
বাজিত,হিন্দু
বরজুল,মুসলমান
মুশিদুল,মুসলমান-দুর্বল
মনিজুল,মুসলমান
বিজিন্দ্র,হিন্দু
পেলেন্দ্র,হিন্দু
শামচুনেহার,মুসলমান
জরেন্দ্র,হিন্দু
লতিন্দ্র,হিন্দু
নুরন্নেহার,মুসলমান
হাবিনেছা,মুসলমান
ছিরবালা,হিন্দু
বিষবালা,হিন্দু
জয়নতি,হিন্দু
চন্দ্রদে,হিন্দু
বুজবালা,হিন্দু
চৈতবালা,হিন্দু
বিনবালা,হিন্দু
অজুলা,মুসলমান
সোরবানু,মুসলমান
সকিমন,মুসলমান
সৌলবালা,হিন্দু
শংখবালা,হিন্দু
জনোবালা,হিন্দু
কেশোবালা,হিন্দু
শশীবালা,হিন্দু
নিতীরানী,হিন্দু
নীরবালা,হিন্দু
ফুলসিং,হিন্দু
শাহাদাতুল,মুসলমান
বিনোবালা,হিন্দু
বাসনাবালা,হিন্দু
সুন্দরবালা,হিন্দু
পুষ্পবালা,হিন্দু
স্বরথী,হিন্দু
পুশনাথ,হিন্দু
বীরবালা,হিন্দু
থেলোবালা,হিন্দু
হাবিবুন্নেসা,মুসলমান
করিমালা,মুসলমান
ঝলোরানী,হিন্দু
রতনবালা,হিন্দু
চিনীবালা,হিন্দু
শশিবালা,হিন্দু
অন্যবালা,হিন্দু
সত্যরানী,হিন্দু
বুচিবালা,হিন্দু
মিছানুর,মুসলমান-দুর্বল
ফানুদাস,হিন্দু
মমিরুল,মুসলমান-দুর্বল
উপরানী,হিন্দু
বানিছা,মুসলমান
পানবালা,হিন্দু
যশোবালা,হিন্দু
মিনারানী,হিন্দু
শোকবালা,হিন্দু
শোরবালা,হিন্দু
বিশবালা,হিন্দু
মোনেয়ারা,মুসলমান-দুর্বল
মফিদুর,মুসলমান
ফুলুরানী,হিন্দু
অবিয়াল,মুসলমান-দুর্বল
আজওবালা,হিন্দু
কানুবালা,হিন্দু
অরুবালা,হিন্দু
কুমুবালা,হিন্দু
সবারুল,মুসলমান-দুর্বল
তাহারুল,মুসলমান-দুর্বল
ভারতীরানী,হিন্দু
নিত্যবালা,হিন্দু
মনীন্দ্র,হিন্দু
কান্তেস্বর,হিন্দু
সোলেনুর,মুসলমান-দুর্বল
শোকমাউল,মুসলমান-দুর্বল
হামজানুর,মুসলমান-দুর্বল
শরদীনি,হিন্দু
নেজাদুল,মুসলমান-দুর্বল
পাফিরুল,মুসলমান-দুর্বল
সুদেশন,খ্রিস্টান
শ্রীলাল,হিন্দু
শুভবালা,হিন্দু
জ্ঞানেন্দ্র,হিন্দু
শচিন্দ্র,হিন্দু
স্বরশি,হিন্দু
ছদরুল,মুসলমান-দুর্বল
নিরারঞ্জন,হিন্দু
যঙ্গেরশ্বর,হিন্দু
ইছাতুন,মুসলমান
কাঞ্চবালা,হিন্দু
শীবলাল,হিন্দু
সজুল,মুসলমান
মুজানুর,মুসলমান-দুর্বল
জৈতুন,মুসলমান
নুরিয়া,মুসলমান-দুর্বল
সেইদুল,মুসলমান
হাজাতুন,মুসলমান
পক্ষীস্বরী,হিন্দু
মিসনারা,মুসলমান
দাইজুল,মুসলমান
তইজুল,মুসলমান
আমেরুল,মুসলমান-দুর্বল
হেমেদুল,মুসলমান-দুর্বল
তেফেজুল,মুসলমান
সেবেতুন,মুসলমান
সারদাস,হিন্দু
টলবালা,হিন্দু
বের্শীবর,হিন্দু
ময়নতদীন,মুসলমান
আসিরুল,মুসলমান-দুর্বল
জুমাতুন,মুসলমান
জৈইতুন,মুসলমান
আনওয়ারা,মুসলমান-দুর্বল
মসিরুল,মুসলমান-দুর্বল
গেদুরাম,হিন্দু
বংকেশ্বর,হিন্দু
তফাজুল,মুসলমান
ইসতানুর,মুসলমান-দুর্বল
খমিরন,মুসলমান
বালাই,হিন্দু
খিজয়,হিন্দু
হলশ্বরী,হিন্দু
রাতিবালা,হিন্দু
ভিরানী,হিন্দু
অংকুল,আদিবাসী
শিবদাস,হিন্দু
সুদ্ধিনাথ,হিন্দু
চেংঙ্গ,আদিবাসী
জয়নথ,হিন্দু
দেব্বা,হিন্দু
কলিরানী,হিন্দু
শাহেবানু,মুসলমান
দ্বীপস্বরী,হিন্দু
টংগো,আদিবাসী
জহিরুন,মুসলমান
সফিরুল,মুসলমান-দুর্বল
ফারাজুল,মুসলমান
তহবালা,হিন্দু
তকশ্বরী,হিন্দু
কলবালা,হিন্দু
দেবচরন,হিন্দু
ছাবেরুল,মুসলমান-দুর্বল
শনকুল,খ্রিস্টান
সনজাবতী,হিন্দু
আকরুল,মুসলমান-দুর্বল
হামদুল,মুসলমান-দুর্বল
অলেন্দ্র,হিন্দু
প্রশঞ্জিত,হিন্দু
বগোবালা,হিন্দু
মিঠনশ্বরী,হিন্দু
ইন্দ্রমোহন,হিন্দু
লায়লাতুন,মুসলমান
পচেন্দ্র,হিন্দু
অংগারী,আদিবাসী
বকশিদুল,মুসলমান-দুর্বল
দেবিকা,হিন্দু
জবাইদুর,মুসলমান
বাচারানী,হিন্দু
মাহাতুন,মুসলমান
উলমতি,হিন্দু
রশীদুল,মুসলমান-দুর্বল
পয়মালশ্বরী,হিন্দু
নমবালা,হিন্দু
কলশ্বরী,হিন্দু
কলিবালা,হিন্দু
হালোশ্বরী,হিন্দু
চক্রপর্তী,হিন্দু
ভুজেন্দ্র,হিন্দু
জীতেন্দ্র,হিন্দু
শহদেব,হিন্দু
দেবেশ,হিন্দু
মুহাদেব,হিন্দু
তিঙ্গ্যা,আদিবাসী
ডোলবালা,হিন্দু
জয়কিস্ট,হিন্দু
সন্তোরা,হিন্দু
শুশিবালা,হিন্দু
আলনশ্বরী,হিন্দু
সযবালা,হিন্দু
নেনবালা,হিন্দু
সুরুদেবী,হিন্দু
মনেশ্বর,হিন্দু
কালেশ্বর,হিন্দু
সরনোবালা,হিন্দু
ইন্দ্রিরা,হিন্দু
সেংগল,আদিবাসী
পুরঞ্জয়,হিন্দু
শ্রীরাম,হিন্দু
কুলেশ্বর,হিন্দু
অশ্ববালা,হিন্দু
আলেকশ্বর,হিন্দু
মোক্তাজুল,মুসলমান
পৈক্ষনাথ,হিন্দু
নৈয্যবালা,হিন্দু
মাতোবালা,হিন্দু
শনিবুল্লা,মুসলমান
দেবীবালা,হিন্দু
জাম্বুরাম,হিন্দু
সজবালা,হিন্দু
মেমবালা,হিন্দু
প্রেমেশ্বর,হিন্দু
ভোকশ্বরী,হিন্দু
ডোলগোবিন্দ,হিন্দু
মেঘশ্বরী,হিন্দু
এনতাজুল,মুসলমান
নয়শ্বরী,হিন্দু
মাঘীশ্বরী,হিন্দু
বালামনি,হিন্দু
সহশীল,হিন্দু
গবেন্দ্র,হিন্দু
ইনতাজুল,মুসলমান
লংকে,আদিবাসী
মনশ্বরি,হিন্দু
সোনাশ্বরী,হিন্দু
ধনশ্বরি,হিন্দু
আয়াবালা,হিন্দু
চন্দ্ররায়,হিন্দু
ধনোশ্বরী,হিন্দু
রোঘুনাথ,হিন্দু
খকেন্দ্র,হিন্দু
অসন,হিন্দু
ধনেস্বরী,হিন্দু
রুনিবালা,হিন্দু
এন্তাজুল,মুসলমান
অশবালা,হিন্দু
পবোশ্বরী,হিন্দু
নয়নশ্বরী,হিন্দু
ফুরশ্বরী,হিন্দু
কেকশ্বরী,হিন্দু
দলিন্দ্র,হিন্দু
দ্বিজেন্দ্র,হিন্দু
রাতিশ্বরী,হিন্দু
অলশ্বরী,হিন্দু
জয়েন্তি,হিন্দু
বেংশ্বরী,হিন্দু
কলেশ্বর,হিন্দু
মুশারুল,মুসলমান-দুর্বল
আলাবদীন,মুসলমান
আমেনাখাতুন,মুসলমান
চিরুবালা,হিন্দু
ক্যারক্যাটা,আদিবাসী
শুধুশ্বরী,হিন্দু
তিরেন্দ্র,হিন্দু
ধর্মদেব,হিন্দু
রতনশ্বরী,হিন্দু
দিনবালা,হিন্দু
মানিকশ্বরী,হিন্দু
নজবালা,হিন্দু
তুফানশ্বরী,হিন্দু
শিবেন্দ্র,হিন্দু
ক্ষিরনারায়ন,হিন্দু
শুকিবালা,হিন্দু
কাসন্তী,হিন্দু
আজিরুল,মুসলমান-দুর্বল
সাঈদুর,মুসলমান
ইন্দ্রাজিত,হিন্দু
পয়শ্বরী,হিন্দু
শৈলেশ্বর,হিন্দু
মচেন,আদিবাসী
সবিদুর,মুসলমান
অবাইদুল,মুসলমান
দেবশর্ম্ম,হিন্দু
গলশ্বরী,হিন্দু
মুশের্দুল,মুসলমান-দুর্বল
আসিনাথ,হিন্দু
মেলাইস্বরী,হিন্দু
সুরুদাস,হিন্দু
মুন্নিয়ারা,মুসলমান-দুর্বল
দেবশম্মা,হিন্দু
চন্দ্রশিন,হিন্দু
জামেরুল,মুসলমান-দুর্বল
মহেশস্বর,হিন্দু
ফরাদুল,মুসলমান-দুর্বল
শসিবালা,হিন্দু
দীজেন্দ্রনাথ,হিন্দু
দীনবন্ধু,হিন্দু
ডালমিয়া,মুসলমান-দুর্বল
হেম্মরং,আদিবাসী
তীগ্যা,আদিবাসী
ফুলদেবী,হিন্দু
খঞ্জনা,হিন্দু
বুদ্ধদেব,হিন্দু
রহেতুন,মুসলমান
কোরানী,হিন্দু
আবিদুর,মুসলমান
অবিদাশ,হিন্দু
আবিদাস,হিন্দু
নুরমিনা,মুসলমান-দুর্বল
মোহাইমেনুল,মুসলমান
ছব্বুর,মুসলমান-দুর্বল
জশোবালা,হিন্দু
শেফাউল,মুসলমান-দুর্বল
আহেনুর,মুসলমান-দুর্বল
অনুবালা,হিন্দু
জোবেদুর,মুসলমান
উলোমনি,হিন্দু
লোমানুর,মুসলমান-দুর্বল
ধন্নজয়,হিন্দু
ইন্দ্রদেও,হিন্দু
সিংহাসন,হিন্দু
ফলোবালা,হিন্দু
শাফিউন্নেছা,মুসলমান
হাকিমুদ্দী,মুসলমান
অর্পণারানী,হিন্দু
প্যানেশ্বরী,হিন্দু
নারায়ান,হিন্দু
সেতোআরা,মুসলমান
ফজরুল,মুসলমান-দুর্বল
জাদুমিয়া,মুসলমান-দুর্বল
খতিবুর,মুসলমান-দুর্বল
জিয়ানুর,মুসলমান-দুর্বল
ফিরাজুল,মুসলমান
মোনাবুর,মুসলমান-দুর্বল
নুরফা,মুসলমান-দুর্বল
নুরজোন,মুসলমান-দুর্বল
জেন্নাতুন্নেছা,মুসলমান
নবীজননেছা,মুসলমান
হালিবুর,মুসলমান-দুর্বল
প্রিনাথ,হিন্দু
সন্তেশ,হিন্দু
মোকতাদুল,মুসলমান-দুর্বল
হলদীশ্বরী,হিন্দু
নুরুফা,মুসলমান
হরনারায়ন,হিন্দু
তাহাবুর,মুসলমান-দুর্বল
শুধারানী,হিন্দু
জাহেনুর,মুসলমান-দুর্বল
মাহফুজাররহমান,মুসলমান
আহিনুর,মুসলমান-দুর্বল
মোনাবেরুল,মুসলমান-দুর্বল
মির্জাহান,মুসলমান
মামিনুর,মুসলমান-দুর্বল
অলোবালা,হিন্দু
লক্ষেশ্বর,হিন্দু
জুগেন্দ্র,হিন্দু
ঈশ্বরজিৎ,হিন্দু
বেগমজন,মুসলমান
নেছাবন,মুসলমান
ঝুনুয়ারা,মুসলমান-দুর্বল
আনিছূর,মুসলমান
ফিরোজজামান,মুসলমান
রজিউল,মুসলমান-দুর্বল
তিগগ্যা,আদিবাসী
তির্গ্যা,আদিবাসী
হ্যামবালা,হিন্দু
অগলশ্বরী,হিন্দু
মনুরুজামান,মুসলমান
তুলোবালা,হিন্দু
শরুবালা,হিন্দু
জয়কান্ত,হিন্দু
জয়রানী,হিন্দু
কৌশলারানী,হিন্দু
ফজিদুল,মুসলমান-দুর্বল
সন্তেবালা,হিন্দু
আতিনুর,মুসলমান-দুর্বল
আঞ্জুআরা,মুসলমান
করুবালা,হিন্দু
সেফাউল,মুসলমান-দুর্বল
ময়নুলইসলাম,মুসলমান
পাটশ্বরী,হিন্দু
মোখছেদুল,মুসলমান
কাসুবালা,হিন্দু
মংঙ্গলী,আদিবাসী
মিরুল,মুসলমান-দুর্বল
নিলশ্বরী,হিন্দু
জহিমন,মুসলমান
ফজলার,মুসলমান
ছবিউল,মুসলমান-দুর্বল
খাতিনুর,মুসলমান-দুর্বল
আরফাউল,মুসলমান-দুর্বল
পাখিজুল,মুসলমান
মোহাম্মাদুল,মুসলমান
অমোবালা,হিন্দু
সউরোবালা,হিন্দু
আহিদুল,মুসলমান
ফরিদাবেগম,মুসলমান
কোহিদুল,মুসলমান
চঁাদমিয়া,মুসলমান-দুর্বল
চিরোবালা,হিন্দু
তমিনুর,মুসলমান-দুর্বল
শোদাশিব,হিন্দু
নিলবালা,হিন্দু
ছচিন্দ্র,হিন্দু
ধনোবালা,হিন্দু
শেফাজুল,মুসলমান
এজিদুল,মুসলমান-দুর্বল
হালিনুর,মুসলমান-দুর্বল
শিতবালা,হিন্দু
হরিশ্চন্দ্র,হিন্দু
খাদিজাতুন,মুসলমান
দীনশ্বরী,হিন্দু
ছুরাতেন্নেছা,মুসলমান
কাছুবালা,হিন্দু
জালাশ্বরী,হিন্দু
কলিংগো,আদিবাসী
সুমোবালা,হিন্দু
বুদেশ্বরী,হিন্দু
অসবালা,হিন্দু
সনদীপ,হিন্দু
কাতেশ্বরী,হিন্দু
রাহিনুর,মুসলমান-দুর্বল
আকিরুল,মুসলমান-দুর্বল
নবীউল,মুসলমান-দুর্বল
রমিজুল,মুসলমান
ধিরেন্দ্র,হিন্দু
সাহাতুন,মুসলমান
একাবালা,হিন্দু
জলেবালা,হিন্দু
খছিরন,মুসলমান
মাছিদুল,মুসলমান-দুর্বল
জামিয়াল,মুসলমান-দুর্বল
শৈলোবালা,হিন্দু
প্রানশ্বরী,হিন্দু
শ্বরবালা,হিন্দু
কেমশ্বরী,হিন্দু
শেম্পোনাথ,হিন্দু
হেমচন্দ্র,হিন্দু
জীরোবালা,হিন্দু
আনজারুল,মুসলমান-দুর্বল
অন্যস্বরী,হিন্দু
ধর্মবালা,হিন্দু
কুন্তিবালা,হিন্দু
কামিজুল,মুসলমান
পশুনাথ,হিন্দু
স্বরদ্বীনি,হিন্দু
আসন,হিন্দু
দিনোনাথ,হিন্দু
ছেমিয়া,মুসলমান-দুর্বল
দীনোনাথ,হিন্দু
চিংকী,আদিবাসী
মোফিজুল,মুসলমান
শাজেদুল,মুসলমান-দুর্বল
গেন্দাসি,হিন্দু
অন্তেশ্বর,হিন্দু
উপবালা,হিন্দু
ভূবেন্দ্র,হিন্দু
স্বাধীনুর,মুসলমান-দুর্বল
মিজুল,মুসলমান
আনিছুল,মুসলমান
কপিনুর,মুসলমান-দুর্বল
অন্নদাস,হিন্দু
আকামিয়া,মুসলমান-দুর্বল
অহিজুল,মুসলমান
আসাদুর,মুসলমান
কবিদুল,মুসলমান-দুর্বল
ছাবেদুল,মুসলমান-দুর্বল
জয়মেনা,হিন্দু
জেয়ারুল,মুসলমান-দুর্বল
আমছারুল,মুসলমান-দুর্বল
রবিদুল,মুসলমান-দুর্বল
নূরজামান,মুসলমান
মোকাখখারুল,মুসলমান-দুর্বল
পেয়ারুল,মুসলমান-দুর্বল
ছাবেয়া,মুসলমান
বসন্তি,হিন্দু
অমরজিৎ,হিন্দু
দেবয়া,হিন্দু
সালমুন্নেসা,মুসলমান
নুররেছা,মুসলমান
শাহজাদা,মুসলমান
রামদাশ,হিন্দু
সিংহানীয়া,হিন্দু
চিনিশ্বরী,হিন্দু
জিতোবালা,হিন্দু
দুরগতি,হিন্দু
ভোকশ্বরি,হিন্দু
ইন্দ্রিয়া,হিন্দু
ধামোরানী,হিন্দু
নিরিবালা,হিন্দু
কুলিনাথ,হিন্দু
মেহেন্দিবালা,হিন্দু
বালাসরী,হিন্দু
কেমপরানী,হিন্দু
চকবালা,হিন্দু
গোবিন্দর,হিন্দু
ধুলাশ্বরী,হিন্দু
দেবারি,হিন্দু
পশিরুল,মুসলমান-দুর্বল
নাফাজুল,মুসলমান
মন্তাজুল,মুসলমান
দেবচরণ,হিন্দু
পদ্যনাথ,হিন্দু
সফিজুল,মুসলমান
ঘনবালা,হিন্দু
দেবশরি,হিন্দু
হরিদাশি,হিন্দু
পবেন্দ্র,হিন্দু
ভোগশ্বরী,হিন্দু
ঙ্গনেবালা,হিন্দু
উল্ফি,মুসলমান-দুর্বল
জয়মতী,হিন্দু
সনবালা,হিন্দু
ডিপেন্দ্র,হিন্দু
মান্ধুবালা,হিন্দু
মংগলি,আদিবাসী
ইনদাজুল,মুসলমান
ছিবালা,হিন্দু
সুমতিবালা,হিন্দু
ডুমনিবালা,হিন্দু
সপিজুল,মুসলমান
কান্দ্রির,হিন্দু
খয়স্বরী,হিন্দু
সাহিরুল,মুসলমান-দুর্বল
সুকুবালা,হিন্দু
জয়গান,হিন্দু
মহিরুল,মুসলমান-দুর্বল
আনতাজুল,মুসলমান
নাজবালা,হিন্দু
সাকেউল,মুসলমান-দুর্বল
তোলোশ্বরী,হিন্দু
কুমোদীনি,হিন্দু
গেরেন্দ্র,হিন্দু
জোবায়দুল,মুসলমান-দুর্বল
আপিনুর,মুসলমান-দুর্বল
আমভোলাদাস,হিন্দু
পেদুদাস,হিন্দু
ভবেশ্বরী,হিন্দু
ঢকেশ্বরী,হিন্দু
অনদেব,হিন্দু
পবনশ্বরী,হিন্দু
দেবকুমার,হিন্দু
মকছুদুল,মুসলমান-দুর্বল
হুজুরুল,মুসলমান-দুর্বল
গপেন্দ্র,হিন্দু
রুপাশ্বরী,হিন্দু
খুকিন্দ্র,হিন্দু
সুপেবালা,হিন্দু
বুধোশ্বরী,হিন্দু
ঠুমোশ্বরী,হিন্দু
কেম্বালা,হিন্দু
ঝাবুরী,মুসলমান-দুর্বল
বিসোবালা,হিন্দু
খচিনন্দ্র,হিন্দু
বোনেছা,মুসলমান
হজেন্দ্র,হিন্দু
ভূপেন্দ্র,হিন্দু
দেবিচরন,হিন্দু
শিতেন্দ্রনাথ,হিন্দু
দিনেবালা,হিন্দু
নমিতারানী,হিন্দু
ফুলেন্দ্র,হিন্দু
একারানী,হিন্দু
শিমাশ্বরী,হিন্দু
নোশোবালা,হিন্দু
বাগামশ্বরী,হিন্দু
আন্ধারীবালা,হিন্দু
নমিদুল,মুসলমান-দুর্বল
আতিবালা,হিন্দু
মায়াদীনি,হিন্দু
ঝরিবালা,হিন্দু
রকেদুল,মুসলমান-দুর্বল
শন্তিবালা,হিন্দু
বনেশ্বরী,হিন্দু
বেলীশ্বরী,হিন্দু
গনবালা,হিন্দু
রুপশ্রী,হিন্দু
যোগ্যেশ্বর,হিন্দু
বাচ্চাইশ্বরী,হিন্দু
কোবায়দুর,মুসলমান
সুধোবালা,হিন্দু
তাহেরুল,মুসলমান-দুর্বল
ধৌলীশ্বরী,হিন্দু
মেনবালা,হিন্দু
আনন্দশীল,হিন্দু
ওবাদুল,মুসলমান-দুর্বল
নতিবালা,হিন্দু
কোনয়ারা,মুসলমান-দুর্বল
জয়বুন,মুসলমান
আশবালা,হিন্দু
চলবালা,হিন্দু
সনেবালা,হিন্দু
আকালিশ্বরী,হিন্দু
ঙ্গয়াশ্বরী,হিন্দু
সন্তোশি,হিন্দু
আদেবালা,হিন্দু
গন্ধেবালা,হিন্দু
জলেশ্বর,হিন্দু
ছোবেয়া,মুসলমান
ক্যাকারু,আদিবাসী
দীনেস,হিন্দু
সাকরুল,মুসলমান-দুর্বল
মঙ্গারুল,মুসলমান-দুর্বল
সচীবালা,হিন্দু
পোসবালা,হিন্দু
মনোয়ারুল,মুসলমান
মনজুল,মুসলমান
নাগেশ্বরী,হিন্দু
হরেশ্বরী,হিন্দু
ভাগ্যপতি,হিন্দু
পতিবালা,হিন্দু
শাবানু,মুসলমান
খেছুয়ারা,মুসলমান-দুর্বল
এজোয়ারা,মুসলমান-দুর্বল
মোস্তাদুল,মুসলমান-দুর্বল
দেলজাহান,মুসলমান
সুবিন্দ্র,হিন্দু
নাইজুল,মুসলমান
সদানন্দ্র,হিন্দু
যোজশশ্বর,হিন্দু
জান্নবী,মুসলমান
মহেদুল,মুসলমান-দুর্বল
কেরনবালা,হিন্দু
পানেশ্বর,হিন্দু
জগোনাথ,হিন্দু
মিতুনজয়,হিন্দু
চিন্তোবালা,হিন্দু
ছাকিমন,মুসলমান
সব্যারানী,হিন্দু
মমিদুল,মুসলমান-দুর্বল
সানুতুল্লা,মুসলমান
লিতুনজেরা,মুসলমান
মানজারুল,মুসলমান-দুর্বল
যশরানী,হিন্দু
ছাইফুন্নেসা,মুসলমান
শীবানী,হিন্দু
নতাংসা,আদিবাসী
ভাগ্যলক্ষী,হিন্দু
বীরেন্দ্রনাথ,হিন্দু
তারানুর,মুসলমান-দুর্বল
দীনোময়ী,হিন্দু
চট্রপাধ্যায়,হিন্দু
ইসিয়াতুন,মুসলমান
নুরজাদী,মুসলমান-দুর্বল
শ্রীতি,হিন্দু
টিগ্য,আদিবাসী
বান্দ্রা,হিন্দু
মোহাব্বর,মুসলমান
দিনাবালা,হিন্দু
ভুবেনেশ্বরী,হিন্দু
জয়দুল,মুসলমান
সন্ত্রীত,হিন্দু
মাহেদুল,মুসলমান-দুর্বল
আরাফাতুল,মুসলমান
জয়চন্দ্র,হিন্দু
সুখবালা,হিন্দু
স্বরজিনী,হিন্দু
অহিবালা,হিন্দু
স্বরোস্বতী,হিন্দু
অজোবালা,হিন্দু
আহাতন্নেছা,মুসলমান
দেবসিংহ,হিন্দু
পরমেশ্বরী,হিন্দু
জিতিয়া,হিন্দু
সেমিয়া,মুসলমান-দুর্বল
জয়পতি,হিন্দু
জিতুন,মুসলমান
সবেন্দ্র,হিন্দু
বিদ্যেশ্বরী,হিন্দু
পুনির্বালা,হিন্দু
এন্দাজুল,মুসলমান
খুরবুরী,মুসলমান-দুর্বল
আছিদুল,মুসলমান-দুর্বল
চরনারায়ন,হিন্দু
নগেন্দ্র,হিন্দু
নুরুবালা,মুসলমান
হরেশ্বর,হিন্দু
সাদেরুল,মুসলমান-দুর্বল
বিন্দাশ্বরী,হিন্দু
কনশ্বরীবালা,হিন্দু
নিড়বালা,হিন্দু
মুনিআরা,মুসলমান
মসিদুল,মুসলমান-দুর্বল
মোতিয়ারা,মুসলমান-দুর্বল
ক্যাশব,আদিবাসী
সেমিয়ারা,মুসলমান-দুর্বল
জেবননেসা,মুসলমান
মেসনারা,মুসলমান
বেলনুর,মুসলমান-দুর্বল
তাসলেনুর,মুসলমান-দুর্বল
ফিনকারাতুন,মুসলমান
পাতোয়ারা,মুসলমান-দুর্বল
রুমিয়ারা,মুসলমান-দুর্বল
সেবারুল,মুসলমান-দুর্বল
বগিয়ারা,মুসলমান-দুর্বল
বেবিয়ারা,মুসলমান-দুর্বল
সিনিয়ারা,মুসলমান-দুর্বল
এসাহাক,মুসলমান
মোসাব্বর,মুসলমান
মাহিদুর,মুসলমান
মোহাম্মুদ,মুসলমান
চিনুরানী,হিন্দু
মতিদাস,হিন্দু
পানজিয়ারা,মুসলমান-দুর্বল
জয়েন্ত্রী,হিন্দু
বিজয়চন্দ্র,হিন্দু
দয়ালচন্দ্র,হিন্দু
মোক্তারী,মুসলমান
মসদুল,মুসলমান-দুর্বল
টুকিয়ারা,মুসলমান-দুর্বল
সেনারুল,মুসলমান-দুর্বল
এসনারা,মুসলমান
শুফিয়ারা,মুসলমান-দুর্বল
অংশমান,আদিবাসী
বেনজিয়ারা,মুসলমান-দুর্বল
সাফিয়ারা,মুসলমান-দুর্বল
লতিয়ারা,মুসলমান-দুর্বল
হাদিসন,খ্রিস্টান
আসনুর,মুসলমান-দুর্বল
পুসন,খ্রিস্টান
জসনারা,মুসলমান
ইসনারা,মুসলমান
মাহারানী,হিন্দু
ফাইনুর,মুসলমান-দুর্বল
তোহিরুল,মুসলমান-দুর্বল
এহেরুল,মুসলমান-দুর্বল
সামীরুল,মুসলমান-দুর্বল
নুরজাবান,মুসলমান-দুর্বল
আলেপনূর,মুসলমান
আলিফনুর,মুসলমান-দুর্বল
সামসুন্নিহার,মুসলমান
নারুল,মুসলমান-দুর্বল
সুভিরানী,হিন্দু
কাচবানু,মুসলমান
সাইরুল,মুসলমান-দুর্বল
হামিশন,খ্রিস্টান
মুসিবুর,মুসলমান-দুর্বল
সেতাবুর,মুসলমান-দুর্বল
তাবজুল,মুসলমান
পুষোবালা,হিন্দু
টিনিবালা,হিন্দু
লক্ষীবালা,হিন্দু
সনঝোমনি,হিন্দু
গনশ্বরী,হিন্দু
দাসমনি,হিন্দু
আলতামুনি,মুসলমান
সনজিমা,মুসলমান
রূপদাসি,হিন্দু
উলোবালা,হিন্দু
আলতামনি,মুসলমান
শুক্রবালা,হিন্দু
রুবদাসী,হিন্দু
ভাদোবালা,হিন্দু
পদ্দোমনি,হিন্দু
পরোবালা,হিন্দু
বানোশ্বরী,হিন্দু
ধমের্ন্দ্র,হিন্দু
লক্ষীনারায়ন,হিন্দু
সাফিনুর,মুসলমান-দুর্বল
মায়াদেবী,হিন্দু
গৌরবালা,হিন্দু
সুমিবালা,হিন্দু
ফলোস্বরী,হিন্দু
গয়ারাম,মুসলমান-দুর্বল
দূর্গী,হিন্দু
রান্দবালা,হিন্দু
জুবরানী,হিন্দু
বিনোস্বরী,হিন্দু
বানশ্রী,হিন্দু
শ্বরসতী,হিন্দু
শীলোমনি,হিন্দু
সিতামুনি,হিন্দু
সুবিনাথ,হিন্দু
মিলিআরা,মুসলমান
রূপবালা,হিন্দু
বিগোদাসী,হিন্দু
মনঞ্জয়,হিন্দু
খুকিদাসী,হিন্দু
কাইদুল,মুসলমান
অভিরঞ্জন,হিন্দু
গনিবালা,হিন্দু
জুলাপী,মুসলমান
আঞ্জনী,হিন্দু
পানুবালা,হিন্দু
সিদাসিনি,হিন্দু
শ্যামাদাসী,হিন্দু
অলেকনুর,মুসলমান-দুর্বল
রাসেনুর,মুসলমান-দুর্বল
কঁাচনুর,মুসলমান-দুর্বল
সুজজাহান,মুসলমান
জয়শন,হিন্দু
সোয়াইবুর,মুসলমান-দুর্বল
মহজুল,মুসলমান
সাদরুল,মুসলমান-দুর্বল
নুরেখা,মুসলমান-দুর্বল
ফুনিয়ারা,মুসলমান-দুর্বল
দুলবাহার,মুসলমান
নুরমহাল,মুসলমান-দুর্বল
আংঙ্গেজা,আদিবাসী
আলীয়ারা,মুসলমান-দুর্বল
ফুর্তীবালা,হিন্দু
শচীন্দ্রনাথ,হিন্দু
নোবাহার,মুসলমান
জাহাননারা,মুসলমান
রুসবালা,হিন্দু
সান্তারানী,হিন্দু
বোদিনাথ,হিন্দু
সাবুচন্দ্র,হিন্দু
তাসনারা,মুসলমান
ফেলুবালা,হিন্দু
হব্বুর,মুসলমান-দুর্বল
শামীমরেজা,মুসলমান
তজিবুর,মুসলমান-দুর্বল
জেমারুল,মুসলমান-দুর্বল
রোজদুল,মুসলমান-দুর্বল
টুলিবালা,হিন্দু
উলমনি,মুসলমান-দুর্বল
দুর্গাচরন,হিন্দু
সনজাই,হিন্দু
মিতনজয়,হিন্দু
বেলিনুর,মুসলমান-দুর্বল
পাবেনুর,মুসলমান-দুর্বল
সইদুর,মুসলমান
আব্বাশ,মুসলমান
মতিবুর,মুসলমান-দুর্বল
কিশ্বনাথ,হিন্দু
স্বরেসতি,হিন্দু
রঞ্জনি,হিন্দু
মেরাতুন,মুসলমান
আকসারুল,মুসলমান-দুর্বল
আহমাদুল্লা,মুসলমান
আনুআরা,মুসলমান
কামনুর,মুসলমান-দুর্বল
এসারুল,মুসলমান-দুর্বল
তহরুল,মুসলমান-দুর্বল
চিকিমন,মুসলমান
জালেনুর,মুসলমান-দুর্বল
কালসন,খ্রিস্টান
নিহারবানু,মুসলমান
তোসরুল,মুসলমান-দুর্বল
জননেহার,মুসলমান
রুলিয়ারা,মুসলমান-দুর্বল
হাইউল,মুসলমান-দুর্বল
জুলমী,মুসলমান
বারিউল,মুসলমান-দুর্বল
সাবিয়ারা,মুসলমান-দুর্বল
মহস্বরি,হিন্দু
কুসনাথ,হিন্দু
শীবল,হিন্দু
টকিয়ারা,মুসলমান-দুর্বল
এনারুল,মুসলমান-দুর্বল
চেনুয়ারা,মুসলমান-দুর্বল
জাহাননুর,মুসলমান
মেনারুল,মুসলমান-দুর্বল
ফাতেনুর,মুসলমান-দুর্বল
মাইদুর,মুসলমান
জোবদুল,মুসলমান-দুর্বল
চঁান্দমোহাম্মদ,মুসলমান
জোহুরুল,মুসলমান-দুর্বল
তোফিজুল,মুসলমান
বাসিরুল,মুসলমান-দুর্বল
মোহাম্মোদ,মুসলমান
ইসারুল,মুসলমান-দুর্বল
সজেনুর,মুসলমান-দুর্বল
মাসিদুল,মুসলমান-দুর্বল
চঁাদবানু,মুসলমান
খরগেশ্বর,হিন্দু
নিশবালা,হিন্দু
হেমরং,আদিবাসী
মলং,আদিবাসী
ছরাউল,মুসলমান-দুর্বল
চরনদাশ,হিন্দু
ফলোরানী,হিন্দু
সুধিবালা,হিন্দু
মেফতাউল,মুসলমান-দুর্বল
মঞ্জুবালা,হিন্দু
তুশীল,হিন্দু
আহসানা,মুসলমান
শনতেস,খ্রিস্টান
অশন্তী,হিন্দু
নাথালিনা,হিন্দু
উদাসনি,হিন্দু
আন্দ্রিয়াস,হিন্দু
দাসসা,হিন্দু
বিষ্ণুপিয়া,হিন্দু
রতিন্দ্র,হিন্দু
নুরন্নবী,মুসলমান
চিরবালা,হিন্দু
মতিশ্বরী,হিন্দু
ধৈয্যশ্বরী,হিন্দু
মহিন্দ্রনাথ,হিন্দু
প্রশনজিত,হিন্দু
উনিবালা,হিন্দু
পানোবালা,হিন্দু
বিবিয়ানা,মুসলমান-দুর্বল
চন্দ্রশ্বরী,হিন্দু
পাউলুশ,মুসলমান-দুর্বল
চৌধুরানী,হিন্দু
রবীদাশী,হিন্দু
ভাগ্যরতি,হিন্দু
খিরবালা,হিন্দু
চনোশ্বরী,হিন্দু
বদ্দিশ্বর,হিন্দু
মহিশ্বর,হিন্দু
লাখবালা,হিন্দু
রুবীনাথ,হিন্দু
চেনটু,আদিবাসী
পুশনু,হিন্দু
চৌধরানী,হিন্দু
হরেন্দ্রনাথ,হিন্দু
বান্দোবালা,হিন্দু
ধীরোবালা,হিন্দু
ইসরাতজাহান,মুসলমান
দিনোরানী,হিন্দু
রবীচন্দ্র,হিন্দু
ভানুবালা,হিন্দু
ফুলোশ্বরি,হিন্দু
বুদিনাথ,হিন্দু
কুবিয়া,মুসলমান-দুর্বল
বিয়ারু,মুসলমান-দুর্বল
এতরিবালা,হিন্দু
নুরছুন,মুসলমান-দুর্বল
খাজনাথ,হিন্দু
শালোবালা,হিন্দু
গৌরপদ,হিন্দু
ফিরদুল,মুসলমান-দুর্বল
শওনাথ,হিন্দু
কেরক্যাটা,আদিবাসী
নূরছাদ,মুসলমান
বালান,হিন্দু
শ্রীনন্দন,হিন্দু
জয়নন্দ,হিন্দু
শিতেন্দ্র,হিন্দু
নয়নস্বরী,হিন্দু
নুরজমিলা,মুসলমান-দুর্বল
নীরাঞ্জন,হিন্দু
চেন্টু,আদিবাসী
শচীবালা,হিন্দু
কিশনো,হিন্দু
মোসনাথ,হিন্দু
সিতাবী,হিন্দু
শামিমাখাতুন,মুসলমান
মৌসুমীআরাখুশি,মুসলমান
ইদুল,মুসলমান
জগীন্দ্র,হিন্দু
বিশ্বরানী,হিন্দু
জিরবালা,হিন্দু
তারবালা,হিন্দু
তকিমন,মুসলমান
নিমবালা,হিন্দু
মুঞ্জুআরা,মুসলমান
অনুরানী,হিন্দু
সনতা,হিন্দু
খাজেবালা,হিন্দু
অশিতচন্দ্রপাল,হিন্দু
ভূদেব,হিন্দু
বিধবালা,হিন্দু
দেবেন্দ্রনাথ,হিন্দু
কাদুবালা,হিন্দু
চঞ্চবালা,হিন্দু
আমোনাথ,হিন্দু
সুরজিৎ,হিন্দু
জহিরোন,মুসলমান
সুরেন্দ্রনাথ,হিন্দু
দ্বিজেন্দ্রনাথ,হিন্দু
হেমেন্দ্রনাথ,হিন্দু
সন্যসী,হিন্দু
বিকাশচন্দ্র,হিন্দু
জুলাপ,মুসলমান
সনজ্যা,হিন্দু
সর্ববালা,হিন্দু
বিশ্বোনাথ,হিন্দু
বানোয়ার,আদিবাসী
সাধবালা,হিন্দু
ধানোয়ারা,মুসলমান-দুর্বল
মুমিনুর,মুসলমান-দুর্বল
সুক্ষবালা,হিন্দু
আলিপনুর,মুসলমান-দুর্বল
গ্যান্দো,আদিবাসী
সচিন্দ্রনাথ,হিন্দু
সধনবালা,হিন্দু
কাছোবালা,হিন্দু
অবিনাথ,হিন্দু
বুনিশ্বর,হিন্দু
রুঙ্গনাথ,হিন্দু
শোকোবালা,হিন্দু
পদবালা,হিন্দু
গংগাশ্বরী,হিন্দু
আসন্তী,হিন্দু
অগ্নিবালা,হিন্দু
সনচরিয়া,হিন্দু
থুবিয়া,মুসলমান-দুর্বল
যতিন্দ্রনাথ,হিন্দু
যগিন্দ্র,হিন্দু
সুন্দোদাসী,হিন্দু
বিসন,খ্রিস্টান
বিসনাথ,হিন্দু
সবিনাথ,হিন্দু
বিবিনাথ,হিন্দু
শাহাজামান,মুসলমান
জনাথ,হিন্দু
রোনজিত,হিন্দু
বিসোনাথ,হিন্দু
গ্যাংগী,আদিবাসী
খুদোবালা,হিন্দু
বিধোবালা,হিন্দু
ছবিবুর,মুসলমান-দুর্বল
দাসীয়া,হিন্দু
খরিবালা,হিন্দু
মিন্নাতুন,মুসলমান
গৌরবিনী,হিন্দু
নুরাজাহান,মুসলমান
মলশ্বরী,হিন্দু
বিদাশী,হিন্দু
আলোশ্বরী,হিন্দু
সিচেন,আদিবাসী
মজিন্দ্র,হিন্দু
এমদদাদুল,মুসলমান-দুর্বল
মুঞ্জয়ারা,হিন্দু
উনোবালা,হিন্দু
বদ্যিনাথ,হিন্দু
সদিনাথ,হিন্দু
সিতামনী,হিন্দু
রামজিত,হিন্দু
মাতুরানী,হিন্দু
উলো,আদিবাসী
রসরানী,হিন্দু
দিবারানী,হিন্দু
বাহারু,মুসলমান
জয়ান্তী,হিন্দু
সোলরানী,হিন্দু
পরিনাথ,হিন্দু
লখিন্দ্রর,হিন্দু
সনজামুনি,হিন্দু
জয়ো,হিন্দু
মহশ্বরি,হিন্দু
বিনোশ্বরি,হিন্দু
মনেরঞ্জন,হিন্দু
বলাইদাস,হিন্দু
মিঠনদাস,হিন্দু
পুষনোদাস,হিন্দু
জয়সেন,হিন্দু
চন্দ্রাবতি,হিন্দু
দুলোরানী,হিন্দু
হিমোলাদাসী,হিন্দু
কাননবালা,হিন্দু
কুলোদাসী,হিন্দু
রায়শ্বরী,হিন্দু
ঝালোদাসী,হিন্দু
কিশনাথ,হিন্দু
শ্বরসতি,হিন্দু
লক্ষিবালা,হিন্দু
কুঞ্জবালা,হিন্দু
গেদুবালা,হিন্দু
সারুল,মুসলমান-দুর্বল
কমলারানী,হিন্দু
জুলিওস,খ্রিস্টান
মনিস্বর,হিন্দু
উলুয়া,আদিবাসী
মনুবালা,হিন্দু
চন্দ্রবতী,হিন্দু
লখশ্বরী,হিন্দু
দুলোশ্বরী,হিন্দু
সনবি,হিন্দু
বিভিশন,হিন্দু
মনিদেবী,হিন্দু
বিনেশ্বরী,হিন্দু
রামেস্বর,হিন্দু
বানেস্বর,হিন্দু
কৃষনাথ,হিন্দু
আজিন্দ্রনাথ,হিন্দু
শনোবতী,হিন্দু
সনজামনি,হিন্দু
রেনবানু,মুসলমান
বদরিবালা,হিন্দু
প্রসেনজীৎ,হিন্দু
ভাগ্যনাথ,হিন্দু
মিনিআরা,মুসলমান
সনজতি,হিন্দু
সাকুচন্দ্র,হিন্দু
শ্রীচিমন্ত,হিন্দু
পানোশ্বরী,হিন্দু
অহেদুল,মুসলমান-দুর্বল
মনোদাসী,হিন্দু
ক্যাসিয়া,আদিবাসী
গঙ্গাশ্বরী,হিন্দু
সালোদাসী,হিন্দু
শ্রীফুল,হিন্দু
বেলীয়ারা,মুসলমান-দুর্বল
বজিনাথ,হিন্দু
আপনজিত,হিন্দু
কুষোরানী,হিন্দু
ধলস্বরী,হিন্দু
কুশুমবালা,হিন্দু
মাংগোদাসী,হিন্দু
মনজিত,হিন্দু
রুজুবালা,হিন্দু
জয়শ্রী,হিন্দু
রায়বালা,হিন্দু
রিজোবালা,হিন্দু
শ্রীফল,হিন্দু
নিশোবালা,হিন্দু
শারুল,মুসলমান-দুর্বল
ডলিদাস,হিন্দু
শনমনি,হিন্দু
মাঞ্জন,হিন্দু
খিমবালা,হিন্দু
শনোমনি,হিন্দু
আমিন্দ্র,হিন্দু
বাজনাথ,হিন্দু
মহিনন্দ্রি,হিন্দু
জামিন্দ্র,হিন্দু
সাজনাথ,হিন্দু
চাম্পাদাসী,হিন্দু
ঝানজাবালা,হিন্দু
শ্রীবালী,হিন্দু
সূজিত,হিন্দু
ছচিরানী,হিন্দু
জয়কঁান,হিন্দু
বিদাশু,হিন্দু
সনজোমনি,হিন্দু
ইনশ্বরি,হিন্দু
মহেন্দ্রনাথ,হিন্দু
মংঙ্গল,আদিবাসী
ফলোশ্বরী,হিন্দু
ঙ্গলোশ্বরী,হিন্দু
মহোশ্বরী,হিন্দু
ধণেশ্বরী,হিন্দু
শনতোস,খ্রিস্টান
পুশোবালা,হিন্দু
চন্দ্রমুনি,হিন্দু
আমেস্বরী,হিন্দু
রহিমনি,মুসলমান
দামিয়া,মুসলমান-দুর্বল
বিশোনাথ,হিন্দু
বৈদ্যানাথ,হিন্দু
আজির্ন্দ্র,হিন্দু
সুনজিত,হিন্দু
শ্রীউকিল,হিন্দু
শরিনাথ,হিন্দু
প্রসেঞ্জিত,হিন্দু
মংলো,আদিবাসী
লছিমিয়া,মুসলমান-দুর্বল
ফুলেস্বরী,হিন্দু
আমিশ্বর,হিন্দু
বান্দবালা,হিন্দু
দাশমনি,হিন্দু
রুপদাসী,হিন্দু
মহেস্বরী,হিন্দু
কাদবালা,হিন্দু
স্বরপতি,হিন্দু
দাসীমনি,হিন্দু
রঞ্জনী,হিন্দু
ভনেশ্বর,হিন্দু
লখিন্দ্র,হিন্দু
মগেশ্বর,হিন্দু
আনেশ্বর,হিন্দু
মংঙ্গলু,আদিবাসী
জলোবালা,হিন্দু
দিনেশ্বরী,হিন্দু
মজিশ্বর,হিন্দু
রূবিনাথ,হিন্দু
বুয়াং,আদিবাসী
পালোরানী,হিন্দু
সামনাথ,হিন্দু
লালোবালা,হিন্দু
বেলেশ্বরী,হিন্দু
অচেন,আদিবাসী
মংগোল,আদিবাসী
দাসমী,হিন্দু
শুষেন্দ্রনাথ,হিন্দু
সোনজিত,হিন্দু
রাসবালা,হিন্দু
সাইনূর,মুসলমান
জইসন,খ্রিস্টান
কিশন,খ্রিস্টান
আমাদুল,মুসলমান-দুর্বল
দুর্যয়,হিন্দু
রুজেন্দ্র,হিন্দু
আরাধনা,মুসলমান
যিতেন্দ্রনাথ,হিন্দু
নৃপেন্দ্রনাথ,হিন্দু
সনমনি,হিন্দু
শরিয়তুল্লা,মুসলমান
লিরবালা,হিন্দু
তাইরুন,মুসলমান
রওশুনয়ারা,মুসলমান-দুর্বল
নুরুজ্জান,মুসলমান
প্রসোনজিৎ,হিন্দু
আংঙ্গুর,আদিবাসী
ঙ্গননাহার,মুসলমান
সেফাতুল্লা,মুসলমান
রওশুনাহারা,মুসলমান
গাজিউল,মুসলমান-দুর্বল
নিরানঞ্জন,হিন্দু
বজেন্দ্রনাথ,হিন্দু
বুলবুলিয়ারা,মুসলমান-দুর্বল
ইতুবালা,হিন্দু
আমেতুন,মুসলমান
সমেন্দ্রনাথ,হিন্দু
মোশাব্বর,মুসলমান
জাহেদুর,মুসলমান
গন্ধরানী,হিন্দু
বৌদ্ধনাথ,হিন্দু
আশুদেব,হিন্দু
গৌউর,হিন্দু
পুসিরানী,হিন্দু
ব্রজেশ্বর,হিন্দু
আখরামুল,মুসলমান
জিয়াতুন,মুসলমান
ছিলাদেবী,হিন্দু
সন্তেসজান,হিন্দু
লুতফুন্নেসা,মুসলমান
মংরু,আদিবাসী
শোবেন্দ্রা,হিন্দু
আতোবালা,হিন্দু
নাহিদুল,মুসলমান
গৌলক,হিন্দু
বিদুবালা,হিন্দু
হায়দুর,মুসলমান
বেনুআরা,মুসলমান
ধ্রবনাথ,হিন্দু
গিরেন্দ্রনাথ,হিন্দু
রাজ্যেশ্বর,হিন্দু
জয়নূর,মুসলমান
জয়বুল,হিন্দু
মইরুন,মুসলমান
শাহেদুল,মুসলমান-দুর্বল
মোহাতাব,মুসলমান
খুকিরানী,হিন্দু
রনজীৎ,হিন্দু
চলচংগ্যা,আদিবাসী
শন্ভু,হিন্দু
শন্তোশ,হিন্দু
রথীন্দ্রনাথ,হিন্দু
টুলুবালা,হিন্দু
লুৎফাজামান,মুসলমান
ভববালা,হিন্দু
অন্তরানী,হিন্দু
জয়মাল্য,হিন্দু
শিবেনদ্রনাথ,হিন্দু
সোহাদেব,হিন্দু
নাথুরাম,হিন্দু
বিপদভঞ্জন,হিন্দু
দীগেন্দ্রনাথ,হিন্দু
রবিরানী,হিন্দু
আছিরুল,মুসলমান-দুর্বল
নিখিলচন্দ্র,হিন্দু
নাফিজুল,মুসলমান
বুনোবালা,হিন্দু
গৌরচন্দ্র,হিন্দু
চিরনজিত,হিন্দু
ফনিন্দ্রলাল,হিন্দু
দুরবালা,হিন্দু
আঃরব,মুসলমান
ছবিদাস,হিন্দু
রুমবিয়া,মুসলমান-দুর্বল
সাদারানী,হিন্দু
দুরজয়,হিন্দু
সন্দাসী,হিন্দু
জয়বা,হিন্দু
চক্রবাটি,হিন্দু
রনিজাননেছা,মুসলমান
ছামাদুল,মুসলমান-দুর্বল
উরুমিয়া,মুসলমান-দুর্বল
সন্দী,হিন্দু
মির্জাফর,মুসলমান
আব্দুলা,মুসলমান
আছাদুল্লযাহ,মুসলমান
দেবুলী,হিন্দু
সন্তসি,খ্রিস্টান
আফিউল,মুসলমান-দুর্বল
ইতঙ্গিনি,আদিবাসী
গৌরাংগো,হিন্দু
সন্তনা,খ্রিস্টান
অষ্টবালা,হিন্দু
গাদুরাম,হিন্দু
আদারানী,হিন্দু
মুনিয়ারা,মুসলমান-দুর্বল
আমনাথ,হিন্দু
আংঙ্গলী,আদিবাসী
রেণুবালা,হিন্দু
বিজয়কুমারপাল,হিন্দু
খুকীবালা,হিন্দু
দেলেয়ারা,মুসলমান-দুর্বল
সিবানাথ,হিন্দু
মোনোআরা,মুসলমান
আজবাহার,মুসলমান
সবেবশ্বর,হিন্দু
সইবালা,হিন্দু
বুলিবালা,হিন্দু
বিশন,খ্রিস্টান
গোপেশ্বরী,হিন্দু
বিরেশ্বর,হিন্দু
সোনাবালা,হিন্দু
সবের্শ্বর,হিন্দু
যোঙ্গেশ্বর,হিন্দু
আলোবালা,হিন্দু
ছরবালা,হিন্দু
খুকিবালা,হিন্দু
বরজেশ্বর,হিন্দু
অঙ্গিরানী,হিন্দু
আজেন্দ্র,হিন্দু
দিগেন্দ্রনাথ,হিন্দু
নূরুন্নাবী,মুসলমান
অংগেট,আদিবাসী
দুঃখবালা,হিন্দু
স্বগের্শ্বর,হিন্দু
রাজেন্দ্রী,হিন্দু
সোয়াদেব,হিন্দু
মাজেতুন,মুসলমান
আলেতুন,মুসলমান
দ্বিপারানী,হিন্দু
আলতাফুন্নেসা,মুসলমান
নূরুননেছা,মুসলমান
শ্রীবন্তী,হিন্দু
বদীনাথ,হিন্দু
লংগনী,আদিবাসী
নরসিং,আদিবাসী
ফুলোস্বরী,হিন্দু
অনুশ্রী,হিন্দু
উলোবতি,হিন্দু
খুঁকিবালা,হিন্দু
জয়চান্দ,হিন্দু
দেবীলাল,হিন্দু
জগশ্বরী,হিন্দু
মাতওরানী,হিন্দু
শ্রীজল,হিন্দু
স্বরবতী,হিন্দু
আংগেজ,আদিবাসী
শিলিনাথ,হিন্দু
শ্রীধাম,হিন্দু
জগরন্নাথ,হিন্দু
সিতানাথ,হিন্দু
নিরোদাসী,হিন্দু
শিখারানী,হিন্দু
স্বাধীনাথ,হিন্দু
দীপাংক,আদিবাসী
সাজুবালা,হিন্দু
আরতিরানী,হিন্দু
সমিরানী,হিন্দু
রাজরানী,হিন্দু
জিতমি,হিন্দু
হারবানু,মুসলমান
টুলুয়ারা,মুসলমান-দুর্বল
মোনুআরা,মুসলমান
সাবেনুর,মুসলমান-দুর্বল
গিনিআরা,মুসলমান
আকসানুর,মুসলমান-দুর্বল
শেফালীবালা,হিন্দু
সরলাবালা,হিন্দু
দেবশ্বরী,হিন্দু
কুলোরানী,হিন্দু
বিশ্ববালা,হিন্দু
আসমাউল,মুসলমান-দুর্বল
রেশন,খ্রিস্টান
বিসকারানী,হিন্দু
খেমাশ্বরী,হিন্দু
আনোশ্বরী,হিন্দু
ভারতিবালা,হিন্দু
শানারুল,মুসলমান-দুর্বল
আশারানী,হিন্দু
রাণিদাস,হিন্দু
কাসিনাথ,হিন্দু
ওয়াহিদুল,মুসলমান
নাকিমন,মুসলমান
লাইলাতুন,মুসলমান
নূরজাদী,মুসলমান
জামিউল,মুসলমান-দুর্বল
নাসিয়াতুন,মুসলমান
সনজিবন,খ্রিস্টান
জয়মোন,হিন্দু
নন্দীনী,হিন্দু
নুন্নেহার,মুসলমান
সাফিরুল,মুসলমান-দুর্বল
সুরুতুন,মুসলমান
মাতঙ্গীনি,আদিবাসী
সিন্ধুবালা,হিন্দু
রঙ্গিবালা,হিন্দু
দশোবালা,হিন্দু
রৌশনয়ারা,মুসলমান-দুর্বল
জিতিন,হিন্দু
জাফরিন,মুসলমান
জতিন্দ্রনাথ,হিন্দু
ঙ্গলশানুয়ারা,মুসলমান-দুর্বল
রুনিয়ারা,মুসলমান-দুর্বল
জিবনআরা,মুসলমান
আসেনুর,মুসলমান-দুর্বল
তৌবুর,মুসলমান-দুর্বল
ক্যারকেটা,আদিবাসী
লিধুবালা,হিন্দু
মাসুদুর,মুসলমান
ষষ্ঠিবালা,হিন্দু
সুদুবালা,হিন্দু
শীলু,হিন্দু
জুলীয়ারা,মুসলমান-দুর্বল
এসনিহার,মুসলমান
দিজেন্দ্রনাথ,হিন্দু
সনজি,খ্রিস্টান
হুরজাহান,মুসলমান
হাসিবুর,মুসলমান-দুর্বল
সয়ারানী,হিন্দু
ইশরানী,হিন্দু
নেছামন,মুসলমান
সোবুর,মুসলমান-দুর্বল
হাকিবুর,মুসলমান
আবুতালেপ,মুসলমান
হাবিওন্নেছা,মুসলমান
মাজদুল,মুসলমান-দুর্বল
আন্নারানী,হিন্দু
উম্মিয়া,মুসলমান-দুর্বল
মাহাবুবুর,মুসলমান
সনিরুল,মুসলমান-দুর্বল
নসাদুল,মুসলমান-দুর্বল
নুরনেসা,মুসলমান-দুর্বল
হাসোরানী,হিন্দু
সন্তেজ,খ্রিস্টান
রগিন্দ্র,হিন্দু
জ্যাকি,খ্রিস্টান
যবদুল,মুসলমান-দুর্বল
ছমিদুল,মুসলমান-দুর্বল
রানীদাস,হিন্দু
রামুলাল,মুসলমান
খংসেই,আদিবাসী
য়াংনিয়াং,আদিবাসী
শুনুরুন,মুসলমান
সুটংগা,আদিবাসী
লংডঃকিরি,আদিবাসী
লংডং,আদিবাসী
পঃকেংতেং,আদিবাসী
পিয়াং,আদিবাসী
রাইখাটোয়ারা,আদিবাসী
এঞ্জেল,খ্রিস্টান
মারসিং,আদিবাসী
খংল্লা,আদিবাসী
খংসড,আদিবাসী
ছুরতুন,মুসলমান
সন্ধ্যামনী,হিন্দু
খংনং,আদিবাসী
ইয়াংগিউ,আদিবাসী
ইয়ংনিয়া,আদিবাসী
মায়ারুন্নেছা,মুসলমান
দেবরমা,হিন্দু
সুতঙ্গা,আদিবাসী
সুছিংয়া,আদিবাসী
য়ংলে,আদিবাসী
পজিত,হিন্দু
কাঞ্জনী,হিন্দু
তুনছামা,মুসলমান
হেলসন,খ্রিস্টান
চিয়াং,আদিবাসী
হপিংটন,খ্রিস্টান
লাংধার,আদিবাসী
সুটংঞ্চা,আদিবাসী
কলিংসন,খ্রিস্টান
টালং,আদিবাসী
লংজে,আদিবাসী
মেয়ছিয়াং,আদিবাসী
লিসিং,আদিবাসী
রিখশন,খ্রিস্টান
সিংভূমীক,আদিবাসী
খংস্ব,আদিবাসী
শুটিং,আদিবাসী
ইয়াংইয়ুং,আদিবাসী
বসন,খ্রিস্টান
শিরিং,আদিবাসী
দোশায়ারা,আদিবাসী
নূরমোহাম্মাদ,মুসলমান
নিজারুল,মুসলমান-দুর্বল
বন্ধবালা,হিন্দু
জলেশস্বরী,হিন্দু
শুভারানী,হিন্দু
মানোবীন্দ্র,হিন্দু
রোকেয়াবেগম,মুসলমান
বিশ্মদেব,হিন্দু
রলজিত,হিন্দু
উলপী,মুসলমান-দুর্বল
জ্ঞানেন্দ্রনাথ,হিন্দু
আংঙ্গড়ি,আদিবাসী
ইন্দ্রবালা,হিন্দু
নুরসিতা,মুসলমান
জোসনাখাতুন,মুসলমান
গাধুলীরানী,হিন্দু
বিষ্ণদাস,হিন্দু
স্বরেস্বতি,হিন্দু
অয়জুল,মুসলমান
ষষ্টিরানী,হিন্দু
সন্তষী,হিন্দু
রীয়াজুল,মুসলমান
চক্রতওর্ী,হিন্দু
সোলেবানু,মুসলমান
সাথীয়ারা,মুসলমান-দুর্বল
খংখরেম,আদিবাসী
তারিংমন,আদিবাসী
তংপর,আদিবাসী
তইরুন,মুসলমান
সৈত্যেন্দ্র,হিন্দু
আংঙ্গরুন্নেছা,মুসলমান
আবুতাহের,মুসলমান
আংঙ্গড়া,আদিবাসী
ঘাটোয়ারা,আদিবাসী
হাওয়ারুননেছা,মুসলমান
বেগমান,মুসলমান
সত্যনারায়ন,হিন্দু
খংপদা,আদিবাসী
খংসরেম,আদিবাসী
খংপড়া,আদিবাসী
তাংপেয়ার,আদিবাসী
লাংবং,আদিবাসী
খংজং,আদিবাসী
মিটিং,আদিবাসী
মেথ্রেল,আদিবাসী
খংভু,আদিবাসী
বিয়াং,আদিবাসী
ফ্রেসিং,আদিবাসী
আমলংরং,আদিবাসী
খংতরেম,আদিবাসী
ডিয়াং,আদিবাসী
শুকলাং,আদিবাসী
সুযটিং,আদিবাসী
লাদাসাম,হিন্দু
থ্রিকেন,আদিবাসী
লাকাসিয়াং,আদিবাসী
সাইলং,আদিবাসী
দেলিং,আদিবাসী
খংথয়েম,আদিবাসী
কেনটং,আদিবাসী
জয়স্তিং,হিন্দু
গ্রেটসন,খ্রিস্টান
খংথয়রেম,আদিবাসী
ইয়াংনিয়ং,আদিবাসী
লাংফায়া,আদিবাসী
বারেং,আদিবাসী
প্লষ্টিং,আদিবাসী
লাংড,আদিবাসী
খংবুং,আদিবাসী
তাংপের,আদিবাসী
নিংয়াং,আদিবাসী
মংপ্তা,আদিবাসী
ইয়াংসিয়াং,আদিবাসী
যশুয়ারা,আদিবাসী
সুমং,আদিবাসী
লাংচিয়িং,আদিবাসী
খংটাংকুট,আদিবাসী
লংদ,আদিবাসী
খংম্ব,আদিবাসী
খংতাকুট,আদিবাসী
কংতাংকুট,আদিবাসী
বুর্নাজি,হিন্দু
রোবিদাস,হিন্দু
পামব্লাং,আদিবাসী
পংকেনতেং,আদিবাসী
পলিংচার,আদিবাসী
লাখাচিয়াং,আদিবাসী
লাকাশিয়াং,আদিবাসী
কদরুন্নেছা,মুসলমান
সালাতুননেছা,মুসলমান
ইন্ডেস্বর,হিন্দু
ইন্দ্রয়ার,হিন্দু
বিশ্বদেব,হিন্দু
ফখরুন্নেছা,মুসলমান
আদরুন্নেছা,মুসলমান
রহিদাশ,হিন্দু
বাসন্তিনমসুত্র,খ্রিস্টান
খয়রুন্নেছা,মুসলমান
আফিয়ারা,মুসলমান-দুর্বল
জহুরুন্নেসা,মুসলমান
মনিরুন্নেছা,মুসলমান
সুরুতুন্নেছা,মুসলমান
জয়বাবু,হিন্দু
দিসাংমা,আদিবাসী
সুমসাং,আদিবাসী
নুরিয়ানাহ,মুসলমান-দুর্বল
সেলুয়ারা,মুসলমান-দুর্বল
শান্তাবালা,হিন্দু
আয়েতুন্নেছা,মুসলমান
সিরাজুন্নেছা,মুসলমান
শাহিদুননেছা,মুসলমান
মাস্যদাশ,হিন্দু
রাইদাশ,হিন্দু
সালাতুন,মুসলমান
দাশো,হিন্দু
পকিনতেং,আদিবাসী
তাংশাং,আদিবাসী
লংছিয়াং,আদিবাসী
খংষ্টি,আদিবাসী
লাংসিয়াং,আদিবাসী
বলিয়াং,আদিবাসী
টংপার,আদিবাসী
পঃকেনটং,আদিবাসী
কেনতেং,আদিবাসী
গোয়ারা,আদিবাসী
রাজবল্লাড,হিন্দু
সুরুতুননেছা,মুসলমান
সিয়ালাং,আদিবাসী
ইয়ালাং,আদিবাসী
সইটিং,আদিবাসী
পখলং,আদিবাসী
লাংছায়াং,আদিবাসী
দেশোয়ারার,আদিবাসী
বাল্মীকদাস,হিন্দু
দেবকন্দ,হিন্দু
লংবাং,আদিবাসী
দেবর্মী,হিন্দু
সিংছত্রি,আদিবাসী
জমিরুননেছা,মুসলমান
সিংভুমিজ,আদিবাসী
বিজয়করি,হিন্দু
দিলয়ারা,মুসলমান-দুর্বল
আব্দুস,মুসলমান
রাজগৌর,আদিবাসী
ভট্টরাচার্য,হিন্দু
রুসিয়ারা,মুসলমান-দুর্বল
রেংগট,আদিবাসী
নারায়নআহির,হিন্দু
দুর্ষাদ,হিন্দু
বার্গমসন,খ্রিস্টান
রানীনাথ,হিন্দু
তরিয়াং,আদিবাসী
তাংছাং,আদিবাসী
রিকুয়াসন,খ্রিস্টান
মীর্ধাদাশ,হিন্দু
দেবন্তি,হিন্দু
সন্ধ্যাপুরী,খ্রিস্টান
সিংভূমিজ,আদিবাসী
রাজবল্লাভ,হিন্দু
মান্দ্রর্জী,হিন্দু
তেলংগা,আদিবাসী
সিংহছত্রী,হিন্দু
থাংসাং,আদিবাসী
ইয়ংসাট,আদিবাসী
সিমাসাং,আদিবাসী
কংওংয়াং,আদিবাসী
য়াংসাআট,আদিবাসী
কিংওয়াং,আদিবাসী
খংস্টিয়াং,আদিবাসী
তেরিয়াং,আদিবাসী
লিংথং,আদিবাসী
টেংসং,আদিবাসী
রিগ্যান,খ্রিস্টান
ছিল্লং,আদিবাসী
স্টেরিং,আদিবাসী
সাংঙ,আদিবাসী
তংব্রেট,আদিবাসী
তায়িয়াং,আদিবাসী
পকেপ্টেং,আদিবাসী
ডারিং,আদিবাসী
গৌরাইত,আদিবাসী
দেববর্মী,হিন্দু
তেজবালা,হিন্দু
মারাছিয়াং,আদিবাসী
তন্দ্রবায়,হিন্দু
মইলাতুন,মুসলমান
শাহীদুল,মুসলমান-দুর্বল
নুরুন,মুসলমান
শাহাতুন,মুসলমান
সৈয়বুর,মুসলমান-দুর্বল
ছমরুমিয়া,মুসলমান-দুর্বল
হাবিবুন্নেছা,মুসলমান
ওয়ারিবুন্নেছা,মুসলমান
কুমদীনি,হিন্দু
ছমছুন্নেছা,মুসলমান
নূরবান,মুসলমান
ভালাং,আদিবাসী
উছিয়াং,আদিবাসী
জয়ডিখার,হিন্দু
খংিরহয়া,আদিবাসী
খংস্থিয়া,আদিবাসী
কাপলং,আদিবাসী
খংস্থীয়া,আদিবাসী
রিকিশন,খ্রিস্টান
পলিং,আদিবাসী
খংসলিং,আদিবাসী
মিয়াখী,মুসলমান-দুর্বল
চুচিন্দ্রা,হিন্দু
টংলের,আদিবাসী
সলং,আদিবাসী
করিমোদি,মুসলমান
রিফিয়াশন,খ্রিস্টান
ভাগ্যমতি,হিন্দু
সফাতুন,মুসলমান
ফূলতুন,মুসলমান
কমিরুন্নেছা,মুসলমান
তরীবুন্নেছা,মুসলমান
আয়বুন্নেছা,মুসলমান
মাফরাতুন,মুসলমান
সুবেতুন,মুসলমান
সুরতুন,মুসলমান
দেরীশন,খ্রিস্টান
জয়তুরা,মুসলমান
অরিন্দ্র,হিন্দু
কানোয়ার,মুসলমান
জিত,হিন্দু
সাইদুল্লা,মুসলমান
চানওয়ারা,মুসলমান-দুর্বল
যইতুন,মুসলমান
ছামানুর,মুসলমান-দুর্বল
ইয়ারুনেছা,মুসলমান
ভূট্টাচার্য্য,হিন্দু
মঙ্গলশীল,হিন্দু
এজনাহার,মুসলমান
আজিজুন্নিছা,মুসলমান
জয়রা,হিন্দু
দৈলতুন,মুসলমান
খাছবানু,মুসলমান
ইসমাতুন,মুসলমান
ফজিলতুন্নেছা,মুসলমান
সিদ্দিকনুর,মুসলমান-দুর্বল
সুরেতুন,মুসলমান
ছুরেতুন,মুসলমান
ইছানুর,মুসলমান-দুর্বল
জুলেফা,মুসলমান
সায়েলনুর,মুসলমান-দুর্বল
চক্ররওর্ী,হিন্দু
তাহেরবানু,মুসলমান
দেবব্রাতা,হিন্দু
তয়বুন্নেছা,মুসলমান
সাজনূর,মুসলমান
ছায়ারুল,মুসলমান-দুর্বল
স্বরবেশ্বর,হিন্দু
মুহিবুন্নেছা,মুসলমান
মায়াবালা,হিন্দু
কেলমিসন,খ্রিস্টান
ডিজয়সি,খ্রিস্টান
লংমিয়াট,আদিবাসী
তামসন,খ্রিস্টান
রিশন,খ্রিস্টান
মিনসন,খ্রিস্টান
ডিজেনসন,খ্রিস্টান
ভাইওলাং,আদিবাসী
ডিসন,খ্রিস্টান
কেন্টেং,আদিবাসী
মানসিং,আদিবাসী
আফতারুন্নেছা,মুসলমান
শয়রুন্নেছা,মুসলমান
সালেতুন,মুসলমান
ছালেতুন,মুসলমান
হাওয়ারুন্নেছা,মুসলমান
হরেন্নেছা,মুসলমান
রামানন্দ্র,হিন্দু
নিমাউল,মুসলমান-দুর্বল
রূব্বাতুন,মুসলমান
জারবানু,মুসলমান
সফিকুননেছা,মুসলমান
সাফিকুন্নেছা,মুসলমান
রহিনুর,মুসলমান-দুর্বল
রাসেন্দ্র,হিন্দু
নুরূল,মুসলমান-দুর্বল
সামসুয়ারা,মুসলমান-দুর্বল
এমাইনুর,মুসলমান-দুর্বল
তাজুদেন্নেছা,মুসলমান
নবিনূর,মুসলমান
রবেন্দ্র,হিন্দু
আফতাবুন্নেছা,মুসলমান
রুপতন্নেছা,মুসলমান
সহিবুর,মুসলমান-দুর্বল
কিলাফাতুন,মুসলমান
জমাদুর,মুসলমান
মংউড়া,আদিবাসী
গফুরুন্নেছা,মুসলমান
হুসনাহার,মুসলমান
ছাইবুর,মুসলমান-দুর্বল
মোনাইম,মুসলমান
নবীনূর,মুসলমান
সাকিনুর,মুসলমান-দুর্বল
উল্মাদিনী,হিন্দু
নপেন্দ্র,হিন্দু
মিজাননুর,মুসলমান-দুর্বল
পাজনুর,মুসলমান-দুর্বল
আপ্তবুন্নেছা,মুসলমান
রূপনেহার,মুসলমান
ছাবিকুননাহার,মুসলমান
একলিমুন্নেছা,মুসলমান
জাবেরুল,মুসলমান-দুর্বল
অনুদেবী,হিন্দু
রহিমাবেগম,মুসলমান
ফজলতুন,মুসলমান
চন্দ্রফুল,হিন্দু
ইন্দ্রফুল,হিন্দু
হোসাইনুর,মুসলমান
আলিমুনন্নেছা,মুসলমান
ফুলমুন্নেছা,মুসলমান
দোশয়ারা,হিন্দু
গৌড়মনি,হিন্দু
টাংশন,খ্রিস্টান
খেরোয়ারা,মুসলমান-দুর্বল
ছইফুন্নেছা,মুসলমান
শরীফুন্নেছা,মুসলমান
জৈয়তুনেছা,মুসলমান
আজিজুননেছা,মুসলমান
আজিজুলন্নেছা,মুসলমান
খরফুলনেছা,মুসলমান
আকলাতুন্নেছা,মুসলমান
প্রবীন্দ্র,হিন্দু
রুইদাশ,হিন্দু
ফজলুলনেছা,মুসলমান
আলেহান্নেছা,মুসলমান
শামছুননিহার,মুসলমান
আবুলেইছ,মুসলমান
নুরুলহুদা,মুসলমান
জয়বুন্নেছা,মুসলমান
মোফাজ্জুল,মুসলমান
আলাবানু,মুসলমান
মহিবুন্নেছা,মুসলমান
মহাবানু,মুসলমান
খারুন্নেছা,মুসলমান
আক্তারবুন্নেছা,মুসলমান
ভটাচার্য,হিন্দু
মোয়াবানু,মুসলমান
আপবানু,মুসলমান
পন্ডিতনেছা,মুসলমান
সৈয়দুনেছা,মুসলমান
আংগরা,আদিবাসী
জাহেরুন্নেছা,মুসলমান
খায়তুন্নেছা,মুসলমান
তারফুলনেছা,মুসলমান
আকিদুনন্নেছা,মুসলমান
কুতুবুন্নেছা,মুসলমান
আজিজুন্ননেছা,মুসলমান
লুৎফুরনেছা,মুসলমান
ছুরুতুনেছা,মুসলমান
আকবুন্নেছা,মুসলমান
আব্দুজ্জাহির,মুসলমান
সুদ্দসব্বর,মুসলমান
আজিবুনেছা,মুসলমান
উয়াং,আদিবাসী
হজিং,আদিবাসী
ছুরেন্দ্র,হিন্দু
তাহেরুলনেছা,মুসলমান
রিকায়াশন,খ্রিস্টান
আফিকুননেছা,মুসলমান
ভট্টাচার্য্যী,হিন্দু
সুলোমুননেছা,মুসলমান
