{"type":"Topology","objects":{"data":{"geometries":[{"properties":{"k":"seat|1","cid":1,"t":"seat","n":"Panchagarh-1","z":"\u09aa\u099e\u09cd\u099a\u0997\u09a1\u09bc-\u09e7","d":"","c":"","ce":155,"w":"BNP","wn":"BNP","v":[174430,166126,0,0,0,826],"rest":4874,"tt":346256,"mg":2.4,"to":77.4,"tv":458802},"type":"Polygon","arcs":[[-2,-21,-3,-19,-4,-17,-5,-15,-6,-13,-7,-11,7,-24,-25,0,-9]],"id":"feature_000"},{"properties":{"k":"seat|2","cid":2,"t":"seat","n":"Panchagarh-2","z":"\u09aa\u099e\u09cd\u099a\u0997\u09a1\u09bc-\u09e8","d":"","c":"","ce":132,"w":"BNP","wn":"BNP","v":[173686,127608,1821,4358,0,0],"rest":5338,"tt":312811,"mg":14.7,"to":77.2,"tv":414349},"type":"MultiPolygon","arcs":[[[1,-22]],[[2,-20]],[[3,-18]],[[4,-16]],[[5,-14]],[[6,-12]],[[7]],[[8,9,-48,-50,-40,-31,-23]]],"id":"feature_001"},{"properties":{"k":"seat|3","cid":3,"t":"seat","n":"Thakurgaon-1","z":"\u09a0\u09be\u0995\u09c1\u09b0\u0997\u09be\u0981\u0993-\u09e7","d":"","c":"","ce":185,"w":"BNP","wn":"BNP","v":[237178,139571,0,3921,0,0],"rest":0,"tt":380670,"mg":25.6,"to":76.5,"tv":507200},"type":"Polygon","arcs":[[10,11,12,13,14,15,16,17,18,19,20,21,22,-33,-28,-26,23]],"id":"feature_002"},{"properties":{"k":"seat|4","cid":4,"t":"seat","n":"Thakurgaon-2","z":"\u09a0\u09be\u0995\u09c1\u09b0\u0997\u09be\u0981\u0993-\u09e8","d":"","c":"","ce":104,"w":"BNP","wn":"BNP","v":[120306,114470,0,431,0,1837],"rest":3671,"tt":240715,"mg":2.4,"to":73.0,"tv":337273},"type":"Polygon","arcs":[[24,25,-30,26]],"id":"feature_003"},{"properties":{"k":"seat|5","cid":5,"t":"seat","n":"Thakurgaon-3","z":"\u09a0\u09be\u0995\u09c1\u09b0\u0997\u09be\u0981\u0993-\u09e9","d":"","c":"","ce":128,"w":"BNP","wn":"BNP","v":[131887,90767,276,1283,0,551],"rest":29753,"tt":254517,"mg":16.2,"to":72.1,"tv":361044},"type":"Polygon","arcs":[[27,-32,-34,28,29]],"id":"feature_004"},{"properties":{"k":"seat|6","cid":6,"t":"seat","n":"Dinajpur-1","z":"\u09a6\u09bf\u09a8\u09be\u099c\u09aa\u09c1\u09b0-\u09e7","d":"","c":"","ce":128,"w":"BNP","wn":"BNP","v":[178489,116488,0,3074,0,393],"rest":3777,"tt":302221,"mg":20.5,"to":74.5,"tv":414353},"type":"Polygon","arcs":[[30,-43,-37,-35,31,32]],"id":"feature_005"},{"properties":{"k":"seat|7","cid":7,"t":"seat","n":"Dinajpur-2","z":"\u09a6\u09bf\u09a8\u09be\u099c\u09aa\u09c1\u09b0-\u09e8","d":"","c":"","ce":116,"w":"BNP","wn":"BNP","v":[138878,104737,19377,1049,0,0],"rest":5066,"tt":269107,"mg":12.7,"to":74.8,"tv":368137},"type":"Polygon","arcs":[[33,34,-39,35]],"id":"feature_006"},{"properties":{"k":"seat|8","cid":8,"t":"seat","n":"Dinajpur-3","z":"\u09a6\u09bf\u09a8\u09be\u099c\u09aa\u09c1\u09b0-\u09e9","d":"","c":"","ce":130,"w":"BNP","wn":"BNP","v":[139207,134618,0,1392,0,0],"rest":5295,"tt":280512,"mg":1.6,"to":69.5,"tv":411474},"type":"Polygon","arcs":[[36,-42,37,38]],"id":"feature_007"},{"properties":{"k":"seat|9","cid":9,"t":"seat","n":"Dinajpur-4","z":"\u09a6\u09bf\u09a8\u09be\u099c\u09aa\u09c1\u09b0-\u09ea","d":"","c":"","ce":130,"w":"BNP","wn":"BNP","v":[165577,127666,0,1686,0,0],"rest":3105,"tt":298034,"mg":12.7,"to":72.8,"tv":417762},"type":"Polygon","arcs":[[39,-52,-55,-44,40,41,42]],"id":"feature_008"},{"properties":{"k":"seat|10","cid":10,"t":"seat","n":"Dinajpur-5","z":"\u09a6\u09bf\u09a8\u09be\u099c\u09aa\u09c1\u09b0-\u09eb","d":"","c":"","ce":141,"w":"Independent","wn":"Independent","v":[97727,108948,121906,0,0,0],"rest":1472,"tt":330053,"mg":3.9,"to":71.5,"tv":473429},"type":"Polygon","arcs":[[43,-58,-72,-46,44]],"id":"feature_009"},{"properties":{"k":"seat|11","cid":11,"t":"seat","n":"Dinajpur-6","z":"\u09a6\u09bf\u09a8\u09be\u099c\u09aa\u09c1\u09b0-\u09ec","d":"","c":"","ce":199,"w":"BNP","wn":"BNP","v":[203887,188719,558,1642,0,0],"rest":3116,"tt":397922,"mg":3.8,"to":73.6,"tv":553211},"type":"Polygon","arcs":[[45,-74,-81,-85,-104,-109,-114,46]],"id":"feature_010"},{"properties":{"k":"seat|12","cid":12,"t":"seat","n":"Nilphamari-1","z":"\u09a8\u09c0\u09b2\u09ab\u09be\u09ae\u09be\u09b0\u09c0-\u09e7","d":"","c":"","ce":154,"w":"Jamaat","wn":"Jamaat","v":[118160,149214,0,1854,0,0],"rest":21551,"tt":290779,"mg":10.7,"to":65.0,"tv":456603},"type":"Polygon","arcs":[[47,48,-59,-53,-51]],"id":"feature_011"},{"properties":{"k":"seat|13","cid":13,"t":"seat","n":"Nilphamari-2","z":"\u09a8\u09c0\u09b2\u09ab\u09be\u09ae\u09be\u09b0\u09c0-\u09e8","d":"","c":"","ce":134,"w":"Jamaat","wn":"Jamaat","v":[134579,145202,293,3236,346,0],"rest":189,"tt":283845,"mg":3.7,"to":75.3,"tv":382969},"type":"Polygon","arcs":[[49,50,-54,-56,51]],"id":"feature_012"},{"properties":{"k":"seat|14","cid":14,"t":"seat","n":"Nilphamari-3","z":"\u09a8\u09c0\u09b2\u09ab\u09be\u09ae\u09be\u09b0\u09c0-\u09e9","d":"","c":"","ce":105,"w":"Jamaat","wn":"Jamaat","v":[89102,108560,0,985,0,0],"rest":3362,"tt":202009,"mg":9.6,"to":70.5,"tv":292070},"type":"Polygon","arcs":[[52,-61,-63,-68,-57,53]],"id":"feature_013"},{"properties":{"k":"seat|15","cid":15,"t":"seat","n":"Nilphamari-4","z":"\u09a8\u09c0\u09b2\u09ab\u09be\u09ae\u09be\u09b0\u09c0-\u09ea","d":"","c":"","ce":169,"w":"Jamaat","wn":"Jamaat","v":[81526,124865,5207,8312,0,0],"rest":67969,"tt":287879,"mg":15.1,"to":65.7,"tv":448646},"type":"Polygon","arcs":[[54,55,56,-71,-75,-73,57]],"id":"feature_014"},{"properties":{"k":"seat|16","cid":16,"t":"seat","n":"Lalmonirhat-1","z":"\u09b2\u09be\u09b2\u09ae\u09a8\u09bf\u09b0\u09b9\u09be\u099f-\u09e7","d":"","c":"","ce":137,"w":"BNP","wn":"BNP","v":[137677,128332,8884,2231,0,0],"rest":5489,"tt":282613,"mg":3.3,"to":72.1,"tv":400305},"type":"MultiPolygon","arcs":[[[58,59,-64,60]],[[61]]],"id":"feature_015"},{"properties":{"k":"seat|17","cid":17,"t":"seat","n":"Lalmonirhat-2","z":"\u09b2\u09be\u09b2\u09ae\u09a8\u09bf\u09b0\u09b9\u09be\u099f-\u09e8","d":"","c":"","ce":155,"w":"BNP","wn":"BNP","v":[123343,116236,3484,6921,0,0],"rest":21812,"tt":271796,"mg":2.6,"to":64.5,"tv":430343},"type":"Polygon","arcs":[[62,63,64,-66,-69]],"id":"feature_016"},{"properties":{"k":"seat|18","cid":18,"t":"seat","n":"Lalmonirhat-3","z":"\u09b2\u09be\u09b2\u09ae\u09a8\u09bf\u09b0\u09b9\u09be\u099f-\u09e9","d":"","c":"","ce":94,"w":"BNP","wn":"BNP","v":[138691,55671,0,3268,0,0],"rest":3421,"tt":201051,"mg":41.3,"to":67.0,"tv":305835},"type":"Polygon","arcs":[[65,66,-88,-78,-70]],"id":"feature_017"},{"properties":{"k":"seat|19","cid":19,"t":"seat","n":"Rangpur-1","z":"\u09b0\u0982\u09aa\u09c1\u09b0-\u09e7","d":"","c":"","ce":139,"w":"Jamaat","wn":"Jamaat","v":[68631,145543,0,5179,0,0],"rest":1521,"tt":220874,"mg":34.8,"to":60.7,"tv":371968},"type":"Polygon","arcs":[[67,68,69,-80,-76,70]],"id":"feature_018"},{"properties":{"k":"seat|20","cid":20,"t":"seat","n":"Rangpur-2","z":"\u09b0\u0982\u09aa\u09c1\u09b0-\u09e8","d":"","c":"","ce":137,"w":"Jamaat","wn":"Jamaat","v":[79862,134187,0,5830,0,0],"rest":33995,"tt":253874,"mg":21.4,"to":68.6,"tv":377802},"type":"Polygon","arcs":[[71,72,-77,-82,73]],"id":"feature_019"},{"properties":{"k":"seat|21","cid":21,"t":"seat","n":"Rangpur-3","z":"\u09b0\u0982\u09aa\u09c1\u09b0-\u09e9","d":"","c":"","ce":169,"w":"Jamaat","wn":"Jamaat","v":[84578,175827,642,8590,0,0],"rest":44282,"tt":313919,"mg":29.1,"to":63.7,"tv":502992},"type":"Polygon","arcs":[[74,75,-79,-83,76]],"id":"feature_020"},{"properties":{"k":"seat|22","cid":22,"t":"seat","n":"Rangpur-4","z":"\u09b0\u0982\u09aa\u09c1\u09b0-\u09ea","d":"","c":"","ce":163,"w":"Jamaat","wn":"Jamaat","v":[139616,148284,122,4414,0,0],"rest":34334,"tt":326770,"mg":2.7,"to":66.2,"tv":505258},"type":"Polygon","arcs":[[77,-92,-93,-98,-84,78,79]],"id":"feature_021"},{"properties":{"k":"seat|23","cid":23,"t":"seat","n":"Rangpur-5","z":"\u09b0\u0982\u09aa\u09c1\u09b0-\u09eb","d":"","c":"","ce":152,"w":"Jamaat","wn":"Jamaat","v":[114263,174149,251,2372,0,0],"rest":17778,"tt":308813,"mg":19.4,"to":68.1,"tv":464741},"type":"Polygon","arcs":[[80,81,82,83,-101,-106,-86]],"id":"feature_022"},{"properties":{"k":"seat|24","cid":24,"t":"seat","n":"Rangpur-6","z":"\u09b0\u0982\u09aa\u09c1\u09b0-\u09ec","d":"","c":"","ce":113,"w":"Jamaat","wn":"Jamaat","v":[116919,118890,533,2074,0,0],"rest":1482,"tt":239898,"mg":0.8,"to":69.4,"tv":352852},"type":"Polygon","arcs":[[84,85,-105]],"id":"feature_023"},{"properties":{"k":"seat|25","cid":25,"t":"seat","n":"Kurigram-1","z":"\u0995\u09c1\u09a1\u09bc\u09bf\u0997\u09cd\u09b0\u09be\u09ae-\u09e7","d":"","c":"","ce":231,"w":"Jamaat","wn":"Jamaat","v":[122319,139498,0,38670,0,226],"rest":53261,"tt":353974,"mg":4.9,"to":64.3,"tv":560266},"type":"Polygon","arcs":[[-90,86]],"id":"feature_024"},{"properties":{"k":"seat|26","cid":26,"t":"seat","n":"Kurigram-2","z":"\u0995\u09c1\u09a1\u09bc\u09bf\u0997\u09cd\u09b0\u09be\u09ae-\u09e8","d":"","c":"","ce":205,"w":"Jamaat","wn":"Jamaat","v":[170335,179289,0,24719,0,0],"rest":16695,"tt":391038,"mg":2.3,"to":66.7,"tv":600806},"type":"Polygon","arcs":[[87,88,89,90,-94,91]],"id":"feature_025"},{"properties":{"k":"seat|27","cid":27,"t":"seat","n":"Kurigram-3","z":"\u0995\u09c1\u09a1\u09bc\u09bf\u0997\u09cd\u09b0\u09be\u09ae-\u09e9","d":"","c":"","ce":140,"w":"Jamaat","wn":"Jamaat","v":[78982,106933,0,33409,0,596],"rest":2316,"tt":222236,"mg":12.6,"to":61.8,"tv":366368},"type":"Polygon","arcs":[[92,93,94,-96,-99]],"id":"feature_026"},{"properties":{"k":"seat|28","cid":28,"t":"seat","n":"Kurigram-4","z":"\u0995\u09c1\u09a1\u09bc\u09bf\u0997\u09cd\u09b0\u09be\u09ae-\u09ea","d":"","c":"","ce":130,"w":"Jamaat","wn":"Jamaat","v":[83762,106347,20728,6190,0,0],"rest":2650,"tt":219677,"mg":10.3,"to":62.2,"tv":358967},"type":"Polygon","arcs":[[95,96,-625,-102,-100]],"id":"feature_027"},{"properties":{"k":"seat|29","cid":29,"t":"seat","n":"Gaibandha-1","z":"\u0997\u09be\u0987\u09ac\u09be\u09a8\u09cd\u09a7\u09be-\u09e7","d":"","c":"","ce":123,"w":"Jamaat","wn":"Jamaat","v":[37851,138945,27498,2044,0,0],"rest":34495,"tt":240833,"mg":42.0,"to":59.4,"tv":415903},"type":"Polygon","arcs":[[97,98,99,-103,-107,100]],"id":"feature_028"},{"properties":{"k":"seat|30","cid":30,"t":"seat","n":"Gaibandha-2","z":"\u0997\u09be\u0987\u09ac\u09be\u09a8\u09cd\u09a7\u09be-\u09e8","d":"","c":"","ce":118,"w":"Jamaat","wn":"Jamaat","v":[92180,121073,0,2351,0,0],"rest":24277,"tt":239881,"mg":12.0,"to":60.1,"tv":408000},"type":"Polygon","arcs":[[101,-628,-111,-108,102]],"id":"feature_029"},{"properties":{"k":"seat|31","cid":31,"t":"seat","n":"Gaibandha-3","z":"\u0997\u09be\u0987\u09ac\u09be\u09a8\u09cd\u09a7\u09be-\u09e9","d":"","c":"","ce":146,"w":"Jamaat","wn":"Jamaat","v":[138700,160552,3095,2816,0,1773],"rest":2416,"tt":309352,"mg":7.1,"to":63.1,"tv":501943},"type":"Polygon","arcs":[[103,104,105,106,107,-113,-110]],"id":"feature_030"},{"properties":{"k":"seat|32","cid":32,"t":"seat","n":"Gaibandha-4","z":"\u0997\u09be\u0987\u09ac\u09be\u09a8\u09cd\u09a7\u09be-\u09ea","d":"","c":"","ce":142,"w":"BNP","wn":"BNP","v":[141712,138200,1540,1357,0,0],"rest":2696,"tt":285505,"mg":1.2,"to":62.9,"tv":464871},"type":"Polygon","arcs":[[108,109,-112,-119,-121,-117,-115]],"id":"feature_031"},{"properties":{"k":"seat|33","cid":33,"t":"seat","n":"Gaibandha-5","z":"\u0997\u09be\u0987\u09ac\u09be\u09a8\u09cd\u09a7\u09be-\u09eb","d":"","c":"","ce":146,"w":"Jamaat","wn":"Jamaat","v":[72741,87913,46326,2190,0,0],"rest":4082,"tt":213252,"mg":7.1,"to":57.3,"tv":381751},"type":"Polygon","arcs":[[110,-627,-629,-120,111,112]],"id":"feature_032"},{"properties":{"k":"seat|34","cid":34,"t":"seat","n":"Joypurhat-1","z":"\u099c\u09af\u09bc\u09aa\u09c1\u09b0\u09b9\u09be\u099f-\u09e7","d":"","c":"","ce":151,"w":"Jamaat","wn":"Jamaat","v":[154320,163279,13162,0,0,0],"rest":1188,"tt":331949,"mg":2.7,"to":73.2,"tv":462258},"type":"Polygon","arcs":[[113,114,-118,-148,-145,115]],"id":"feature_033"},{"properties":{"k":"seat|35","cid":35,"t":"seat","n":"Joypurhat-2","z":"\u099c\u09af\u09bc\u09aa\u09c1\u09b0\u09b9\u09be\u099f-\u09e8","d":"","c":"","ce":104,"w":"BNP","wn":"BNP","v":[157128,91012,0,0,0,0],"rest":1516,"tt":249656,"mg":26.5,"to":73.4,"tv":348101},"type":"Polygon","arcs":[[116,-123,-124,-154,-149,117]],"id":"feature_034"},{"properties":{"k":"seat|36","cid":36,"t":"seat","n":"Bogra-1","z":"\u09ac\u0997\u09c1\u09a1\u09bc\u09be-\u09e7","d":"","c":"","ce":126,"w":"BNP","wn":"BNP","v":[169861,56933,0,1009,0,0],"rest":890,"tt":228693,"mg":49.4,"to":62.4,"tv":372794},"type":"Polygon","arcs":[[118,119,-631,-632,-634,-192,-128,-132,-122]],"id":"feature_035"},{"properties":{"k":"seat|37","cid":37,"t":"seat","n":"Bogra-2","z":"\u09ac\u0997\u09c1\u09a1\u09bc\u09be-\u09e8","d":"","c":"","ce":114,"w":"BNP","wn":"BNP","v":[144339,92630,181,904,0,273],"rest":3832,"tt":242159,"mg":21.4,"to":72.6,"tv":339340},"type":"Polygon","arcs":[[120,121,-136,-130,-126,-125,122]],"id":"feature_036"},{"properties":{"k":"seat|38","cid":38,"t":"seat","n":"Bogra-3","z":"\u09ac\u0997\u09c1\u09a1\u09bc\u09be-\u09e9","d":"","c":"","ce":118,"w":"BNP","wn":"BNP","v":[126674,109676,0,1771,0,0],"rest":1475,"tt":239596,"mg":7.1,"to":72.7,"tv":335362},"type":"Polygon","arcs":[[123,124,-127,-158,-155]],"id":"feature_037"},{"properties":{"k":"seat|39","cid":39,"t":"seat","n":"Bogra-4","z":"\u09ac\u0997\u09c1\u09a1\u09bc\u09be-\u09ea","d":"","c":"","ce":114,"w":"BNP","wn":"BNP","v":[154697,108191,0,2938,0,0],"rest":1100,"tt":266926,"mg":17.4,"to":75.9,"tv":356993},"type":"Polygon","arcs":[[125,-131,-134,-129,-185,-159,126]],"id":"feature_038"},{"properties":{"k":"seat|40","cid":40,"t":"seat","n":"Bogra-5","z":"\u09ac\u0997\u09c1\u09a1\u09bc\u09be-\u09eb","d":"","c":"","ce":188,"w":"BNP","wn":"BNP","v":[247816,142322,0,5540,0,0],"rest":2902,"tt":398580,"mg":26.5,"to":71.5,"tv":569165},"type":"Polygon","arcs":[[127,-193,-195,-186,128,-133]],"id":"feature_039"},{"properties":{"k":"seat|41","cid":41,"t":"seat","n":"Bogra-6","z":"\u09ac\u0997\u09c1\u09a1\u09bc\u09be-\u09ec","d":"","c":"","ce":150,"w":"BNP","wn":"BNP","v":[214739,96564,0,2495,0,0],"rest":1057,"tt":314855,"mg":37.5,"to":71.0,"tv":450307},"type":"Polygon","arcs":[[129,-135,130]],"id":"feature_040"},{"properties":{"k":"seat|42","cid":42,"t":"seat","n":"Bogra-7","z":"\u09ac\u0997\u09c1\u09a1\u09bc\u09be-\u09ed","d":"","c":"","ce":173,"w":"BNP","wn":"BNP","v":[262501,115184,0,2037,0,0],"rest":528,"tt":380250,"mg":38.7,"to":72.5,"tv":533463},"type":"Polygon","arcs":[[131,132,133,134,135]],"id":"feature_041"},{"properties":{"k":"seat|43","cid":43,"t":"seat","n":"ChapaiNababgonj-1","z":"\u099a\u09be\u0981\u09aa\u09be\u0987\u09a8\u09ac\u09be\u09ac\u0997\u099e\u09cd\u099c-\u09e7","d":"","c":"","ce":159,"w":"Jamaat","wn":"Jamaat","v":[161118,203442,0,1064,0,0],"rest":3143,"tt":368767,"mg":11.5,"to":76.6,"tv":493816},"type":"Polygon","arcs":[[-140,136,-138]],"id":"feature_042"},{"properties":{"k":"seat|44","cid":44,"t":"seat","n":"ChapaiNababgonj-2","z":"\u099a\u09be\u0981\u09aa\u09be\u0987\u09a8\u09ac\u09be\u09ac\u0997\u099e\u09cd\u099c-\u09e8","d":"","c":"","ce":184,"w":"Jamaat","wn":"Jamaat","v":[154053,168821,0,1050,0,0],"rest":8636,"tt":332560,"mg":4.4,"to":74.6,"tv":456367},"type":"Polygon","arcs":[[137,138,-143,-162,-141]],"id":"feature_043"},{"properties":{"k":"seat|45","cid":45,"t":"seat","n":"ChapaiNababgonj-3","z":"\u099a\u09be\u0981\u09aa\u09be\u0987\u09a8\u09ac\u09be\u09ac\u0997\u099e\u09cd\u099c-\u09e9","d":"","c":"","ce":172,"w":"Jamaat","wn":"Jamaat","v":[126018,185166,0,785,0,350],"rest":614,"tt":312933,"mg":18.9,"to":68.9,"tv":460802},"type":"Polygon","arcs":[[139,140,-166,141]],"id":"feature_044"},{"properties":{"k":"seat|46","cid":46,"t":"seat","n":"Noagoan-1","z":"\u09a8\u0993\u0997\u09be\u0981-\u09e7","d":"","c":"","ce":166,"w":"BNP","wn":"BNP","v":[173043,152306,18005,9008,0,0],"rest":4205,"tt":356567,"mg":5.8,"to":77.5,"tv":471022},"type":"Polygon","arcs":[[142,143,-146,-150,-152,-163]],"id":"feature_045"},{"properties":{"k":"seat|47","cid":47,"t":"seat","n":"Noagoan-2","z":"\u09a8\u0993\u0997\u09be\u0981-\u09e8","d":"","c":"","ce":124,"w":"Jamaat","wn":"Jamaat","v":[133994,140447,0,0,0,0],"rest":2550,"tt":276991,"mg":2.3,"to":76.8,"tv":370259},"type":"Polygon","arcs":[[144,-151,145,146]],"id":"feature_046"},{"properties":{"k":"seat|48","cid":48,"t":"seat","n":"Noagoan-3","z":"\u09a8\u0993\u0997\u09be\u0981-\u09e9","d":"","c":"","ce":142,"w":"BNP","wn":"BNP","v":[165646,117838,17823,3603,0,0],"rest":6242,"tt":311152,"mg":15.4,"to":73.0,"tv":436902},"type":"Polygon","arcs":[[147,148,-157,-153,149,150]],"id":"feature_047"},{"properties":{"k":"seat|49","cid":49,"t":"seat","n":"Noagoan-4","z":"\u09a8\u0993\u0997\u09be\u0981-\u09ea","d":"","c":"","ce":117,"w":"BNP","wn":"BNP","v":[133191,96521,704,596,0,0],"rest":3598,"tt":234610,"mg":15.6,"to":72.4,"tv":331418},"type":"Polygon","arcs":[[151,152,-156,-160,-171,-167,-164]],"id":"feature_048"},{"properties":{"k":"seat|50","cid":50,"t":"seat","n":"Noagoan-5","z":"\u09a8\u0993\u0997\u09be\u0981-\u09eb","d":"","c":"","ce":118,"w":"BNP","wn":"BNP","v":[128366,103236,0,4046,0,0],"rest":2854,"tt":238502,"mg":10.5,"to":67.9,"tv":359360},"type":"Polygon","arcs":[[153,154,-161,155,156]],"id":"feature_049"},{"properties":{"k":"seat|51","cid":51,"t":"seat","n":"Noagoan-6","z":"\u09a8\u0993\u0997\u09be\u0981-\u09ec","d":"","c":"","ce":115,"w":"BNP","wn":"BNP","v":[108070,95886,19490,1802,0,0],"rest":539,"tt":225787,"mg":5.4,"to":67.4,"tv":341456},"type":"Polygon","arcs":[[157,158,-188,-181,-172,159,160]],"id":"feature_050"},{"properties":{"k":"seat|52","cid":52,"t":"seat","n":"Rajshahi-1","z":"\u09b0\u09be\u099c\u09b6\u09be\u09b9\u09c0-\u09e7","d":"","c":"","ce":159,"w":"Jamaat","wn":"Jamaat","v":[169010,169784,650,0,0,397],"rest":1079,"tt":340920,"mg":0.2,"to":75.1,"tv":464701},"type":"Polygon","arcs":[[161,162,163,-169,164,165]],"id":"feature_051"},{"properties":{"k":"seat|53","cid":53,"t":"seat","n":"Rajshahi-2","z":"\u09b0\u09be\u099c\u09b6\u09be\u09b9\u09c0-\u09e8","d":"","c":"","ce":115,"w":"BNP","wn":"BNP","v":[126997,98340,748,0,0,0],"rest":1676,"tt":227761,"mg":12.6,"to":63.7,"tv":364330},"type":"Polygon","arcs":[[169]],"id":"feature_052"},{"properties":{"k":"seat|54","cid":54,"t":"seat","n":"Rajshahi-3","z":"\u09b0\u09be\u099c\u09b6\u09be\u09b9\u09c0-\u09e9","d":"","c":"","ce":131,"w":"BNP","wn":"BNP","v":[175570,136596,0,1139,0,0],"rest":3793,"tt":317098,"mg":12.3,"to":77.3,"tv":420837},"type":"Polygon","arcs":[[166,-173,-174,-176,167,168],[169]],"id":"feature_053"},{"properties":{"k":"seat|55","cid":55,"t":"seat","n":"Rajshahi-4","z":"\u09b0\u09be\u099c\u09b6\u09be\u09b9\u09c0-\u09ea","d":"","c":"","ce":122,"w":"Jamaat","wn":"Jamaat","v":[108664,113567,0,645,0,0],"rest":1704,"tt":224580,"mg":2.2,"to":72.2,"tv":316521},"type":"Polygon","arcs":[[170,171,-184,-175,172]],"id":"feature_054"},{"properties":{"k":"seat|56","cid":56,"t":"seat","n":"Rajshahi-5","z":"\u09b0\u09be\u099c\u09b6\u09be\u09b9\u09c0-\u09eb","d":"","c":"","ce":132,"w":"BNP","wn":"BNP","v":[152677,72535,9298,610,0,0],"rest":930,"tt":236050,"mg":34.0,"to":69.0,"tv":350212},"type":"Polygon","arcs":[[173,174,-183,-179,-177]],"id":"feature_055"},{"properties":{"k":"seat|57","cid":57,"t":"seat","n":"Rajshahi-6","z":"\u09b0\u09be\u099c\u09b6\u09be\u09b9\u09c0-\u09ec","d":"","c":"","ce":119,"w":"BNP","wn":"BNP","v":[147359,91460,0,1586,0,0],"rest":2837,"tt":243242,"mg":23.0,"to":70.9,"tv":352876},"type":"Polygon","arcs":[[175,176,-180,-225,177]],"id":"feature_056"},{"properties":{"k":"seat|58","cid":58,"t":"seat","n":"Natore-1","z":"\u09a8\u09be\u099f\u09cb\u09b0-\u09e7","d":"","c":"","ce":125,"w":"BNP","wn":"BNP","v":[102197,89431,73078,1253,0,298],"rest":1096,"tt":267353,"mg":4.8,"to":74.5,"tv":365482},"type":"Polygon","arcs":[[178,-182,-189,-215,-229,-226,179]],"id":"feature_057"},{"properties":{"k":"seat|59","cid":59,"t":"seat","n":"Natore-2","z":"\u09a8\u09be\u099f\u09cb\u09b0-\u09e8","d":"","c":"","ce":156,"w":"BNP","wn":"BNP","v":[161896,128710,606,2726,0,0],"rest":3017,"tt":296955,"mg":11.2,"to":75.0,"tv":403550},"type":"Polygon","arcs":[[180,-187,-190,181,182,183]],"id":"feature_058"},{"properties":{"k":"seat|60","cid":60,"t":"seat","n":"Natore-3","z":"\u09a8\u09be\u099f\u09cb\u09b0-\u09e9","d":"","c":"","ce":118,"w":"BNP","wn":"BNP","v":[119170,20267,66191,19019,0,0],"rest":2461,"tt":227108,"mg":23.3,"to":71.4,"tv":324773},"type":"Polygon","arcs":[[184,185,-199,-191,186,187]],"id":"feature_059"},{"properties":{"k":"seat|61","cid":61,"t":"seat","n":"Natore-4","z":"\u09a8\u09be\u099f\u09cb\u09b0-\u09ea","d":"","c":"","ce":167,"w":"BNP","wn":"BNP","v":[169847,134189,0,3818,0,0],"rest":3024,"tt":310878,"mg":11.5,"to":71.7,"tv":442292},"type":"Polygon","arcs":[[188,189,190,-198,-210,-216]],"id":"feature_060"},{"properties":{"k":"seat|62","cid":62,"t":"seat","n":"Sirajgong-1","z":"\u09b8\u09bf\u09b0\u09be\u099c\u0997\u099e\u09cd\u099c-\u09e7","d":"","c":"","ce":165,"w":"BNP","wn":"BNP","v":[116061,107883,256,0,0,1168],"rest":2514,"tt":227882,"mg":3.6,"to":60.8,"tv":382928},"type":"Polygon","arcs":[[191,-638,-606,-194,-196,192]],"id":"feature_061"},{"properties":{"k":"seat|63","cid":63,"t":"seat","n":"Sirajgonj-2","z":"\u09b8\u09bf\u09b0\u09be\u099c\u0997\u099e\u09cd\u099c-\u09e8","d":"","c":"","ce":162,"w":"BNP","wn":"BNP","v":[176585,137137,0,2138,0,408],"rest":1782,"tt":318050,"mg":12.4,"to":69.4,"tv":466033},"type":"Polygon","arcs":[[193,-608,-611,-202,-200,-197]],"id":"feature_062"},{"properties":{"k":"seat|64","cid":64,"t":"seat","n":"Sirajgonj-3","z":"\u09b8\u09bf\u09b0\u09be\u099c\u0997\u099e\u09cd\u099c-\u09e9","d":"","c":"","ce":158,"w":"BNP","wn":"BNP","v":[173514,115833,987,0,0,0],"rest":1627,"tt":291961,"mg":19.8,"to":67.5,"tv":441552},"type":"Polygon","arcs":[[194,195,196,-201,-211,197,198]],"id":"feature_063"},{"properties":{"k":"seat|65","cid":65,"t":"seat","n":"Sirajgonj-4","z":"\u09b8\u09bf\u09b0\u09be\u099c\u0997\u099e\u09cd\u099c-\u09ea","d":"","c":"","ce":147,"w":"BNP","wn":"BNP","v":[160458,159693,0,2210,0,0],"rest":1892,"tt":324253,"mg":0.2,"to":70.0,"tv":471626},"type":"Polygon","arcs":[[199,-203,-204,-212,200]],"id":"feature_064"},{"properties":{"k":"seat|66","cid":66,"t":"seat","n":"Sirajgonj-5","z":"\u09b8\u09bf\u09b0\u09be\u099c\u0997\u099e\u09cd\u099c-\u09eb","d":"","c":"","ce":131,"w":"BNP","wn":"BNP","v":[134197,105188,0,5691,0,232],"rest":1520,"tt":246828,"mg":11.8,"to":59.5,"tv":422672},"type":"Polygon","arcs":[[201,-614,-615,-617,-714,-207,-205,202]],"id":"feature_065"},{"properties":{"k":"seat|67","cid":67,"t":"seat","n":"Sirajgonj-6","z":"\u09b8\u09bf\u09b0\u09be\u099c\u0997\u099e\u09cd\u099c-\u09ec","d":"","c":"","ce":160,"w":"BNP","wn":"BNP","v":[170129,102185,679,2540,0,0],"rest":4368,"tt":279901,"mg":24.3,"to":59.3,"tv":480905},"type":"Polygon","arcs":[[203,204,-209,-206,-213]],"id":"feature_066"},{"properties":{"k":"seat|68","cid":68,"t":"seat","n":"Pabna-1","z":"\u09aa\u09be\u09ac\u09a8\u09be-\u09e7","d":"","c":"","ce":94,"w":"Jamaat","wn":"Jamaat","v":[103663,128467,1027,1100,0,0],"rest":0,"tt":234257,"mg":10.6,"to":70.6,"tv":337720},"type":"Polygon","arcs":[[205,-208,-219,-218,-214]],"id":"feature_067"},{"properties":{"k":"seat|69","cid":69,"t":"seat","n":"Pabna-2","z":"\u09aa\u09be\u09ac\u09a8\u09be-\u09e8","d":"","c":"","ce":140,"w":"BNP","wn":"BNP","v":[213840,75693,0,5827,0,0],"rest":2547,"tt":297907,"mg":46.4,"to":61.9,"tv":492471},"type":"Polygon","arcs":[[206,-716,-868,-871,-220,207,208]],"id":"feature_068"},{"properties":{"k":"seat|70","cid":70,"t":"seat","n":"Pabna-3","z":"\u09aa\u09be\u09ac\u09a8\u09be-\u09e9","d":"","c":"","ce":176,"w":"Jamaat","wn":"Jamaat","v":[143540,145837,37852,1758,0,982],"rest":2649,"tt":332618,"mg":0.7,"to":70.2,"tv":482796},"type":"Polygon","arcs":[[209,210,211,212,213,-217]],"id":"feature_069"},{"properties":{"k":"seat|71","cid":71,"t":"seat","n":"Pabna-4","z":"\u09aa\u09be\u09ac\u09a8\u09be-\u09ea","d":"","c":"","ce":129,"w":"Jamaat","wn":"Jamaat","v":[133273,136287,27914,2672,0,0],"rest":1563,"tt":301709,"mg":1.0,"to":70.5,"tv":437143},"type":"Polygon","arcs":[[214,215,216,217,-221,-233,-230]],"id":"feature_070"},{"properties":{"k":"seat|72","cid":72,"t":"seat","n":"Pabna-5","z":"\u09aa\u09be\u09ac\u09a8\u09be-\u09eb","d":"","c":"","ce":163,"w":"BNP","wn":"BNP","v":[181169,163186,0,4244,0,0],"rest":432,"tt":349031,"mg":5.2,"to":67.8,"tv":524173},"type":"Polygon","arcs":[[218,219,-876,-236,-234,220]],"id":"feature_071"},{"properties":{"k":"seat|73","cid":73,"t":"seat","n":"Meherpur-1","z":"\u09ae\u09c7\u09b9\u09c7\u09b0\u09aa\u09c1\u09b0-\u09e7","d":"","c":"","ce":123,"w":"Jamaat","wn":"Jamaat","v":[104787,121461,0,0,0,0],"rest":2171,"tt":228419,"mg":7.3,"to":74.4,"tv":313455},"type":"Polygon","arcs":[[221,-223,-238,-242]],"id":"feature_072"},{"properties":{"k":"seat|74","cid":74,"t":"seat","n":"Meherpur-2","z":"\u09ae\u09c7\u09b9\u09c7\u09b0\u09aa\u09c1\u09b0-\u09e8","d":"","c":"","ce":90,"w":"Jamaat","wn":"Jamaat","v":[85455,94658,0,0,0,0],"rest":1791,"tt":181904,"mg":5.1,"to":69.9,"tv":267563},"type":"Polygon","arcs":[[222,223,-227,-231,-239]],"id":"feature_073"},{"properties":{"k":"seat|75","cid":75,"t":"seat","n":"Kushtia-1","z":"\u0995\u09c1\u09b7\u09cd\u099f\u09bf\u09af\u09bc\u09be-\u09e7","d":"","c":"","ce":135,"w":"BNP","wn":"BNP","v":[165085,85085,17812,4046,0,609],"rest":1505,"tt":274142,"mg":29.2,"to":69.8,"tv":400902},"type":"Polygon","arcs":[[224,225,-232,226,227]],"id":"feature_074"},{"properties":{"k":"seat|76","cid":76,"t":"seat","n":"Kustia-2","z":"\u0995\u09c1\u09b7\u09cd\u099f\u09bf\u09af\u09bc\u09be-\u09e8","d":"","c":"","ce":170,"w":"Jamaat","wn":"Jamaat","v":[143085,189793,0,3845,0,0],"rest":1877,"tt":338600,"mg":13.8,"to":73.0,"tv":473355},"type":"Polygon","arcs":[[228,229,-235,-240,230,231]],"id":"feature_075"},{"properties":{"k":"seat|77","cid":77,"t":"seat","n":"Kustia-3","z":"\u0995\u09c1\u09b7\u09cd\u099f\u09bf\u09af\u09bc\u09be-\u09e9","d":"","c":"","ce":142,"w":"Jamaat","wn":"Jamaat","v":[126909,180690,0,5118,0,291],"rest":889,"tt":313897,"mg":17.1,"to":72.9,"tv":436952},"type":"Polygon","arcs":[[232,233,-237,-245,-247,-241,234]],"id":"feature_076"},{"properties":{"k":"seat|78","cid":78,"t":"seat","n":"Kustia-4","z":"\u0995\u09c1\u09b7\u09cd\u099f\u09bf\u09af\u09bc\u09be-\u09ea","d":"","c":"","ce":152,"w":"Jamaat","wn":"Jamaat","v":[138574,146204,0,13643,0,0],"rest":1196,"tt":299617,"mg":2.5,"to":72.6,"tv":420058},"type":"Polygon","arcs":[[235,-875,-246,236]],"id":"feature_077"},{"properties":{"k":"seat|79","cid":79,"t":"seat","n":"Chaudanga-1","z":"\u099a\u09c1\u09af\u09bc\u09be\u09a1\u09be\u0999\u09cd\u0997\u09be-\u09e7","d":"","c":"","ce":180,"w":"Jamaat","wn":"Jamaat","v":[152382,208300,0,10033,0,0],"rest":0,"tt":370715,"mg":15.1,"to":74.5,"tv":506333},"type":"Polygon","arcs":[[237,238,239,240,-250,-243]],"id":"feature_078"},{"properties":{"k":"seat|80","cid":80,"t":"seat","n":"Chaudanga-2","z":"\u099a\u09c1\u09af\u09bc\u09be\u09a1\u09be\u0999\u09cd\u0997\u09be-\u09e8","d":"","c":"","ce":174,"w":"Jamaat","wn":"Jamaat","v":[162712,205422,0,6282,0,0],"rest":0,"tt":374416,"mg":11.4,"to":78.2,"tv":487203},"type":"Polygon","arcs":[[241,242,-249,-251,243]],"id":"feature_079"},{"properties":{"k":"seat|81","cid":81,"t":"seat","n":"Jhenidha-1","z":"\u099d\u09bf\u09a8\u09be\u0987\u09a6\u09b9-\u09e7","d":"","c":"","ce":117,"w":"BNP","wn":"BNP","v":[171756,55930,0,0,0,0],"rest":1848,"tt":229534,"mg":50.5,"to":73.0,"tv":321214},"type":"Polygon","arcs":[[244,245,-874,-269,-248]],"id":"feature_080"},{"properties":{"k":"seat|82","cid":82,"t":"seat","n":"Jheniadha-2","z":"\u099d\u09bf\u09a8\u09be\u0987\u09a6\u09b9-\u09e8","d":"","c":"","ce":185,"w":"Jamaat","wn":"Jamaat","v":[174296,192352,0,4507,0,0],"rest":1841,"tt":372996,"mg":4.8,"to":75.9,"tv":499498},"type":"Polygon","arcs":[[246,247,-271,-254,-252,248,249]],"id":"feature_081"},{"properties":{"k":"seat|83","cid":83,"t":"seat","n":"Jheniadha-3","z":"\u099d\u09bf\u09a8\u09be\u0987\u09a6\u09b9-\u09e9","d":"","c":"","ce":166,"w":"Jamaat","wn":"Jamaat","v":[148626,173154,0,3768,0,368],"rest":0,"tt":325916,"mg":7.5,"to":77.9,"tv":425606},"type":"Polygon","arcs":[[250,251,-255,-257,252]],"id":"feature_082"},{"properties":{"k":"seat|84","cid":84,"t":"seat","n":"Jheniadha-4","z":"\u099d\u09bf\u09a8\u09be\u0987\u09a6\u09b9-\u09ea","d":"","c":"","ce":120,"w":"Jamaat","wn":"Jamaat","v":[55773,104081,76241,3872,0,0],"rest":849,"tt":240816,"mg":11.6,"to":74.3,"tv":329028},"type":"Polygon","arcs":[[253,-270,-272,-263,-261,-258,254]],"id":"feature_083"},{"properties":{"k":"seat|85","cid":85,"t":"seat","n":"Jessor-1","z":"\u09af\u09b6\u09cb\u09b0-\u09e7","d":"","c":"","ce":102,"w":"Jamaat","wn":"Jamaat","v":[92995,117377,0,1741,0,0],"rest":1367,"tt":213480,"mg":11.4,"to":70.4,"tv":308417},"type":"Polygon","arcs":[[-334,255,-259]],"id":"feature_084"},{"properties":{"k":"seat|86","cid":86,"t":"seat","n":"Jessor-2","z":"\u09af\u09b6\u09cb\u09b0-\u09e8","d":"","c":"","ce":175,"w":"Jamaat","wn":"Jamaat","v":[145056,177472,550,5695,0,0],"rest":1097,"tt":329870,"mg":9.8,"to":70.5,"tv":477556},"type":"Polygon","arcs":[[256,257,-262,-265,-335,258,259]],"id":"feature_085"},{"properties":{"k":"seat|87","cid":87,"t":"seat","n":"Jessor-3","z":"\u09af\u09b6\u09cb\u09b0-\u09e9","d":"","c":"","ce":190,"w":"BNP","wn":"BNP","v":[199647,184459,0,13221,0,0],"rest":5859,"tt":403186,"mg":3.8,"to":67.7,"tv":606630},"type":"Polygon","arcs":[[260,-264,-266,261]],"id":"feature_086"},{"properties":{"k":"seat|88","cid":88,"t":"seat","n":"Jessor-4","z":"\u09af\u09b6\u09cb\u09b0-\u09ea","d":"","c":"","ce":148,"w":"Jamaat","wn":"Jamaat","v":[131049,174621,790,11764,296,0],"rest":3440,"tt":321960,"mg":13.5,"to":72.3,"tv":453624},"type":"Polygon","arcs":[[262,-274,-276,-275,-313,-319,-267,263]],"id":"feature_087"},{"properties":{"k":"seat|89","cid":89,"t":"seat","n":"Jessor-5","z":"\u09af\u09b6\u09cb\u09b0-\u09eb","d":"","c":"","ce":128,"w":"Jamaat","wn":"Jamaat","v":[54415,130596,86354,4378,0,0],"rest":2194,"tt":277937,"mg":15.9,"to":76.6,"tv":369078},"type":"Polygon","arcs":[[264,265,266,-325,-268,-336]],"id":"feature_088"},{"properties":{"k":"seat|90","cid":90,"t":"seat","n":"Jessor-6","z":"\u09af\u09b6\u09cb\u09b0-\u09ec","d":"","c":"","ce":81,"w":"Jamaat","wn":"Jamaat","v":[79321,91018,0,1275,0,0],"rest":1617,"tt":173231,"mg":6.8,"to":77.9,"tv":226423},"type":"Polygon","arcs":[[267,-324,-337]],"id":"feature_089"},{"properties":{"k":"seat|91","cid":91,"t":"seat","n":"Magura-1","z":"\u09ae\u09be\u0997\u09c1\u09b0\u09be-\u09e7","d":"","c":"","ce":156,"w":"BNP","wn":"BNP","v":[183666,88036,0,13335,0,286],"rest":3716,"tt":289039,"mg":33.1,"to":69.2,"tv":425636},"type":"Polygon","arcs":[[268,-873,-879,-273,269,270]],"id":"feature_090"},{"properties":{"k":"seat|92","cid":92,"t":"seat","n":"Magura-2","z":"\u09ae\u09be\u0997\u09c1\u09b0\u09be-\u09e8","d":"","c":"","ce":145,"w":"BNP","wn":"BNP","v":[146696,114999,0,16118,0,0],"rest":2908,"tt":280721,"mg":11.3,"to":69.0,"tv":411555},"type":"Polygon","arcs":[[271,272,-878,-277,273]],"id":"feature_091"},{"properties":{"k":"seat|93","cid":93,"t":"seat","n":"Narail-1","z":"\u09a8\u09a1\u09bc\u09be\u0987\u09b2-\u09e7","d":"","c":"","ce":111,"w":"BNP","wn":"BNP","v":[99412,74087,3076,6302,0,0],"rest":449,"tt":183326,"mg":13.8,"to":64.2,"tv":291132},"type":"Polygon","arcs":[[274,-278,-897,-279,-314]],"id":"feature_092"},{"properties":{"k":"seat|94","cid":94,"t":"seat","n":"Narail-2","z":"\u09a8\u09a1\u09bc\u09be\u0987\u09b2-\u09e8","d":"","c":"","ce":147,"w":"Jamaat","wn":"Jamaat","v":[45069,116396,78096,4690,0,334],"rest":878,"tt":245463,"mg":15.6,"to":64.6,"tv":386162},"type":"Polygon","arcs":[[275,276,-877,-892,-898,277]],"id":"feature_093"},{"properties":{"k":"seat|95","cid":95,"t":"seat","n":"Bagerhat-1","z":"\u09ac\u09be\u0997\u09c7\u09b0\u09b9\u09be\u099f-\u09e7","d":"","c":"","ce":147,"w":"Jamaat","wn":"Jamaat","v":[113442,116180,11529,0,0,0],"rest":1239,"tt":242390,"mg":1.1,"to":66.4,"tv":371985},"type":"Polygon","arcs":[[278,-900,-901,-589,-280,-281,-302,-315]],"id":"feature_094"},{"properties":{"k":"seat|96","cid":96,"t":"seat","n":"Bagerhat-2","z":"\u09ac\u09be\u0997\u09c7\u09b0\u09b9\u09be\u099f-\u09e8","d":"","c":"","ce":139,"w":"Jamaat","wn":"Jamaat","v":[65874,116370,48546,4281,0,0],"rest":0,"tt":235071,"mg":21.5,"to":71.3,"tv":334884},"type":"Polygon","arcs":[[279,-592,-291,-282]],"id":"feature_095"},{"properties":{"k":"seat|97","cid":97,"t":"seat","n":"Bagerhat-3","z":"\u09ac\u09be\u0997\u09c7\u09b0\u09b9\u09be\u099f-\u09e9","d":"","c":"","ce":106,"w":"BNP","wn":"BNP","v":[102193,82877,415,3622,0,0],"rest":344,"tt":189451,"mg":10.2,"to":72.7,"tv":265320},"type":"MultiPolygon","arcs":[[[280,281,-293,282,-303]],[[283,-305]],[[284,-307]],[[285]],[[286,-309]],[[-295,287]],[[288]],[[-297,289]]],"id":"feature_096"},{"properties":{"k":"seat|98","cid":98,"t":"seat","n":"Bagerhat-4","z":"\u09ac\u09be\u0997\u09c7\u09b0\u09b9\u09be\u099f-\u09ea","d":"","c":"","ce":155,"w":"Jamaat","wn":"Jamaat","v":[97536,114417,214,8443,0,0],"rest":1437,"tt":222047,"mg":7.6,"to":60.0,"tv":377094},"type":"MultiPolygon","arcs":[[[290,-591,-600,291,292]],[[293,294,295,296,297]],[[298]],[[299]],[[-359,300,-597,-360]]],"id":"feature_097"},{"properties":{"k":"seat|99","cid":99,"t":"seat","n":"Khulna-1","z":"\u0996\u09c1\u09b2\u09a8\u09be-\u09e7","d":"","c":"","ce":118,"w":"BNP","wn":"BNP","v":[118963,69573,1512,5582,0,83],"rest":7289,"tt":203002,"mg":24.3,"to":68.6,"tv":302354},"type":"MultiPolygon","arcs":[[[301,302,303,-326,-323,-311,-316]],[[304,305]],[[306,307]],[[308,309]]],"id":"feature_098"},{"properties":{"k":"seat|100","cid":100,"t":"seat","n":"Khulna-2","z":"\u0996\u09c1\u09b2\u09a8\u09be-\u09e8","d":"","c":"","ce":157,"w":"Jamaat","wn":"Jamaat","v":[87016,92199,0,7215,0,0],"rest":0,"tt":186430,"mg":2.8,"to":57.4,"tv":331156},"type":"Polygon","arcs":[[310,-322,-312,-317]],"id":"feature_099"},{"properties":{"k":"seat|101","cid":101,"t":"seat","n":"Khulna-3","z":"\u0996\u09c1\u09b2\u09a8\u09be-\u09e9","d":"","c":"","ce":115,"w":"BNP","wn":"BNP","v":[73570,63505,1050,5622,0,0],"rest":1387,"tt":145134,"mg":6.9,"to":59.4,"tv":249202},"type":"Polygon","arcs":[[311,-321,-318]],"id":"feature_100"},{"properties":{"k":"seat|102","cid":102,"t":"seat","n":"Khulna-4","z":"\u0996\u09c1\u09b2\u09a8\u09be-\u09ea","d":"","c":"","ce":144,"w":"BNP","wn":"BNP","v":[121623,0,818,13213,108191,0],"rest":0,"tt":243845,"mg":5.5,"to":66.6,"tv":373879},"type":"Polygon","arcs":[[312,313,314,315,316,317,-320]],"id":"feature_101"},{"properties":{"k":"seat|103","cid":103,"t":"seat","n":"Khulna-5","z":"\u0996\u09c1\u09b2\u09a8\u09be-\u09eb","d":"","c":"","ce":150,"w":"BNP","wn":"BNP","v":[147625,144314,0,0,0,0],"rest":2992,"tt":294931,"mg":1.1,"to":75.6,"tv":398486},"type":"Polygon","arcs":[[318,319,320,321,322,-328,-338,323,324]],"id":"feature_102"},{"properties":{"k":"seat|104","cid":104,"t":"seat","n":"Khulna-6","z":"\u0996\u09c1\u09b2\u09a8\u09be-\u09ec","d":"","c":"","ce":154,"w":"Jamaat","wn":"Jamaat","v":[122277,147734,0,2876,0,0],"rest":4158,"tt":277045,"mg":9.2,"to":68.0,"tv":415583},"type":"MultiPolygon","arcs":[[[325,326,-347,-343,-339,327]],[[328]],[[329]],[[330]],[[331]],[[332]]],"id":"feature_103"},{"properties":{"k":"seat|105","cid":105,"t":"seat","n":"Satkhira-1","z":"\u09b8\u09be\u09a4\u0995\u09cd\u09b7\u09c0\u09b0\u09be-\u09e7","d":"","c":"","ce":168,"w":"Jamaat","wn":"Jamaat","v":[168690,190967,0,2055,0,0],"rest":3198,"tt":364910,"mg":6.1,"to":75.7,"tv":490993},"type":"Polygon","arcs":[[333,334,335,336,337,338,-346,-341,339]],"id":"feature_104"},{"properties":{"k":"seat|106","cid":106,"t":"seat","n":"Satkhira-2","z":"\u09b8\u09be\u09a4\u0995\u09cd\u09b7\u09c0\u09b0\u09be-\u09e8","d":"","c":"","ce":180,"w":"Jamaat","wn":"Jamaat","v":[115257,263503,0,1936,0,0],"rest":4476,"tt":385172,"mg":38.5,"to":73.7,"tv":529410},"type":"Polygon","arcs":[[340,-345,341]],"id":"feature_105"},{"properties":{"k":"seat|107","cid":107,"t":"seat","n":"Satkhira-3","z":"\u09b8\u09be\u09a4\u0995\u09cd\u09b7\u09c0\u09b0\u09be-\u09e9","d":"","c":"","ce":165,"w":"Jamaat","wn":"Jamaat","v":[56346,182165,104605,2478,0,0],"rest":1285,"tt":346879,"mg":22.4,"to":70.9,"tv":497759},"type":"Polygon","arcs":[[342,-349,343,344,345]],"id":"feature_106"},{"properties":{"k":"seat|108","cid":108,"t":"seat","n":"Satkhira-4","z":"\u09b8\u09be\u09a4\u0995\u09cd\u09b7\u09c0\u09b0\u09be-\u09ea","d":"","c":"","ce":96,"w":"Jamaat","wn":"Jamaat","v":[84968,105805,0,4874,0,0],"rest":1125,"tt":196772,"mg":10.6,"to":67.7,"tv":295843},"type":"MultiPolygon","arcs":[[[346,347,348]],[[349]],[[350]],[[351]],[[352]],[[353]]],"id":"feature_107"},{"properties":{"k":"seat|109","cid":109,"t":"seat","n":"Barguna-1","z":"\u09ac\u09b0\u0997\u09c1\u09a8\u09be-\u09e7","d":"","c":"","ce":190,"w":"IAB","wn":"IAB","v":[134337,0,0,138510,5483,0],"rest":959,"tt":279289,"mg":1.5,"to":55.3,"tv":513165},"type":"MultiPolygon","arcs":[[[-392,354]],[[355,-362,-366,-377,-394,356,-397]],[[357,-364]]],"id":"feature_108"},{"properties":{"k":"seat|110","cid":110,"t":"seat","n":"Barguna-2","z":"\u09ac\u09b0\u0997\u09c1\u09a8\u09be-\u09e8","d":"","c":"","ce":122,"w":"BNP","wn":"BNP","v":[89428,83015,285,16252,0,0],"rest":1916,"tt":190896,"mg":3.4,"to":58.4,"tv":332740},"type":"MultiPolygon","arcs":[[[358,359,-599,360]],[[361,362,-604,-582,-568,-367]],[[363,364]]],"id":"feature_109"},{"properties":{"k":"seat|111","cid":111,"t":"seat","n":"Patuakhali-1","z":"\u09aa\u099f\u09c1\u09af\u09bc\u09be\u0996\u09be\u09b2\u09c0-\u09e7","d":"","c":"","ce":163,"w":"BNP","wn":"BNP","v":[150395,45167,0,57655,0,340],"rest":2349,"tt":255906,"mg":36.2,"to":52.1,"tv":501081},"type":"Polygon","arcs":[[365,366,-574,-368,-378]],"id":"feature_110"},{"properties":{"k":"seat|112","cid":112,"t":"seat","n":"Patuakhali-2","z":"\u09aa\u099f\u09c1\u09af\u09bc\u09be\u0996\u09be\u09b2\u09c0-\u09e8","d":"","c":"","ce":115,"w":"Jamaat","wn":"Jamaat","v":[72191,99438,0,14337,0,348],"rest":405,"tt":186719,"mg":14.6,"to":60.9,"tv":312783},"type":"MultiPolygon","arcs":[[[367,-573,368,-379]],[[369]],[[370,-420,-437]],[[371,-422]],[[-575,372]],[[-577,-424,373]],[[-456,374]],[[375]]],"id":"feature_111"},{"properties":{"k":"seat|113","cid":113,"t":"seat","n":"patuakhali-3","z":"\u09aa\u099f\u09c1\u09af\u09bc\u09be\u0996\u09be\u09b2\u09c0-\u09e9","d":"","c":"","ce":124,"w":"BNP","wn":"BNP","v":[96766,15773,80576,38051,0,0],"rest":977,"tt":232143,"mg":7.0,"to":63.2,"tv":373402},"type":"MultiPolygon","arcs":[[[376,377,378,379,-395]],[[380,-399]],[[-401,381,-472,382]],[[383]],[[-405,384,-474,385,-476]],[[386,-479]],[[387]],[[388,-481]],[[389]],[[390]]],"id":"feature_112"},{"properties":{"k":"seat|114","cid":114,"t":"seat","n":"Patuakhali-4","z":"\u09aa\u099f\u09c1\u09af\u09bc\u09be\u0996\u09be\u09b2\u09c0-\u09ea","d":"","c":"","ce":111,"w":"BNP","wn":"BNP","v":[123334,0,0,69777,14625,194],"rest":0,"tt":207930,"mg":25.8,"to":68.0,"tv":310606},"type":"MultiPolygon","arcs":[[[391,392]],[[393,394,395]],[[396,397]],[[398,399]],[[400,401]],[[402]],[[403]],[[404,-478,405]],[[406]],[[407]],[[408]],[[409]],[[410]],[[411]],[[412]],[[413]],[[414]],[[415]],[[416]],[[417,-483,418]]],"id":"feature_113"},{"properties":{"k":"seat|115","cid":115,"t":"seat","n":"Bhola-1","z":"\u09ad\u09cb\u09b2\u09be-\u09e7","d":"","c":"","ce":114,"w":"BNP","wn":"BNP","v":[104462,73773,0,25091,0,1103],"rest":1242,"tt":205671,"mg":14.9,"to":52.2,"tv":402861},"type":"MultiPolygon","arcs":[[[419,420,-438]],[[421,422]],[[423,-579,424]],[[425]],[[426,-518]],[[427,-443,428,-520,429]],[[430]],[[-446,431,-448,432]],[[433]],[[434]],[[435,-522]]],"id":"feature_114"},{"properties":{"k":"seat|116","cid":116,"t":"seat","n":"Bhola-2","z":"\u09ad\u09cb\u09b2\u09be-\u09e8","d":"","c":"","ce":138,"w":"BNP","wn":"BNP","v":[118131,91675,595,0,0,0],"rest":1932,"tt":212333,"mg":12.5,"to":55.8,"tv":391281},"type":"MultiPolygon","arcs":[[[436,437,438]],[[439]],[[440]],[[441]],[[442,443,-458,444]],[[445,446]],[[447,448]],[[449]],[[450]],[[-461,451]],[[452]],[[453]],[[454]]],"id":"feature_115"},{"properties":{"k":"seat|117","cid":117,"t":"seat","n":"Bhola-3","z":"\u09ad\u09cb\u09b2\u09be-\u09e9","d":"","c":"","ce":119,"w":"BNP","wn":"BNP","v":[145127,56214,0,7176,0,257],"rest":1281,"tt":210055,"mg":42.3,"to":55.9,"tv":385569},"type":"MultiPolygon","arcs":[[[455,456]],[[457,458,-485,459]],[[460,461,-1190,462]],[[463]],[[-487,464,-489,465]],[[-491,466]],[[467,-493]],[[-1147,468]],[[469]],[[470]]],"id":"feature_116"},{"properties":{"k":"seat|118","cid":118,"t":"seat","n":"Bhola-4","z":"\u09ad\u09cb\u09b2\u09be-\u09ea","d":"","c":"","ce":154,"w":"BNP","wn":"BNP","v":[188390,79728,0,24835,0,0],"rest":1147,"tt":294100,"mg":36.9,"to":60.4,"tv":498239},"type":"MultiPolygon","arcs":[[[471,472]],[[473,474]],[[475,476,477]],[[478,479]],[[480,481]],[[482,483]],[[484,485]],[[486,487]],[[488,489]],[[490,491]],[[492,493]],[[494]],[[495]],[[496]],[[497]],[[498]],[[499]],[[500]],[[501]],[[502]],[[503,-1149]],[[504]],[[505]],[[506,-1151]],[[507]],[[508,-1153]]],"id":"feature_117"},{"properties":{"k":"seat|119","cid":119,"t":"seat","n":"Barishal-1","z":"\u09ac\u09b0\u09bf\u09b6\u09be\u09b2-\u09e7","d":"","c":"","ce":129,"w":"BNP","wn":"BNP","v":[99418,45140,43808,6760,0,0],"rest":1725,"tt":196851,"mg":27.6,"to":62.0,"tv":323697},"type":"Polygon","arcs":[[-903,-914,-511,-510]],"id":"feature_118"},{"properties":{"k":"seat|120","cid":120,"t":"seat","n":"Barishal-2","z":"\u09ac\u09b0\u09bf\u09b6\u09be\u09b2-\u09e8","d":"","c":"","ce":140,"w":"BNP","wn":"BNP","v":[140085,72171,0,5920,0,681],"rest":3797,"tt":222654,"mg":30.5,"to":59.6,"tv":380706},"type":"Polygon","arcs":[[509,-515,-584,-593,-590,-904]],"id":"feature_119"},{"properties":{"k":"seat|121","cid":121,"t":"seat","n":"Barishal-3","z":"\u09ac\u09b0\u09bf\u09b6\u09be\u09b2-\u09e9","d":"","c":"","ce":126,"w":"BNP","wn":"BNP","v":[79771,59485,0,16051,0,839],"rest":14201,"tt":170347,"mg":11.9,"to":53.2,"tv":327420},"type":"MultiPolygon","arcs":[[[510,-917,-929,511,-524,512,-526,513,-530,-556,-585,514]],[[-528,515]],[[-532,516]]],"id":"feature_120"},{"properties":{"k":"seat|122","cid":122,"t":"seat","n":"Barishal-4","z":"\u09ac\u09b0\u09bf\u09b6\u09be\u09b2-\u09ea","d":"","c":"","ce":149,"w":"BNP","wn":"BNP","v":[127192,72792,0,36500,0,0],"rest":729,"tt":237213,"mg":22.9,"to":57.9,"tv":417517},"type":"MultiPolygon","arcs":[[[517,518]],[[519,520]],[[521,522]],[[523,524]],[[525,526,527,528]],[[529,530,-557]],[[531,532]],[[533,-562]],[[534,-559]],[[535]],[[536,-565]],[[537]],[[538]],[[539]],[[540,-934,541]],[[542]],[[543]],[[544]],[[545]],[[-1062,546]],[[-1064,547]],[[-1066,548]],[[549]],[[-936,-1068,550]],[[551]],[[552]],[[553]],[[554]]],"id":"feature_121"},{"properties":{"k":"seat|123","cid":123,"t":"seat","n":"Barishal-5","z":"\u09ac\u09b0\u09bf\u09b6\u09be\u09b2-\u09eb","d":"","c":"","ce":176,"w":"BNP","wn":"BNP","v":[133008,0,0,93216,0,0],"rest":23591,"tt":249815,"mg":15.9,"to":52.1,"tv":494534},"type":"MultiPolygon","arcs":[[[555,556,557,558,559,-580,560,-569,-586]],[[561,562]],[[563,564,565]],[[566,-571]]],"id":"feature_122"},{"properties":{"k":"seat|124","cid":124,"t":"seat","n":"Barishal-6","z":"\u09ac\u09b0\u09bf\u09b6\u09be\u09b2-\u09ec","d":"","c":"","ce":113,"w":"BNP","wn":"BNP","v":[81087,54533,344,28823,0,137],"rest":238,"tt":165162,"mg":16.1,"to":53.9,"tv":311699},"type":"MultiPolygon","arcs":[[[567,-583,-587,568,569,570,571,572,573]],[[574,575]],[[576,577,578]],[[579,580]]],"id":"feature_123"},{"properties":{"k":"seat|125","cid":125,"t":"seat","n":"Jhalokhati-1","z":"\u099d\u09be\u09b2\u0995\u09be\u09a0\u09bf-\u09e7","d":"","c":"","ce":90,"w":"BNP","wn":"BNP","v":[61216,53769,912,7656,0,132],"rest":3037,"tt":126722,"mg":5.9,"to":57.4,"tv":225341},"type":"Polygon","arcs":[[581,-603,-595,-588,582]],"id":"feature_124"},{"properties":{"k":"seat|126","cid":126,"t":"seat","n":"Jhalokhati-2","z":"\u099d\u09be\u09b2\u0995\u09be\u09a0\u09bf-\u09e8","d":"","c":"","ce":147,"w":"BNP","wn":"BNP","v":[112279,68924,3156,24249,0,211],"rest":230,"tt":209049,"mg":20.7,"to":59.0,"tv":360997},"type":"Polygon","arcs":[[583,584,585,586,587,-594]],"id":"feature_125"},{"properties":{"k":"seat|127","cid":127,"t":"seat","n":"Pirojpur-1","z":"\u09aa\u09bf\u09b0\u09cb\u099c\u09aa\u09c1\u09b0-\u09e7","d":"","c":"","ce":167,"w":"Jamaat","wn":"Jamaat","v":[106112,130624,0,0,0,0],"rest":0,"tt":236736,"mg":10.4,"to":62.4,"tv":387987},"type":"Polygon","arcs":[[588,-905,589,-596,-601,590,591]],"id":"feature_126"},{"properties":{"k":"seat|128","cid":128,"t":"seat","n":"Pirojpur-2","z":"\u09aa\u09bf\u09b0\u09cb\u099c\u09aa\u09c1\u09b0-\u09e8","d":"","c":"","ce":166,"w":"BNP","wn":"BNP","v":[104413,95173,16073,6638,0,143],"rest":5066,"tt":227506,"mg":4.1,"to":57.3,"tv":405297},"type":"Polygon","arcs":[[592,593,594,-602,595]],"id":"feature_127"},{"properties":{"k":"seat|129","cid":129,"t":"seat","n":"Pirojpur-3","z":"\u09aa\u09bf\u09b0\u09cb\u099c\u09aa\u09c1\u09b0-\u09e9","d":"","c":"","ce":85,"w":"BNP","wn":"BNP","v":[63138,35318,227,35629,0,0],"rest":371,"tt":134683,"mg":20.4,"to":57.8,"tv":237744},"type":"MultiPolygon","arcs":[[[596,597,598]],[[599,600,601,602,603,604]]],"id":"feature_128"},{"properties":{"k":"seat|130","cid":130,"t":"seat","n":"Tangail-1","z":"\u099f\u09be\u0999\u09cd\u0997\u09be\u0987\u09b2-\u09e7","d":"","c":"","ce":148,"w":"BNP","wn":"BNP","v":[152908,93045,28811,1711,0,0],"rest":2137,"tt":278612,"mg":21.5,"to":65.6,"tv":433693},"type":"Polygon","arcs":[[-662,-665,-609,-607,-636,-639]],"id":"feature_129"},{"properties":{"k":"seat|131","cid":131,"t":"seat","n":"Tangail-2","z":"\u099f\u09be\u0999\u09cd\u0997\u09be\u0987\u09b2-\u09e8","d":"","c":"","ce":138,"w":"BNP","wn":"BNP","v":[195590,59873,0,4705,0,0],"rest":1768,"tt":261936,"mg":51.8,"to":64.4,"tv":413561},"type":"Polygon","arcs":[[605,-637,606,-610,-612,607]],"id":"feature_130"},{"properties":{"k":"seat|132","cid":132,"t":"seat","n":"Tangail-3","z":"\u099f\u09be\u0999\u09cd\u0997\u09be\u0987\u09b2-\u09e9","d":"","c":"","ce":122,"w":"Independent","wn":"Independent","v":[81734,33203,107843,3993,0,0],"rest":0,"tt":226773,"mg":11.5,"to":61.6,"tv":377365},"type":"Polygon","arcs":[[608,-668,-678,-620,-613,609]],"id":"feature_131"},{"properties":{"k":"seat|133","cid":133,"t":"seat","n":"Tangail-4","z":"\u099f\u09be\u0999\u09cd\u0997\u09be\u0987\u09b2-\u09ea","d":"","c":"","ce":114,"w":"BNP","wn":"BNP","v":[104243,48560,66027,1791,0,0],"rest":755,"tt":221376,"mg":17.3,"to":60.9,"tv":370039},"type":"Polygon","arcs":[[610,611,612,-624,-616,613]],"id":"feature_132"},{"properties":{"k":"seat|134","cid":134,"t":"seat","n":"Tangail-5","z":"\u099f\u09be\u0999\u09cd\u0997\u09be\u0987\u09b2-\u09eb","d":"","c":"","ce":130,"w":"BNP","wn":"BNP","v":[130133,78539,69027,2559,0,261],"rest":4185,"tt":284704,"mg":18.1,"to":63.2,"tv":457173},"type":"Polygon","arcs":[[614,615,-623,-618]],"id":"feature_133"},{"properties":{"k":"seat|135","cid":135,"t":"seat","n":"Tangail-6","z":"\u099f\u09be\u0999\u09cd\u0997\u09be\u0987\u09b2-\u09ec","d":"","c":"","ce":154,"w":"BNP","wn":"BNP","v":[149512,89643,17955,11934,0,0],"rest":4594,"tt":273638,"mg":21.9,"to":60.4,"tv":462341},"type":"Polygon","arcs":[[616,617,-622,-619,-802,-718,-715]],"id":"feature_134"},{"properties":{"k":"seat|136","cid":136,"t":"seat","n":"Tangail-7","z":"\u099f\u09be\u0999\u09cd\u0997\u09be\u0987\u09b2-\u09ed","d":"","c":"","ce":126,"w":"BNP","wn":"BNP","v":[141253,71040,0,0,0,0],"rest":1492,"tt":213785,"mg":32.8,"to":58.9,"tv":370827},"type":"Polygon","arcs":[[618,-621,-807,-803]],"id":"feature_135"},{"properties":{"k":"seat|137","cid":137,"t":"seat","n":"Tangail-8","z":"\u099f\u09be\u0999\u09cd\u0997\u09be\u0987\u09b2-\u09ee","d":"","c":"","ce":131,"w":"BNP","wn":"BNP","v":[113214,53621,76468,0,0,0],"rest":1394,"tt":244697,"mg":15.0,"to":60.7,"tv":409308},"type":"Polygon","arcs":[[619,-682,-818,-808,620,621,622,623]],"id":"feature_136"},{"properties":{"k":"seat|138","cid":138,"t":"seat","n":"Jamalpur-1","z":"\u099c\u09be\u09ae\u09be\u09b2\u09aa\u09c1\u09b0-\u09e7","d":"","c":"","ce":128,"w":"BNP","wn":"BNP","v":[172568,96783,0,4090,0,0],"rest":1139,"tt":274580,"mg":27.6,"to":65.0,"tv":428873},"type":"Polygon","arcs":[[624,625,-648,-630,626,627]],"id":"feature_137"},{"properties":{"k":"seat|139","cid":139,"t":"seat","n":"Jamalpur-2","z":"\u099c\u09be\u09ae\u09be\u09b2\u09aa\u09c1\u09b0-\u09e8","d":"","c":"","ce":92,"w":"BNP","wn":"BNP","v":[95378,61655,0,1698,0,0],"rest":169,"tt":158900,"mg":21.2,"to":57.6,"tv":280142},"type":"Polygon","arcs":[[628,629,-652,-642,-633,630]],"id":"feature_138"},{"properties":{"k":"seat|140","cid":140,"t":"seat","n":"Jamaljpur-3","z":"\u099c\u09be\u09ae\u09be\u09b2\u09aa\u09c1\u09b0-\u09e9","d":"","c":"","ce":154,"w":"BNP","wn":"BNP","v":[206214,79607,22684,2507,0,409],"rest":1472,"tt":312893,"mg":40.5,"to":59.7,"tv":534623},"type":"Polygon","arcs":[[631,632,-644,-641,-635]],"id":"feature_139"},{"properties":{"k":"seat|141","cid":141,"t":"seat","n":"Jamalpur-4","z":"\u099c\u09be\u09ae\u09be\u09b2\u09aa\u09c1\u09b0-\u09ea","d":"","c":"","ce":88,"w":"BNP","wn":"BNP","v":[146546,44161,0,1287,0,379],"rest":1675,"tt":194048,"mg":52.8,"to":65.2,"tv":302556},"type":"Polygon","arcs":[[633,634,-640,635,636,637]],"id":"feature_140"},{"properties":{"k":"seat|142","cid":142,"t":"seat","n":"Jamalpur-5","z":"\u099c\u09be\u09ae\u09be\u09b2\u09aa\u09c1\u09b0-\u09eb","d":"","c":"","ce":161,"w":"BNP","wn":"BNP","v":[198292,111695,0,4242,0,532],"rest":5646,"tt":320407,"mg":27.0,"to":57.1,"tv":572639},"type":"Polygon","arcs":[[638,639,640,-643,-645,-658,-663]],"id":"feature_141"},{"properties":{"k":"seat|143","cid":143,"t":"seat","n":"Sherpur-1","z":"\u09b6\u09c7\u09b0\u09aa\u09c1\u09b0-\u09e7","d":"","c":"","ce":145,"w":"Jamaat","wn":"Jamaat","v":[77808,125941,61733,0,0,0],"rest":1387,"tt":266869,"mg":18.0,"to":61.0,"tv":445941},"type":"Polygon","arcs":[[641,-651,-646,642,643]],"id":"feature_142"},{"properties":{"k":"seat|144","cid":144,"t":"seat","n":"Sherpur-2","z":"\u09b6\u09c7\u09b0\u09aa\u09c1\u09b0-\u09e8","d":"","c":"","ce":154,"w":"BNP","wn":"BNP","v":[117441,106582,0,4747,0,0],"rest":1004,"tt":229774,"mg":4.7,"to":53.9,"tv":435884},"type":"Polygon","arcs":[[644,645,-650,646,-653,-655,-659]],"id":"feature_143"},{"properties":{"k":"seat|145","cid":145,"t":"seat","n":"Sherpur-3","z":"\u09b6\u09c7\u09b0\u09aa\u09c1\u09b0-\u09e9","d":"","c":"","ce":0,"w":"NoResult","wn":"NoResult","v":[0,0,0,0,0,0],"rest":0,"tt":0,"mg":0,"to":null,"tv":0},"type":"Polygon","arcs":[[647,648,649,650,651]],"id":"feature_144"},{"properties":{"k":"seat|146","cid":146,"t":"seat","n":"Mymensingh-1","z":"\u09ae\u09af\u09bc\u09ae\u09a8\u09b8\u09bf\u0982\u09b9-\u09e7","d":"","c":"","ce":143,"w":"Independent","wn":"Independent","v":[101070,52607,107241,3094,0,0],"rest":661,"tt":264673,"mg":2.3,"to":56.3,"tv":480238},"type":"Polygon","arcs":[[652,653,-683,-693,-656]],"id":"feature_145"},{"properties":{"k":"seat|147","cid":147,"t":"seat","n":"Mymensingh-2","z":"\u09ae\u09af\u09bc\u09ae\u09a8\u09b8\u09bf\u0982\u09b9-\u09e8","d":"","c":"","ce":174,"w":"Jamaat","wn":"Jamaat","v":[117344,144565,48823,3796,0,0],"rest":1779,"tt":316307,"mg":8.6,"to":56.7,"tv":571433},"type":"Polygon","arcs":[[654,655,-697,-657,-660]],"id":"feature_146"},{"properties":{"k":"seat|148","cid":148,"t":"seat","n":"Mymensingh-3","z":"\u09ae\u09af\u09bc\u09ae\u09a8\u09b8\u09bf\u0982\u09b9-\u09e9","d":"","c":"","ce":92,"w":"BNP","wn":"BNP","v":[74478,25233,65513,2688,0,0],"rest":334,"tt":168246,"mg":5.3,"to":58.5,"tv":295661},"type":"Polygon","arcs":[[656,-696,-685,-687,-672,-669,-661]],"id":"feature_147"},{"properties":{"k":"seat|149","cid":149,"t":"seat","n":"Mymensingh-4","z":"\u09ae\u09af\u09bc\u09ae\u09a8\u09b8\u09bf\u0982\u09b9-\u09ea","d":"","c":"","ce":179,"w":"BNP","wn":"BNP","v":[177892,169580,0,8633,0,0],"rest":7559,"tt":363664,"mg":2.3,"to":54.4,"tv":688969},"type":"Polygon","arcs":[[657,658,659,660,-671,-667,-664]],"id":"feature_148"},{"properties":{"k":"seat|150","cid":150,"t":"seat","n":"Mymensingh-5","z":"\u09ae\u09af\u09bc\u09ae\u09a8\u09b8\u09bf\u0982\u09b9-\u09eb","d":"","c":"","ce":104,"w":"BNP","wn":"BNP","v":[127917,100876,0,3606,0,0],"rest":931,"tt":233330,"mg":11.6,"to":62.0,"tv":384617},"type":"Polygon","arcs":[[661,662,663,-666]],"id":"feature_149"},{"properties":{"k":"seat|151","cid":151,"t":"seat","n":"Mymensingh-6","z":"\u09ae\u09af\u09bc\u09ae\u09a8\u09b8\u09bf\u0982\u09b9-\u09ec","d":"","c":"","ce":121,"w":"Independent","wn":"Independent","v":[48994,75946,103903,1938,0,0],"rest":0,"tt":230781,"mg":12.1,"to":56.9,"tv":413309},"type":"Polygon","arcs":[[664,665,666,-670,-679,667]],"id":"feature_150"},{"properties":{"k":"seat|152","cid":152,"t":"seat","n":"Mymensingh-7","z":"\u09ae\u09af\u09bc\u09ae\u09a8\u09b8\u09bf\u0982\u09b9-\u09ed","d":"","c":"","ce":121,"w":"BNP","wn":"BNP","v":[98221,83617,34030,4023,0,0],"rest":556,"tt":220447,"mg":6.6,"to":56.6,"tv":399637},"type":"Polygon","arcs":[[668,-673,-674,-676,-680,669,670]],"id":"feature_151"},{"properties":{"k":"seat|153","cid":153,"t":"seat","n":"Mymensingh-8","z":"\u09ae\u09af\u09bc\u09ae\u09a8\u09b8\u09bf\u0982\u09b9-\u09ee","d":"","c":"","ce":92,"w":"BNP","wn":"BNP","v":[107577,45791,0,32734,0,0],"rest":1719,"tt":187821,"mg":32.9,"to":55.7,"tv":345746},"type":"Polygon","arcs":[[671,-690,-675,672]],"id":"feature_152"},{"properties":{"k":"seat|154","cid":154,"t":"seat","n":"Mymensingh-9","z":"\u09ae\u09af\u09bc\u09ae\u09a8\u09b8\u09bf\u0982\u09b9-\u09ef","d":"","c":"","ce":121,"w":"BNP","wn":"BNP","v":[85039,70029,30328,5516,0,0],"rest":1016,"tt":191928,"mg":7.8,"to":51.5,"tv":381273},"type":"Polygon","arcs":[[673,674,-689,-702,-698,-677]],"id":"feature_153"},{"properties":{"k":"seat|155","cid":155,"t":"seat","n":"Mymensingh-10","z":"\u09ae\u09af\u09bc\u09ae\u09a8\u09b8\u09bf\u0982\u09b9-\u09e7\u09e6","d":"","c":"","ce":111,"w":"BNP","wn":"BNP","v":[74650,64183,66811,2413,0,0],"rest":1840,"tt":209897,"mg":3.7,"to":53.4,"tv":404099},"type":"Polygon","arcs":[[675,676,-699,-700,-823,-820,-681]],"id":"feature_154"},{"properties":{"k":"seat|156","cid":156,"t":"seat","n":"Mymensingh-11","z":"\u09ae\u09af\u09bc\u09ae\u09a8\u09b8\u09bf\u0982\u09b9-\u09e7\u09e7","d":"","c":"","ce":107,"w":"BNP","wn":"BNP","v":[110214,21529,65591,1807,0,386],"rest":0,"tt":199527,"mg":22.4,"to":57.6,"tv":355146},"type":"Polygon","arcs":[[677,678,679,680,-819,681]],"id":"feature_155"},{"properties":{"k":"seat|157","cid":157,"t":"seat","n":"Netrokona-1","z":"\u09a8\u09c7\u09a4\u09cd\u09b0\u0995\u09cb\u09a3\u09be-\u09e7","d":"","c":"","ce":124,"w":"BNP","wn":"BNP","v":[156924,86672,0,2201,0,0],"rest":5699,"tt":251496,"mg":27.9,"to":56.9,"tv":453089},"type":"Polygon","arcs":[[682,683,-939,-686,-694]],"id":"feature_156"},{"properties":{"k":"seat|158","cid":158,"t":"seat","n":"Netrokona-2","z":"\u09a8\u09c7\u09a4\u09cd\u09b0\u0995\u09cb\u09a3\u09be-\u09e8","d":"","c":"","ce":172,"w":"BNP","wn":"BNP","v":[169140,66347,0,15055,0,0],"rest":6733,"tt":257275,"mg":40.0,"to":53.5,"tv":497322},"type":"Polygon","arcs":[[684,-695,685,-942,-691,-688]],"id":"feature_157"},{"properties":{"k":"seat|159","cid":159,"t":"seat","n":"Netrokona-3","z":"\u09a8\u09c7\u09a4\u09cd\u09b0\u0995\u09cb\u09a3\u09be-\u09e9","d":"","c":"","ce":149,"w":"BNP","wn":"BNP","v":[117318,40650,68137,2720,0,0],"rest":898,"tt":229723,"mg":21.4,"to":56.4,"tv":416478},"type":"Polygon","arcs":[[686,687,-692,-703,688,689]],"id":"feature_158"},{"properties":{"k":"seat|160","cid":160,"t":"seat","n":"Netrokona-4","z":"\u09a8\u09c7\u09a4\u09cd\u09b0\u0995\u09cb\u09a3\u09be-\u09ea","d":"","c":"","ce":149,"w":"BNP","wn":"BNP","v":[159167,39343,0,2013,0,0],"rest":3572,"tt":204095,"mg":58.7,"to":56.4,"tv":372308},"type":"Polygon","arcs":[[690,-941,-943,-707,-704,691]],"id":"feature_159"},{"properties":{"k":"seat|161","cid":161,"t":"seat","n":"Netrokona-5","z":"\u09a8\u09c7\u09a4\u09cd\u09b0\u0995\u09cb\u09a3\u09be-\u09eb","d":"","c":"","ce":82,"w":"Jamaat","wn":"Jamaat","v":[78679,81252,0,3302,0,0],"rest":0,"tt":163233,"mg":1.6,"to":58.0,"tv":287719},"type":"Polygon","arcs":[[692,693,694,695,696]],"id":"feature_160"},{"properties":{"k":"seat|162","cid":162,"t":"seat","n":"Kishorgonj-1","z":"\u0995\u09bf\u09b6\u09cb\u09b0\u0997\u099e\u09cd\u099c-\u09e7","d":"","c":"","ce":181,"w":"BNP","wn":"BNP","v":[122945,99490,36999,0,623,0],"rest":2328,"tt":262385,"mg":8.9,"to":49.3,"tv":548732},"type":"Polygon","arcs":[[697,-706,-701,698]],"id":"feature_161"},{"properties":{"k":"seat|163","cid":163,"t":"seat","n":"Kishorgonj-2","z":"\u0995\u09bf\u09b6\u09cb\u09b0\u0997\u099e\u09cd\u099c-\u09e8","d":"","c":"","ce":170,"w":"BNP","wn":"BNP","v":[142616,117961,1659,3503,0,391],"rest":2282,"tt":268412,"mg":9.2,"to":52.4,"tv":525004},"type":"Polygon","arcs":[[699,700,-705,-709,-712,-836,-824]],"id":"feature_162"},{"properties":{"k":"seat|164","cid":164,"t":"seat","n":"Kishorgonj-3","z":"\u0995\u09bf\u09b6\u09cb\u09b0\u0997\u099e\u09cd\u099c-\u09e9","d":"","c":"","ce":151,"w":"BNP","wn":"BNP","v":[111638,101276,1473,10734,0,0],"rest":1538,"tt":226659,"mg":4.6,"to":52.0,"tv":445468},"type":"Polygon","arcs":[[701,702,703,-708,-710,704,705]],"id":"feature_163"},{"properties":{"k":"seat|165","cid":165,"t":"seat","n":"Kishorgonj-4","z":"\u0995\u09bf\u09b6\u09cb\u09b0\u0997\u099e\u09cd\u099c-\u09ea","d":"","c":"","ce":150,"w":"BNP","wn":"BNP","v":[131851,57779,5433,2468,0,0],"rest":620,"tt":198151,"mg":37.4,"to":50.1,"tv":405509},"type":"Polygon","arcs":[[706,-945,-987,-990,-997,-711,707]],"id":"feature_164"},{"properties":{"k":"seat|166","cid":166,"t":"seat","n":"Kishorgonj-5","z":"\u0995\u09bf\u09b6\u09cb\u09b0\u0997\u099e\u09cd\u099c-\u09eb","d":"","c":"","ce":119,"w":"Independent","wn":"Independent","v":[66117,53365,81078,2661,0,0],"rest":1727,"tt":204948,"mg":7.3,"to":59.7,"tv":350101},"type":"Polygon","arcs":[[708,709,710,-1000,-1001,-713]],"id":"feature_165"},{"properties":{"k":"seat|167","cid":167,"t":"seat","n":"Kishorgonj-6","z":"\u0995\u09bf\u09b6\u09cb\u09b0\u0997\u099e\u09cd\u099c-\u09ec","d":"","c":"","ce":142,"w":"BNP","wn":"BNP","v":[185795,42980,0,2367,0,0],"rest":4272,"tt":235414,"mg":60.7,"to":57.0,"tv":423647},"type":"Polygon","arcs":[[711,712,-1005,-840,-837]],"id":"feature_166"},{"properties":{"k":"seat|168","cid":168,"t":"seat","n":"Manikgonj-1","z":"\u09ae\u09be\u09a8\u09bf\u0995\u0997\u099e\u09cd\u099c-\u09e7","d":"","c":"","ce":179,"w":"BNP","wn":"BNP","v":[136836,69611,77061,3215,0,1059],"rest":7223,"tt":295005,"mg":20.3,"to":65.6,"tv":457279},"type":"Polygon","arcs":[[713,714,-720,-717,-869,715]],"id":"feature_167"},{"properties":{"k":"seat|169","cid":169,"t":"seat","n":"Manikgonj-2","z":"\u09ae\u09be\u09a8\u09bf\u0995\u0997\u099e\u09cd\u099c-\u09e8","d":"","c":"","ce":185,"w":"BNP","wn":"BNP","v":[174631,0,0,3797,79831,0],"rest":6989,"tt":265248,"mg":35.7,"to":57.7,"tv":467487},"type":"Polygon","arcs":[[716,-719,-805,-798,-725,-723,-887,-883,-870]],"id":"feature_168"},{"properties":{"k":"seat|170","cid":170,"t":"seat","n":"Manikgonj-3","z":"\u09ae\u09be\u09a8\u09bf\u0995\u0997\u099e\u09cd\u099c-\u09e9","d":"","c":"","ce":151,"w":"BNP","wn":"BNP","v":[166174,62886,24633,2741,0,0],"rest":6720,"tt":263154,"mg":39.3,"to":67.8,"tv":395852},"type":"Polygon","arcs":[[717,-806,718,719]],"id":"feature_169"},{"properties":{"k":"seat|171","cid":171,"t":"seat","n":"Munshigonj-1","z":"\u09ae\u09c1\u09a8\u09cd\u09b8\u09c0\u0997\u099e\u09cd\u099c-\u09e7","d":"","c":"","ce":170,"w":"BNP","wn":"BNP","v":[165714,98192,30394,8917,0,0],"rest":732,"tt":303949,"mg":22.2,"to":57.9,"tv":536485},"type":"Polygon","arcs":[[-906,-889,-724,-726,-728,-858,-721]],"id":"feature_170"},{"properties":{"k":"seat|172","cid":172,"t":"seat","n":"Munshigonj-2","z":"\u09ae\u09c1\u09a8\u09cd\u09b8\u09c0\u0997\u099e\u09cd\u099c-\u09e8","d":"","c":"","ce":130,"w":"BNP","wn":"BNP","v":[119836,56750,0,13213,0,0],"rest":3442,"tt":193241,"mg":32.6,"to":53.2,"tv":372832},"type":"Polygon","arcs":[[720,-864,-722,-922,-918,-907]],"id":"feature_171"},{"properties":{"k":"seat|173","cid":173,"t":"seat","n":"Munshigonj-3","z":"\u09ae\u09c1\u09a8\u09cd\u09b8\u09c0\u0997\u099e\u09cd\u099c-\u09e9","d":"","c":"","ce":169,"w":"BNP","wn":"BNP","v":[122666,51662,88133,6268,0,0],"rest":1514,"tt":270243,"mg":12.8,"to":55.2,"tv":500030},"type":"Polygon","arcs":[[721,-863,-866,-854,-1019,-1054,-923]],"id":"feature_172"},{"properties":{"k":"seat|174","cid":174,"t":"seat","n":"Dhaka-1","z":"\u09a2\u09be\u0995\u09be-\u09e7","d":"","c":"","ce":184,"w":"BNP","wn":"BNP","v":[172402,108910,4824,6538,0,0],"rest":1613,"tt":294287,"mg":21.6,"to":55.9,"tv":536613},"type":"Polygon","arcs":[[722,-727,723,-888]],"id":"feature_173"},{"properties":{"k":"seat|175","cid":175,"t":"seat","n":"Dhaka-2","z":"\u09a2\u09be\u0995\u09be-\u09e8","d":"","c":"","ce":141,"w":"BNP","wn":"BNP","v":[163020,78655,0,6301,0,0],"rest":0,"tt":247976,"mg":34.0,"to":60.6,"tv":415340},"type":"Polygon","arcs":[[724,-801,-761,-757,-735,-745,-737,-729,725,726]],"id":"feature_174"},{"properties":{"k":"seat|176","cid":176,"t":"seat","n":"Dhaka-3","z":"\u09a2\u09be\u0995\u09be-\u09e9","d":"","c":"","ce":126,"w":"BNP","wn":"BNP","v":[98785,82232,310,6245,0,96],"rest":1968,"tt":189636,"mg":8.7,"to":53.7,"tv":359618},"type":"Polygon","arcs":[[727,728,-739,-733,-730,-859]],"id":"feature_175"},{"properties":{"k":"seat|177","cid":177,"t":"seat","n":"Dhaka-4","z":"\u09a2\u09be\u0995\u09be-\u09ea","d":"","c":"","ce":115,"w":"Jamaat","wn":"Jamaat","v":[73762,75683,2782,6450,0,0],"rest":861,"tt":159538,"mg":1.2,"to":45.2,"tv":358685},"type":"Polygon","arcs":[[729,-732,-731,-860]],"id":"feature_176"},{"properties":{"k":"seat|178","cid":178,"t":"seat","n":"Dhaka-5","z":"\u09a2\u09be\u0995\u09be-\u09eb","d":"","c":"","ce":150,"w":"Jamaat","wn":"Jamaat","v":[86628,94668,0,14080,0,90],"rest":2885,"tt":198351,"mg":4.1,"to":48.5,"tv":415455},"type":"Polygon","arcs":[[730,-734,-742,-844,-855,-861]],"id":"feature_177"},{"properties":{"k":"seat|179","cid":179,"t":"seat","n":"Dhaka-6","z":"\u09a2\u09be\u0995\u09be-\u09ec","d":"","c":"","ce":100,"w":"BNP","wn":"BNP","v":[78142,54665,0,0,0,132],"rest":2450,"tt":135389,"mg":17.3,"to":47.5,"tv":289435},"type":"MultiPolygon","arcs":[[[731,732,-738,-740,-743,733]],[[-736,-759,-773,-751,-771,-747]]],"id":"feature_178"},{"properties":{"k":"seat|180","cid":180,"t":"seat","n":"Dhaka-7","z":"\u09a2\u09be\u0995\u09be-\u09ed","d":"","c":"","ce":164,"w":"BNP","wn":"BNP","v":[104091,97268,11461,5044,0,0],"rest":6362,"tt":224226,"mg":3.0,"to":48.0,"tv":476167},"type":"MultiPolygon","arcs":[[[734,-758,-768,-777,-753,-795,-775,-760,735,-746]],[[736,-750,-741,737,738]],[[-748,-755,-785]]],"id":"feature_179"},{"properties":{"k":"seat|181","cid":181,"t":"seat","n":"Dhaka-8","z":"\u09a2\u09be\u0995\u09be-\u09ee","d":"","c":"","ce":108,"w":"BNP","wn":"BNP","v":[56552,51572,0,1322,0,567],"rest":1962,"tt":111975,"mg":4.4,"to":43.0,"tv":266482},"type":"Polygon","arcs":[[739,740,-749,782,-782,-764,-793,-744]],"id":"feature_180"},{"properties":{"k":"seat|182","cid":182,"t":"seat","n":"Dhaka-9","z":"\u09a2\u09be\u0995\u09be-\u09ef","d":"","c":"","ce":169,"w":"BNP","wn":"BNP","v":[110111,52374,43519,5760,0,0],"rest":2481,"tt":214245,"mg":26.9,"to":47.0,"tv":463437},"type":"Polygon","arcs":[[741,742,743,-792,-752,-845]],"id":"feature_181"},{"properties":{"k":"seat|183","cid":183,"t":"seat","n":"Dhaka-10","z":"\u09a2\u09be\u0995\u09be-\u09e7\u09e6","d":"","c":"","ce":136,"w":"BNP","wn":"BNP","v":[79051,74670,0,3407,0,0],"rest":4792,"tt":161920,"mg":2.7,"to":43.0,"tv":382208},"type":"MultiPolygon","arcs":[[[744,745,746,-776,-797,-756,747,-784,-783,748,749]],[[750,-772]]],"id":"feature_182"},{"properties":{"k":"seat|184","cid":184,"t":"seat","n":"Dhaka-11","z":"\u09a2\u09be\u0995\u09be-\u09e7\u09e7","d":"","c":"","ce":162,"w":"Jamaat","wn":"Jamaat","v":[90969,92038,781,4328,0,80],"rest":1857,"tt":190053,"mg":0.6,"to":44.5,"tv":434296},"type":"Polygon","arcs":[[-763,-754,-780,-787,-846,751,-791]],"id":"feature_183"},{"properties":{"k":"seat|185","cid":185,"t":"seat","n":"Dhaka-12","z":"\u09a2\u09be\u0995\u09be-\u09e7\u09e8","d":"","c":"","ce":130,"w":"Jamaat","wn":"Jamaat","v":[30640,52127,29590,2030,0,84],"rest":5334,"tt":119805,"mg":17.9,"to":37.1,"tv":328828},"type":"Polygon","arcs":[[752,-781,753,-765,-786,754,755,-796]],"id":"feature_184"},{"properties":{"k":"seat|186","cid":186,"t":"seat","n":"Dhaka-13","z":"\u09a2\u09be\u0995\u09be-\u09e7\u09e9","d":"","c":"","ce":138,"w":"BNP","wn":"BNP","v":[86804,84001,1658,0,0,324],"rest":1717,"tt":174504,"mg":1.6,"to":44.3,"tv":403173},"type":"MultiPolygon","arcs":[[[756,-762,-766,757]],[[758,759,-774]]],"id":"feature_185"},{"properties":{"k":"seat|187","cid":187,"t":"seat","n":"Dhaka-14","z":"\u09a2\u09be\u0995\u09be-\u09e7\u09ea","d":"","c":"","ce":173,"w":"Jamaat","wn":"Jamaat","v":[82329,98912,16253,3718,0,0],"rest":2372,"tt":203584,"mg":8.1,"to":45.9,"tv":450743},"type":"MultiPolygon","arcs":[[[760,-800,-790,-769,-767,761]],[[762,-794,763,764]]],"id":"feature_186"},{"properties":{"k":"seat|188","cid":188,"t":"seat","n":"Dhaka-15","z":"\u09a2\u09be\u0995\u09be-\u09e7\u09eb","d":"","c":"","ce":127,"w":"Jamaat","wn":"Jamaat","v":[62007,82364,0,0,0,0],"rest":3222,"tt":147593,"mg":13.8,"to":43.5,"tv":344308},"type":"Polygon","arcs":[[765,766,-770,-778,767]],"id":"feature_187"},{"properties":{"k":"seat|189","cid":189,"t":"seat","n":"Dhaka-16","z":"\u09a2\u09be\u0995\u09be-\u09e7\u09ec","d":"","c":"","ce":137,"w":"Jamaat","wn":"Jamaat","v":[84632,87027,0,3632,0,103],"rest":2669,"tt":178063,"mg":1.3,"to":45.9,"tv":396190},"type":"Polygon","arcs":[[768,-789,-779,769]],"id":"feature_188"},{"properties":{"k":"seat|190","cid":190,"t":"seat","n":"Dhaka-17","z":"\u09a2\u09be\u0995\u09be-\u09e7\u09ed","d":"","c":"","ce":124,"w":"BNP","wn":"BNP","v":[71443,65972,260,1740,0,0],"rest":2592,"tt":142007,"mg":3.9,"to":43.9,"tv":327891},"type":"MultiPolygon","arcs":[[[770,771,772,773,774,775]],[[776,777,778,-788,779,780]],[[781,-783,782,783,784,785]]],"id":"feature_189"},{"properties":{"k":"seat|191","cid":191,"t":"seat","n":"Dhaka-18","z":"\u09a2\u09be\u0995\u09be-\u09e7\u09ee","d":"","c":"","ce":218,"w":"BNP","wn":"BNP","v":[143037,108711,3980,4650,0,0],"rest":5005,"tt":265383,"mg":12.9,"to":44.5,"tv":605449},"type":"MultiPolygon","arcs":[[[786,787,788,789,-799,-817,-811,-814,-829,-847]],[[790,791,792,793]],[[794,795,796]]],"id":"feature_190"},{"properties":{"k":"seat|192","cid":192,"t":"seat","n":"Dhaka-19","z":"\u09a2\u09be\u0995\u09be-\u09e7\u09ef","d":"","c":"","ce":275,"w":"BNP","wn":"BNP","v":[191327,211,0,10530,0,683],"rest":128834,"tt":331585,"mg":20.0,"to":45.5,"tv":741552},"type":"Polygon","arcs":[[797,-804,-809,-812,798,799,800]],"id":"feature_191"},{"properties":{"k":"seat|193","cid":193,"t":"seat","n":"Dhaka-20","z":"\u09a2\u09be\u0995\u09be-\u09e8\u09e6","d":"","c":"","ce":147,"w":"BNP","wn":"BNP","v":[160428,56343,0,0,9083,0],"rest":3752,"tt":229606,"mg":45.3,"to":63.5,"tv":370938},"type":"Polygon","arcs":[[801,802,-810,803,804,805]],"id":"feature_192"},{"properties":{"k":"seat|194","cid":194,"t":"seat","n":"Gazipur-1","z":"\u0997\u09be\u099c\u09c0\u09aa\u09c1\u09b0-\u09e7","d":"","c":"","ce":237,"w":"BNP","wn":"BNP","v":[207622,147856,6615,5668,0,0],"rest":3796,"tt":371557,"mg":16.1,"to":52.9,"tv":716484},"type":"MultiPolygon","arcs":[[[806,807,-822,-813,808,809]],[[-815,810,-816]]],"id":"feature_193"},{"properties":{"k":"seat|195","cid":195,"t":"seat","n":"Gazipur-2","z":"\u0997\u09be\u099c\u09c0\u09aa\u09c1\u09b0-\u09e8","d":"","c":"","ce":272,"w":"BNP","wn":"BNP","v":[187558,139337,434,12571,0,243],"rest":8031,"tt":348174,"mg":13.8,"to":44.6,"tv":799098},"type":"Polygon","arcs":[[811,812,-821,-826,813,814,815,816]],"id":"feature_194"},{"properties":{"k":"seat|196","cid":196,"t":"seat","n":"Gazipur-3","z":"\u0997\u09be\u099c\u09c0\u09aa\u09c1\u09b0-\u09e9","d":"","c":"","ce":180,"w":"BNP","wn":"BNP","v":[161258,99354,21843,5983,0,0],"rest":4730,"tt":293168,"mg":21.1,"to":57.5,"tv":523222},"type":"Polygon","arcs":[[817,818,819,-825,-827,820,821]],"id":"feature_195"},{"properties":{"k":"seat|197","cid":197,"t":"seat","n":"Gazipur-4","z":"\u0997\u09be\u099c\u09c0\u09aa\u09c1\u09b0-\u09ea","d":"","c":"","ce":122,"w":"Jamaat","wn":"Jamaat","v":[89354,99271,1466,2299,0,0],"rest":3559,"tt":195949,"mg":5.1,"to":61.4,"tv":325552},"type":"Polygon","arcs":[[822,823,-839,-833,-830,-828,824]],"id":"feature_196"},{"properties":{"k":"seat|198","cid":198,"t":"seat","n":"Gazipur-5","z":"\u0997\u09be\u099c\u09c0\u09aa\u09c1\u09b0-\u09eb","d":"","c":"","ce":124,"w":"BNP","wn":"BNP","v":[133063,76569,0,4390,0,0],"rest":9089,"tt":223111,"mg":25.3,"to":64.8,"tv":350966},"type":"Polygon","arcs":[[825,826,827,-832,-848,828]],"id":"feature_197"},{"properties":{"k":"seat|199","cid":199,"t":"seat","n":"Narshingdi-1","z":"\u09a8\u09b0\u09b8\u09bf\u0982\u09a6\u09c0-\u09e7","d":"","c":"","ce":142,"w":"BNP","wn":"BNP","v":[160676,93633,0,13369,0,481],"rest":2335,"tt":270494,"mg":24.8,"to":58.4,"tv":472691},"type":"Polygon","arcs":[[-850,-831,-834,-841,-1015,-1016,-851]],"id":"feature_198"},{"properties":{"k":"seat|200","cid":200,"t":"seat","n":"Narshingdi-2","z":"\u09a8\u09b0\u09b8\u09bf\u0982\u09a6\u09c0-\u09e8","d":"","c":"","ce":91,"w":"BNP","wn":"BNP","v":[92352,74404,0,0,0,0],"rest":2212,"tt":168968,"mg":10.6,"to":61.0,"tv":283779},"type":"Polygon","arcs":[[829,-835,830,-853,-849,831]],"id":"feature_199"},{"properties":{"k":"seat|201","cid":201,"t":"seat","n":"Narshingdi-3","z":"\u09a8\u09b0\u09b8\u09bf\u0982\u09a6\u09c0-\u09e9","d":"","c":"","ce":101,"w":"BNP","wn":"BNP","v":[81415,29450,45401,6413,0,0],"rest":2624,"tt":165303,"mg":21.8,"to":60.0,"tv":280929},"type":"Polygon","arcs":[[832,-838,-842,833,834]],"id":"feature_200"},{"properties":{"k":"seat|202","cid":202,"t":"seat","n":"Narshingdi-4","z":"\u09a8\u09b0\u09b8\u09bf\u0982\u09a6\u09c0-\u09ea","d":"","c":"","ce":162,"w":"BNP","wn":"BNP","v":[161912,76906,0,7001,0,0],"rest":4243,"tt":250062,"mg":34.0,"to":60.4,"tv":422835},"type":"Polygon","arcs":[[835,836,-843,837,838]],"id":"feature_201"},{"properties":{"k":"seat|203","cid":203,"t":"seat","n":"Narshingdi-5","z":"\u09a8\u09b0\u09b8\u09bf\u0982\u09a6\u09c0-\u09eb","d":"","c":"","ce":167,"w":"BNP","wn":"BNP","v":[136602,43682,26643,32582,0,0],"rest":3941,"tt":243450,"mg":38.2,"to":50.9,"tv":487713},"type":"Polygon","arcs":[[839,-1004,-1011,840,841,842]],"id":"feature_202"},{"properties":{"k":"seat|204","cid":204,"t":"seat","n":"Narayangonj-1","z":"\u09a8\u09be\u09b0\u09be\u09af\u09bc\u09a3\u0997\u099e\u09cd\u099c-\u09e7","d":"","c":"","ce":129,"w":"BNP","wn":"BNP","v":[155421,90289,456,7137,0,208],"rest":460,"tt":253971,"mg":25.6,"to":63.9,"tv":405300},"type":"Polygon","arcs":[[843,844,845,846,847,848,-852,-856]],"id":"feature_203"},{"properties":{"k":"seat|205","cid":205,"t":"seat","n":"Narayangonj-2","z":"\u09a8\u09be\u09b0\u09be\u09af\u09bc\u09a3\u0997\u099e\u09cd\u099c-\u09e8","d":"","c":"","ce":118,"w":"BNP","wn":"BNP","v":[124291,81054,18744,5265,0,142],"rest":577,"tt":230073,"mg":18.8,"to":65.0,"tv":359597},"type":"Polygon","arcs":[[849,850,-1018,-1022,-1021,-857,851,852]],"id":"feature_204"},{"properties":{"k":"seat|206","cid":206,"t":"seat","n":"Narayangonj-3","z":"\u09a8\u09be\u09b0\u09be\u09af\u09bc\u09a3\u0997\u099e\u09cd\u099c-\u09e9","d":"","c":"","ce":210,"w":"BNP","wn":"BNP","v":[154170,133455,24721,14101,0,312],"rest":1819,"tt":328578,"mg":6.3,"to":57.3,"tv":586763},"type":"Polygon","arcs":[[853,-865,-862,854,855,856,-1020]],"id":"feature_205"},{"properties":{"k":"seat|207","cid":207,"t":"seat","n":"Narayangonj-4","z":"\u09a8\u09be\u09b0\u09be\u09af\u09bc\u09a3\u0997\u099e\u09cd\u099c-\u09ea","d":"","c":"","ce":177,"w":"Jamaat","wn":"Jamaat","v":[80138,105195,44108,16639,0,98],"rest":13820,"tt":259998,"mg":9.6,"to":49.6,"tv":536086},"type":"Polygon","arcs":[[857,858,859,860,861,-867,862,863]],"id":"feature_206"},{"properties":{"k":"seat|208","cid":208,"t":"seat","n":"Narayangonj-5","z":"\u09a8\u09be\u09b0\u09be\u09af\u09bc\u09a3\u0997\u099e\u09cd\u099c-\u09eb","d":"","c":"","ce":163,"w":"BNP","wn":"BNP","v":[114013,0,33918,7645,99471,639],"rest":7780,"tt":263466,"mg":5.5,"to":56.4,"tv":480473},"type":"Polygon","arcs":[[864,865,866]],"id":"feature_207"},{"properties":{"k":"seat|209","cid":209,"t":"seat","n":"Rajbari-1","z":"\u09b0\u09be\u099c\u09ac\u09be\u09a1\u09bc\u09c0-\u09e7","d":"","c":"","ce":156,"w":"BNP","wn":"BNP","v":[153295,98966,0,0,0,0],"rest":10599,"tt":262860,"mg":20.7,"to":63.1,"tv":425152},"type":"Polygon","arcs":[[867,868,869,-886,-881,-872]],"id":"feature_208"},{"properties":{"k":"seat|210","cid":210,"t":"seat","n":"Rajbari-2","z":"\u09b0\u09be\u099c\u09ac\u09be\u09a1\u09bc\u09c0-\u09e8","d":"","c":"","ce":198,"w":"BNP","wn":"BNP","v":[234848,65293,35850,8364,292,631],"rest":3440,"tt":348718,"mg":48.6,"to":64.8,"tv":551607},"type":"Polygon","arcs":[[870,871,-880,872,873,874,875]],"id":"feature_209"},{"properties":{"k":"seat|211","cid":211,"t":"seat","n":"Faridpur-1","z":"\u09ab\u09b0\u09bf\u09a6\u09aa\u09c1\u09b0-\u09e7","d":"","c":"","ce":197,"w":"Jamaat","wn":"Jamaat","v":[125786,152610,36317,0,0,0],"rest":1262,"tt":315975,"mg":8.5,"to":63.7,"tv":505679},"type":"Polygon","arcs":[[-893,876,877,878,879,880,-885,-882,-894]],"id":"feature_210"},{"properties":{"k":"seat|212","cid":212,"t":"seat","n":"Faridpur-2","z":"\u09ab\u09b0\u09bf\u09a6\u09aa\u09c1\u09b0-\u09e8","d":"","c":"","ce":117,"w":"BNP","wn":"BNP","v":[120909,87956,0,2335,0,675],"rest":860,"tt":212735,"mg":15.5,"to":65.9,"tv":328490},"type":"Polygon","arcs":[[881,-884,-890,-895]],"id":"feature_211"},{"properties":{"k":"seat|213","cid":213,"t":"seat","n":"Faridpur-3","z":"\u09ab\u09b0\u09bf\u09a6\u09aa\u09c1\u09b0-\u09e9","d":"","c":"","ce":154,"w":"BNP","wn":"BNP","v":[147846,122449,1236,3970,0,0],"rest":1201,"tt":276702,"mg":9.2,"to":65.7,"tv":428778},"type":"Polygon","arcs":[[882,-891,883,884,885]],"id":"feature_212"},{"properties":{"k":"seat|214","cid":214,"t":"seat","n":"Faridpur-4","z":"\u09ab\u09b0\u09bf\u09a6\u09aa\u09c1\u09b0-\u09ea","d":"","c":"","ce":189,"w":"BNP","wn":"BNP","v":[126532,74681,57499,11393,0,0],"rest":1248,"tt":271353,"mg":19.1,"to":56.5,"tv":490975},"type":"Polygon","arcs":[[886,887,888,-908,-909,-896,889,890]],"id":"feature_213"},{"properties":{"k":"seat|215","cid":215,"t":"seat","n":"Gopalgonj-1","z":"\u0997\u09cb\u09aa\u09be\u09b2\u0997\u099e\u09cd\u099c-\u09e7","d":"","c":"","ce":138,"w":"BNP","wn":"BNP","v":[68867,33673,26350,5796,0,53961],"rest":930,"tt":189577,"mg":7.9,"to":49.5,"tv":395664},"type":"Polygon","arcs":[[891,892,893,894,895,-913,-899]],"id":"feature_214"},{"properties":{"k":"seat|216","cid":216,"t":"seat","n":"Gopalgonj-2","z":"\u0997\u09cb\u09aa\u09be\u09b2\u0997\u099e\u09cd\u099c-\u09e8","d":"","c":"","ce":151,"w":"Independent","wn":"Independent","v":[39617,28052,73695,2821,0,301],"rest":1952,"tt":146438,"mg":23.3,"to":39.6,"tv":380695},"type":"Polygon","arcs":[[896,897,898,-912,-902,899]],"id":"feature_215"},{"properties":{"k":"seat|217","cid":217,"t":"seat","n":"Gopalgonj-3","z":"\u0997\u09cb\u09aa\u09be\u09b2\u0997\u099e\u09cd\u099c-\u09e9","d":"","c":"","ce":108,"w":"BNP","wn":"BNP","v":[60166,24767,37911,4654,0,2571],"rest":837,"tt":130906,"mg":17.0,"to":44.0,"tv":306294},"type":"Polygon","arcs":[[900,901,-911,-915,902,903,904]],"id":"feature_216"},{"properties":{"k":"seat|218","cid":218,"t":"seat","n":"Madaripur-1","z":"\u09ae\u09be\u09a6\u09be\u09b0\u09c0\u09aa\u09c1\u09b0-\u09e7","d":"","c":"","ce":102,"w":"BNP","wn":"BNP","v":[64291,63511,39709,6142,0,3023],"rest":451,"tt":177127,"mg":0.4,"to":56.3,"tv":320859},"type":"Polygon","arcs":[[905,906,-921,-910,907]],"id":"feature_217"},{"properties":{"k":"seat|219","cid":219,"t":"seat","n":"Madaripur-2","z":"\u09ae\u09be\u09a6\u09be\u09b0\u09c0\u09aa\u09c1\u09b0-\u09e8","d":"","c":"","ce":145,"w":"Independent","wn":"Independent","v":[61097,34917,69209,16663,0,0],"rest":1052,"tt":182938,"mg":4.4,"to":43.9,"tv":431003},"type":"Polygon","arcs":[[908,909,-920,-916,910,911,912]],"id":"feature_218"},{"properties":{"k":"seat|220","cid":220,"t":"seat","n":"Madaripur-3","z":"\u09ae\u09be\u09a6\u09be\u09b0\u09c0\u09aa\u09c1\u09b0-\u09e9","d":"","c":"","ce":134,"w":"BNP","wn":"BNP","v":[95174,81961,0,12877,0,0],"rest":2824,"tt":192836,"mg":6.9,"to":51.7,"tv":381687},"type":"Polygon","arcs":[[913,914,915,-919,-930,916]],"id":"feature_219"},{"properties":{"k":"seat|221","cid":221,"t":"seat","n":"Sariatpur-1","z":"\u09b6\u09b0\u09c0\u09af\u09bc\u09a4\u09aa\u09c1\u09b0-\u09e7","d":"","c":"","ce":139,"w":"BNP","wn":"BNP","v":[76684,61165,14852,10676,0,549],"rest":982,"tt":164908,"mg":9.4,"to":43.3,"tv":390359},"type":"Polygon","arcs":[[917,-925,-931,918,919,920]],"id":"feature_220"},{"properties":{"k":"seat|222","cid":222,"t":"seat","n":"Sariatpur-2","z":"\u09b6\u09b0\u09c0\u09af\u09bc\u09a4\u09aa\u09c1\u09b0-\u09e8","d":"","c":"","ce":136,"w":"BNP","wn":"BNP","v":[128647,68034,451,6404,0,282],"rest":3273,"tt":207091,"mg":29.3,"to":52.1,"tv":408455},"type":"MultiPolygon","arcs":[[[921,922,-1059,923,-932,924]],[[925]],[[926]],[[-1072,927]]],"id":"feature_221"},{"properties":{"k":"seat|223","cid":223,"t":"seat","n":"Sariatpur-3","z":"\u09b6\u09b0\u09c0\u09af\u09bc\u09a4\u09aa\u09c1\u09b0-\u09e9","d":"","c":"","ce":117,"w":"BNP","wn":"BNP","v":[106378,67785,0,9713,0,0],"rest":2036,"tt":185912,"mg":20.8,"to":56.7,"tv":335126},"type":"MultiPolygon","arcs":[[[928,929,930,931,932,933,934]],[[935,936,-1069]],[[937]]],"id":"feature_222"},{"properties":{"k":"seat|224","cid":224,"t":"seat","n":"Sunamgonj-1","z":"\u09b8\u09c1\u09a8\u09be\u09ae\u0997\u099e\u09cd\u099c-\u09e7","d":"","c":"","ce":177,"w":"BNP","wn":"BNP","v":[160515,91696,0,0,0,0],"rest":1155,"tt":253366,"mg":27.2,"to":52.1,"tv":497719},"type":"Polygon","arcs":[[938,939,-948,-946,-944,940,941]],"id":"feature_223"},{"properties":{"k":"seat|225","cid":225,"t":"seat","n":"Sunamgonj-2","z":"\u09b8\u09c1\u09a8\u09be\u09ae\u0997\u099e\u09cd\u099c-\u09e8","d":"","c":"","ce":111,"w":"BNP","wn":"BNP","v":[99132,62587,0,0,0,0],"rest":1210,"tt":162929,"mg":22.4,"to":54.7,"tv":304327},"type":"Polygon","arcs":[[942,943,-947,-982,-988,944]],"id":"feature_224"},{"properties":{"k":"seat|226","cid":226,"t":"seat","n":"Sunamgonj-3","z":"\u09b8\u09c1\u09a8\u09be\u09ae\u0997\u099e\u09cd\u099c-\u09e9","d":"","c":"","ce":147,"w":"BNP","wn":"BNP","v":[96666,13667,42389,0,818,0],"rest":4849,"tt":158389,"mg":34.3,"to":44.0,"tv":369797},"type":"Polygon","arcs":[[945,-950,-951,-955,-983,946]],"id":"feature_225"},{"properties":{"k":"seat|227","cid":227,"t":"seat","n":"Sunamgonj-4","z":"\u09b8\u09c1\u09a8\u09be\u09ae\u0997\u099e\u09cd\u099c-\u09ea","d":"","c":"","ce":115,"w":"BNP","wn":"BNP","v":[97404,74365,26073,1909,0,0],"rest":1777,"tt":201528,"mg":11.4,"to":56.2,"tv":368398},"type":"Polygon","arcs":[[947,948,-952,949]],"id":"feature_226"},{"properties":{"k":"seat|228","cid":228,"t":"seat","n":"Sunamgonj-5","z":"\u09b8\u09c1\u09a8\u09be\u09ae\u0997\u099e\u09cd\u099c-\u09eb","d":"","c":"","ce":170,"w":"BNP","wn":"BNP","v":[150810,99672,0,0,2246,0],"rest":1915,"tt":254643,"mg":20.1,"to":49.8,"tv":521897},"type":"Polygon","arcs":[[950,951,952,-960,-954,-956]],"id":"feature_227"},{"properties":{"k":"seat|229","cid":229,"t":"seat","n":"Sylhet-1","z":"\u09b8\u09bf\u09b2\u09c7\u099f-\u09e7","d":"","c":"","ce":215,"w":"BNP","wn":"BNP","v":[174517,129850,0,2639,0,304],"rest":3018,"tt":310328,"mg":14.4,"to":47.5,"tv":668507},"type":"Polygon","arcs":[[953,-962,-965,-958,-957]],"id":"feature_228"},{"properties":{"k":"seat|230","cid":230,"t":"seat","n":"Sylhet-2","z":"\u09b8\u09bf\u09b2\u09c7\u099f-\u09e8","d":"","c":"","ce":128,"w":"BNP","wn":"BNP","v":[116697,0,0,1389,37446,0],"rest":2036,"tt":157568,"mg":50.3,"to":44.4,"tv":364101},"type":"Polygon","arcs":[[954,955,956,-959,-976,-984]],"id":"feature_229"},{"properties":{"k":"seat|231","cid":231,"t":"seat","n":"Sylhet-3","z":"\u09b8\u09bf\u09b2\u09c7\u099f-\u09e9","d":"","c":"","ce":151,"w":"BNP","wn":"BNP","v":[114255,73614,4426,1370,0,0],"rest":2594,"tt":196259,"mg":20.7,"to":49.0,"tv":409873},"type":"Polygon","arcs":[[957,-969,-970,-973,-977,958]],"id":"feature_230"},{"properties":{"k":"seat|232","cid":232,"t":"seat","n":"Sylhet-4","z":"\u09b8\u09bf\u09b2\u09c7\u099f-\u09ea","d":"","c":"","ce":172,"w":"BNP","wn":"BNP","v":[185703,69589,0,2684,0,555],"rest":1948,"tt":260479,"mg":44.6,"to":52.7,"tv":508110},"type":"Polygon","arcs":[[959,960,-963,-966,961]],"id":"feature_231"},{"properties":{"k":"seat|233","cid":233,"t":"seat","n":"Sylhet-5","z":"\u09b8\u09bf\u09b2\u09c7\u099f-\u09eb","d":"","c":"","ce":158,"w":"KM","wn":"KM","v":[68869,0,56477,0,76221,0],"rest":366,"tt":201933,"mg":3.6,"to":49.0,"tv":420833},"type":"Polygon","arcs":[[962,963,-967]],"id":"feature_232"},{"properties":{"k":"seat|234","cid":234,"t":"seat","n":"Sylhet-6","z":"\u09b8\u09bf\u09b2\u09c7\u099f-\u09ec","d":"","c":"","ce":192,"w":"BNP","wn":"BNP","v":[108612,97748,23634,0,0,1381],"rest":1144,"tt":232519,"mg":4.7,"to":47.6,"tv":499601},"type":"Polygon","arcs":[[964,965,966,967,-971,968]],"id":"feature_233"},{"properties":{"k":"seat|235","cid":235,"t":"seat","n":"Moulavibazar-1","z":"\u09ae\u09cc\u09b2\u09ad\u09c0\u09ac\u09be\u099c\u09be\u09b0-\u09e7","d":"","c":"","ce":113,"w":"BNP","wn":"BNP","v":[97534,79619,6355,0,0,219],"rest":1529,"tt":185256,"mg":9.7,"to":57.3,"tv":331253},"type":"Polygon","arcs":[[969,970,971,-974]],"id":"feature_234"},{"properties":{"k":"seat|236","cid":236,"t":"seat","n":"Moulavibazar-2","z":"\u09ae\u09cc\u09b2\u09ad\u09c0\u09ac\u09be\u099c\u09be\u09b0-\u09e8","d":"","c":"","ce":103,"w":"BNP","wn":"BNP","v":[67721,51153,41019,502,0,0],"rest":1055,"tt":161450,"mg":10.3,"to":55.8,"tv":297429},"type":"Polygon","arcs":[[972,973,974,-979,-978]],"id":"feature_235"},{"properties":{"k":"seat|237","cid":237,"t":"seat","n":"Moulavibazar-3","z":"\u09ae\u09cc\u09b2\u09ad\u09c0\u09ac\u09be\u099c\u09be\u09b0-\u09e9","d":"","c":"","ce":175,"w":"BNP","wn":"BNP","v":[155342,75397,0,0,4302,0],"rest":1658,"tt":236699,"mg":33.8,"to":50.6,"tv":479458},"type":"Polygon","arcs":[[975,976,977,-981,-985]],"id":"feature_236"},{"properties":{"k":"seat|238","cid":238,"t":"seat","n":"Moulavibazar-4","z":"\u09ae\u09cc\u09b2\u09ad\u09c0\u09ac\u09be\u099c\u09be\u09b0-\u09ea","d":"","c":"","ce":163,"w":"BNP","wn":"BNP","v":[169608,53464,33911,0,0,0],"rest":1889,"tt":258872,"mg":44.9,"to":55.9,"tv":483058},"type":"Polygon","arcs":[[978,979,-993,-986,980]],"id":"feature_237"},{"properties":{"k":"seat|239","cid":239,"t":"seat","n":"Hobigonj-1","z":"\u09b9\u09ac\u09bf\u0997\u099e\u09cd\u099c-\u09e7","d":"","c":"","ce":177,"w":"BNP","wn":"BNP","v":[111073,55245,34462,0,0,0],"rest":5883,"tt":206663,"mg":27.0,"to":45.9,"tv":462623},"type":"Polygon","arcs":[[981,982,983,984,985,-996,-992,-989]],"id":"feature_238"},{"properties":{"k":"seat|240","cid":240,"t":"seat","n":"Hobigonj-2","z":"\u09b9\u09ac\u09bf\u0997\u099e\u09cd\u099c-\u09e8","d":"","c":"","ce":150,"w":"BNP","wn":"BNP","v":[125971,0,1829,0,64851,0],"rest":1372,"tt":194023,"mg":31.5,"to":50.8,"tv":391917},"type":"Polygon","arcs":[[986,987,988,-991]],"id":"feature_239"},{"properties":{"k":"seat|241","cid":241,"t":"seat","n":"Hobigonj-3","z":"\u09b9\u09ac\u09bf\u0997\u099e\u09cd\u099c-\u09e9","d":"","c":"","ce":137,"w":"BNP","wn":"BNP","v":[141521,44581,0,5413,0,0],"rest":15438,"tt":206953,"mg":46.8,"to":51.0,"tv":416322},"type":"Polygon","arcs":[[989,990,991,-995,-998]],"id":"feature_240"},{"properties":{"k":"seat|242","cid":242,"t":"seat","n":"Hobigonj-4","z":"\u09b9\u09ac\u09bf\u0997\u099e\u09cd\u099c-\u09ea","d":"","c":"","ce":183,"w":"BNP","wn":"BNP","v":[186678,0,1258,0,25423,0],"rest":85711,"tt":299070,"mg":34.4,"to":56.0,"tv":547747},"type":"Polygon","arcs":[[992,993,-1007,-1003,-999,994,995]],"id":"feature_241"},{"properties":{"k":"seat|243","cid":243,"t":"seat","n":"Brahmanbaria-1","z":"\u09ac\u09cd\u09b0\u09be\u09b9\u09cd\u09ae\u09a3\u09ac\u09be\u09a1\u09bc\u09bf\u09af\u09bc\u09be-\u09e7","d":"","c":"","ce":80,"w":"BNP","wn":"BNP","v":[67783,23888,52841,894,0,0],"rest":402,"tt":145808,"mg":10.2,"to":54.4,"tv":273827},"type":"Polygon","arcs":[[996,997,998,-1002,999]],"id":"feature_242"},{"properties":{"k":"seat|244","cid":244,"t":"seat","n":"Brahmanbaria-2","z":"\u09ac\u09cd\u09b0\u09be\u09b9\u09cd\u09ae\u09a3\u09ac\u09be\u09a1\u09bc\u09bf\u09af\u09bc\u09be-\u09e8","d":"","c":"","ce":151,"w":"Independent","wn":"Independent","v":[79927,18784,130031,3798,0,0],"rest":2135,"tt":234675,"mg":21.4,"to":48.9,"tv":493491},"type":"Polygon","arcs":[[1000,1001,1002,-1006,-1012,1003,1004]],"id":"feature_243"},{"properties":{"k":"seat|245","cid":245,"t":"seat","n":"Brahmanbaria-3","z":"\u09ac\u09cd\u09b0\u09be\u09b9\u09cd\u09ae\u09a3\u09ac\u09be\u09a1\u09bc\u09bf\u09af\u09bc\u09be-\u09e9","d":"","c":"","ce":192,"w":"BNP","wn":"BNP","v":[207454,59567,268,6108,0,0],"rest":8458,"tt":281855,"mg":52.5,"to":47.1,"tv":614904},"type":"Polygon","arcs":[[-1009,-1013,1005,1006,1007]],"id":"feature_244"},{"properties":{"k":"seat|246","cid":246,"t":"seat","n":"Brahmanbaria-4","z":"\u09ac\u09cd\u09b0\u09be\u09b9\u09cd\u09ae\u09a3\u09ac\u09be\u09a1\u09bc\u09bf\u09af\u09bc\u09be-\u09ea","d":"","c":"","ce":130,"w":"BNP","wn":"BNP","v":[138124,87326,0,2209,0,100],"rest":3255,"tt":231014,"mg":22.0,"to":54.3,"tv":434611},"type":"Polygon","arcs":[[1008,1009,-1031,-1025,-1014]],"id":"feature_245"},{"properties":{"k":"seat|247","cid":247,"t":"seat","n":"Brahmanbaria-5","z":"\u09ac\u09cd\u09b0\u09be\u09b9\u09cd\u09ae\u09a3\u09ac\u09be\u09a1\u09bc\u09bf\u09af\u09bc\u09be-\u09eb","d":"","c":"","ce":154,"w":"BNP","wn":"BNP","v":[84761,57749,83995,20588,0,0],"rest":1237,"tt":248330,"mg":0.3,"to":54.6,"tv":466759},"type":"Polygon","arcs":[[1010,1011,1012,1013,-1029,-1017,1014]],"id":"feature_246"},{"properties":{"k":"seat|248","cid":248,"t":"seat","n":"Brahmanbaria-6","z":"\u09ac\u09cd\u09b0\u09be\u09b9\u09cd\u09ae\u09a3\u09ac\u09be\u09a1\u09bc\u09bf\u09af\u09bc\u09be-\u09ec","d":"","c":"","ce":98,"w":"BNP","wn":"BNP","v":[94231,37965,2544,8487,0,287],"rest":2709,"tt":146223,"mg":38.5,"to":52.6,"tv":284531},"type":"Polygon","arcs":[[1015,1016,-1028,-1023,1017]],"id":"feature_247"},{"properties":{"k":"seat|249","cid":249,"t":"seat","n":"Comilla-1","z":"\u0995\u09c1\u09ae\u09bf\u09b2\u09cd\u09b2\u09be-\u09e7","d":"","c":"","ce":145,"w":"BNP","wn":"BNP","v":[140305,90499,201,6389,0,0],"rest":1880,"tt":239274,"mg":20.8,"to":56.8,"tv":430015},"type":"Polygon","arcs":[[1018,1019,1020,-1024,-1026,-1037,-1051,-1055]],"id":"feature_248"},{"properties":{"k":"seat|250","cid":250,"t":"seat","n":"Comilla-2","z":"\u0995\u09c1\u09ae\u09bf\u09b2\u09cd\u09b2\u09be-\u09e8","d":"","c":"","ce":110,"w":"BNP","wn":"BNP","v":[76268,50136,62385,6468,0,0],"rest":1319,"tt":196576,"mg":7.1,"to":54.7,"tv":367775},"type":"Polygon","arcs":[[1021,1022,-1027,1023]],"id":"feature_249"},{"properties":{"k":"seat|251","cid":251,"t":"seat","n":"Comilla-3","z":"\u0995\u09c1\u09ae\u09bf\u09b2\u09cd\u09b2\u09be-\u09e9","d":"","c":"","ce":159,"w":"BNP","wn":"BNP","v":[157800,104906,0,3505,0,218],"rest":1378,"tt":267807,"mg":19.8,"to":56.3,"tv":491227},"type":"Polygon","arcs":[[1024,-1034,-1030,-1038,1025,1026,1027,1028]],"id":"feature_250"},{"properties":{"k":"seat|252","cid":252,"t":"seat","n":"Comilla-4","z":"\u0995\u09c1\u09ae\u09bf\u09b2\u09cd\u09b2\u09be-\u09ea","d":"","c":"","ce":116,"w":"Jamaat","wn":"Jamaat","v":[0,160527,0,2191,239,49644],"rest":414,"tt":213015,"mg":52.1,"to":54.2,"tv":400454},"type":"Polygon","arcs":[[1029,-1033,-1039]],"id":"feature_251"},{"properties":{"k":"seat|253","cid":253,"t":"seat","n":"Comilla-5","z":"\u0995\u09c1\u09ae\u09bf\u09b2\u09cd\u09b2\u09be-\u09eb","d":"","c":"","ce":142,"w":"BNP","wn":"BNP","v":[132538,118198,0,1451,0,0],"rest":3556,"tt":255743,"mg":5.6,"to":56.5,"tv":463839},"type":"Polygon","arcs":[[1030,1031,-1035,-1040,1032,1033]],"id":"feature_252"},{"properties":{"k":"seat|254","cid":254,"t":"seat","n":"Comilla-6","z":"\u0995\u09c1\u09ae\u09bf\u09b2\u09cd\u09b2\u09be-\u09ec","d":"","c":"","ce":196,"w":"BNP","wn":"BNP","v":[199541,114289,0,2414,0,209],"rest":7294,"tt":323747,"mg":26.3,"to":52.6,"tv":632858},"type":"Polygon","arcs":[[1034,1035,-1048,-1045,-1042,-1041]],"id":"feature_253"},{"properties":{"k":"seat|255","cid":255,"t":"seat","n":"Comilla-7","z":"\u0995\u09c1\u09ae\u09bf\u09b2\u09cd\u09b2\u09be-\u09ed","d":"","c":"","ce":105,"w":"Independent","wn":"Independent","v":[47925,0,90819,14080,24597,0],"rest":259,"tt":177680,"mg":24.1,"to":56.4,"tv":323444},"type":"Polygon","arcs":[[1036,1037,1038,1039,1040,-1043,-1052]],"id":"feature_254"},{"properties":{"k":"seat|256","cid":256,"t":"seat","n":"Comilla-8","z":"\u0995\u09c1\u09ae\u09bf\u09b2\u09cd\u09b2\u09be-\u09ee","d":"","c":"","ce":105,"w":"BNP","wn":"BNP","v":[167431,41345,0,2184,0,0],"rest":4503,"tt":215463,"mg":58.5,"to":59.4,"tv":372385},"type":"Polygon","arcs":[[1041,-1047,-1044,-1084,-1053,1042]],"id":"feature_255"},{"properties":{"k":"seat|257","cid":257,"t":"seat","n":"Comilla-9","z":"\u0995\u09c1\u09ae\u09bf\u09b2\u09cd\u09b2\u09be-\u09ef","d":"","c":"","ce":134,"w":"BNP","wn":"BNP","v":[168108,113454,697,7459,0,0],"rest":5198,"tt":294916,"mg":18.5,"to":64.9,"tv":467372},"type":"Polygon","arcs":[[1043,-1046,-1110,-1108,-1085]],"id":"feature_256"},{"properties":{"k":"seat|258","cid":258,"t":"seat","n":"Comilla-10","z":"\u0995\u09c1\u09ae\u09bf\u09b2\u09cd\u09b2\u09be-\u09e7\u09e6","d":"","c":"","ce":152,"w":"BNP","wn":"BNP","v":[161847,116150,0,7762,0,276],"rest":1075,"tt":287110,"mg":15.9,"to":56.7,"tv":522289},"type":"Polygon","arcs":[[1044,-1050,-1094,-1111,1045,1046]],"id":"feature_257"},{"properties":{"k":"seat|259","cid":259,"t":"seat","n":"Comilla-11","z":"\u0995\u09c1\u09ae\u09bf\u09b2\u09cd\u09b2\u09be-\u09e7\u09e7","d":"","c":"","ce":124,"w":"Jamaat","wn":"Jamaat","v":[76638,133308,0,2766,0,0],"rest":1182,"tt":213894,"mg":26.5,"to":55.4,"tv":396390},"type":"Polygon","arcs":[[1047,1048,-1091,-1095,1049]],"id":"feature_258"},{"properties":{"k":"seat|260","cid":260,"t":"seat","n":"Chandpur-1","z":"\u099a\u09be\u0981\u09a6\u09aa\u09c1\u09b0-\u09e7","d":"","c":"","ce":110,"w":"BNP","wn":"BNP","v":[131329,66781,0,0,0,216],"rest":5200,"tt":203526,"mg":31.7,"to":60.0,"tv":348742},"type":"Polygon","arcs":[[1050,1051,1052,-1089,-1056]],"id":"feature_259"},{"properties":{"k":"seat|261","cid":261,"t":"seat","n":"Chandpur-2","z":"\u099a\u09be\u0981\u09a6\u09aa\u09c1\u09b0-\u09e8","d":"","c":"","ce":155,"w":"BNP","wn":"BNP","v":[170583,54733,0,12050,0,306],"rest":2185,"tt":239857,"mg":48.3,"to":49.9,"tv":492377},"type":"MultiPolygon","arcs":[[[1053,1054,1055,-1088,-1075,1056,-1077,1057,1058]],[[1059]],[[1060]]],"id":"feature_260"},{"properties":{"k":"seat|262","cid":262,"t":"seat","n":"Chandpur-3","z":"\u099a\u09be\u0981\u09a6\u09aa\u09c1\u09b0-\u09e9","d":"","c":"","ce":165,"w":"BNP","wn":"BNP","v":[163610,96811,0,14003,0,128],"rest":3158,"tt":277710,"mg":24.1,"to":53.1,"tv":537490},"type":"MultiPolygon","arcs":[[[1061,1062]],[[1063,1064]],[[1065,1066]],[[1067,1068,1069]],[[1070]],[[1071,1072]],[[1073]],[[1074,-1087,-1083,-1176,1075]],[[1076,1077]],[[1078]],[[1079]],[[1080]],[[1081]]],"id":"feature_261"},{"properties":{"k":"seat|263","cid":263,"t":"seat","n":"Chandpur-4","z":"\u099a\u09be\u0981\u09a6\u09aa\u09c1\u09b0-\u09ea","d":"","c":"","ce":118,"w":"Independent","wn":"Independent","v":[67833,62273,73783,5141,0,0],"rest":1003,"tt":210033,"mg":2.8,"to":55.1,"tv":391260},"type":"Polygon","arcs":[[1082,-1086,-1172,-1177]],"id":"feature_262"},{"properties":{"k":"seat|264","cid":264,"t":"seat","n":"Chandpur-5","z":"\u099a\u09be\u0981\u09a6\u09aa\u09c1\u09b0-\u09eb","d":"","c":"","ce":158,"w":"BNP","wn":"BNP","v":[182588,71751,0,6494,0,0],"rest":14930,"tt":275763,"mg":40.2,"to":55.1,"tv":514866},"type":"Polygon","arcs":[[1083,1084,-1109,-1173,1085,1086,1087,1088]],"id":"feature_263"},{"properties":{"k":"seat|265","cid":265,"t":"seat","n":"Feni-1","z":"\u09ab\u09c7\u09a8\u09c0-\u09e7","d":"","c":"","ce":121,"w":"BNP","wn":"BNP","v":[117231,80661,0,5149,0,0],"rest":1592,"tt":204633,"mg":17.9,"to":55.9,"tv":374428},"type":"Polygon","arcs":[[-1201,-1093,1089]],"id":"feature_264"},{"properties":{"k":"seat|266","cid":266,"t":"seat","n":"Feni-2","z":"\u09ab\u09c7\u09a8\u09c0-\u09e8","d":"","c":"","ce":146,"w":"BNP","wn":"BNP","v":[128206,75838,698,6552,0,399],"rest":1843,"tt":213536,"mg":24.5,"to":51.9,"tv":424331},"type":"Polygon","arcs":[[1090,1091,1092,-1210,-1096]],"id":"feature_265"},{"properties":{"k":"seat|267","cid":267,"t":"seat","n":"Feni-3","z":"\u09ab\u09c7\u09a8\u09c0-\u09e9","d":"","c":"","ce":161,"w":"BNP","wn":"BNP","v":[154229,100821,0,6493,0,0],"rest":3204,"tt":264747,"mg":20.2,"to":55.1,"tv":492154},"type":"MultiPolygon","arcs":[[[1093,1094,1095,-1209,1096,-1138,1097,-1140,1098,-1142,1099,-1130,-1112]],[[-1125,1100]],[[1101,-1136]],[[-1134,1102]],[[1103,-1132]],[[-1205,-1144,1104]],[[1105]],[[-1207,1106]]],"id":"feature_266"},{"properties":{"k":"seat|268","cid":268,"t":"seat","n":"Noakhali-1","z":"\u09a8\u09cb\u09af\u09bc\u09be\u0996\u09be\u09b2\u09c0-\u09e7","d":"","c":"","ce":141,"w":"BNP","wn":"BNP","v":[124270,91941,0,18924,0,0],"rest":1960,"tt":237095,"mg":13.6,"to":55.4,"tv":438831},"type":"Polygon","arcs":[[1107,-1113,-1114,-1185,-1179,-1174,1108]],"id":"feature_267"},{"properties":{"k":"seat|269","cid":269,"t":"seat","n":"Noakhali-2","z":"\u09a8\u09cb\u09af\u09bc\u09be\u0996\u09be\u09b2\u09c0-\u09e8","d":"","c":"","ce":111,"w":"BNP","wn":"BNP","v":[82634,63369,44243,6030,0,0],"rest":551,"tt":196827,"mg":9.8,"to":57.6,"tv":350887},"type":"Polygon","arcs":[[1109,1110,1111,-1129,-1115,1112]],"id":"feature_268"},{"properties":{"k":"seat|270","cid":270,"t":"seat","n":"Noakhali-3","z":"\u09a8\u09cb\u09af\u09bc\u09be\u0996\u09be\u09b2\u09c0-\u09e9","d":"","c":"","ce":166,"w":"BNP","wn":"BNP","v":[138937,117824,779,9670,783,0],"rest":738,"tt":268731,"mg":7.9,"to":55.2,"tv":498976},"type":"Polygon","arcs":[[1113,1114,-1128,-1116,-1186]],"id":"feature_269"},{"properties":{"k":"seat|271","cid":271,"t":"seat","n":"Noakhali-4","z":"\u09a8\u09cb\u09af\u09bc\u09be\u0996\u09be\u09b2\u09c0-\u09ea","d":"","c":"","ce":198,"w":"BNP","wn":"BNP","v":[216907,144074,0,14648,0,529],"rest":3638,"tt":379796,"mg":19.2,"to":56.7,"tv":690030},"type":"MultiPolygon","arcs":[[[1115,-1127,1116,-1157,1117,-1197,-1187]],[[-1194,1118,-1155]],[[1119]],[[1120]],[[1121]],[[1122,-1159]],[[1123,-1213]]],"id":"feature_270"},{"properties":{"k":"seat|272","cid":272,"t":"seat","n":"Noakhali-5","z":"\u09a8\u09cb\u09af\u09bc\u09be\u0996\u09be\u09b2\u09c0-\u09eb","d":"","c":"","ce":155,"w":"BNP","wn":"BNP","v":[145876,114710,940,6106,0,0],"rest":7208,"tt":274840,"mg":11.3,"to":57.5,"tv":492203},"type":"MultiPolygon","arcs":[[[1124,1125,1126,1127,1128,1129,1130,1131,1132,1133,1134,1135,1136]],[[1137,1138]],[[1139,1140]],[[1141,1142]],[[1143,-1204,1144]],[[1145,-1215]]],"id":"feature_271"},{"properties":{"k":"seat|273","cid":273,"t":"seat","n":"Noakhali-6","z":"\u09a8\u09cb\u09af\u09bc\u09be\u0996\u09be\u09b2\u09c0-\u09ec","d":"","c":"","ce":104,"w":"Jamaat","wn":"Jamaat","v":[63372,90118,8394,2179,0,191],"rest":2097,"tt":166351,"mg":16.1,"to":51.1,"tv":335765},"type":"MultiPolygon","arcs":[[[1146,1147]],[[1148,1149]],[[1150,1151]],[[1152,1153]],[[1154,1155,-1195]],[[1156,1157]],[[1158,1159]],[[1160]],[[1161]],[[1162]],[[1163]],[[1164]],[[1165,-1192]],[[1166]],[[1167]],[[1168]],[[1169]],[[1170]]],"id":"feature_272"},{"properties":{"k":"seat|274","cid":274,"t":"seat","n":"Lakshmipur-1","z":"\u09b2\u0995\u09cd\u09b7\u09cd\u09ae\u09c0\u09aa\u09c1\u09b0-\u09e7","d":"","c":"","ce":93,"w":"BNP","wn":"BNP","v":[85457,56437,0,10880,0,114],"rest":712,"tt":153600,"mg":18.9,"to":57.6,"tv":274261},"type":"Polygon","arcs":[[1171,1172,1173,-1178]],"id":"feature_273"},{"properties":{"k":"seat|275","cid":275,"t":"seat","n":"Lakshmipur-2","z":"\u09b2\u0995\u09cd\u09b7\u09cd\u09ae\u09c0\u09aa\u09c1\u09b0-\u09e8","d":"","c":"","ce":151,"w":"BNP","wn":"BNP","v":[145124,127949,0,6670,0,424],"rest":2313,"tt":282480,"mg":6.1,"to":59.9,"tv":483962},"type":"MultiPolygon","arcs":[[[1174,1175,1176,1177,1178,-1189,1179]],[[1180]],[[1181]],[[1182]],[[1183]]],"id":"feature_274"},{"properties":{"k":"seat|276","cid":276,"t":"seat","n":"Lakshmipur-3","z":"\u09b2\u0995\u09cd\u09b7\u09cd\u09ae\u09c0\u09aa\u09c1\u09b0-\u09e9","d":"","c":"","ce":130,"w":"BNP","wn":"BNP","v":[133765,117779,0,4971,0,0],"rest":2075,"tt":258590,"mg":6.2,"to":61.0,"tv":434605},"type":"Polygon","arcs":[[1184,1185,1186,-1199,1187,1188]],"id":"feature_275"},{"properties":{"k":"seat|277","cid":277,"t":"seat","n":"Lakshmipur-4","z":"\u09b2\u0995\u09cd\u09b7\u09cd\u09ae\u09c0\u09aa\u09c1\u09b0-\u09ea","d":"","c":"","ce":122,"w":"BNP","wn":"BNP","v":[113725,71159,1225,20795,0,257],"rest":22333,"tt":229494,"mg":18.5,"to":57.3,"tv":412291},"type":"MultiPolygon","arcs":[[[1189,1190,1191,1192]],[[1193,1194,1195]],[[1196,1197,1198]],[[1199]]],"id":"feature_276"},{"properties":{"k":"seat|278","cid":278,"t":"seat","n":"Chittagong-1","z":"\u099a\u099f\u09cd\u099f\u0997\u09cd\u09b0\u09be\u09ae-\u09e7","d":"","c":"","ce":106,"w":"BNP","wn":"BNP","v":[127645,81227,0,2064,0,0],"rest":2907,"tt":213843,"mg":21.7,"to":57.7,"tv":380099},"type":"Polygon","arcs":[[1200,1201,-1211,-1218,1202,1203,1204,1205,1206,1207,1208,1209]],"id":"feature_277"},{"properties":{"k":"seat|279","cid":279,"t":"seat","n":"Chittagong-2","z":"\u099a\u099f\u09cd\u099f\u0997\u09cd\u09b0\u09be\u09ae-\u09e8","d":"","c":"","ce":0,"w":"NoResult","wn":"NoResult","v":[0,0,0,0,0,0],"rest":0,"tt":0,"mg":0,"to":null,"tv":0},"type":"Polygon","arcs":[[1210,1211,-1300,-1305,-1225,-1221,-1219]],"id":"feature_278"},{"properties":{"k":"seat|280","cid":280,"t":"seat","n":"Chittagong-3","z":"\u099a\u099f\u09cd\u099f\u0997\u09cd\u09b0\u09be\u09ae-\u09e9","d":"","c":"","ce":83,"w":"BNP","wn":"BNP","v":[72353,37157,292,5055,0,0],"rest":0,"tt":114857,"mg":30.6,"to":46.0,"tv":255700},"type":"MultiPolygon","arcs":[[[1212,1213]],[[1214,1215]],[[1216]]],"id":"feature_279"},{"properties":{"k":"seat|281","cid":281,"t":"seat","n":"Chittagong-4","z":"\u099a\u099f\u09cd\u099f\u0997\u09cd\u09b0\u09be\u09ae-\u09ea","d":"","c":"","ce":0,"w":"NoResult","wn":"NoResult","v":[0,0,0,0,0,0],"rest":0,"tt":0,"mg":0,"to":null,"tv":0},"type":"Polygon","arcs":[[1217,1218,-1223,-1239,1219]],"id":"feature_280"},{"properties":{"k":"seat|282","cid":282,"t":"seat","n":"Chittagong-5","z":"\u099a\u099f\u09cd\u099f\u0997\u09cd\u09b0\u09be\u09ae-\u09eb","d":"","c":"","ce":143,"w":"BNP","wn":"BNP","v":[145392,44630,1091,2332,0,0],"rest":15443,"tt":208888,"mg":48.2,"to":43.2,"tv":495145},"type":"MultiPolygon","arcs":[[[1220,-1230,1221,-1233,-1240,1222]],[[-1227,1223,-1228]]],"id":"feature_281"},{"properties":{"k":"seat|283","cid":283,"t":"seat","n":"Chittagong-6","z":"\u099a\u099f\u09cd\u099f\u0997\u09cd\u09b0\u09be\u09ae-\u09ec","d":"","c":"","ce":95,"w":"BNP","wn":"BNP","v":[111201,21013,0,0,0,0],"rest":27516,"tt":159730,"mg":52.9,"to":48.8,"tv":335990},"type":"Polygon","arcs":[[1224,-1304,-1231,1225,1226,1227,1228,1229]],"id":"feature_282"},{"properties":{"k":"seat|284","cid":284,"t":"seat","n":"Chittagong-7","z":"\u099a\u099f\u09cd\u099f\u0997\u09cd\u09b0\u09be\u09ae-\u09ed","d":"","c":"","ce":92,"w":"BNP","wn":"BNP","v":[100242,39485,0,1259,0,128],"rest":30614,"tt":171728,"mg":35.4,"to":56.0,"tv":313164},"type":"Polygon","arcs":[[1230,-1303,-1306,-1253,-1247,-1235,1231]],"id":"feature_283"},{"properties":{"k":"seat|285","cid":285,"t":"seat","n":"Chittagong-8","z":"\u099a\u099f\u09cd\u099f\u0997\u09cd\u09b0\u09be\u09ae-\u09ee","d":"","c":"","ce":179,"w":"BNP","wn":"BNP","v":[151737,52033,0,1188,0,0],"rest":45893,"tt":250851,"mg":39.7,"to":46.8,"tv":549133},"type":"MultiPolygon","arcs":[[[1232,1233,-1237,-1241]],[[1234,-1249,1235]]],"id":"feature_284"},{"properties":{"k":"seat|286","cid":286,"t":"seat","n":"Chittagong-9","z":"\u099a\u099f\u09cd\u099f\u0997\u09cd\u09b0\u09be\u09ae-\u09ef","d":"","c":"","ce":121,"w":"BNP","wn":"BNP","v":[108522,52382,0,925,0,0],"rest":6562,"tt":168391,"mg":33.3,"to":41.8,"tv":412535},"type":"Polygon","arcs":[[1236,1237,-1244,-1242]],"id":"feature_285"},{"properties":{"k":"seat|287","cid":287,"t":"seat","n":"Chittagong-10","z":"\u099a\u099f\u09cd\u099f\u0997\u09cd\u09b0\u09be\u09ae-\u09e7\u09e6","d":"","c":"","ce":139,"w":"BNP","wn":"BNP","v":[121391,74707,339,3818,0,0],"rest":4876,"tt":205131,"mg":22.8,"to":43.2,"tv":486308},"type":"Polygon","arcs":[[1238,1239,1240,1241,-1246,1242]],"id":"feature_286"},{"properties":{"k":"seat|288","cid":288,"t":"seat","n":"Chittagong-11","z":"\u099a\u099f\u09cd\u099f\u0997\u09cd\u09b0\u09be\u09ae-\u09e7\u09e7","d":"","c":"","ce":143,"w":"BNP","wn":"BNP","v":[114995,73632,170,2511,0,102],"rest":6907,"tt":198317,"mg":20.9,"to":41.4,"tv":489336},"type":"Polygon","arcs":[[1243,1244,1245]],"id":"feature_287"},{"properties":{"k":"seat|289","cid":289,"t":"seat","n":"Chittagong-12","z":"\u099a\u099f\u09cd\u099f\u0997\u09cd\u09b0\u09be\u09ae-\u09e7\u09e8","d":"","c":"","ce":113,"w":"BNP","wn":"BNP","v":[134080,20942,235,879,0,0],"rest":30527,"tt":186663,"mg":56.4,"to":54.8,"tv":349495},"type":"Polygon","arcs":[[1246,-1257,-1250,1247,1248]],"id":"feature_288"},{"properties":{"k":"seat|290","cid":290,"t":"seat","n":"Chittagong-13","z":"\u099a\u099f\u09cd\u099f\u0997\u09cd\u09b0\u09be\u09ae-\u09e7\u09e9","d":"","c":"","ce":118,"w":"BNP","wn":"BNP","v":[125460,34035,0,0,0,168],"rest":51883,"tt":211546,"mg":35.2,"to":55.8,"tv":392033},"type":"Polygon","arcs":[[1249,-1256,1250,-1265,1251]],"id":"feature_289"},{"properties":{"k":"seat|291","cid":291,"t":"seat","n":"Chittagong-14","z":"\u099a\u099f\u09cd\u099f\u0997\u09cd\u09b0\u09be\u09ae-\u09e7\u09ea","d":"","c":"","ce":100,"w":"BNP","wn":"BNP","v":[75779,72943,4749,1499,0,0],"rest":23052,"tt":178022,"mg":1.6,"to":59.2,"tv":308240},"type":"Polygon","arcs":[[1252,-1313,-1258,1253,-1260,1254,1255,1256]],"id":"feature_290"},{"properties":{"k":"seat|292","cid":292,"t":"seat","n":"Chittagong-15","z":"\u099a\u099f\u09cd\u099f\u0997\u09cd\u09b0\u09be\u09ae-\u09e7\u09eb","d":"","c":"","ce":157,"w":"Jamaat","wn":"Jamaat","v":[129300,171689,0,2873,0,0],"rest":0,"tt":303862,"mg":14.0,"to":62.9,"tv":491786},"type":"MultiPolygon","arcs":[[[1257,-1312,-1267,-1263,1258]],[[1259,1260]]],"id":"feature_291"},{"properties":{"k":"seat|293","cid":293,"t":"seat","n":"Chittagong-16","z":"\u099a\u099f\u09cd\u099f\u0997\u09cd\u09b0\u09be\u09ae-\u09e7\u09ec","d":"","c":"","ce":112,"w":"Jamaat","wn":"Jamaat","v":[82237,89960,55071,3978,0,241],"rest":915,"tt":232402,"mg":3.3,"to":58.6,"tv":404559},"type":"MultiPolygon","arcs":[[[1261,1262,-1273,1263]],[[1264,1265]]],"id":"feature_292"},{"properties":{"k":"seat|294","cid":294,"t":"seat","n":"Coxs Bazar-1","z":"\u0995\u0995\u09cd\u09b8\u09ac\u09be\u099c\u09be\u09b0-\u09e7","d":"","c":"","ce":177,"w":"BNP","wn":"BNP","v":[219758,125311,0,4471,0,0],"rest":0,"tt":349540,"mg":27.0,"to":67.0,"tv":530855},"type":"MultiPolygon","arcs":[[[1266,-1311,-1288,-1275,1267,-1277,1268,-1279,1269,-1281,1270,-1283,1271,1272]],[[1273]],[[1313]]],"id":"feature_293"},{"properties":{"k":"seat|295","cid":295,"t":"seat","n":"Coxs Bazar-2","z":"\u0995\u0995\u09cd\u09b8\u09ac\u09be\u099c\u09be\u09b0-\u09e8","d":"","c":"","ce":124,"w":"BNP","wn":"BNP","v":[124660,89817,0,8751,0,193],"rest":749,"tt":224170,"mg":15.5,"to":59.9,"tv":383639},"type":"MultiPolygon","arcs":[[[1274,-1292,1275]],[[1276,1277]],[[1278,1279]],[[1280,1281]],[[1282,1283]],[[1284]],[[1285]],[[-1290,1286]]],"id":"feature_294"},{"properties":{"k":"seat|296","cid":296,"t":"seat","n":"Coxs Bazar-3","z":"\u0995\u0995\u09cd\u09b8\u09ac\u09be\u099c\u09be\u09b0-\u09e9","d":"","c":"","ce":182,"w":"BNP","wn":"BNP","v":[180507,156019,937,5088,0,0],"rest":935,"tt":343486,"mg":7.1,"to":65.2,"tv":535046},"type":"MultiPolygon","arcs":[[[1287,-1310,-1295,1288,1289,1290,1291]],[[-1297,1292]]],"id":"feature_295"},{"properties":{"k":"seat|297","cid":297,"t":"seat","n":"Coxs Bazar-4","z":"\u0995\u0995\u09cd\u09b8\u09ac\u09be\u099c\u09be\u09b0-\u09ea","d":"","c":"","ce":115,"w":"BNP","wn":"BNP","v":[123021,120096,0,4293,0,0],"rest":372,"tt":247782,"mg":1.2,"to":67.9,"tv":371822},"type":"MultiPolygon","arcs":[[[1293,1294,-1309,1295,1296]],[[1297]]],"id":"feature_296"},{"properties":{"k":"seat|298","cid":298,"t":"seat","n":"Khagrachhari","z":"\u0996\u09be\u0997\u09a1\u09bc\u09be\u099b\u09a1\u09bc\u09bf","d":"","c":"","ce":203,"w":"BNP","wn":"BNP","v":[149149,56509,115902,3036,0,746],"rest":2817,"tt":328159,"mg":10.1,"to":61.8,"tv":547042},"type":"Polygon","arcs":[[1298,-1301,1299]],"id":"feature_297"},{"properties":{"k":"seat|299","cid":299,"t":"seat","n":"Rangamati","z":"\u09b0\u09be\u0999\u09cd\u0997\u09be\u09ae\u09be\u099f\u09bf","d":"","c":"","ce":213,"w":"BNP","wn":"BNP","v":[199855,21776,30996,3566,0,443],"rest":3962,"tt":260598,"mg":64.8,"to":53.6,"tv":503907},"type":"Polygon","arcs":[[1300,1301,-1307,1302,1303,1304]],"id":"feature_298"},{"properties":{"k":"seat|300","cid":300,"t":"seat","n":"Bandarban","z":"\u09ac\u09be\u09a8\u09cd\u09a6\u09b0\u09ac\u09be\u09a8","d":"","c":"","ce":186,"w":"BNP","wn":"BNP","v":[139231,25124,0,4629,0,0],"rest":2368,"tt":171352,"mg":66.6,"to":57.1,"tv":310729},"type":"Polygon","arcs":[[1305,1306,1307,1308,1309,1310,1311,1312],[1313]],"id":"feature_299"}],"type":"GeometryCollection"}},"bbox":[88.00816939551565,20.616788454060533,92.67810023573736,26.63180022257338],"transform":{"scale":[4.66997753999711e-05,6.015071919232038e-05],"translate":[88.00816939551565,20.616788454060533]},"arcs":[[[6677,92872],[232,217],[409,70],[203,368],[-232,162],[8,436],[419,369],[331,218],[385,68],[229,329],[487,-21],[182,408],[285,94],[491,-266],[171,134],[422,59],[131,-156],[183,116],[-211,294],[52,121],[-436,406],[-123,327],[65,148],[-159,375],[-480,92],[-467,-14],[-258,132],[-271,-63],[-227,189],[-343,-33],[-352,160],[-262,-107],[90,-206],[-65,-248],[-190,-57],[-119,292],[-136,6],[-201,259],[19,144],[299,213],[258,379],[-17,220],[280,294],[17,284],[129,325],[221,91],[49,216],[194,199],[364,84],[22,-332],[115,-496],[-22,-206],[217,-335],[359,-231],[308,143],[462,-41],[121,-165],[-3,-337],[385,68],[233,-74],[-5,-153],[191,-349],[615,72],[74,-390],[122,-65],[634,-93],[22,311],[565,1],[114,-491],[-42,-131],[546,-127],[528,-411],[386,-744],[34,-196],[310,-168],[78,170],[262,-16],[247,167],[265,0],[92,-245],[160,-92],[-96,-383],[-201,15]],[[11650,92446],[43,6]],[[11561,92448],[21,-1]],[[11473,92502],[33,-20]],[[11477,92511],[-5,-6]],[[11534,92540],[-18,-2]],[[11542,92620],[-6,-19]],[[11537,92629],[0,0]],[[11693,92452],[421,220],[395,52],[-186,383],[-462,13],[-284,65],[-175,92],[-349,-84],[-132,-1],[-132,38],[-234,110],[-161,-13],[-343,55],[-154,300],[-75,246],[163,177],[97,-109],[185,42],[244,-98],[0,-27],[145,11],[74,43],[419,20],[-178,162],[99,92],[-50,76],[74,8],[149,-48],[59,10],[113,80],[95,36],[61,13],[140,-39],[22,123],[236,85],[24,56],[78,46],[122,24],[109,-53],[222,157],[204,-177],[183,-1],[32,36],[22,-31],[184,22],[90,182],[147,62],[69,-2],[15,103],[26,4],[177,-20],[213,-202],[46,34],[111,2],[273,-108],[52,39],[82,-60],[-9,-145],[291,-254],[54,-7],[93,49],[113,-48],[-157,-78],[-280,-27],[-4,-30],[74,-43],[298,52],[178,-1],[161,26],[-20,158],[215,-31],[-5,33],[152,22],[106,-39],[66,33],[55,307]],[[15831,94675],[261,-103],[135,-306]],[[11537,92629],[5,-9]],[[11542,92620],[-6,-19]],[[11536,92601],[-2,-61]],[[11534,92540],[-18,-2]],[[11516,92538],[-39,-27]],[[11477,92511],[-5,-6]],[[11472,92505],[1,-3]],[[11473,92502],[33,-20]],[[11506,92482],[51,-12],[4,-22]],[[11561,92448],[21,-1]],[[11582,92447],[68,-1]],[[11650,92446],[43,6]],[[11693,92452],[31,-40],[104,-22],[-42,-67],[149,-129],[-38,-31],[184,-130],[156,-33],[71,-50],[9,-53],[403,-44],[297,-185],[186,-201],[30,-84],[203,-257],[113,-207],[-97,-233],[-248,-240]],[[7707,92457],[298,51],[46,314],[350,-24],[315,77],[722,-121],[390,-28],[254,160],[526,-20],[357,-162],[59,-226],[354,71],[159,80]],[[6677,92872],[316,-267],[714,-148]],[[7707,92457],[-343,-374],[-395,-332],[174,-44],[34,-215],[353,42],[-275,-348],[-364,-121],[-268,-276],[32,-433],[-320,-327],[5,-346],[65,-171]],[[4944,86629],[-9,-185],[30,-124],[-343,-189],[-192,56],[-128,-212],[-199,32],[-137,192],[-198,0],[-244,-244],[-281,14],[-99,-175],[-277,88],[-73,236],[-515,27],[115,230],[-405,277],[144,110],[-29,160],[156,123],[-150,249],[-279,108],[196,251],[-279,147],[22,481],[181,137],[248,-28],[31,167],[212,78],[-169,160],[199,129],[154,396],[-24,123],[302,68],[-42,225],[476,114],[160,162],[133,351],[163,176],[-75,180],[-199,41],[-306,329],[146,210],[159,36],[124,208],[-23,404],[409,193],[572,118],[231,232],[294,171],[270,-61],[307,23],[246,202],[286,-39],[196,102],[246,-16]],[[6405,89512],[271,-125],[88,98],[288,-135],[5,-132],[208,-76],[366,-89],[141,109],[273,-123],[-55,-162],[226,-150],[189,165],[390,39],[350,-164],[112,-365],[161,-141],[-119,-168],[149,-186],[157,161],[448,18],[138,102],[372,-18]],[[9003,83998],[-575,52],[71,183],[-315,10],[25,151],[-456,134],[99,187],[-338,235],[-321,51],[-135,135],[-372,121],[-152,167],[-301,90],[-190,220],[-249,6],[-221,110],[75,185],[-54,262],[-183,87],[-257,-12],[-44,-101],[-160,112],[-6,246]],[[4944,86629],[-152,168],[-414,-84],[-472,339],[66,383],[194,175],[-246,64],[94,353],[-238,21],[-54,204],[306,79],[72,133],[-215,200],[241,18],[515,448],[136,249],[245,-30],[78,440],[418,82],[166,-56],[-165,-309],[105,-142],[388,-22],[82,180],[138,41],[173,-51]],[[13204,90446],[121,-125],[293,-81],[523,-513],[667,40],[11,-135],[259,3]],[[10464,87938],[216,105],[-117,127]],[[10563,88170],[96,234],[385,314],[241,-15],[55,181],[-204,276],[8,176],[307,185],[19,268],[427,142],[517,-83],[138,166],[255,60],[55,330],[342,42]],[[9003,83998],[-5,276],[156,159],[6,241],[-233,234],[-252,131],[-241,-45],[-203,227],[-126,335],[25,229],[-90,183],[143,428],[-71,81],[-20,342],[232,47],[242,459],[761,35],[11,-148],[303,-22],[471,49],[108,95],[-156,418],[43,153],[357,33]],[[10464,87938],[127,-361],[200,-156],[-198,-111],[-33,-191],[333,-449],[-138,-306],[-78,-589],[409,-68],[96,-209],[218,76],[465,-80],[394,-185],[606,-72],[206,42],[564,-111]],[[11985,81418],[-173,-22],[-481,136],[65,147],[-450,244],[-414,104],[-136,140],[132,413],[-340,37],[-329,-37],[-58,132],[-383,153],[-63,221],[183,209],[50,282],[-38,322],[-547,99]],[[13635,85168],[229,135],[412,-25],[252,205],[210,66],[289,448]],[[16075,81607],[24,-224],[199,-196],[-97,-96],[-397,-31],[-87,194],[-619,-89],[-109,-126],[-22,-239],[-938,-56],[-61,138],[-300,-65],[-34,337],[-455,-23],[-82,117],[-363,192],[-100,-148],[-554,43],[-95,83]],[[11985,81418],[277,11],[63,248],[185,264],[-115,165],[14,223],[374,23],[-32,348],[197,-18],[50,182],[242,170],[-166,234],[89,193],[-44,309],[156,221],[-153,95],[167,165],[5,525],[295,226],[46,166]],[[15078,89635],[300,146],[203,-17]],[[17010,81590],[-348,-127],[-208,-9],[-379,153]],[[16075,81607],[-48,304],[-196,147],[-181,287],[146,109],[-61,155],[-259,-47],[-124,149],[-297,-2],[-211,353],[238,575],[50,299],[320,127],[-132,346],[192,183],[-16,147],[188,105],[26,216],[-233,340],[87,285],[-226,84],[-311,228]],[[15027,85997],[33,138],[269,356],[235,82],[-34,280],[-183,294],[-72,382],[106,258],[9,451],[-197,-9],[40,268],[-78,259],[48,344],[95,198],[-218,222],[-2,115]],[[17010,81590],[-13,118],[311,77],[371,-87],[64,202],[-113,158],[-19,315],[-162,325],[94,232],[-252,141],[-18,422],[83,273],[134,9],[6,255],[214,149],[-86,143],[222,149],[-39,292],[267,261],[234,-13],[288,209],[-31,120],[-319,145],[-136,309]],[[17851,79409],[-87,144],[-280,-19],[-86,251],[209,33],[90,160],[-187,266],[265,181],[-19,298],[-168,296],[-354,-4],[-82,162],[27,389],[-169,24]],[[17851,79409],[805,-19],[-37,147],[932,38],[207,66],[224,-210],[519,299],[140,127],[47,252],[139,-6],[161,248],[-94,245],[-284,161],[201,152],[26,226],[185,231],[23,336],[218,151],[169,-21],[820,109],[231,-226],[133,-17],[79,332],[299,164],[286,-150]],[[21448,77311],[-76,124],[52,392],[-342,-39],[-175,160],[-854,-69],[-605,184],[-188,232],[-19,193],[-652,-16],[-194,103],[49,159],[-257,26],[-408,238],[72,411]],[[16417,90403],[108,179],[-90,153],[-309,147],[171,107],[130,279],[318,305],[-135,121],[21,403],[-139,154],[77,251],[244,125],[70,168],[-56,375],[-389,288],[-272,-49],[-71,333],[103,283],[29,241]],[[16227,94266],[-71,209],[446,76],[193,97],[200,-39],[372,-221],[-155,-244],[75,-399],[253,-108],[3,-151],[235,-136],[332,56],[508,-24],[-218,266],[-132,47],[9,357],[298,210],[904,22],[263,-153],[488,-609],[235,-53],[328,92],[905,-4]],[[15581,89764],[308,199],[447,437],[81,3]],[[16417,90403],[201,21],[240,-181],[163,0],[268,-216],[621,93],[-91,158],[497,139]],[[17910,86345],[-351,34],[-39,354],[-138,168],[96,246],[-129,116],[-80,247],[-263,307],[-82,485],[-496,195],[-434,13],[-130,132],[-114,320],[52,289],[-186,288],[-35,225]],[[18316,90417],[161,-16],[-109,461],[260,84],[-23,152],[155,146],[-11,244],[570,-136],[217,-103],[417,-43],[685,-159],[413,-237],[531,-147],[116,296],[355,29],[318,-158],[445,165],[364,-2]],[[20517,88884],[-236,124],[-287,-113],[-341,306],[-258,60],[58,126],[-331,139],[-232,15],[-56,214],[-210,143],[35,468],[-343,51]],[[18110,85794],[-208,254],[8,297]],[[17910,86345],[243,115],[318,-31],[218,105],[-33,183],[135,198],[236,66],[456,-85],[205,125],[15,196],[452,-98],[24,425],[265,602],[0,175],[212,196],[-25,274],[-114,93]],[[20517,88884],[466,-10],[224,102],[754,87],[21,-120],[267,-87],[391,-21],[92,-90],[363,38],[466,153]],[[19979,85108],[-364,47],[-677,-12],[-98,63],[-101,506],[-409,-4],[-220,86]],[[23180,90993],[10,432],[232,77],[-120,477],[-409,361],[-335,-18],[-200,103],[-221,-2],[-201,299],[89,573],[-259,76],[-68,186]],[[21698,93557],[335,43],[175,-103],[120,236],[245,66],[-41,530],[-301,80],[-43,-339],[-201,145],[-321,101],[-94,206],[-193,33],[-142,-224],[-375,325],[335,213],[-4,139],[-301,89],[49,193],[-535,52],[25,-267],[-225,-53],[-127,185],[102,176],[-772,177],[-119,242],[156,85],[29,300],[176,58],[12,422],[359,-115],[174,139],[-98,234],[241,112],[368,-85],[172,-191],[-51,-212],[242,-110],[153,73],[206,-151],[200,38],[414,-257],[615,4],[192,-70],[256,29],[98,-143],[-97,-389],[188,-90],[87,-358],[-314,-296],[427,88],[235,-99],[402,12],[19,-220],[-342,-346],[-233,295],[-154,-356],[491,-330],[-92,-194],[328,-258],[258,-472],[-166,-143],[-92,-277],[101,-221],[177,6],[138,-174],[-139,-98],[117,-201],[240,-157],[334,-73],[464,16],[527,-80],[306,-319],[218,-47],[302,-226],[-188,-124],[-57,-210],[355,-120],[131,-182]],[[23845,89323],[-354,460],[-24,173],[-247,562],[178,265],[-218,210]],[[19775,95029],[185,-182],[251,-78],[204,-194],[-1,-171],[280,21],[131,-219],[-225,-85],[-410,-40],[-325,267],[-224,22],[-42,312],[-103,236],[279,111]],[[24305,88949],[-411,260],[-49,114]],[[23845,89323],[147,-39],[278,200],[-174,431],[642,-17],[-19,285],[312,263],[193,28],[228,-117],[236,112],[196,-224],[304,-111],[176,-298],[769,155],[42,328]],[[27175,90319],[443,-3],[586,-211],[287,-309],[395,-157],[316,41],[399,-40],[17,241],[262,84],[101,226],[372,62],[184,-230],[-117,-315],[442,-90],[178,-107]],[[28424,87021],[17,126],[310,55],[114,194],[506,33],[409,392],[228,22],[122,180],[111,115],[-147,86],[119,25],[4,-26],[387,108],[-36,17],[35,446],[-108,155],[177,104],[-1,387],[369,71]],[[31040,89511],[473,-65],[-95,-266]],[[23561,88936],[271,24],[120,-88],[353,77]],[[24305,88949],[178,-111],[438,-80],[263,17],[372,-177],[252,-307],[498,-378],[505,-116],[128,-121],[368,96],[297,-325],[439,-309],[381,-117]],[[28424,87021],[10,-227],[296,-172]],[[23155,86804],[21,167],[244,56],[-92,168],[139,230],[295,182],[-411,350],[119,294],[-35,255],[180,350],[-54,80]],[[23280,82044],[204,219],[-380,126],[-326,220],[-271,67],[-284,-117],[-128,302],[-119,51],[-474,-21],[-129,272],[-276,104],[114,140],[-201,140],[200,124],[-133,175],[-292,-34],[-83,204],[-262,72],[-24,148],[-525,48],[-16,242],[-138,111],[-44,266],[247,53],[39,152]],[[19979,85108],[280,122],[-75,189],[-167,5],[94,392],[278,147],[-265,391],[379,42],[407,-78],[98,85],[325,1],[220,83],[713,12],[176,232],[211,48],[550,-118]],[[23419,81795],[-139,249]],[[23203,86661],[-48,143]],[[23155,86804],[322,-5],[261,247],[71,161],[291,-76],[-76,-257],[379,-66],[601,-330],[-189,-165],[61,-227],[208,-102],[243,63],[361,-100],[-58,-149],[150,-112],[-106,-203],[277,211],[-40,187],[331,-18],[11,-121],[347,-24],[610,-406],[211,39],[173,-91]],[[24615,83954],[33,399],[-145,61],[-1,201],[-295,137],[-170,158],[-431,48],[-260,-168],[-242,-33],[-104,194],[402,189],[-137,242],[76,355],[132,96],[60,609],[-330,219]],[[28730,86622],[437,-184],[339,-222],[661,-79],[250,-70],[631,-45]],[[27998,83971],[182,283],[-407,180],[125,116],[36,9],[28,-31],[48,10],[-2,24],[31,8],[-5,55],[86,6],[63,93],[-178,38],[-177,101],[84,240],[-318,157]],[[27594,85260],[86,168],[206,605],[124,192],[-44,156],[-35,22],[66,36],[67,-4],[666,187]],[[24357,80096],[-311,96],[-173,332],[-412,292],[-45,257],[68,292],[-65,430]],[[23419,81795],[204,254],[375,258],[289,118],[-55,328],[-124,269],[206,209],[-267,101],[-9,187],[189,418],[388,17]],[[24615,83954],[661,-183],[598,27],[146,147],[197,-14],[110,195],[159,-150],[235,47],[136,143],[416,64],[725,-259]],[[27998,83971],[68,-91],[341,-83],[168,56],[420,-38],[-42,-314],[344,-51],[329,-319],[40,-443],[-169,-252],[43,-165],[331,-149],[134,44]],[[27311,77877],[-396,220],[-515,65],[94,174],[-287,156],[175,247],[-100,327],[-208,-46],[-415,312],[-524,166],[-529,87],[-192,158],[56,227],[-113,126]],[[24357,80096],[195,241],[-20,297],[-226,257],[37,164],[491,95],[56,164],[227,-38],[401,110],[452,-125],[319,32],[183,89],[49,179],[399,-139],[464,38],[202,-129],[151,149],[326,-60],[-35,-200],[335,68],[137,-115],[624,5],[182,58],[184,-167],[440,-179],[24,-212]],[[33989,90096],[47,133],[503,160],[205,144],[391,61],[-267,132],[-83,126],[-75,422],[-270,-55],[-251,-169],[-101,219],[380,20],[-28,203],[-400,202],[-43,119],[174,280],[194,91],[-20,267],[523,15],[47,-196],[236,47],[121,191],[-348,305],[-105,484],[461,-161],[344,16],[104,219],[259,-176],[-337,-309],[482,-580],[-231,-128],[497,-123],[758,79],[206,-155],[41,-181],[175,-24],[61,-205],[-213,-187],[324,-156],[297,10],[-73,-340],[325,-147],[-22,-173],[-202,-116],[-108,-275],[642,0],[82,-331],[137,-214],[-116,-228],[122,-148],[310,-56],[-132,356],[285,52],[161,-290],[329,-114],[109,-157],[-354,-84],[-285,33],[115,-231],[-325,-28],[-145,-146],[503,-55],[623,65],[197,-21],[-176,-353],[-382,-286],[-262,-309],[-347,-299],[33,-237]],[[31048,86022],[23,369],[-51,236],[594,142],[80,-284],[266,-124],[409,-5],[18,143],[285,59],[48,163],[-43,534],[390,-83],[117,276],[352,64],[-642,138],[-246,162],[-97,266],[-231,24],[-123,280],[25,149],[-203,456],[-416,-127],[-185,173],[0,147]],[[31418,89180],[176,145],[180,274],[315,-79],[140,83],[569,-13],[-46,-210],[100,-167],[-94,-156],[257,-129],[280,79],[321,-27],[165,158],[3,313],[-140,81],[-38,379],[251,221],[132,-36]],[[33989,90096],[241,-42],[118,-194],[107,-439],[-37,-241],[316,-124],[-168,-135],[151,-299],[513,-285],[-120,-197],[-201,-96],[264,-164],[407,228],[218,-135],[175,-214],[-309,-110],[147,-184],[303,85],[709,-19],[227,-252],[337,-125],[33,-124],[559,57],[112,-49],[396,127],[604,-61]],[[39091,87104],[22,-263],[-350,-354]],[[32112,84850],[-334,-60],[-159,232],[273,50],[14,299],[-382,75],[-14,138],[-359,399],[-103,39]],[[32625,83570],[-248,104],[-127,300],[119,265],[-144,298],[38,119],[-151,194]],[[32112,84850],[325,179],[268,66],[-4,-187],[869,21],[171,108],[230,-21],[184,156],[301,11],[317,349],[381,34],[-5,-122],[553,-115],[257,145],[29,287],[572,137],[263,-129],[697,-143],[365,29],[234,163],[644,669]],[[38763,86487],[158,-131],[73,-242],[202,-347],[55,-274],[-302,-318],[117,-340]],[[34628,82196],[238,315],[302,99],[85,258],[-274,61],[261,226],[37,380],[250,-70],[293,212],[72,150],[379,55],[730,-568],[252,45],[459,214],[156,374],[-118,97],[51,227],[190,172],[200,12],[-52,-235],[259,-33],[211,142],[248,434],[209,72]],[[39066,84835],[362,-79],[63,-128],[-115,-194],[251,-257],[129,-270],[140,-28],[213,-494],[24,-264],[-195,-479],[51,-117],[-181,-331],[-82,-303],[-259,-67],[188,-348],[-115,-328],[-112,-67],[51,-452],[-242,-216],[-170,-248],[-148,-390]],[[30005,82166],[115,511],[295,-6],[321,-84],[434,221],[647,-282],[-93,384],[671,326],[48,210],[182,124]],[[32625,83570],[406,-206],[60,-132],[-66,-297],[-168,-96],[-58,-174],[626,-106],[244,-303],[319,-145],[440,164],[200,-79]],[[34628,82196],[251,-215],[570,-275],[647,-71],[-270,-165],[-17,-179],[267,-145],[-37,-155],[-462,4],[-43,-64],[318,-225],[-48,-112],[462,33],[50,-208],[-196,-386],[113,-201],[-48,-171]],[[30762,81060],[-84,143],[0,441],[-353,137],[-163,-27],[-287,186],[130,226]],[[36185,79661],[-49,-190],[125,-113],[771,136],[122,-136],[-55,-248]],[[32145,80132],[552,64],[198,-60],[339,149],[182,3],[181,-160],[265,-42],[145,-186],[321,-8],[63,-149],[486,-191],[639,-76],[246,138],[423,47]],[[27728,76664],[-293,239],[-58,223],[-300,149],[-214,292],[145,109],[-15,181],[318,20]],[[27311,77877],[582,-2],[690,70],[82,161],[-247,31],[3,178],[246,8],[-132,278],[116,158],[-82,184],[206,237],[276,157],[82,266],[162,39],[168,365],[-64,204],[228,35],[131,255],[196,177]],[[29954,80678],[307,-82],[296,394],[205,70]],[[30762,81060],[155,-37],[458,65],[327,176],[109,-193],[252,-116],[-113,-110],[-283,-52],[-155,-185],[111,-166],[299,-103],[-4,-136],[227,-71]],[[32145,80132],[-5,-197],[-188,-200],[-116,-395],[161,-164],[-248,-180],[-253,103],[-168,-93],[-55,-254],[95,-181],[-653,121],[-192,-97],[-132,-637],[604,123],[242,-9],[210,-129],[-128,-468],[1126,-84],[96,-260],[-341,-110],[100,-294],[-74,-196]],[[25704,76736],[514,-25],[241,-124],[402,16],[327,113],[303,-139],[237,87]],[[27728,76664],[869,-302],[357,416],[224,64],[35,-224],[390,91],[609,24],[383,348],[72,-159],[560,-48],[290,36],[28,-152],[-162,-129],[383,-67],[-110,-239],[355,-146]],[[32226,76531],[403,24],[119,113],[320,-24],[325,211],[15,596],[233,428],[-93,283],[159,200],[380,-44],[382,164],[379,-63],[135,-201],[262,32],[385,464],[229,27],[165,160],[-10,266],[180,99],[123,-247],[181,-60],[19,-219],[343,-258]],[[32624,73655],[-450,283],[-11,160],[-224,48],[63,343],[176,193],[-140,103],[49,166],[-448,308],[115,118],[-30,415],[301,184],[-14,201]],[[32011,76177],[215,354]],[[21448,77311],[123,-2],[35,-33],[305,194],[315,-185],[247,-16],[303,81],[474,-301],[144,-149],[942,100],[-17,155],[308,-58],[414,-297],[289,42],[374,-106]],[[25704,76736],[-334,-297],[9,-321],[-189,-184],[251,-112]],[[19596,75612],[236,277],[193,-130],[81,326],[-276,77],[150,175],[311,16],[54,314],[-181,128],[-1,157],[145,154],[394,91],[269,230],[477,-116]],[[25441,75822],[516,-329],[-100,-168],[300,-19],[151,-272],[250,-251],[60,-224],[631,-159]],[[21576,73642],[153,-73],[292,-344],[279,292],[399,-51],[111,223],[492,492],[412,148],[162,324],[163,177],[229,-3],[419,158],[112,658],[359,-36],[283,215]],[[30972,73801],[421,-1],[385,78],[42,-140],[375,-136],[429,53]],[[32624,73655],[483,-137],[929,97],[322,79],[517,-213],[248,102]],[[27249,74400],[182,324],[269,149],[385,-57],[318,88],[105,-332],[163,-19],[184,-191],[164,-360],[197,-12],[391,-204],[68,223],[214,-15],[204,233],[367,-168],[536,43],[-24,-301]],[[30972,73801],[-57,-291],[-255,-228]],[[25203,71919],[93,82],[-70,240],[-184,120],[243,398],[147,37],[275,296],[264,147],[332,-44],[135,138],[37,341],[139,48],[-99,241],[715,339],[19,98]],[[21039,70536],[981,-47],[111,113],[502,142],[253,-42],[148,123],[-81,120],[371,124],[-83,336],[-211,250],[18,139],[231,111],[-86,343],[571,82],[192,-162],[-18,-136],[1144,34],[121,-147]],[[25203,71919],[-38,-204],[559,-321]],[[25724,71394],[513,87],[349,171],[359,258]],[[24262,68509],[-9,314],[330,196],[228,59],[-229,434],[100,262],[202,-106],[516,37],[-96,499],[53,379],[-234,211],[72,203],[465,202],[64,195]],[[32681,69361],[266,3],[249,149],[254,-58],[154,-275],[-127,-345],[265,70],[145,-249],[823,181],[3,-266],[386,-65],[213,43]],[[28245,66184],[258,90],[57,495],[-169,235],[87,352],[-202,91],[-11,191],[192,96]],[[26945,71910],[83,279],[237,66],[617,-66],[355,127],[315,-314],[316,17],[132,101],[-52,172],[337,200],[10,137]],[[27826,69904],[139,461],[-23,223],[123,85],[-564,632],[61,148],[-127,365],[-490,92]],[[30660,73282],[45,-240],[157,-94],[-211,-236],[225,-311],[204,-6],[-83,-248],[207,-167],[281,-99],[386,50],[224,-41],[137,-255],[373,-193],[13,-240],[-139,-181],[-267,-43],[30,-230],[184,-208],[566,-22],[43,-248],[-499,-368],[145,-541]],[[32681,69361],[-22,-120],[-477,-79],[-314,82],[-216,-275],[-447,-41],[18,-219],[184,-118],[316,-24],[4,-168],[-641,-141],[-55,-100],[-542,117],[-495,-131],[-225,7],[-167,-111],[-63,-187],[-436,71],[-306,2],[-340,-192]],[[28457,67734],[-405,-73],[-137,178],[-733,-52],[-29,180],[112,757],[212,20],[73,151],[386,35],[67,206],[-55,290],[148,175],[-182,109],[-88,194]],[[27826,69904],[470,-19],[798,186],[331,-246],[57,254],[198,39],[287,-162],[374,121],[138,334],[-360,212],[12,327],[-189,284],[186,96],[-140,415],[-184,58],[58,219],[-80,176],[-235,-6],[21,224],[-273,213]],[[29295,72629],[56,247],[356,99],[110,156],[382,-28],[209,154],[252,25]],[[1669,65788],[-349,457],[-638,701],[-274,101],[-408,301],[716,616],[253,102],[187,167],[207,388],[-121,98],[475,540],[373,-36],[-20,317],[203,279],[192,110],[176,-300],[101,6],[-69,468],[388,268],[495,215]],[[5808,68148],[175,242],[-306,249],[-188,269],[-709,54],[-81,136],[251,305],[-33,177],[-337,263],[-263,328],[64,176],[-188,51],[-117,267],[-241,-134],[-279,55]],[[3556,70586],[-321,159],[-144,213],[292,176],[-236,68],[-43,124],[-307,227],[-10,260],[249,-58],[433,293],[446,37],[298,112],[446,18],[268,-303],[391,-272],[108,-143],[55,-389],[-143,-276],[175,-8],[49,203],[613,-15],[93,-253],[324,132],[361,-166],[291,385],[-393,174],[-81,203],[220,169],[121,234],[316,30],[247,160],[88,-167],[316,-60],[333,164],[-121,265]],[[1669,65788],[464,17],[285,-44],[24,198],[771,-28],[396,92],[242,-29],[421,-148],[424,-23],[72,207],[-197,40],[-134,67],[-192,20],[-226,170],[68,270],[311,-125],[62,39],[114,183],[201,66],[35,-19],[158,170],[-50,228],[389,118],[553,63],[361,149],[-37,168],[-181,61],[-418,-175],[-298,48],[-142,196],[224,188],[439,193]],[[5808,68148],[334,-49],[45,-163],[231,-151],[263,-7],[254,-204],[215,-37],[12,-140],[242,-184],[-182,-84],[61,-150],[593,-24],[85,130],[366,-175],[365,-20],[116,-98]],[[6073,63164],[-375,388],[-222,105],[-758,160],[-530,64],[-264,149],[-189,266],[-345,232],[-384,101],[-1018,776],[-319,383]],[[10608,68211],[22,232],[-650,53],[-281,-31],[73,237],[-137,197],[321,-7],[-2,-167],[226,-100],[175,340],[-287,151],[-118,-153],[-352,151],[-62,107],[-349,-7],[-380,-144],[57,282],[402,282],[68,259],[-262,-76],[-480,132],[-361,-83],[-192,132],[357,84],[73,249],[617,-123],[94,116],[438,190],[335,-152],[-44,219],[263,185],[137,195],[-110,386],[211,47],[-14,266],[-456,244],[-395,-100],[-54,-248],[-408,204],[44,513],[-311,97],[-526,-88]],[[8290,72282],[165,147],[306,19],[-110,185],[210,354],[311,23],[51,230],[280,293],[-307,53],[-48,197],[340,357],[-106,96],[-46,299],[68,146],[-128,313],[354,137],[29,405],[-212,187],[-140,226],[9,212],[429,-44],[124,47],[122,244],[497,-35],[48,-118],[554,-59],[310,-177],[170,99],[243,-71],[-84,-172],[395,-69]],[[19596,75612],[64,-336],[-70,-210],[368,-231],[17,-355],[-217,-394],[145,-247],[164,-96],[-123,-208]],[[13530,72824],[-365,259],[-34,269],[72,144],[-284,285],[86,492],[-173,-4],[-40,329],[187,170],[-389,263],[43,365],[-244,85],[39,169],[-304,156]],[[12124,75806],[718,329],[122,133],[379,-35],[250,71],[466,-60],[156,-66],[174,172],[743,-34],[393,-133],[29,-238],[337,-48],[163,60],[926,-235],[272,60],[18,158],[229,113],[128,259],[237,74],[163,-155],[314,-28],[226,-348],[760,17],[23,-187],[246,-73]],[[19944,73535],[269,-5],[31,229],[637,15],[65,-98],[630,-34]],[[21576,73642],[-123,-169],[187,-172],[-92,-273],[-147,-141],[87,-173],[-44,-210],[-183,1],[88,-296],[-128,-101],[114,-227],[-125,-496]],[[13722,70746],[-11,244],[196,142],[110,407],[-187,105],[-110,254],[-211,29],[-78,373],[170,367],[-71,157]],[[13530,72824],[396,-110],[488,-27],[13,184],[244,56],[269,-74],[103,265],[244,-60],[179,-141],[472,-80],[178,26],[23,208],[654,-15],[171,-50],[874,-54],[364,99],[326,-54],[-19,-118],[457,-74],[300,7],[-193,355],[17,257],[304,12],[217,-241],[333,340]],[[12501,67884],[75,345],[-54,145],[139,109],[244,-43],[355,292],[-196,249],[15,400],[444,248],[-213,95],[2,151],[173,143],[-8,277],[371,8],[-126,443]],[[13722,70746],[139,35],[239,-163],[188,202],[830,-105],[118,-100],[12,-207],[-232,-122],[-118,-160],[2,-233],[531,-240],[80,262],[394,-31],[215,416],[323,1],[232,-99]],[[21210,71385],[179,-234],[-184,-212],[-188,-79],[85,-174],[-63,-150]],[[21039,70536],[-279,-81],[-35,-107],[84,-403],[-48,56],[-20,-50],[-38,-17],[-24,-233],[142,-90],[-35,4],[-12,-56],[7,-82],[-32,-73],[-29,-278],[-170,-155],[-103,-287]],[[18005,68305],[-696,224],[16,302],[-495,449],[-4,150],[143,200],[43,216],[-337,356]],[[16675,70202],[258,172],[85,192],[269,50],[-86,-491],[357,-40],[252,-235],[349,-91],[286,242],[237,308],[32,243],[-369,63],[32,210],[-80,271],[-5,287],[605,57],[339,-128],[260,90],[179,-109],[28,-286],[303,-53],[536,61],[172,-52],[458,206],[38,216]],[[20447,68684],[591,0],[154,306],[344,-11],[151,99],[0,166],[357,22],[287,145],[235,-149],[303,134],[264,-100],[-134,-319],[158,-239],[-142,-164],[270,-110],[38,-125],[237,-177],[239,-15],[317,314],[146,48]],[[24262,68509],[152,-185],[-152,-209],[-152,-19],[-89,-194],[134,-269]],[[17241,67433],[338,61],[322,240],[170,387],[-66,184]],[[18005,68305],[216,64],[341,-145],[60,110],[328,107],[498,-94],[337,42],[188,209],[218,117],[256,-31]],[[8808,66792],[250,57],[208,513],[394,-181],[390,54],[322,-44],[155,358],[-389,1],[-124,-178],[-415,140],[64,115],[271,22],[219,-74],[160,166],[-11,306],[188,17],[118,147]],[[10608,68211],[294,-179],[591,-102],[367,40],[226,-131],[83,-277],[269,150],[63,172]],[[12501,67884],[559,29],[106,-135],[97,-644],[-108,-99],[156,-281]],[[9873,62293],[-479,234],[-371,90],[-362,-114],[-466,-81],[-722,31],[-615,184],[-380,285],[-405,242]],[[6073,63164],[758,425],[112,95],[-292,213],[-269,414],[-19,104],[164,429],[-55,341],[-181,399],[103,139],[343,28],[217,267],[236,-22],[330,262],[603,-60],[772,304],[-87,290]],[[13311,66754],[185,-179],[657,251],[209,-11]],[[14294,61484],[-351,-13],[-655,-151],[-104,171],[-356,-6],[-159,-72],[-244,54],[-18,168],[-424,38],[-257,-533],[-605,825],[-412,-22],[-278,188],[-558,162]],[[9873,62293],[230,200],[4,206],[149,87],[457,-141],[82,247],[215,117],[-174,353],[241,110],[158,170],[-66,177],[-459,232],[-69,463],[366,-163],[208,117],[643,5],[137,-91],[233,140],[-105,304],[35,359],[194,73],[230,375],[-184,229],[141,192],[-33,340],[232,193],[495,-166],[78,333]],[[12518,63169],[-76,-2],[33,-16],[-35,-149],[49,-211],[-117,-195],[-337,23],[-23,216],[-273,81],[-105,-265],[97,-244],[278,-144],[504,9],[494,-44],[734,-172],[205,274],[-50,386],[-475,40],[-181,73],[94,102],[8,98],[-262,114],[-150,-49],[-174,3],[-238,72]],[[14362,66815],[86,77],[458,-144],[-67,175],[7,411],[379,86],[322,-84],[159,348],[336,-235],[215,-53],[726,288],[258,-251]],[[17241,67433],[-45,-276],[341,-85],[119,102],[621,-23],[32,-144],[216,-35],[39,-139],[490,113],[255,-8],[34,-202],[281,-215],[47,-338],[152,-158],[240,-5],[214,-142],[171,69]],[[15132,64985],[-206,338],[129,324],[-360,119],[112,176],[-199,91],[5,189],[-388,126],[130,131],[7,336]],[[14901,62148],[-79,215],[108,482],[141,175],[-143,333],[-414,391],[-353,69],[71,325],[122,160],[-29,224],[208,20],[-5,159],[388,273],[216,11]],[[15132,64985],[315,-103],[-28,-234],[346,59],[-26,195],[107,200],[512,-76],[125,66],[316,-143],[340,114],[219,-111],[652,-190],[434,127],[354,-31]],[[14294,61484],[-152,456],[66,134],[-60,2],[-47,163],[221,28],[226,-124],[353,5]],[[14901,62148],[253,-98],[140,-159],[389,-101],[192,173],[-53,128],[194,166],[396,-12],[400,-173],[-31,-125],[249,-89],[141,114],[573,101],[180,-186]],[[15559,59894],[133,550],[-157,490],[-202,269],[-396,233],[-194,54],[-449,-6]],[[17924,61887],[108,123]],[[18276,58191],[246,279],[218,-15],[252,523],[-269,-21],[-275,207],[140,467],[-105,385],[624,124],[359,177],[-8,240],[-172,31],[-149,205],[50,309],[-516,10],[-139,302],[-191,75],[-235,-80],[-168,146],[82,205],[-96,127]],[[20448,65947],[194,34],[805,-317],[41,-251],[383,108],[144,-186],[346,-178],[284,-13]],[[22177,61605],[-639,243],[-325,71],[-277,165],[-480,203],[-203,-136],[-325,67],[-117,-158],[-492,33],[-542,-182],[-539,14],[-206,85]],[[18032,62010],[246,285],[677,4],[61,270],[-129,81],[159,279],[81,334],[-83,349],[-118,218],[149,119],[-77,371],[191,38],[40,165],[366,122],[106,203],[-555,-60],[-93,131],[-255,-61]],[[18798,64858],[-25,194],[280,10],[-14,135],[529,162],[356,-142],[226,164],[301,41],[-3,525]],[[24155,67633],[561,39],[71,-279],[-459,19],[0,-204],[-190,-52],[-4,-207],[226,-337],[256,-59],[295,27],[53,405],[325,78],[39,-176],[276,-5],[-62,-435],[314,-16],[11,-270],[173,-282],[141,49],[489,374],[108,330],[562,10],[450,-196],[18,-258],[437,-4]],[[28245,66184],[-90,-161],[127,-302],[186,-178]],[[23511,63045],[-105,87],[-386,82],[-192,152],[58,123],[-402,336],[-400,221],[137,224],[197,141],[-97,157],[180,168],[-77,139],[221,269]],[[22645,65144],[345,-15],[16,101],[333,111],[184,404],[-14,282],[-206,97],[101,512],[-45,124],[264,219],[403,190],[129,464]],[[23504,58924],[30,641],[-101,476],[247,239],[-211,543],[-339,-63],[5,-214],[-345,-146],[-95,107],[-258,-37],[-194,67],[-340,-159],[-199,183],[166,178],[12,258],[167,72],[104,197],[24,339]],[[22177,61605],[57,251],[571,172],[25,218],[193,134],[-115,120],[324,79],[50,213],[229,253]],[[23511,63045],[286,4],[103,105],[269,-94],[249,27],[384,-140],[169,193],[445,-92],[425,114],[-67,154],[488,284],[297,-117]],[[35312,68549],[-28,94],[264,136],[229,240],[120,235],[340,-70],[442,30]],[[34148,65613],[29,365],[-63,150],[-1,225],[-231,32],[-161,184],[-496,111],[-107,224],[165,198],[-345,-17],[74,336],[-15,37],[204,113],[50,173],[-97,82],[-62,123],[252,-91],[638,60],[279,-257],[436,58],[306,188],[-19,228],[409,209],[-81,205]],[[34414,64403],[334,44],[380,144],[377,-69],[255,28],[-142,190],[584,170],[243,260],[254,-52],[563,82]],[[28468,65543],[1016,-26],[380,-106],[168,162],[301,-8],[132,-153],[940,-115],[-33,125],[284,82],[167,-69],[225,71],[359,-86],[167,164],[204,-148],[488,28],[194,-151],[431,131],[257,169]],[[34148,65613],[68,-355],[-122,-106],[-33,-296],[130,-16],[219,-260],[4,-177]],[[34414,64403],[-42,-252],[202,-183],[-124,-110],[36,-172],[-420,-158],[-6,-320],[-241,2]],[[28101,62078],[-24,117],[-523,195],[-172,194],[17,398],[-59,331],[-372,122],[-240,-72],[-169,120]],[[26559,63483],[566,301],[187,345],[-61,128],[611,545],[142,90],[464,651]],[[33819,63210],[36,-122],[-143,-170],[620,-397],[97,-218],[103,-459],[152,-395],[96,-107]],[[29726,61887],[151,161],[226,-77],[105,117],[-147,143],[319,86],[-172,143],[155,198],[-337,85],[478,164],[8,158],[-206,123],[191,107],[459,-36],[611,103],[250,95],[260,-115],[-7,-258],[182,28],[473,371],[347,62],[317,-89],[234,-197],[196,-49]],[[34780,61342],[311,-77],[185,458],[335,102],[112,-40],[411,295],[-129,212],[127,84],[751,167],[197,-107],[-18,-287],[133,3],[34,298],[363,-61]],[[34512,60207],[-92,380],[167,188],[212,-14],[62,363],[-81,218]],[[32280,59545],[206,173],[-214,207],[263,303],[293,-10],[116,183],[346,-9],[147,99],[533,-107],[379,-263],[163,86]],[[34512,60207],[517,-112],[174,-271],[105,321],[497,-6],[128,-83],[448,-94],[110,-408],[372,-386],[-363,-583],[127,-112],[385,-72],[84,-109],[523,-185],[-109,-135],[-250,48],[-195,-224],[-288,9],[-150,-202],[-677,-182],[-167,-203]],[[32567,58617],[306,-275],[147,77],[259,-78],[-69,-216],[413,0],[388,-180],[289,-78]],[[35783,57218],[13,-367],[289,56],[291,-336],[324,-133]],[[29979,56169],[224,-203],[142,210],[364,-87],[268,-222],[-23,-186],[481,-35],[189,131],[379,-161],[424,61],[127,-152],[295,156],[412,29],[484,-95],[516,-45],[322,389],[-40,186],[-161,202],[-74,340],[-262,250],[283,312],[-185,349],[156,269]],[[34300,57867],[419,-237],[202,28],[382,-153],[480,-287]],[[25349,59526],[285,158],[276,73],[326,519],[186,190],[-154,55],[170,305],[282,-35],[292,384],[210,131],[217,-18],[23,422],[216,-19],[241,146],[182,241]],[[28101,62078],[647,-38],[345,89],[633,-242]],[[29726,61887],[59,-224],[349,-39],[241,-260],[-122,-374],[183,-231],[-103,-335],[309,47],[190,263],[268,-109],[65,-171],[-219,-409],[378,59],[157,-47],[-223,-332],[82,-110],[389,-16],[57,221],[260,-25],[234,-250]],[[32280,59545],[250,-84],[-175,-161],[66,-146],[331,-72],[-185,-465]],[[32567,58617],[-452,-194],[-321,89],[-255,-181],[-620,101],[-45,-429],[-111,-226],[-490,-83],[-96,195]],[[21346,58183],[96,104],[-5,381],[-294,171],[367,73],[257,149],[326,-191],[97,171],[319,-293],[207,-39],[275,88],[4,165],[363,-93],[146,55]],[[23504,58924],[133,81],[466,71],[461,-47],[515,493],[270,4]],[[25349,59526],[228,-119],[-48,-316],[234,-17],[132,-265],[512,195],[-25,-385],[448,128],[118,-62],[89,-326],[323,-306],[375,-14],[182,151],[200,41],[98,-207],[609,-6],[133,227],[212,-3],[142,-115],[266,56],[155,-169],[445,-125]],[[30177,57889],[-213,-51],[131,-216],[188,-121],[-126,-508],[-263,-65]],[[29894,56928],[115,-327],[190,-64],[-220,-368]],[[29979,56169],[-165,-171],[119,-116],[18,-486],[-136,-71],[-473,-614]],[[24346,55648],[-112,361],[52,267],[-4,532],[-91,226],[2,456],[390,2],[293,109],[81,125],[705,20],[94,-102],[301,12],[352,-82],[151,44],[575,-93],[224,-186],[457,-20],[95,-190],[477,265],[188,-156],[377,-182],[290,97],[110,-215],[193,186],[348,-196]],[[13487,49764],[-430,-139],[-367,95],[-171,-70],[-274,23],[284,203],[5,401],[-669,-61],[-90,204],[268,202],[91,250],[-125,227],[-82,362],[207,466],[-45,134],[169,284],[-41,167],[-194,133],[445,234],[209,399],[-247,108],[-10,461],[-249,-11],[230,269],[257,-32],[398,122],[154,-180],[361,49]],[[16524,51868],[-292,43],[-190,111],[-228,-15],[-225,171],[-145,-76],[-379,162],[106,86],[-287,322],[-223,79],[4,228],[193,207],[-167,366],[74,137],[-151,99],[-366,53],[-260,-306],[-369,76],[121,271],[-169,182]],[[13571,54064],[203,-39],[347,65],[-83,125],[446,210],[79,180],[257,-36],[-20,183],[156,104],[618,-22],[-52,131],[150,258],[-120,406]],[[15559,59894],[269,-336],[230,-112],[519,-528],[-158,-117],[433,-223],[144,-147],[413,-98],[336,14],[167,82],[364,-238]],[[18276,58191],[412,65],[-9,-244],[624,177],[-28,210],[224,57],[107,-185]],[[18701,54198],[-255,22],[-433,-156],[-248,133],[28,106],[510,-22],[221,261],[-48,243],[-201,196],[-508,231],[-214,19],[-277,-144],[-109,248],[-18,310],[-151,175],[-198,5],[-225,-131],[-21,-253],[-276,17],[-86,217],[-168,59],[-472,-105]],[[15552,55629],[52,310],[267,59],[391,-58],[-126,385],[-333,16],[-236,-172],[-142,18],[127,415],[155,232],[-358,95],[107,291],[-137,166],[110,359],[-86,224],[-443,-154],[-148,407],[234,6],[823,461],[-118,251],[-208,178],[76,776]],[[19606,58271],[277,156],[383,-133],[797,-42],[283,-69]],[[21346,58183],[372,-351],[84,-307],[218,-415],[244,-584],[292,-455],[197,-174],[512,-103],[22,-153]],[[18211,53451],[87,321],[448,309],[-45,117]],[[18701,54198],[4,136],[231,344],[916,127],[277,94],[214,186],[22,147],[-272,440],[504,490],[-142,87],[-12,189],[-948,262],[72,258],[-215,68],[3,129],[231,293],[80,720],[-60,103]],[[23287,55641],[1059,7]],[[24346,55648],[91,-180],[349,11],[212,197]],[[20995,52691],[286,627],[208,24],[130,142],[46,299],[514,206],[209,7],[23,243],[615,-9],[6,179],[-149,167],[321,163],[-243,181],[80,393],[375,76],[-129,252]],[[24998,55676],[7,357],[800,40],[-25,-249],[268,44],[188,-57],[-19,-485],[216,-102],[42,-196],[191,-342],[186,-120],[381,2],[484,-144],[140,-190],[500,93],[285,148],[273,-113]],[[24820,51936],[-580,379],[50,296],[239,15],[121,134],[-134,166],[-62,294],[77,196],[159,102],[-195,242],[34,429],[-96,324],[64,131],[-305,104],[35,96],[545,178],[11,173],[428,121],[109,254],[-322,106]],[[16384,51234],[160,157],[-20,477]],[[16524,51868],[136,120],[-29,157],[153,328],[155,-71],[424,75],[39,225],[276,493],[203,56],[50,140],[280,60]],[[18211,53451],[343,26],[470,-100],[187,170],[127,-163],[195,-67],[-38,-234],[-166,-408],[221,-5],[242,182],[319,52],[141,158],[256,-3],[157,-111],[83,-212],[247,-45]],[[20995,52691],[371,-75],[-268,-517],[216,-1],[130,-175],[-54,-221],[200,-306]],[[13487,49764],[-33,107],[281,311],[72,201],[593,-3],[84,163],[255,138],[282,50],[582,258],[215,213],[566,32]],[[16384,51234],[322,31],[245,-94],[114,-179],[18,-228],[-156,-318],[-304,-279],[453,-101],[78,-10],[43,17],[135,-48],[-39,-117],[31,-26],[-3,-59],[-54,-28],[-1,-213],[158,-254],[-156,-177],[76,-170],[424,216],[-8,81],[707,-45],[348,-218],[534,53],[287,82],[247,-64],[279,-280]],[[16169,45806],[-32,199],[-186,90],[-30,223],[292,759],[377,-132],[170,171],[-73,316],[270,480],[-359,61],[-279,-80],[-317,-311],[-222,50],[-283,241],[-181,273],[-240,-55],[-805,640],[-320,20],[-340,706],[-6,261],[-118,46]],[[23773,51164],[119,166],[-50,157],[122,133],[651,8],[45,228],[160,80]],[[24820,51936],[181,108],[428,-45],[181,35],[236,209],[391,-47],[398,133],[309,-348],[369,-104],[275,13]],[[21590,51396],[226,-198],[283,-22],[244,271],[509,247],[-268,161],[-201,350],[129,224],[232,12],[13,-253],[287,-3],[-21,-170],[251,-65],[51,-206],[289,104],[182,-93],[-148,-359],[125,-232]],[[23773,51164],[95,-195],[-183,-46],[-143,-170],[270,-119],[138,-146],[440,-85],[-57,-281],[195,-136],[30,-175],[340,-115],[-83,-134],[241,-175],[102,1],[42,23],[123,-84],[32,17],[33,221],[249,-141],[208,10],[357,-115],[61,-212],[532,59],[240,99],[5,174],[215,52],[465,-139],[-27,-100],[268,-92],[113,-108],[55,-21]],[[20384,48537],[-360,207],[138,62]],[[20162,48806],[579,-47],[-61,126],[301,278],[-13,201],[309,207],[127,209],[6,213],[31,33],[-9,114],[-48,106],[114,290],[-112,175],[61,607],[143,78]],[[16169,45806],[424,167],[379,-92],[190,202],[325,-117],[227,166],[363,-231],[236,18],[265,207],[66,264],[887,45],[279,91],[69,280],[210,86],[-324,165],[-10,229],[296,271],[21,672],[294,152],[18,156]],[[20384,48537],[163,-48],[55,-268],[487,-172],[322,-59],[270,-301],[341,-11],[251,-185],[143,-193],[294,36],[485,-311]],[[18939,43483],[-147,-60],[-234,89],[-409,40],[-133,-94],[-262,214],[-590,186],[-79,-270],[57,-229],[-103,-96],[-632,100],[46,193],[-201,157],[-324,-92],[-714,230],[105,258],[-204,91],[-104,239],[-256,56],[-14,154],[218,137],[428,-147],[378,82],[95,255],[-331,84],[107,283],[252,314],[281,149]],[[23195,47025],[56,-8],[94,179],[-153,458],[323,119],[-12,153],[328,42],[-47,255],[187,14],[490,-183],[164,29],[61,-277],[359,-28],[283,-316],[590,29],[-19,109],[424,216],[308,-84],[-20,188],[176,116],[158,-103],[311,116],[392,-146]],[[22144,45798],[237,216],[245,446],[212,63],[357,502]],[[19276,38267],[-334,121],[-11,437],[-482,-17],[-220,-136],[-86,268],[53,180],[226,91],[-90,249],[184,460],[242,340],[-190,107],[-36,350],[-180,195],[201,208],[-113,165],[660,209],[218,286],[161,-3],[111,253],[163,-24],[42,371],[145,185],[380,108],[195,170],[313,-25],[140,196]],[[18939,43483],[9,266],[276,-9],[13,241],[186,24],[115,217],[276,103],[342,-36],[272,-129],[298,145],[211,-25],[47,237],[-496,124],[54,125],[-128,330],[382,219],[540,31],[53,-53],[567,162],[-369,332],[301,66],[256,-55]],[[22144,45798],[-34,-197],[262,-41],[330,50],[-14,-233],[-274,-52],[-31,-157],[180,-70],[72,-311],[531,-91],[371,-315],[479,-183]],[[21011,38713],[5,190],[-116,252],[529,876],[-174,119],[85,246],[-121,296],[59,204],[-116,298],[152,353],[97,82],[-79,231],[45,188],[-261,2],[46,237],[215,193],[-135,236],[98,142],[-372,153]],[[20968,43011],[-166,129],[-79,210],[-268,-157],[-473,-141],[-258,102],[-334,44],[55,123],[-101,190],[-405,-28]],[[24016,44198],[52,68],[272,-53],[24,172],[272,-67],[233,140],[647,9],[156,198],[-65,120],[185,145]],[[24515,41038],[-97,316],[-391,232],[160,204],[-325,26],[-287,99],[-194,435],[47,304],[216,127],[-13,488],[-186,453],[146,158],[408,80],[17,238]],[[25792,44930],[307,132],[128,-68],[249,82],[-60,190],[198,106],[-38,250],[199,159]],[[27771,41166],[43,81],[143,4],[-44,95],[287,180],[-235,216],[80,257],[172,190],[174,122],[-182,271],[-198,-173],[-304,77],[30,138],[-113,295],[-205,156],[187,123],[36,281],[-651,70],[-22,194],[-140,120],[45,154],[-191,71],[-174,239],[35,222],[-277,220],[-475,161]],[[22934,38609],[24,83],[601,457],[277,84],[-45,213],[-279,45],[-629,-243],[-112,36],[-56,265],[169,248],[409,336],[-17,252],[279,227],[136,295],[-75,170],[899,-39]],[[24515,41038],[378,163],[588,-7],[223,-120],[253,-23],[264,105],[264,-11],[461,255],[177,-170],[362,-81],[127,-84],[124,49],[35,52]],[[27771,41166],[171,-109],[-55,-84],[171,-169],[-20,-235],[195,-64],[97,-209],[-72,-180],[202,-89],[49,-225],[351,62],[-2,-524],[289,-307],[-204,-283],[18,-161],[-173,-93],[100,-148]],[[24030,38301],[345,4],[240,169],[220,-29],[116,115],[288,-51],[796,203],[351,-211],[540,185],[288,6],[48,-181],[390,17],[175,-212],[704,7]],[[28129,49031],[366,72],[133,135],[-87,169],[114,162],[41,268],[103,35],[84,368],[186,120],[230,301],[-225,76]],[[27398,46995],[357,216],[100,400],[-87,240],[-120,52]],[[27648,47903],[174,306],[-85,160],[245,310],[147,352]],[[26775,45781],[-149,105],[-111,276],[302,456],[227,138],[-291,82],[383,32],[262,125]],[[27398,46995],[136,0],[227,-54],[248,-151],[172,18],[87,-270],[569,-135],[59,-175],[193,-84],[-43,-176],[501,6],[174,207],[326,77],[287,-143],[120,62],[358,-117],[168,42],[25,238],[-96,216],[283,235],[495,126],[390,604]],[[30357,43907],[-602,360],[-526,153],[-6,198],[-566,-278],[-186,349],[-243,-84],[-78,259],[-626,282],[-237,149],[21,131],[-211,80],[69,186],[-391,89]],[[33210,39356],[-184,-108],[-294,109],[-188,386],[-171,102],[-261,22],[-130,271],[-239,114],[-478,-80],[-252,148],[-76,173],[-284,352],[71,219],[-30,313],[-216,3],[-310,-392],[-732,40],[120,378],[-134,336],[-139,128],[366,137],[254,-70],[286,7],[23,117]],[[30212,42061],[-221,87],[125,103],[-48,163],[148,125],[78,477],[-124,411],[222,87],[-119,294],[84,99]],[[30357,43907],[468,2],[273,208],[58,206],[353,119],[0,121],[355,-21],[593,-296],[68,217],[174,173],[431,87],[110,202],[344,34],[629,-32],[-12,-121],[325,-65]],[[36678,40967],[-759,7],[-257,207],[-319,-194],[-226,123],[-222,246],[-459,-231],[-278,22],[-305,-152],[-169,147],[-602,265],[-111,204],[29,198],[187,78],[-275,235],[-64,166],[-234,1],[-201,-254],[-10,-338],[-463,-23],[-113,205],[-368,41],[-726,-26],[-5,238],[-152,37],[-319,-53],[-45,-55]],[[37398,39106],[181,-56],[91,202],[322,111],[138,-78],[-68,-228],[380,106]],[[35053,34272],[-3,235],[-114,107],[63,228],[494,151],[639,-70],[304,73],[498,193],[55,209],[217,69],[-154,230],[340,474],[214,-29],[45,-163],[263,52],[251,-120],[290,-300],[735,-218],[688,-72],[121,149],[565,-36],[23,-154],[227,-116],[-30,-109]],[[33603,34084],[-57,-92],[132,-221],[400,-42],[407,162],[134,381],[434,0]],[[35053,34272],[224,61],[151,-472],[444,4],[176,-182],[363,-104],[129,76],[279,-80],[21,-179],[-267,-128],[-62,-424],[65,-186],[742,-54],[233,93],[31,-268],[476,62]],[[37328,25238],[309,-329],[177,-442],[-82,-142],[-406,-221],[-41,-175],[-152,-3],[-70,-94],[142,-272],[271,-15],[-50,-148],[-220,-42],[-66,-142],[142,-245],[-294,-67],[-38,-99],[273,-214],[-312,-102],[-152,173],[-237,3],[-119,120],[-18,342],[-191,71],[151,223],[-141,264],[-358,106],[-51,127],[481,138],[41,122],[-494,-60],[-190,-172],[154,-275],[414,-157],[-409,-563],[-80,-194],[190,-302],[24,-248],[-195,-500],[-146,-222],[-282,-96],[-403,523],[-260,235],[-377,69],[-480,-31],[-212,-132],[-240,14],[-350,303],[56,369],[209,420],[161,448],[-129,15]],[[33012,20432],[234,-206],[901,-504],[43,-256],[-182,-209]],[[33360,21646],[251,308],[254,159],[642,-11],[174,-251],[386,-324],[-322,-328],[-147,-288],[52,-192],[695,-599],[42,-85],[429,-303],[332,-140],[68,-345],[-524,-273],[-282,-22],[-196,156],[-348,-132],[-567,119],[122,157],[44,359],[-194,241],[-912,517],[-247,232],[13,114]],[[35090,20672],[-188,77],[-170,220],[77,195],[236,159],[193,-346],[141,-124],[-110,-207],[-179,26]],[[32874,22336],[367,-336],[181,-73],[-100,-246]],[[36594,21418],[321,250],[16,158]],[[36679,22627],[18,-125],[-228,-133],[95,-311],[246,-244],[-344,-371],[54,-157],[336,-141],[93,-235],[157,-137],[3,-439],[-290,-89],[-399,-3],[-201,187],[-377,30],[-239,-140],[-84,207],[46,338],[-211,265],[290,170],[198,240],[29,162],[192,298],[47,365],[-155,271],[-9,235],[204,214],[180,21],[-7,-355],[174,-131],[182,8]],[[36799,21999],[-245,327],[473,116]],[[38058,32491],[200,132],[340,31],[238,215],[294,-1],[-80,-193],[247,-281],[253,-83],[376,172],[419,81],[-183,263],[116,264],[332,118],[280,-90]],[[40151,26280],[-167,-149],[41,-264],[135,-334],[51,-289],[-70,-451],[-124,-190],[-384,-232],[-310,-301],[-550,21],[-294,158],[555,359],[202,214],[-138,110],[-664,-637],[-558,208],[-140,378],[-274,345],[-134,12]],[[37328,25238],[-199,32],[-28,398],[85,443],[-322,195],[172,176],[282,-202],[99,270],[-18,193],[153,310],[-170,115],[-78,239],[6,268],[241,217],[-122,271],[120,71],[83,371],[-166,217],[-8,49],[329,170],[-53,168],[-424,365],[-54,-75],[-168,-118],[-233,289],[-391,126],[-49,74],[364,51],[-43,125],[-408,225],[-58,130],[337,106],[-79,332],[45,485],[745,338],[8,75],[367,110],[92,110],[-31,235],[304,299]],[[37282,20608],[-138,312],[-88,59],[-90,219],[-372,220]],[[36594,21418],[324,231],[13,177]],[[36931,21826],[-132,173]],[[36799,21999],[147,132],[423,-166],[260,92],[67,192],[-111,78],[-388,14],[-170,101]],[[37027,22442],[238,107],[-26,169],[119,400],[-169,169],[290,92],[39,175],[-321,60],[-74,253],[147,23],[90,79],[-13,103],[453,258],[87,143],[251,-118],[430,-348],[295,-154],[42,-190],[249,-213],[95,-165],[-123,-269],[-534,-89],[-138,-67],[1,-66],[495,-237],[350,-278],[-672,-303],[-122,-236],[152,-200],[660,-320],[-154,-242],[29,-378],[-289,-138],[-749,-76],[-256,-145],[-145,90],[66,236],[-538,41]],[[39634,20676],[119,-217],[-185,-192],[1,-186],[-187,-127],[-143,157],[57,241],[179,276],[159,48]],[[39277,21003],[111,120],[-134,216],[-656,304],[-25,171],[206,197],[472,183],[82,139],[-205,178],[-596,273],[-28,68],[711,165],[90,209],[-83,232],[-252,188],[-11,175],[216,14],[274,-175],[162,-247],[87,-783],[-44,-116],[345,-970],[-19,-244],[-327,-323],[-200,-79],[-176,105]],[[40308,25592],[-97,101],[14,75]],[[34239,35594],[52,-67],[-252,-283],[2,-270],[-265,-50],[100,-156],[239,-147],[-688,-159],[194,-195],[-18,-183]],[[33603,34084],[-360,209],[-262,-241],[-17,-134],[157,-300],[-267,-119],[-164,-157],[-76,-262],[5,-61],[666,-609],[413,-892],[285,-1202],[434,-639],[153,-390],[111,-633],[-43,-121],[-428,-506],[-241,-217],[-159,-254],[101,-381],[-4,-232],[-709,-351],[-242,-172],[88,-326],[451,-444],[296,-352],[82,-463],[-93,-318],[-502,-898]],[[33278,23619],[-301,36],[-131,-475],[-159,-203],[-341,114],[-175,198],[316,357],[-159,40]],[[33012,20432],[-16,-265],[135,-260],[264,-236],[613,-414]],[[34008,19257],[-239,-247],[76,-297],[353,-249],[-42,-111],[-285,-94],[-345,13],[-221,97],[-369,403],[-205,368],[183,386],[-51,184],[-247,360],[194,424],[202,-62]],[[33360,21646],[198,-185],[-195,-388],[-238,-358]],[[33125,20715],[-136,326],[215,415],[156,190]],[[32874,22336],[159,-405],[289,-250]],[[33322,21681],[-283,-391],[-110,129],[42,234],[-127,640],[30,43]],[[33565,35779],[-41,62],[-119,54],[3,88],[-78,210],[-151,-17],[-302,65],[-128,198]],[[33100,36917],[-109,-39],[-84,48],[-249,-39],[-330,6]],[[32263,38432],[152,240],[546,183],[312,277],[-63,224]],[[33210,39356],[151,147],[381,-89],[150,-217],[342,-295],[146,-26],[239,120],[518,129],[120,226],[366,-58],[34,-90],[417,90],[341,-92],[275,35],[302,-45],[163,-111],[243,26]],[[37398,39106],[-98,-361],[-137,-72],[-140,-302],[83,-67],[-352,-211],[66,-215],[-154,-164],[-534,-171],[74,-173],[267,-110],[134,-156],[-132,-374],[-388,-137],[-305,-26],[-269,-280],[-121,-411],[-142,-51],[9,-298],[-178,-24],[-53,317],[-184,-97],[-336,127],[-198,-21],[-71,-235]],[[34239,35594],[-367,35],[-152,88],[-65,4],[-118,-58],[-73,6],[101,110]],[[33565,35779],[88,-30],[48,48],[63,149],[5,191],[-76,309],[-107,104],[-85,45],[-224,66],[-85,75],[-92,181]],[[33100,36917],[41,231],[-74,119],[-39,173],[-476,18],[-190,327],[1,327]],[[28888,38348],[236,180],[351,-25],[186,72],[356,269],[357,85],[68,366],[-7,280],[206,185],[271,51],[194,-53],[96,-244],[258,-240],[108,-391],[249,-216],[446,-235]],[[32263,38432],[0,-69],[100,-251]],[[32363,38112],[-255,-19],[17,-82],[-268,-28],[-339,53],[-29,-114],[130,-236],[120,-60],[31,-138],[185,-134],[44,-65],[124,-66],[205,-330]],[[32328,36893],[-21,-51],[141,-19],[138,-89],[78,-143],[67,-4],[-15,-79],[33,-69]],[[32749,36439],[-52,-65],[-248,74],[-190,-34],[-230,53],[-127,-60],[-279,41],[-13,-385],[-469,-850],[132,-365],[-237,-95],[-563,-570],[57,-251],[-201,24],[-17,264],[-533,-63]],[[26520,36894],[93,184],[350,-66],[-11,175],[420,-62],[198,84],[294,-21],[-154,-178],[593,-77],[-41,-189],[475,106],[36,360],[-114,357],[229,74],[-357,682]],[[28531,38323],[357,25]],[[29779,34157],[80,-365],[259,-141],[362,90],[528,-162],[90,-190],[-255,-133],[-177,-215],[-415,-185],[-124,-142],[-308,-176],[477,-405],[1,-125],[-266,-257],[-23,-141],[234,-342],[37,-654],[135,-310],[58,-364],[289,-436],[-28,-233],[-234,-325],[133,-237],[563,-464],[506,-691],[-329,-570],[-37,-164],[41,-411],[296,-575],[373,-642],[182,-431],[229,-308],[105,-233],[-18,-171],[-215,-363]],[[32328,23686],[-228,56],[-306,-239],[-297,181],[-151,-135],[331,-414],[157,-502],[266,-323],[51,-195],[-135,-552],[-1082,-70],[166,246],[-4,259],[-452,158],[19,-148],[365,-103],[-176,-185],[-81,-210],[244,-147],[308,19],[75,-186],[-117,-206],[-78,-406],[-425,-67],[-392,-20],[-110,36],[43,194],[537,97],[59,93],[-120,85],[-457,161],[-475,401],[148,210],[-31,69],[-196,6],[-344,-105],[-428,586],[35,192],[-72,352],[-125,272],[-233,-63],[99,-349],[-136,-155],[-547,435]],[[28323,34905],[183,-18],[316,-176],[20,-130],[444,-186],[72,-137],[421,-101]],[[28467,17951],[-145,95],[102,228],[284,-205],[-241,-118]],[[31015,18287],[4,-209],[-320,112],[168,159],[148,-62]],[[29842,21572],[493,-450],[520,-187],[-108,-118],[-457,-65],[-93,-114],[35,-99],[119,-84],[412,8],[165,-54],[243,-435],[168,-120],[21,-361],[-326,-339],[-233,-17],[-46,-179],[-397,-215],[12,-117],[-202,-133],[-477,-107],[-429,187],[-43,150],[-233,114],[-137,784],[-114,237],[245,273],[76,304],[327,429],[111,355],[-48,473],[431,147],[96,-83],[-131,-184]],[[28002,20668],[417,91],[581,301],[62,-110],[-196,-242],[-116,-410],[-263,-277],[-90,-252],[-205,152],[-202,261],[-120,317],[132,169]],[[28034,20701],[358,242],[125,-110],[-483,-132]],[[19276,38267],[258,-88],[414,40],[169,81],[319,-89],[162,102],[490,44],[-77,356]],[[21011,38713],[479,13],[549,-276],[471,70],[260,-32],[164,121]],[[22934,38609],[340,-241],[658,65],[98,-132]],[[24030,38301],[242,-441],[-179,-24],[-279,180],[-209,-263],[400,-275],[-138,-302],[151,-302],[202,-133],[377,64],[25,-311],[-335,-122],[179,-147],[296,136],[88,213],[428,-8],[208,-73],[158,103],[477,126],[92,97],[307,75]],[[26520,36894],[225,-57],[-169,-387],[369,25],[-16,-234],[288,-121],[411,-23],[36,-284],[204,-83],[40,-274],[435,-352],[-20,-199]],[[28323,34905],[-446,-2],[-101,-106],[73,-238],[-222,-214],[-252,225],[-561,-34],[81,-227],[-57,-203],[360,-160],[325,-77],[169,-134],[-461,-200],[-309,-67],[16,292],[-92,155],[-234,-22],[-111,-241]],[[20371,36429],[167,597],[-293,326],[-93,207],[-444,-67],[-401,117],[-50,230],[-195,83],[-65,233],[279,112]],[[20371,36429],[214,6],[99,169],[493,-47],[104,234],[360,-69],[511,48],[339,-171],[192,100],[633,-30],[44,-390],[-128,-169],[51,-309],[232,-292],[345,-137],[-61,-157],[173,-273],[360,128],[249,-418],[-74,-231],[415,-235],[-44,-370]],[[20652,31607],[-91,310],[-194,263],[-788,183],[-3,114],[474,-27],[-109,371],[424,333],[-45,101],[-384,83],[-111,104],[-138,339],[129,140],[242,87],[60,254],[290,293],[-707,380],[-59,160],[-206,140],[105,276],[-213,89],[292,362],[231,31],[520,436]],[[26501,33652],[-47,-99],[313,-176],[-205,-110],[-78,-181],[271,-15],[160,-123],[-10,-185],[-134,-292],[-310,-49],[-173,-320],[277,-293],[23,-382],[166,-239],[558,-238],[7,-89],[-595,-128],[64,-189],[-271,-82],[-133,-349],[355,-506],[-99,-162],[-305,-115],[33,-183],[534,98],[210,-464],[-138,-95],[-351,41]],[[21367,28293],[-447,160],[83,334],[-10,303],[-129,125],[197,262],[-428,297],[594,415],[-210,164],[142,419],[-312,258],[-139,225],[-56,352]],[[20652,31607],[518,133],[166,-61],[496,132],[295,226],[93,265],[319,106],[287,-102],[-86,304],[-264,198],[-309,96],[364,224],[626,-261],[200,110],[292,-65],[205,-133],[218,-22],[152,401],[-109,326],[197,123],[43,143],[296,-7],[227,73]],[[24878,33816],[262,60],[282,-138],[229,-196],[305,-139],[254,93],[47,158],[244,-2]],[[26623,28727],[-1,-131],[583,-537],[73,-302],[78,-43],[371,49],[281,-21],[15,-172],[-196,-111],[-215,-62],[-135,-95],[29,-132],[380,-281],[18,-90],[-43,-81],[-32,-171],[300,-256],[17,-98],[-188,-248],[-490,-344],[-263,-261],[-334,-851],[48,-97],[633,209],[171,-81],[1,-165],[-283,-192],[-74,-151],[115,-219],[551,-779]],[[28033,23014],[-259,-62],[676,-599],[261,-345],[204,-453],[24,-225],[-716,-292],[-379,-354],[-145,-266],[-7,-328],[-183,-43],[-166,154],[-8,344],[-139,387],[305,256],[83,213],[-143,189],[-198,71],[-445,-38],[-130,188],[-438,283],[-295,-12],[-203,122],[254,146],[351,102],[-129,154],[-414,-121],[-190,-113],[-46,-236],[247,-256],[185,-59],[373,-1],[172,-261],[288,-108],[498,-23],[-109,-175],[-249,-206],[5,-231],[125,-298],[-225,-256],[-179,-62],[-179,-227],[-383,100],[-389,5],[-348,96],[110,267],[46,658],[239,294],[20,147],[-135,153],[-637,75],[-473,-21],[-295,212],[-39,226],[-210,-41],[-446,-391],[-303,-57],[-168,94],[-317,-6],[194,485],[-49,487],[99,290],[-114,285],[-301,259],[-336,362],[-197,627],[74,185],[260,234],[212,58],[666,392],[-115,214],[-260,-220],[-157,30],[-203,373],[191,240],[5,191],[-536,404],[-195,260],[-54,357],[-306,-71],[9,238],[-496,252],[22,206],[558,37],[-386,334]],[[21367,28293],[146,201],[309,210],[521,-23],[229,344],[-14,232],[120,248],[303,5],[94,136],[221,-131],[199,-237],[394,-196],[264,-13],[242,456],[240,-12],[237,167],[386,-90],[76,-413],[204,-101],[306,46],[56,133],[288,-75],[315,-199],[120,-254]],[[26609,17841],[172,117],[634,-84],[45,-173],[-217,-182],[-460,-200],[-368,-77],[-483,34],[-205,149],[319,526],[563,-110]],[[27043,18956],[290,-139],[52,-320],[-182,-425],[-507,-78],[-133,-109],[-273,65],[-163,150],[-152,693],[191,85],[686,99],[191,-21]],[[26950,20193],[90,-236],[206,-289],[154,-331],[-64,-77],[26,-336],[-543,108],[-342,-38],[-537,-122],[-226,312],[-277,168],[-166,277],[36,229],[-113,98],[260,153],[404,-80],[294,9],[333,-91],[170,29],[112,237],[183,-20]],[[24342,18824],[34,-225],[-233,-225],[-497,-27],[-443,334],[-466,503],[-544,273],[57,221],[261,558],[-10,455],[-122,262],[-419,296],[-10,358],[284,100],[242,-71],[-15,-350],[234,-397],[329,-266],[-157,-475],[20,-291],[147,-254],[412,-240],[584,-200],[70,-205],[242,-134]],[[24298,21634],[249,-77],[723,34],[259,-37],[-236,-454],[-140,-488],[39,-332],[-266,-222],[-103,-333],[-378,-138],[-1075,311],[88,182],[18,374],[-126,495],[-392,413],[56,386],[127,13],[104,-77],[143,-4],[219,72],[391,317],[300,-435]],[[44501,20420],[-22,161],[284,151]],[[46416,23354],[158,-201],[-183,-130],[329,-300],[-369,-102],[-166,109],[-248,-25],[-378,-364],[-52,-229],[248,-255],[-486,-29],[-231,-138],[52,-293],[-232,-269],[-277,-230],[-387,-208],[-552,89],[-400,241],[-66,106],[15,685],[140,311],[429,107],[311,180],[196,203],[-16,406],[49,172],[308,527],[191,150],[555,306],[320,238],[451,503],[364,-141],[356,2],[435,211],[146,225],[30,320],[-302,53],[-173,-530],[-430,43],[-544,-55],[-220,-92],[-236,-300],[-300,-238],[-688,-358],[-207,-200],[-320,-431],[-106,-255],[-64,-484],[-890,39],[-154,56],[-284,250],[-152,399],[87,202],[413,35],[235,79],[246,282],[50,273],[-107,353],[85,490],[537,267],[225,238],[-98,211],[-270,164],[-560,184],[109,205]],[[48870,24201],[-120,-188],[-154,23],[1,-71],[224,-53],[-123,-59],[-70,-79],[68,-92],[-6,-32],[-244,-219]],[[43163,26118],[258,-47],[93,-115]],[[40308,25592],[-8,12]],[[40300,25604],[-1,2]],[[40306,25605],[2,-13]],[[46080,27104],[-116,-125],[-888,8],[-87,-408],[-356,16],[-233,-75],[-245,123],[-292,-125],[-525,-107]],[[43338,26411],[-168,42],[-160,-183],[-16,-187],[103,-164],[264,-136],[483,-58],[-406,-231],[-376,-270],[-111,-176],[-4,-382],[191,-306],[-92,-125],[-324,-203],[-446,-211],[-245,-369],[11,-227],[139,-180],[225,-616],[-271,-253],[-485,2],[-267,158],[-133,294],[28,308],[-163,282],[-246,163],[-329,832],[200,600],[11,504],[-83,292]],[[43163,26118],[351,-162]],[[43514,25956],[-380,73],[29,89]],[[49827,27328],[-574,-149],[-158,-152],[-304,28],[-345,313],[-275,-55],[-245,34],[-302,-587],[-202,-219],[-515,253],[-320,63],[-507,247]],[[46080,27104],[-136,162],[-212,454],[78,394],[199,-50],[35,214],[391,353],[199,427],[15,452],[192,312],[412,177],[250,271],[-51,108],[212,161]],[[52431,28555],[-295,63],[-289,225],[-77,308],[245,202],[-159,99],[32,215],[-205,141],[40,211],[448,-135],[190,54],[14,273],[-263,403],[-313,25]],[[54208,32352],[754,-313],[151,-115],[126,-524],[146,-257],[231,-220],[-313,-355],[-99,-496],[929,-754],[-88,-385],[-192,-424]],[[55469,31075],[-208,335],[142,185],[292,-485],[-226,-35]],[[55285,32093],[-638,298],[367,97]],[[55000,32499],[-321,-36],[-180,105],[158,216]],[[54176,32786],[143,-275],[-196,148]],[[54643,32796],[-253,60]],[[56864,28589],[-134,86],[97,653]],[[56437,30345],[-92,-369],[44,-557],[-81,-14],[-375,334],[-628,335],[33,239],[147,213],[387,362],[153,39],[417,-444],[-5,-138]],[[50059,24831],[-94,92],[61,202],[-148,101],[-27,384],[127,239],[303,179],[133,-27],[241,249],[-395,-21],[202,306],[-106,304],[-115,-25],[-359,221],[-188,37],[133,256]],[[49827,27328],[380,69],[167,-97],[347,41],[2,548],[544,-99],[25,183],[629,-83],[178,100],[352,-56],[259,303],[44,162],[-323,156]],[[52431,28555],[34,136],[718,39],[250,214],[404,-95],[919,-65],[280,80],[248,-64],[90,-374],[479,83]],[[55853,28509],[-229,-584],[-336,-582],[-670,-397],[-584,-434],[-215,-210],[-176,-404],[-230,-138],[-137,-227],[-788,-828],[-570,-403],[-709,147],[-191,72],[-74,195],[11,288],[268,191],[120,239],[-11,390],[609,216],[-198,47],[-499,-172],[-123,-214],[59,-243],[-279,-162],[-192,-281],[-46,-291]],[[52422,23851],[209,52],[295,-397],[-10,-150]],[[53295,22720],[-264,574],[63,276],[-135,216],[141,546],[309,227],[719,644],[316,-32],[237,54],[104,86],[105,201]],[[55035,24031],[-52,-236],[-279,-316],[-793,-653]],[[54106,26048],[102,211],[151,13],[-99,-342],[-154,118]],[[55090,22792],[-286,104],[213,417],[206,109]],[[55240,22881],[-24,-36]],[[54886,25522],[-142,-223],[-271,-107],[-265,74],[179,329],[570,454],[288,24]],[[54820,26350],[146,91],[95,337],[205,38],[-79,-313],[-236,-270],[-131,117]],[[55304,26152],[-274,18],[168,228],[232,627],[520,17]],[[56599,27821],[30,-192],[-229,19],[-419,-319],[17,254],[257,149],[201,280],[143,-191]],[[55862,27752],[26,138],[488,303],[81,-118],[-331,-401],[-264,78]],[[44501,20420],[172,100],[90,212]],[[44763,20732],[321,327],[105,264],[561,-121],[347,301],[273,-54],[205,340],[272,95],[37,193],[294,146],[429,13],[185,101],[198,-143],[222,9],[209,360],[388,249],[197,3],[137,-198],[-48,-375],[-157,-345],[-347,-613],[-226,-315],[-328,-691],[-439,-298],[-65,-129],[-279,-93],[-575,-77],[-663,28],[-900,223],[-244,109],[-350,286],[-21,93]],[[48870,24201],[545,147],[395,289],[-13,179],[262,15]],[[50059,24831],[604,-107]],[[50663,24724],[81,-325],[-89,-96],[-656,-288],[-259,-234],[-471,-1045],[-438,152],[-362,468],[216,241],[40,97],[-50,128],[166,29],[30,56],[-67,37],[66,257]],[[46416,23354],[461,-41],[203,131],[-79,240],[126,97],[-424,137],[-140,138],[-21,307],[277,101],[184,-56],[299,-438],[351,-27],[-223,-257],[352,-211],[138,-199],[202,185],[324,-30]],[[48446,23431],[15,-160],[266,-400],[-407,-262],[-144,-360],[-341,146],[-333,299],[-293,70],[-463,-65],[-322,323],[179,121],[-187,211]],[[52422,23851],[494,-495]],[[52916,23356],[133,-609],[295,-359],[-55,-135],[-309,-332],[-609,-363],[-1021,-320],[-192,-268],[-387,25],[-188,120],[-262,434],[7,147],[298,209],[657,177],[183,261],[-13,252],[133,243],[92,324],[3,79],[-32,65],[-115,145],[88,81],[800,319]],[[53295,22720],[616,106]],[[53911,22826],[-186,-287],[-259,-205],[-171,386]],[[51564,24321],[172,-58],[-666,-468],[-247,116],[-346,-152],[-302,-596],[-246,61],[47,208],[485,570],[412,230],[150,180],[541,-91]],[[54754,22781],[120,4],[245,-46],[-256,-280],[-446,-123],[-198,84],[535,361]],[[55090,22792],[107,4]],[[55203,22783],[-113,9]],[[50458,21152],[212,-197],[-93,-235],[-217,-147],[-383,-92],[-328,-14],[-273,148],[-94,479],[198,181],[367,579],[84,258],[311,321],[58,197],[884,532],[33,-285],[-264,-279],[-47,-233],[-284,-258],[-65,-152],[-262,-236],[-33,-216],[196,-351]],[[47413,22661],[207,-101],[108,-183],[-235,-130],[-333,-1],[-324,-161],[-40,-192],[-309,-114],[-153,-294],[-299,45],[-222,-273],[-365,43],[-243,97],[-21,354],[462,-34],[179,213],[-228,261],[7,118],[383,320],[420,-50],[454,53],[279,87],[273,-58]],[[51564,22852],[-117,-210],[-4,-223],[-186,-326],[-624,-144],[97,210],[229,225],[113,338],[203,193],[-53,280],[272,228],[103,-78],[70,-121],[-76,-189],[-27,-183]],[[50104,23018],[117,131],[246,463],[352,275],[199,-141],[-155,-199],[-708,-576],[-51,47]],[[53995,20558],[-140,-116],[11,-233],[-490,-263],[-287,-44],[-201,139],[78,343],[420,283],[479,12],[130,-121]],[[51898,20292],[71,174],[452,198],[71,-310],[-397,-98],[-197,36]],[[53065,20806],[-140,-209],[-249,-65],[-48,183],[410,384],[27,-293]],[[54251,20745],[-690,-13],[150,284],[270,95],[270,-366]],[[53138,21224],[227,277],[242,-313],[-400,-234],[-69,270]],[[51912,21059],[-285,30],[160,235],[571,154],[-8,-248],[-438,-171]],[[55403,22133],[-180,-509],[-295,-365],[10,-153],[-322,-52],[-484,61],[-377,117],[-230,294],[136,414],[478,436],[234,-49],[410,75],[212,149],[97,127],[139,48],[331,-176],[-159,-417]],[[55891,22523],[16,-148],[-48,-225]],[[55656,21867],[68,548],[167,108]],[[55161,32338],[-147,150]],[[55014,32488],[302,-6],[239,-139]],[[55000,32499],[-343,285]],[[54657,32784],[317,-128],[26,-157]],[[54643,32796],[-76,66]],[[54308,33099],[161,100],[190,-218],[543,-289],[59,-172],[-532,271],[-86,5]],[[55328,34887],[90,-308],[-24,-114],[59,-24],[141,34],[15,-237],[-50,-196],[146,-132],[136,-374],[-171,-498],[238,-335],[-42,-416],[-385,233],[-94,129],[-395,301],[-363,164],[-114,120],[-465,85],[69,224],[313,107],[325,33],[235,194],[27,292],[-174,590],[117,165],[210,-152],[156,115]],[[54542,34605],[295,-2],[-21,-316],[66,-222],[-41,-213],[-177,-85],[-336,45],[-82,345],[-190,97]],[[57721,34097],[-25,-47]],[[56985,32017],[-144,168],[-441,178],[-442,60],[13,261],[-267,317],[134,295],[15,378],[-148,279],[-108,69],[44,270],[-20,196],[-49,13],[-126,152],[-59,264],[-91,-15],[-143,-110],[-87,112],[197,65],[-129,101],[-220,-165],[-216,-97]],[[55322,36440],[408,-24],[379,-117],[469,-205],[145,-145],[-18,-646],[487,-475],[-25,-178],[171,-313],[221,-101],[153,-108],[9,-31]],[[57556,34864],[173,-248],[-2,-36],[-261,100],[90,184]],[[58008,35109],[-10,-23]],[[57575,34975],[122,381]],[[57306,35214],[-21,142],[-229,324],[252,229],[184,-242],[-22,-472],[-164,19]],[[57123,36182],[-282,-16],[-418,153],[471,154],[178,-93],[51,-198]],[[56324,36808],[223,-155],[263,-83],[-128,-131],[-451,4],[-362,106],[-256,12]],[[55285,32093],[-124,245]],[[55161,32338],[394,5]],[[55555,32343],[116,-136],[-185,-194],[-201,80]],[[56810,29812],[53,185],[140,-178],[-194,-29],[1,22]],[[55784,32178],[321,-31],[20,-109],[380,-481],[-493,-188],[-458,541],[230,268]],[[56120,32155],[38,34],[401,-17],[106,-173],[-246,-210],[-275,249],[-24,117]],[[56985,32017],[75,107],[-185,186],[-122,347],[-30,523],[157,462],[471,109],[61,199],[284,100]],[[57696,34050],[227,-508],[503,-272],[380,-334],[68,-411],[0,-450],[116,-313],[201,-342],[280,-184],[232,-36],[616,-491]],[[57081,29871],[-53,246],[51,682],[-142,579],[88,500],[-40,139]],[[58008,35109],[-311,247]],[[57697,35356],[12,38],[124,16],[208,-194],[-33,-107]],[[57575,34975],[104,82],[319,29]],[[57998,35086],[218,-83],[80,-156],[-157,-298],[-180,-105],[-384,531]],[[56553,31303],[-59,-140],[-363,36],[17,171],[263,121],[142,-188]],[[58637,34674],[-186,68],[-365,434],[520,-281],[31,-221]],[[60659,32465],[358,131],[250,-115]],[[59731,32290],[-44,-11],[-190,158],[141,356],[244,-182],[-16,-287],[-99,29],[-36,-63]],[[58670,33937],[-54,-115],[-378,424],[-72,171],[119,276],[387,-63],[-140,-254],[138,-439]],[[58924,34282],[-271,123],[202,195],[236,-288],[-167,-30]],[[56864,28589],[-37,739]],[[56827,29328],[116,-32],[43,-734],[-122,27]],[[57081,29871],[154,-69],[333,108],[516,-160],[145,146],[168,-245],[267,-106],[272,20],[155,110],[301,62],[116,132],[9,336],[79,155],[304,-57],[-37,357],[55,144],[401,-95]],[[60319,30709],[276,-280],[559,-370],[-22,-188],[-357,-485],[-250,-535],[-65,-439],[240,-589],[-36,-417],[-221,-627],[-109,-468]],[[56957,27241],[190,305],[157,974],[-45,358],[-143,61],[-18,246],[83,337],[-100,349]],[[60659,32465],[608,16]],[[61267,32481],[531,-245]],[[62576,31236],[-214,5],[-893,551],[-209,186],[-575,396],[-26,91]],[[60857,29114],[399,406],[21,-175],[-223,-193],[-197,-38]],[[61136,26100],[57,183],[489,626]],[[61691,26570],[-441,-470]],[[61694,28240],[-172,-326],[-265,86],[139,240]],[[61415,28597],[-170,92],[-50,276],[332,468],[156,51],[180,-371]],[[63356,30150],[-16,-96],[-355,-93],[-344,215],[-64,211],[166,267],[206,103]],[[62173,30875],[-404,-81],[-5,181],[317,44],[92,-144]],[[61893,31314],[-69,-76],[-533,-35],[-157,100],[-13,224],[-142,359],[302,-129],[487,-300],[125,-143]],[[55035,24031],[138,442],[18,374],[-91,195],[74,315],[-284,155]],[[54890,25512],[223,92],[180,143],[169,36],[19,-459],[146,-314],[-71,-10],[-69,-61],[-112,-192],[29,-212],[60,-151],[-122,-340],[-277,-177],[-30,164]],[[55240,22881],[133,183],[-150,358]],[[55223,23422],[257,-17],[480,-509],[-24,-110],[-264,-136],[-232,62],[-200,169]],[[55197,22796],[19,49]],[[55216,22845],[-13,-62]],[[55203,22783],[-6,13]],[[54886,25522],[359,551]],[[55245,26073],[244,46],[9,-262],[-200,-95],[-163,-128],[-249,-112]],[[55304,26152],[444,572],[202,318]],[[55950,27042],[212,-15],[-29,-562],[-324,-207],[-505,-106]],[[55656,21867],[203,283]],[[55859,22150],[-60,-538],[-176,40],[33,215]],[[56957,27241],[106,-138],[524,19],[133,-68],[822,269],[80,-147],[399,67],[332,115],[3,-216],[467,-56],[21,-217],[165,-254],[-57,-236],[302,25],[80,-93]],[[60334,26311],[-273,-651],[-61,-310],[-163,-448],[-121,-56],[-213,-374],[-517,-387],[-503,-219],[-540,-486],[-417,-275],[-796,-176],[-562,-28],[-327,221],[-389,433],[-12,129],[470,922],[74,280],[-56,493],[58,588],[445,410],[191,236],[335,628]],[[61136,26100],[114,0]],[[61250,26100],[-158,-553],[-173,46],[217,507]],[[61691,26570],[-9,339]],[[61682,26909],[86,-212],[-77,-127]],[[61694,28240],[-298,0]],[[61396,28240],[169,250],[207,-82],[-78,-168]],[[61415,28597],[141,311],[307,205]],[[61863,29113],[28,-114],[-239,-265],[-237,-137]],[[58759,21262],[-229,-295],[10,-167],[-218,-123],[-271,23],[-180,188],[411,638],[212,242],[243,-16],[174,-133],[-152,-357]],[[56827,22583],[376,14],[411,-55],[-143,-306],[-227,-341],[-660,-533],[-586,-170],[-180,7],[177,538],[-16,166],[106,505],[159,206],[173,41],[410,-72]],[[58151,23369],[460,512],[182,-130],[-478,-416],[-164,34]],[[55406,24596],[-8,166],[141,217],[98,17],[59,-117],[-136,-213],[-154,-70]],[[60304,21374],[172,-156],[-34,-220],[-439,-300],[-213,294],[-168,-231],[-221,-52],[-205,83],[328,585],[203,175],[422,-33],[155,-145]],[[60041,22170],[-290,-136],[-352,-401],[-36,207],[306,217],[325,305],[191,318],[276,135],[-214,-412],[-206,-233]],[[60950,22608],[70,-445],[-231,-79],[-168,-157],[-168,177],[57,343],[116,209],[343,142],[-19,-190]],[[61528,23894],[-43,418],[52,184],[256,-129],[75,-194],[-126,-287],[-214,8]],[[61815,26761],[-11,419],[276,575],[143,-1],[-67,-496],[-156,-560],[-185,63]],[[63521,24309],[0,193],[178,155]],[[63872,28529],[-3,-284],[216,-493],[-130,-917],[-102,-485],[-358,-553],[-282,-362],[-605,-613],[-286,-550],[-200,-110],[-172,178],[-59,448],[43,237],[201,435],[265,466],[344,526],[312,360],[420,1131],[30,261],[-52,432],[233,10],[185,-117]],[[62417,27111],[-24,411],[359,196],[-32,-422],[-87,-188],[-216,3]],[[64406,27063],[-122,154],[224,495],[-88,386],[-180,249],[25,169]],[[62207,27956],[-24,109],[256,512],[242,-59],[-217,-430],[-257,-132]],[[64031,29187],[-49,-123],[-735,45],[-186,213],[-87,263],[33,152],[426,301]],[[43847,38485],[222,-157],[1184,-81],[750,44],[483,-40],[-53,-117],[292,-108],[285,-21],[464,243],[72,-217],[542,-140],[229,28],[648,-204]],[[48965,37715],[201,251],[60,280],[244,197],[224,52],[165,-91],[226,-271],[259,164],[-186,373],[-177,1],[-874,149],[-257,190],[-27,194]],[[51535,39755],[-224,-56],[328,-244],[739,-131],[-228,-389],[-225,-101],[-55,-51],[21,-59],[138,-87]],[[51675,38276],[-127,-124],[56,-141],[-174,-120]],[[51379,36328],[48,-53]],[[47969,35528],[89,417],[160,177],[10,197],[-213,124],[293,271],[200,269],[180,373],[277,359]],[[52043,38651],[-154,108],[302,189],[110,199]],[[52398,39343],[-661,111],[-279,175]],[[54542,34605],[-270,-110],[-428,-87],[212,-154]],[[54056,34254],[178,-154],[-1,-269],[-257,-148],[-186,156],[30,374],[-53,312],[235,200],[540,-120]],[[55322,36440],[-282,-310],[-245,-9],[-162,-360],[200,-354],[37,-265],[-172,-334]],[[54698,34808],[-57,-71],[-254,75],[-467,474],[12,304],[149,242],[213,200],[691,359],[337,49]],[[56324,36808],[-504,-76],[-207,-171]],[[55613,36561],[-538,-23],[-329,-93],[-502,-218],[-404,147],[-245,18],[-239,-73],[-140,80],[337,184],[-296,75],[-151,-174],[-163,104],[45,207],[269,344],[283,177],[517,419],[368,13],[510,-159],[493,-43],[259,-81],[637,-657]],[[51675,38276],[-118,217],[289,32],[183,112]],[[52029,38637],[-99,-272],[-255,-89]],[[51379,36328],[-184,206],[60,206],[-146,252],[-84,455],[405,444]],[[51430,37891],[202,10],[-10,117],[76,231],[230,91],[96,111],[19,200]],[[52043,38651],[258,496]],[[52301,39147],[310,143],[300,-209],[145,-178],[394,-325],[199,-241],[371,-250],[-43,-135],[-522,-360],[-344,-157],[-133,66],[0,74],[-93,167],[-437,153],[-335,-64],[-71,-70],[37,-156],[300,-260],[-215,-812],[-404,-342],[-381,137]],[[51391,36224],[36,51]],[[51427,36275],[384,-198]],[[52398,39343],[-33,147],[-481,132],[-426,7]],[[51458,39629],[156,54],[45,44],[390,3],[442,-102],[57,-240],[-150,-45]],[[53176,34454],[313,49],[-25,-303]],[[52772,35112],[223,-204],[147,-328]],[[52799,35122],[107,118],[524,-449],[20,-171],[-262,-106],[-188,423],[-201,185]],[[52348,35917],[-131,114],[-180,338],[151,44],[257,-146],[432,-17],[292,-223],[87,-297],[-258,-2]],[[52923,37088],[-91,227],[283,-37],[-192,-190]],[[52822,37746],[150,-205],[-162,-112],[-68,-150],[47,-380],[-52,-325],[-128,-84],[-379,42],[168,591],[-12,277],[-313,247],[54,164],[272,70],[423,-135]],[[53837,39778],[72,-126],[-294,-114],[115,-165],[-233,-151],[-158,-207],[-308,197],[-119,340],[11,251],[245,162],[366,-40],[203,143],[199,-240],[-99,-50]],[[51978,39836],[127,41]],[[52501,39832],[-523,4]],[[53635,34881],[-196,317],[50,259],[-62,593],[310,208],[236,-178],[-174,-393],[-35,-250],[262,-596],[-306,-86],[-85,126]],[[55130,37917],[265,54],[-23,-294],[-351,37],[-376,127],[211,177],[408,108],[122,-140],[-256,-69]],[[54084,38146],[-432,207],[-170,193],[535,-132],[189,-200],[-122,-68]],[[54280,39367],[201,-154],[452,-233],[388,-458],[8,-176],[-982,-418],[-37,414],[-274,251],[-604,360],[83,266],[214,118],[44,226],[266,147],[241,-343]],[[55573,39948],[-31,-143],[-309,-69],[74,446]],[[55281,40198],[-80,-468],[-102,-44],[-260,363],[-53,478]],[[54760,40548],[-33,-376],[260,-473],[-244,-167],[-99,-196],[-307,383],[-138,464],[71,221],[255,341]],[[53191,39968],[335,212],[180,-108],[-169,-132],[-346,28]],[[54327,40953],[-337,-430],[-7,-286],[-153,5],[-61,228],[111,489]],[[56829,37611],[-262,-113],[-72,221],[130,-77],[47,32],[157,-63]],[[56923,37695],[149,-87],[-13,-93],[-279,168],[-134,3],[-39,-28],[-130,201],[265,6],[181,-170]],[[57000,38853],[466,-546],[-629,-310],[-395,176],[-59,213],[237,559],[380,-92]],[[55441,39282],[-150,262],[182,47],[205,-301],[-237,-8]],[[48443,35204],[342,201],[224,-5],[235,284],[306,6],[148,104],[452,-25],[449,-253],[148,350],[-336,450],[60,105],[417,157],[140,-172],[363,-182]],[[51391,36224],[420,-147]],[[51811,36077],[203,-340],[-408,-296],[257,-13],[187,175],[428,-99],[277,-184],[17,-208]],[[52772,35112],[-97,-59],[164,-281],[303,-192]],[[53142,34580],[-96,-305],[-160,-97],[-100,-302]],[[52408,33780],[-55,-4]],[[53176,34454],[288,-254]],[[53464,34200],[-21,-206],[-326,284],[59,176]],[[52937,35611],[-134,-61],[-455,367]],[[52348,35917],[479,58],[183,-47],[-12,-200]],[[52998,35728],[-61,-117]],[[52844,33904],[80,273],[179,89],[315,-361],[112,-552]],[[47664,30539],[-40,158],[285,280],[-225,49],[-390,-160],[-564,66]],[[50449,33469],[267,28],[184,129],[288,-93],[78,152],[-68,257],[77,198],[711,-403],[41,327],[243,-81],[83,-207]],[[52353,33776],[362,-5],[129,133]],[[52844,33904],[73,-265],[613,-286]],[[53530,33353],[56,-274],[-57,-269],[-143,-110],[-595,33],[14,-120],[758,15],[167,-104],[478,-172]],[[54208,32352],[-405,-68],[-93,-130],[315,-64],[-270,-226],[-401,173],[-180,-153],[-439,-85],[-282,37],[-286,-295],[-131,-281],[83,-222],[-320,-399]],[[51799,30639],[-150,183],[-350,182],[-208,29],[-507,278],[-666,-536],[-547,220],[-75,-121],[-267,29],[-41,-129],[-401,27],[-211,-127],[-215,-6],[-497,-129]],[[54176,32786],[-53,-127]],[[54123,32659],[-261,329],[-16,268],[82,0],[40,-166],[208,-304]],[[54567,32862],[-177,-6]],[[54390,32856],[-82,243]],[[54308,33099],[259,-237]],[[52408,33780],[378,96]],[[52786,33876],[-110,-91],[-268,-5]],[[46730,30932],[-293,-296],[12,-419],[-659,-404],[-504,-520],[-232,-287],[-507,-274],[-267,129],[-101,-184],[-186,12],[-253,-117]],[[46932,31185],[-202,-253]],[[46413,35485],[116,396],[174,173],[174,-11],[171,-219],[282,-46],[-33,-145],[326,-151],[346,46]],[[47969,35528],[176,6],[298,-330]],[[48443,35204],[89,-251],[-43,-475],[322,-156],[291,66],[369,-165],[-77,-277],[371,20],[90,-14],[420,-169],[313,25],[77,-163],[-216,-176]],[[50449,33469],[-271,114],[-192,-208],[356,-41],[442,-235],[98,-173],[-172,-131],[-272,97],[-362,284],[-104,-121],[-342,-11],[58,-409],[-420,-196],[-115,-182],[-309,90],[-157,-172],[-39,-181],[-213,-37],[-440,-324],[-272,-65],[-169,-130],[-413,-97],[-209,-156]],[[46932,31185],[127,441],[-397,71],[-10,152],[332,801],[-44,98],[-789,193],[69,214],[-135,59],[-371,-60],[-326,91],[-378,-115]],[[40784,35055],[309,-59],[128,501],[-435,9],[-118,67],[13,312],[368,139],[172,159],[-364,109],[26,153],[442,241],[233,5],[-2,200],[-139,169]],[[43043,37437],[365,-22],[0,-542],[-61,-180],[468,45],[-94,-282]],[[40434,29303],[-558,464],[-15,173],[465,294],[403,150],[313,-21],[351,188],[51,150],[-143,169],[-249,44],[-300,-74],[-295,26],[-254,123],[-113,274],[199,116],[503,5],[598,-199],[530,2],[-76,260],[-827,-7],[-66,53],[534,436],[126,150],[216,527],[12,240],[-255,132],[-544,56],[-150,85]],[[40890,33119],[108,209],[81,377],[-563,104],[-233,104],[-51,172],[193,161],[253,-338],[627,368],[-457,253],[-315,46],[-759,-90],[-93,187],[586,274],[407,142],[110,-33]],[[43721,36456],[272,-77],[302,-376],[280,31],[680,-237],[405,-69],[27,-156],[504,14],[222,-101]],[[46413,35485],[228,-210],[-625,-337],[-55,-243],[-276,-298],[-82,-217],[-543,-156],[-308,-178],[10,-415],[248,-301]],[[45010,33130],[-318,-295],[-437,-68],[-261,114],[-143,-265],[66,-299],[116,-129],[-34,-306],[16,-477],[430,-330],[91,54],[15,44],[267,91],[480,8],[-11,-148],[213,-62],[-202,-288],[-282,-169],[-198,-233],[-509,-68],[-30,187],[-307,-19],[-52,-138],[-139,-8],[-339,72],[0,32],[-143,-111],[-63,-215],[252,-441],[-368,-173]],[[40507,29302],[317,216],[670,578],[489,247],[131,133],[247,487],[0,249],[233,113],[370,-59],[85,169],[76,539],[-56,471],[375,328],[1,189],[-352,105],[-20,99],[173,323],[77,407],[-286,301],[-345,110],[-123,194],[68,168],[205,7],[49,227],[224,52],[337,453],[114,591],[-50,89],[205,368]],[[40299,25606],[-74,162]],[[40225,25768],[81,-163]],[[40306,25605],[-7,1]],[[40151,26280],[-141,182],[-272,267],[-141,575],[44,336],[149,399],[157,243],[434,476],[101,253],[-48,292]],[[40434,29303],[73,-1]],[[40507,29302],[248,-35],[286,-187],[180,61],[143,275],[290,-42],[121,-242],[245,35],[76,170],[-251,318],[226,40],[109,-166],[614,12],[326,-51]],[[43120,29490],[-90,-326],[104,-83],[374,-17],[340,-180],[-108,-312]],[[43740,28572],[67,-329],[-275,20],[-45,-227],[-162,7],[-261,-494],[170,-287],[-215,-474],[-457,-3],[69,-274],[-409,-86],[-257,-274],[-247,-160],[-24,-197],[-322,100],[-82,-156],[-316,-130],[-306,3]],[[40668,25611],[-109,95],[-230,608],[-178,-34]],[[37262,65200],[272,-5],[202,47],[-38,271],[112,140],[327,147]],[[39349,66931],[469,-22],[240,-161],[287,-30],[278,61],[-89,282],[599,-112],[321,-6],[41,-357],[-27,-434],[294,123],[507,-272],[189,-8],[-77,-282]],[[37861,62812],[-82,177],[-274,26],[-187,342],[-23,172],[164,267],[-245,7],[-22,263],[150,34],[-16,243],[170,193],[-203,218],[-236,58],[267,250],[-76,28],[14,110]],[[42381,65713],[486,-244],[221,-197],[373,86],[693,-90],[369,217],[373,43],[236,-257],[28,-292],[274,160],[592,247]],[[40202,63385],[187,181],[-204,188],[-254,514],[287,-4],[243,113],[803,35],[287,311],[74,249],[209,154],[-23,135],[284,63],[286,389]],[[37592,62389],[84,113],[-62,318],[247,-8]],[[37861,62812],[275,60],[330,-204],[299,62],[87,231],[278,32],[129,-115],[339,-55],[258,110],[327,15],[-68,393],[87,44]],[[40202,63385],[148,-157],[440,-78],[225,-170],[391,82],[186,-259],[240,47],[108,-107],[558,37],[121,100],[57,-15],[133,97],[216,-174],[261,118],[561,67],[348,-114],[120,133],[-21,226],[573,69]],[[37608,61902],[-236,161],[50,204],[170,122]],[[38411,59136],[-73,312],[-195,470],[-64,479],[128,306],[-29,302],[-273,239],[-49,406],[-248,252]],[[37608,61902],[477,-37],[302,46],[-30,285],[164,80],[205,-55],[147,-213],[216,31],[115,-205],[261,93],[337,-105],[318,66],[259,154],[108,-118],[-136,-186],[272,-45],[270,-143],[-13,-164],[230,-9],[74,-167],[551,-199],[284,63]],[[38080,56826],[674,501],[133,174],[30,307],[-138,261],[1,358],[87,166],[-221,104],[-170,227],[-252,-51],[-205,142],[392,121]],[[38411,59136],[426,-63],[250,-133],[556,-89],[162,250],[663,-60],[-185,209],[94,393],[109,166],[282,80],[193,-86],[145,165],[421,101],[52,-411],[518,11]],[[42831,56885],[-190,299],[-209,-92],[-239,197],[-35,517],[-119,216],[185,146],[504,228],[79,463],[412,15],[138,153],[-152,100]],[[44867,63287],[383,-51],[552,66],[319,-85],[235,157],[531,22],[408,-129],[335,-33]],[[48058,59433],[-274,-110],[-37,274],[-365,44],[-211,217],[-163,-87],[-720,-34],[-349,-135],[-434,7],[-384,-323],[-10,-170],[-239,11],[-234,-136],[-255,250],[-346,-2],[-243,220],[-142,-212],[-447,-120]],[[43205,59127],[-255,176],[-201,-106],[-269,141],[-260,-26],[-123,357]],[[42097,59669],[-78,195],[272,-4],[32,609],[-60,194],[-198,154],[109,93],[-155,164]],[[42019,61074],[228,28],[307,-84],[237,124],[77,139],[622,-160],[251,283],[180,-124],[242,201],[-139,256],[-175,150],[336,178],[157,167],[416,39],[-80,304],[82,399],[242,153],[-135,160]],[[37099,79110],[164,121],[612,83],[71,353],[-290,437],[420,-73],[195,-113],[648,-143]],[[38919,79775],[22,-255],[-149,-313],[67,-547],[82,-33],[310,-515],[-2,-116],[-219,-201],[184,-58],[778,-119],[186,41],[347,290],[173,45],[827,-219]],[[35511,75568],[165,177],[37,174],[216,357],[187,196],[134,257],[352,60],[384,-33],[107,276],[240,24],[-1,301],[104,192],[-261,353],[-28,278],[-139,30],[-148,272]],[[36860,78482],[-217,309],[239,108],[217,211]],[[35123,73583],[152,63],[-44,524],[-307,198],[142,266],[153,643],[292,291]],[[35511,75568],[453,-4],[383,-207],[114,130],[404,54],[377,-122],[-69,-118],[-37,-13],[352,-369],[322,-75],[-18,-28],[14,-128],[282,88],[214,177],[302,15],[-70,240],[286,34],[553,-27],[272,-116],[208,-247],[48,-196],[597,33]],[[35650,72451],[-252,220],[7,253],[-282,659]],[[37356,69545],[-489,82],[-466,198],[-468,355],[-75,225],[-232,307],[-41,223],[-132,166],[249,73],[154,142],[44,196],[-218,199],[109,257],[-46,318],[-95,165]],[[35650,72451],[83,70],[504,-69],[112,253],[415,227],[377,9],[586,352],[187,214],[-29,143],[141,222],[357,169],[77,225],[261,-282],[216,-83],[231,-635],[397,-60],[242,-93],[-24,-137],[358,-52],[331,-140]],[[36679,69214],[256,256],[421,75]],[[37356,69545],[206,96],[34,154],[393,-127],[213,-144],[328,-103],[75,158],[305,-35],[178,227],[28,263],[-283,27],[47,213]],[[41198,68879],[-495,-329],[-320,14],[-142,103],[-204,-142],[21,-447],[277,-162],[115,-322],[-164,-115],[-279,70],[-244,-273],[-70,-237],[-375,12],[31,-120]],[[39349,66931],[-87,-90],[162,-257],[-407,-101],[-3,-143],[-492,-591],[-385,51]],[[38137,65800],[24,12],[-131,95],[-110,272],[-253,293],[58,168],[387,50],[-48,145],[39,499],[265,207],[-173,147],[67,277],[-298,127],[-138,224],[309,54],[45,207],[-249,69],[116,209],[-225,268],[-283,-105],[-324,132],[-150,-146],[-386,210]],[[44317,69330],[-613,-186],[-407,61],[-191,-122],[42,-115],[-171,-243],[-370,-82],[-153,-292],[-454,-80],[-286,200],[9,151],[-343,17],[-182,240]],[[41198,68879],[-228,68],[-69,290],[-427,204],[-55,319],[-187,112],[-216,-47],[-433,16],[-139,174],[-281,16],[-135,279],[-148,-36]],[[38880,70274],[46,109],[436,198],[372,-104],[570,44],[102,106],[106,466],[209,284],[-73,170],[68,157],[-226,333],[205,24]],[[40472,72784],[-107,378],[-210,-2],[88,284],[446,-26],[-7,171],[379,268]],[[45144,71281],[-784,34],[-216,-47],[-405,77],[-267,-23],[-482,40],[-357,190],[-319,-63],[-611,130],[-236,148],[-13,254],[-153,178],[-183,14],[-220,-27],[-99,-121],[-104,-4]],[[40695,72061],[-60,52],[-4,67],[127,72],[-21,313],[-81,87],[-184,132]],[[46784,70985],[-221,122],[-250,7],[-482,216],[-269,-123],[-418,74]],[[45144,71281],[137,242],[-148,217],[255,12],[56,230],[-319,223],[59,182],[302,-23],[-288,524],[335,190],[-450,400],[112,285],[-232,-4],[-87,131],[-220,-51],[-325,81],[-64,241]],[[45360,76602],[996,-40],[582,-196],[474,-69],[127,-94],[222,72],[598,-123]],[[40498,74689],[-84,128],[99,261],[-34,131],[113,412],[150,129],[-175,129],[-339,28],[76,534],[197,181],[63,222],[1,383],[218,138],[326,-109],[81,433],[335,86]],[[41525,77775],[440,158],[232,-119],[87,-268],[364,-68],[150,54],[348,-119],[295,-196],[433,-21],[382,-266],[395,-97],[517,-255],[192,24]],[[45360,76602],[165,-465],[-281,-413],[-263,-205],[178,-103],[1,-170],[-320,-157],[-414,32],[49,-529],[182,-57],[140,-218],[-347,-277],[-183,121]],[[44267,74161],[-651,40],[-360,-85],[-223,-245],[-400,-7],[-362,-118],[-380,122],[-467,-120],[-363,109]],[[41061,73857],[-248,189],[47,289],[-362,354]],[[47858,73076],[-210,508],[338,178],[151,197],[167,-232],[378,93],[156,345],[416,99],[-242,117],[-213,-136],[-432,316],[-29,314],[92,490],[-215,215],[144,572]],[[48359,76152],[381,-30],[552,-122],[414,80],[341,-242],[574,-277],[723,-44],[180,-105],[573,-145],[205,129],[752,152],[267,115],[577,91],[622,-29],[682,26],[508,93],[175,-101]],[[47820,71154],[-43,84],[172,410],[-323,257],[105,105],[452,-13],[-93,172],[-502,149],[-43,155],[272,365],[41,238]],[[47858,73076],[192,46],[414,-73],[283,47],[342,-116],[198,12],[202,-158],[226,120],[432,-217],[202,137],[516,141],[242,-73],[-21,-160],[519,-73],[462,283],[749,33],[317,204],[260,-24]],[[53395,68620],[170,-60],[150,139],[283,55],[-9,523],[385,-54],[5,320],[159,189],[-100,180],[-278,191],[-378,82],[200,186],[-191,171],[71,114],[-31,284],[293,112]],[[46955,70529],[-232,104],[209,257],[-148,95]],[[46784,70985],[625,-58],[273,89],[138,138]],[[47820,71154],[257,2],[178,-117],[428,29],[372,-33],[384,-298],[91,94],[504,-357],[268,-262],[165,87],[307,-159],[-71,-126],[720,-116],[670,-300],[238,-212],[223,-35],[666,-274],[217,-57],[89,-257],[-131,-143]],[[53395,68620],[-356,-76],[-10,-253],[-285,-140],[-392,-87],[4,-107],[96,-75],[-12,-66],[74,-144],[104,-342],[-141,-294],[85,-188]],[[45633,66470],[282,316],[-43,293],[-162,481],[-171,188],[50,124],[-174,304],[138,275],[-108,63],[-830,-11],[-37,111],[74,392],[-335,324]],[[44317,69330],[251,64],[357,-137],[351,116],[403,-162],[78,172],[310,34],[41,375],[183,219],[263,14],[140,396],[261,108]],[[46955,70529],[362,-150],[99,-233],[293,88],[46,-440],[394,-223],[575,31],[347,-35],[207,-206],[-158,-136],[290,-95],[-16,-246],[424,-116],[-125,-315],[-594,-270]],[[46026,65386],[-140,299],[-449,454],[196,331]],[[45633,66470],[214,16],[413,-195],[166,323],[169,63],[-58,335],[466,148],[-45,465],[529,-7],[176,164],[661,-24],[472,118],[129,240],[174,67]],[[49099,68183],[20,-256],[447,48],[403,-151],[-138,-261],[225,-122]],[[47377,63712],[-159,47],[-23,189],[723,307],[-177,94],[-193,-56],[-337,270],[-49,130],[-377,118],[-153,140],[-197,-89],[-138,255],[-165,75],[-106,194]],[[52562,66848],[14,-7]],[[48950,64108],[246,207],[272,11],[113,105],[-54,182],[124,227],[181,32],[172,334],[-348,47],[-66,385],[329,44],[-3,340],[197,56],[235,346],[-216,250],[-344,290],[-38,57],[21,116],[-93,58],[-16,105],[372,68],[22,73]],[[50056,67441],[279,85],[465,-184],[542,-26],[227,-159],[615,-100],[378,-209]],[[52576,66841],[12,138],[333,195],[315,-89],[331,93],[-355,294],[-51,131],[102,361],[389,-129],[436,-76],[32,-134],[308,-54],[148,96],[384,-164],[136,235],[-86,203],[543,149],[244,6],[245,-132],[144,93],[114,259],[239,-240],[395,56],[152,-170],[435,-95]],[[53673,65692],[57,413],[-372,484],[-595,138],[-187,114]],[[54294,64776],[-65,114],[-495,391],[-61,411]],[[53673,65692],[93,204],[573,-130],[268,35],[0,-244],[201,4],[510,294],[373,-30],[340,234],[509,60],[262,220],[423,495],[492,-213],[234,-189],[262,196],[288,54],[449,-70]],[[52435,63923],[-262,141],[-66,258],[238,23],[-94,581],[404,-35],[68,415],[298,-9],[-4,-182],[490,-266],[119,82],[360,-20],[308,-135]],[[54294,64776],[400,-135],[286,-379]],[[47630,63234],[-220,243],[-33,235]],[[47377,63712],[212,-93],[373,-38],[146,196],[-43,262],[343,187],[245,-3],[297,-115]],[[48950,64108],[175,-132],[482,55],[450,-164],[188,64],[287,-97],[215,229],[251,6],[400,136],[319,-105],[234,-355],[369,16],[115,162]],[[52435,63923],[230,-198],[-92,-241],[103,-101],[98,-309],[267,-129],[-203,-128],[17,-259],[213,-96],[288,-464],[-149,-160],[68,-351]],[[48937,60872],[-277,154],[-351,21],[-150,137],[-67,348],[-140,258],[-287,28],[-87,225],[402,1097],[-350,94]],[[55640,73364],[-9,307],[172,124],[-154,320],[-331,132],[324,374],[-73,203],[247,245],[69,674]],[[55885,75743],[462,25],[26,156],[520,25],[383,-356],[347,-119],[231,186],[600,-190],[243,175],[258,57],[28,123],[242,74],[423,-13],[222,-234],[881,-133],[592,35],[202,96],[468,-67],[503,11],[745,136]],[[58056,69061],[-40,182],[-236,53],[98,211],[-170,79],[-539,-47],[-166,53]],[[57753,72792],[472,78],[-476,288],[330,144],[305,-49],[374,72],[357,-277],[-119,-194],[1249,-86],[217,123],[377,-225],[-74,-512],[386,63],[811,266],[473,34],[388,96]],[[57521,67867],[25,248],[139,52],[158,229],[334,33],[-52,193],[-164,113],[-377,61],[-44,288],[275,-57],[241,34]],[[58056,69061],[170,44],[276,-64],[200,-139],[241,94],[310,-5],[57,215],[235,156],[31,288],[-180,388],[291,9],[18,194],[604,104],[212,121],[323,79],[287,-189],[492,120],[110,-92],[311,179],[507,58]],[[60224,65987],[-89,-100],[-306,-42],[-248,71],[132,195],[-51,193],[-771,58],[59,250]],[[58950,66612],[-108,198],[-309,3],[-52,219],[-456,24],[-344,288],[-83,150],[201,259],[-278,114]],[[62551,70621],[939,145],[227,201],[317,98]],[[62237,66462],[-145,222],[32,334],[-193,133],[10,193],[-186,204],[-354,215],[78,354],[-349,-9],[-242,197],[594,287],[667,58],[279,-10],[81,-202],[374,-17],[105,-96],[57,-23],[793,276],[-172,148],[-75,458],[-507,-48],[-226,-106],[-212,125],[58,207],[-74,134],[-384,175],[11,253],[220,135],[459,36],[-73,331],[-180,-34],[-132,229]],[[53393,73205],[189,78],[380,-7],[138,-171],[227,26],[-16,185],[113,251],[369,-140],[152,49],[254,-130],[441,18]],[[55640,73364],[37,-115],[319,17],[29,-217],[516,44],[378,-101],[235,-168],[-156,-143],[325,-76],[430,187]],[[57753,72792],[207,-230],[219,40],[18,-249],[-723,-36],[-164,-245],[67,-305],[-205,-28],[-250,-182],[-272,-55],[-78,-270],[-35,-439],[118,-51],[130,-522],[-155,-187],[-79,-290],[300,9],[152,-160]],[[57003,69592],[-231,-157],[-248,-31],[-103,128],[-370,-60],[-106,162],[-274,139],[-519,-16],[1,316],[-363,167],[58,152],[-1,393],[-103,213],[-473,-37],[-147,91]],[[54124,71052],[130,284],[-165,154],[5,180],[217,178],[-655,214],[100,410],[-310,180],[-12,280],[-205,-2],[164,275]],[[54980,64262],[170,203],[444,79],[260,-53],[432,-317],[223,22],[376,-185],[306,-3],[140,366],[-58,207],[426,225],[139,-279],[145,-130],[51,-233],[234,3],[265,340],[375,224],[727,-44],[158,344]],[[56408,62808],[118,351],[-282,302],[-325,37],[-685,167],[-250,338],[-4,259]],[[56598,60583],[-12,184],[-142,116],[-50,502],[-370,464],[-17,116],[213,250],[45,249],[150,181],[-7,163]],[[56408,62808],[176,-76],[252,65],[710,-7],[388,-109],[543,-49],[100,-536],[183,-63],[394,38],[-20,140],[269,253],[86,-226],[558,77],[289,-243],[322,260],[353,-31],[304,141]],[[59793,65031],[13,136],[391,591],[27,229]],[[60224,65987],[399,-48],[289,259],[622,-72],[132,121],[438,-92],[182,64],[-49,243]],[[62237,66462],[289,9],[176,-203],[203,63]],[[61827,62593],[-420,-59],[-92,-92]],[[61315,62442],[-333,41],[-76,298],[176,501],[-285,166],[-342,46],[-396,192],[-84,14],[-124,510],[95,257],[160,82],[-66,321],[-247,161]],[[62905,66331],[169,-38],[167,135],[345,-183],[183,95],[169,-62],[350,67],[199,-37],[38,224],[192,203],[331,-301],[589,153],[512,-316],[152,119],[274,-25],[264,65],[116,223],[-116,105],[28,216],[252,-116],[273,68],[235,-106],[182,140],[424,-204]],[[64051,63623],[-73,168],[329,198],[-156,148],[-391,-63],[-320,413],[-290,-74],[-178,164],[94,127],[-183,251],[233,80],[152,153],[210,-78],[53,237],[-117,131],[-265,67],[-118,312],[-225,114],[139,125],[-40,235]],[[60585,59837],[-314,105],[-3,248],[186,223],[286,98],[236,-91],[323,156],[-131,260],[213,64],[119,170],[216,-35],[-24,342],[205,70],[301,213],[41,444],[-422,300],[10,189]],[[61827,62593],[650,288],[221,50],[365,-179],[51,182],[222,276],[382,263],[24,249],[309,-99]],[[64051,63623],[131,-458],[410,-36],[170,-188],[-148,-279],[243,-34],[77,-315],[-204,-29],[-49,-207],[-271,40],[-303,179],[-294,-381],[389,-83],[201,-278],[-8,-488],[372,50],[139,-44],[31,-389],[190,-173],[52,-161],[-122,-252],[-49,-279]],[[60222,59125],[103,214],[241,213],[116,136],[-97,149]],[[60585,59837],[212,-64],[154,-132],[86,-116],[530,48],[611,-93],[195,-67],[45,4],[66,-281],[409,102],[189,-54],[89,-230],[345,79],[217,-101]],[[36700,56438],[339,158],[589,49],[452,181]],[[38080,56826],[-24,-410],[-214,-306],[-221,-212],[192,-93],[222,122],[372,12],[81,-95],[319,145],[402,-100],[151,-153],[385,-35],[139,100],[-80,326],[222,37],[66,-296],[226,-7],[90,147],[418,137]],[[36984,53518],[-430,351],[-247,325],[54,264],[-143,352],[-176,199],[-89,244],[219,50],[-10,619],[222,321],[316,195]],[[39196,51790],[352,311],[281,153],[-242,69],[-151,297],[724,327],[347,-66],[565,65],[422,-44],[30,-105],[704,-121],[127,125]],[[40826,56145],[715,371],[413,-47],[30,281],[214,51],[279,-531],[396,36],[-41,126]],[[45377,54046],[-133,-304],[-280,-28],[-283,-113],[-55,-106],[-480,-93],[-30,-342],[-57,-7],[-118,-77],[22,-213],[-222,-220],[-259,141],[-222,-18],[-435,160],[-470,-25]],[[42355,52801],[4,277],[-483,63],[63,136],[-66,353],[-137,26],[77,372],[-213,52],[78,258],[-151,382],[-10,389],[-130,332],[114,36],[-32,513],[-170,-136],[-203,21],[-270,270]],[[47392,47592],[360,316],[301,-36],[517,30],[156,-97],[957,160],[133,-132],[325,240],[-3,200],[120,108],[367,-109],[-247,-184],[518,-162],[121,35],[13,389],[694,152],[337,350]],[[53312,46325],[-248,110],[88,574],[194,357],[-67,289],[-401,290],[-7,307],[-196,-4],[2,245],[183,315],[-225,-44],[-97,58],[114,36],[15,44]],[[42815,50053],[-35,281],[176,44],[142,177],[-60,174],[421,233],[75,510],[210,182],[412,9],[197,-101],[199,147],[356,-4],[239,-86],[459,393],[418,-45],[-42,-167],[130,-148],[272,18],[181,-75],[599,19],[118,-161],[226,-74],[222,107],[426,4]],[[48787,50820],[-181,-154],[-141,-63],[-12,-96],[-470,-3],[17,-252],[-91,-177],[-423,-273],[-80,-273],[-290,-104],[-36,-383],[-635,-182],[84,-354],[-342,-129]],[[48156,51490],[-91,132],[-332,196],[-323,63],[-90,140],[150,274],[292,348],[334,587]],[[50546,50497],[-324,-228],[-163,-12],[-317,81],[-340,204],[-615,278]],[[48787,50820],[-266,316],[-365,354]],[[51870,49825],[-227,194],[-632,447],[-465,31]],[[50546,50497],[-350,176],[145,132],[592,47],[-72,194],[92,236],[-208,101]],[[52237,50776],[-177,152],[-178,88],[-230,180]],[[52626,51049],[-195,205],[-134,48],[-271,0],[-168,75]],[[51858,51377],[-30,-96],[-176,-85]],[[51652,51196],[-326,199]],[[51838,51590],[-82,-88],[38,-70],[-22,-9],[86,-46]],[[50186,51922],[-459,228],[219,221]],[[50408,52136],[14,-20],[-239,-180]],[[50745,51383],[-347,53]],[[51320,51644],[142,-94],[-136,-155]],[[51326,51395],[-112,43],[-469,-55]],[[51834,51629],[-153,-13],[-361,28]],[[51320,51644],[-326,71],[-42,35],[-12,50]],[[52999,52288],[-166,-53],[11,-255],[-211,-151],[-158,-1],[41,-123],[-616,-74],[-62,-41]],[[51838,51590],[-4,39]],[[51834,51629],[-45,353]],[[50398,51436],[-81,306],[-131,180]],[[50186,51922],[-3,14]],[[50183,51936],[310,52]],[[51069,52088],[1,-2]],[[51016,51891],[-76,-91]],[[50940,51800],[-93,-6],[-449,-358]],[[50509,51998],[-12,10],[64,34]],[[52744,52669],[-197,-58],[-44,-236],[-232,14],[38,-128],[-50,23],[-334,34],[-149,-97],[16,-87]],[[50842,52142],[100,-34],[42,225]],[[51554,52439],[-15,-220],[-46,-131]],[[51456,52087],[-281,30],[-106,-29]],[[51069,52088],[-127,17]],[[49946,52371],[53,74]],[[50689,52644],[-176,-166],[-105,7],[55,-120],[88,-96],[-20,-63],[-47,-6],[-9,20],[-29,-46],[-110,122],[-390,75]],[[50504,52118],[-96,18]],[[50408,52136],[108,-9]],[[49999,52445],[-184,45],[36,189],[-107,96],[-328,-47],[-486,45],[-474,296],[-95,143]],[[50506,52640],[-99,-95],[-220,11],[-188,-111]],[[51493,52088],[68,-8]],[[51659,52069],[-138,-77],[-31,91]],[[51490,52083],[3,5]],[[50689,52644],[-183,-4]],[[50506,52640],[-83,114],[-29,143],[-54,63],[205,80]],[[50757,52652],[-68,-8]],[[50545,53040],[-163,51],[-98,155],[-286,158]],[[50868,53120],[-86,12],[-237,-92]],[[50493,51988],[16,10]],[[50509,51998],[52,44]],[[50561,52042],[-57,76]],[[50504,52118],[12,9]],[[50516,52127],[165,78],[64,-86]],[[50745,52119],[110,-187],[-122,-35],[-240,91]],[[50984,52333],[-180,203],[-47,116]],[[50757,52652],[-27,84],[217,138],[-79,246]],[[50868,53120],[-58,331]],[[51676,53065],[100,-320],[-222,-306]],[[51554,52439],[-389,118],[-164,-46],[-17,-178]],[[51490,52083],[-7,-69],[36,-23],[-165,-134],[11,25],[-58,-1],[-202,140],[-62,-69]],[[51016,51891],[27,61]],[[51043,51952],[27,134]],[[51070,52086],[386,1]],[[51456,52087],[34,-4]],[[53073,53218],[-333,-58],[-63,-134],[-360,-66],[-38,141],[-402,-30],[-119,-30],[-82,24]],[[51676,53065],[-15,56],[-105,-10],[-11,80],[44,64],[-55,59],[-36,162],[-312,-34],[-142,201],[-264,13],[-11,-131],[41,-74]],[[50810,53451],[-362,262],[-172,11],[-278,-320]],[[49998,53404],[-136,57]],[[51561,52080],[231,54]],[[51792,52134],[59,-9],[-62,-143]],[[51789,51982],[-130,87]],[[51659,52069],[-98,11]],[[50745,52119],[97,23]],[[50842,52142],[100,-37]],[[50942,52105],[-39,-82],[-158,96]],[[48096,53230],[-143,185],[-53,118]],[[50096,53930],[-224,-211],[-10,-258]],[[49862,53461],[-350,-152],[-270,132],[-281,-101],[-144,272],[-337,-183],[18,-110],[-137,-107]],[[48361,53212],[-89,38],[-176,-20]],[[42832,56432],[193,277],[-194,176]],[[42831,56885],[723,-149],[676,87],[21,135],[329,-92],[269,-273],[175,132],[392,102],[414,10]],[[46608,56286],[-1,-124],[99,-270],[201,-43],[244,-315],[439,-236],[-139,-260],[127,-290],[-34,-198],[109,-475],[126,-147],[55,-263],[66,-132]],[[47900,53533],[-92,-94],[-591,116],[-499,-73],[-304,-95],[-426,23],[-197,285],[-414,351]],[[45377,54046],[-282,234],[-113,228],[-332,127],[-204,149],[-318,-85],[-105,172],[70,439],[-223,277],[-142,-23],[-241,181],[-22,217],[291,122],[80,174],[-741,172],[-263,2]],[[45830,56837],[78,312],[243,52],[-91,150],[408,163],[54,263],[290,158],[165,-106],[624,162],[17,172],[-241,168],[17,317],[130,137],[-9,176],[543,472]],[[48058,59433],[379,370],[497,191],[-44,187],[209,219]],[[50037,55452],[-227,-72],[-108,116],[-265,28],[-70,-122],[-274,-10],[-114,200],[-229,47],[-315,-34],[-162,221],[-220,452],[140,198],[-163,191],[-304,117],[41,-387],[-385,-3],[-482,-58],[-112,79],[-180,-129]],[[46608,56286],[-276,-19],[-237,348],[-273,71],[8,151]],[[51343,54192],[-121,-261],[-175,4],[-132,54],[149,75],[29,181],[-133,-12]],[[50096,53930],[87,141],[-56,425],[-111,160],[95,308],[-74,488]],[[50037,55452],[263,71],[303,285],[251,-92],[481,9],[61,191],[-268,4],[68,386],[-382,232],[-652,-148],[-135,67],[13,302],[-124,178],[-72,262],[126,301]],[[52744,54084],[24,-184],[-264,-211],[-230,66],[-60,162],[-234,63],[37,55],[237,39],[-143,125],[37,69],[-539,-34],[87,-210],[-81,-37],[-94,-7],[-178,212]],[[51343,54192],[-1,97],[-157,-12],[-123,33],[-54,137]],[[51008,54447],[-48,-214]],[[50960,54233],[-181,-56],[-29,-34],[23,-75],[-408,-180],[-269,42]],[[49099,60400],[76,269],[-238,203]],[[48937,60872],[647,347],[466,-100],[282,111],[-4,-195],[170,-118],[450,133],[128,-144],[243,64],[103,177],[271,223],[139,23],[-46,243],[241,264],[395,12],[155,-131],[698,-294]],[[53275,61487],[380,-58],[334,-154],[-188,-211],[562,-251],[-51,-102]],[[52254,56769],[26,36],[-22,57],[11,210],[-65,167],[-179,-3],[-354,122],[48,293],[557,56],[-30,186],[-87,38],[-177,21],[-27,-55],[-406,-5],[-23,-64],[-334,109],[-433,-60],[-218,-150],[-42,-143],[-215,-85],[-112,-234],[-202,235]],[[49970,57500],[-114,97],[-23,163],[105,346],[189,180],[17,110],[45,25],[-8,77],[65,17],[-20,90],[123,154],[-60,150],[-149,20],[-153,200],[-175,65],[-34,306],[-220,181],[-218,405],[38,93],[-279,221]],[[54312,60711],[364,-146],[202,-164],[280,2],[141,114],[455,191],[438,24],[406,-149]],[[56598,60583],[103,-123],[564,-158]],[[53335,56854],[-35,150],[26,502],[240,198],[225,37],[-114,201],[159,136],[-128,298],[442,60],[105,216],[196,177],[38,248],[-237,153],[-21,345],[188,287],[-207,345],[-242,11],[-15,257],[357,236]],[[52744,54084],[-231,237],[-36,198],[-461,69],[-157,70],[-77,186],[158,204],[-183,208],[36,143],[375,207],[486,167],[-312,180],[-19,223],[-271,319],[31,182],[171,92]],[[52254,56769],[260,-212],[602,-80],[67,168],[152,209]],[[53335,56854],[477,124],[34,-183],[438,149],[211,3],[341,-248],[322,201],[311,-57],[307,143],[324,-64],[305,30],[187,-120]],[[52787,53728],[23,154],[-66,202]],[[56592,56832],[-138,282]],[[57515,55245],[-114,-28],[-274,-209],[-32,-261],[-211,-261],[199,-311],[-17,-232],[-248,-26],[-106,14]],[[54873,54510],[-193,207],[177,150],[511,69],[428,140],[76,240],[1,363],[283,197],[184,424],[340,112],[98,121],[-186,299]],[[56454,57114],[-154,341]],[[58991,55378],[-445,-112],[-1,293],[-86,30],[-210,-305],[-397,-59],[-337,20]],[[57515,55245],[212,102],[217,470],[-34,482],[-216,-121],[-59,-290],[-376,28],[-117,125],[153,180],[248,111],[2,181],[-219,22],[-198,-145],[-159,129],[-114,282],[-401,313]],[[57265,60302],[588,-134],[505,62],[537,188],[288,-14],[143,-69],[42,-43],[17,-203],[222,-130],[-119,-440],[382,-152],[352,-242]],[[60222,59125],[96,-304],[303,-149],[701,-77],[-66,-224],[-447,-168],[-52,-98],[239,-140],[358,-24],[382,-108],[432,-281],[177,-22],[514,158],[233,-285],[181,-43],[11,-164]],[[60523,57161],[-260,160],[-149,398],[79,121],[-567,91],[-204,-75],[-270,-217],[-253,145],[-296,47],[-76,203],[-165,17],[158,-372],[-269,20],[-9,-372],[-557,188],[-530,7],[-855,-67]],[[56300,57455],[96,199],[-24,213],[426,-71],[173,82],[514,-14],[254,183],[-200,105],[-187,-69],[-179,117],[385,388],[-206,134],[-5,721],[-243,166],[-30,369],[205,115],[-14,209]],[[63284,57196],[-90,-229],[84,-93],[502,-41]],[[60698,54071],[-443,245],[-180,279],[43,166],[-43,25],[-301,46],[-363,-239],[-134,-232],[-413,-34],[-246,134],[-52,93],[-39,261],[121,67],[111,105],[34,196],[198,195]],[[58991,55378],[6,188],[447,344],[434,28],[176,-57],[216,89],[112,706],[-107,296],[141,60],[107,129]],[[60523,57161],[26,-25],[130,-19],[423,-168],[224,-160],[344,126],[54,117],[329,161],[189,-64],[795,159],[247,-92]],[[53603,51451],[-227,115],[-33,84],[31,84],[-165,74],[31,179],[-179,85],[-62,216]],[[52999,52288],[-1,159],[-119,108],[-144,78],[9,36]],[[52744,52669],[215,132],[114,417]],[[53073,53218],[-1,228],[-173,36],[-112,246]],[[52787,53728],[218,-25],[446,200],[44,260],[331,49],[33,224],[271,-74],[402,-11],[130,136],[211,23]],[[54873,54510],[398,-66],[226,-101],[221,29],[63,-50],[-121,-318],[-257,-165],[65,-176],[232,-191]],[[56712,53931],[-36,-48],[-148,-43],[-1,-52],[347,-121]],[[56874,53667],[-385,-87],[-208,-239],[55,-121],[137,-106],[65,-167],[108,-51],[214,92],[124,-144],[410,111],[-39,374],[166,-35],[287,-111],[129,-99],[56,-13],[35,-48],[-34,-67],[189,-32],[202,-153],[-96,-335],[19,-115],[55,-35]],[[55123,52317],[299,269],[-152,207],[123,269],[-90,264],[263,158],[134,-12]],[[55700,53472],[206,84],[4,261],[124,188],[220,142],[252,6],[136,-103],[70,-119]],[[56039,49915],[-336,-205],[-376,-46],[-588,-182],[-8,-178],[358,-363],[-109,-171],[49,-150],[-276,-73],[-284,298],[-485,278]],[[52905,51151],[501,238],[150,14],[47,48]],[[53603,51451],[313,86],[82,170],[76,11],[4,43],[-35,12],[5,52],[156,76],[438,58],[335,356],[146,2]],[[55123,52317],[433,-9],[223,-183],[333,-162],[306,-43],[0,-145],[441,-220],[22,-134],[261,-136],[-178,-361]],[[52061,48852],[-39,31],[0,58],[-135,139],[6,64],[215,194],[17,181],[-144,193],[-129,37],[40,58],[-22,18]],[[51870,49825],[66,22],[63,84],[202,135],[542,104],[28,104],[-534,502]],[[52237,50776],[283,127],[106,146]],[[52626,51049],[29,41],[175,-14],[75,75]],[[52905,51151],[41,4],[203,-66],[-10,-101],[29,-95],[-63,-57],[-78,4],[-100,-260],[357,-147],[308,-186],[-9,-22]],[[53680,49281],[-740,-154],[-273,-225]],[[52667,48902],[-40,24],[-145,-122],[-108,-34],[-180,10],[-133,72]],[[53583,50225],[66,19],[131,302],[236,229],[-32,177],[-72,95],[268,107],[294,237],[209,-38],[-55,-208],[424,-130],[-331,-770],[-351,-488],[-54,-288],[134,-107],[-89,-192],[-335,-8],[-42,-39]],[[53984,49123],[-304,158]],[[53680,49281],[-139,179],[-330,112],[-29,464],[410,174],[-9,15]],[[32610,53176],[429,11],[586,-161],[175,107],[1007,-59],[332,128],[344,-128],[834,80],[652,279],[15,85]],[[36984,53518],[360,-50],[405,1],[60,-292],[151,-268],[587,-369],[269,-287],[285,-132],[95,-331]],[[39196,51790],[238,-310]],[[29342,54711],[318,-76],[305,-304],[603,-269],[639,-392],[603,-260],[800,-234]],[[32610,53176],[133,-134],[-58,-134],[-276,-218],[132,-234],[193,-19],[350,-306],[510,-31],[-29,-123],[290,-66],[132,-173],[-26,-291],[123,-105],[-49,-173],[161,-237],[212,-16],[-101,-324],[650,-253],[134,46],[221,-152],[33,-174],[198,-81],[-32,-214]],[[31899,49277],[-510,347],[283,257],[-21,128],[-284,167],[-661,77],[-100,88],[103,203],[-104,103],[-377,165],[-183,162],[-208,4],[-763,-241]],[[29074,50737],[-367,57],[-11,199],[-561,328],[-31,186],[-180,93],[-37,169],[-299,121]],[[27588,51890],[175,144],[206,32],[160,321],[172,176],[-8,427],[142,268],[-8,179],[325,192],[4,332],[206,133],[-47,268]],[[28915,54362],[174,49],[20,317],[233,-17]],[[35982,43129],[2,181],[-427,373],[-664,-136],[-117,65],[-16,306],[306,231],[495,93],[-318,167],[-419,20],[-276,132],[-22,180]],[[34526,44741],[-337,442],[71,180],[-92,167],[38,282],[155,182],[-211,560],[-29,498],[119,231],[-45,221],[-625,363],[-970,278],[-344,-78],[-15,-398],[-164,-148]],[[32077,47521],[-270,62],[-107,213],[2,198],[199,305],[412,136],[384,-1],[52,141],[-605,129],[-183,271],[-62,302]],[[31899,49277],[181,181],[224,-55],[253,-278],[257,112],[154,246],[282,11],[12,188],[216,18],[365,-180],[364,37],[495,-136],[371,52],[83,233],[355,58]],[[35511,49764],[136,-197],[-52,-179],[303,-31],[298,83]],[[38128,44827],[105,45],[-138,468],[-389,464],[-197,89],[-27,249],[-550,309],[-73,222],[248,171],[-94,180],[-105,474]],[[39434,51480],[519,-236],[379,-218],[541,-446],[173,-224],[189,-60]],[[40883,48906],[-279,-6],[-435,-342],[-309,-128],[-6,-222],[-493,-75],[-61,-223],[-296,-34],[-544,121],[-183,-266],[-534,25],[5,149],[-264,82],[-576,-489]],[[36908,47498],[-459,4],[35,281],[-375,5],[287,207],[241,-50],[166,83],[325,318],[-498,235],[-165,149],[-416,24],[13,113],[334,434],[-200,139]],[[36196,49440],[335,-12],[437,-148],[461,192],[-208,286],[-340,157],[-54,204],[135,205],[-117,415],[612,-23],[-12,175],[180,68],[555,19],[59,440],[432,190],[112,-102],[492,-95],[159,69]],[[41235,50296],[49,33],[636,-128],[280,-11],[287,-151],[328,14]],[[42815,50053],[675,24],[126,-261],[-198,-65],[58,-216],[346,-166],[-310,-162],[641,-119],[180,-104],[413,112],[635,-41],[149,-110],[382,-451],[275,-117]],[[46187,48377],[-133,-81],[471,-375]],[[41561,45484],[-495,-18],[-142,126],[-80,490],[165,193],[534,-237],[-100,365],[-220,72],[-99,278],[291,118],[190,-81],[101,180],[-401,301],[-235,234],[-173,297],[143,254],[-2,359],[133,182],[-152,260],[-136,49]],[[40883,48906],[-63,287],[-327,395],[-119,53],[118,318],[440,65],[303,272]],[[37073,42468],[455,20],[-164,221],[-285,-5],[-552,-163],[-415,-245],[-133,33],[-206,299],[47,281],[52,126],[110,94]],[[35982,43129],[242,103]],[[36224,43232],[131,151],[212,72],[-19,172],[327,100],[29,203],[155,20],[258,283],[-116,137],[-297,131],[14,169],[516,-215],[267,209],[270,16],[97,150],[60,-3]],[[38128,44827],[137,-19],[610,553],[422,-239],[119,143],[319,-20],[-6,-69],[125,-203],[188,149],[357,168],[204,8],[242,-128],[-237,-344],[447,-62],[133,202],[433,-32],[288,295],[-348,255]],[[41561,45484],[197,47],[345,-94],[368,-396],[627,-90],[-332,-274],[385,-269]],[[38442,39163],[-180,91],[44,312],[-738,183],[-126,121],[-57,296],[-169,264],[-398,129],[177,224],[-90,161],[-227,23]],[[36678,40967],[-435,129],[-388,224],[-268,347],[239,112],[253,-93],[94,-177],[214,119],[333,10],[369,172],[-28,243],[-189,172],[71,182],[130,61]],[[37073,42468],[57,-23],[-14,-72],[173,-55],[62,103],[461,68],[-141,200],[206,285],[492,31],[240,-161],[368,50],[161,-522],[335,-162],[215,81],[225,250],[328,-30],[31,123],[289,-25],[308,-143],[194,55],[128,116],[550,230],[78,-136],[277,-109]],[[39216,38290],[-291,233],[-526,165],[128,242],[-85,233]],[[41417,37060],[-240,211],[-237,122],[-103,262],[-543,13],[-423,95],[-9,-216],[-712,219],[302,147],[-236,377]],[[39216,38290],[-119,247],[9,466],[553,-76],[126,120],[395,-141],[359,227],[-513,254],[283,289],[450,-143],[181,6],[66,199],[219,14],[113,125],[338,7],[122,144],[-22,185],[94,486],[74,755]],[[45554,40448],[18,-90],[-194,-303],[-20,-349],[-690,24],[-144,-297],[-213,-94],[-181,-257],[-213,61],[-70,-658]],[[43847,38485],[-426,40],[-66,-265],[-229,-321],[-83,-502]],[[43043,37437],[-547,-76],[-551,-166],[-301,-12],[-227,-123]],[[46525,47921],[829,-395],[38,66]],[[47392,47592],[297,-140],[709,-245],[406,-242]],[[44338,44660],[325,183],[-32,224],[205,125],[-46,147],[-260,105],[23,311],[182,326],[16,279],[257,164],[-368,58],[391,318],[-100,153],[122,263],[504,124],[143,165],[175,-128],[238,46],[107,322],[305,76]],[[43151,44408],[47,321],[165,150],[121,426],[430,-331],[205,-269],[219,-45]],[[44338,44660],[211,-158],[-22,-230],[182,-59],[248,-24],[688,21],[636,-335],[245,-61],[158,292],[179,-22],[186,-167],[338,131],[280,73]],[[44412,41711],[-217,-119],[-209,19],[-268,-234],[-193,81],[66,183],[-618,113],[-48,170],[-461,-159],[-120,-294],[-400,-17]],[[41944,41454],[-102,70],[-573,64],[262,734],[266,-35],[131,228],[168,107]],[[42096,42622],[50,239],[114,50],[64,314],[271,-13],[102,163],[333,77],[139,146],[-32,248],[142,127],[-128,435]],[[48823,39204],[-642,-13],[-302,34],[-186,-164],[-132,319],[75,347],[-7,423],[116,233],[-237,161],[-266,314],[-317,-241],[-785,179],[-208,-263],[-378,-85]],[[45554,40448],[-201,-381],[-245,123],[31,150],[-108,393],[289,-34],[-19,183],[-320,14],[39,445],[179,131],[-207,103],[-607,-82],[27,218]],[[44412,41711],[169,470],[261,24],[43,279],[-236,151],[224,129],[295,-93],[432,-353],[293,-106],[50,157],[323,-51],[97,-141],[236,95],[753,-16],[109,153],[186,104],[76,238],[252,-14],[-4,430],[129,13]],[[50136,40555],[-399,20],[-401,-69],[-12,-310],[361,-338],[-10,-348],[-251,-198],[-601,-108]],[[48804,46965],[457,14],[327,-155],[407,2],[485,-77],[475,-306],[199,49],[540,-107],[168,30]],[[50257,41905],[-780,53],[-236,139],[-338,22],[-54,320],[-106,251],[-15,260],[-209,-17],[-186,220],[-233,27]],[[48100,43180],[-149,119],[-123,231],[11,255],[-173,163],[1,173]],[[47667,44121],[307,617],[39,223],[-94,155],[-175,34],[-41,63],[407,183],[9,84],[-59,-18],[-248,127],[50,198],[204,115],[324,41],[48,-22],[-146,146],[-695,180],[-7,206],[350,80],[43,111],[292,70],[358,-17],[171,268]],[[51862,46415],[608,4],[620,-155],[222,61]],[[53312,46325],[876,-392]],[[54959,45234],[-460,-48],[-359,76],[-223,145],[-1136,-575],[215,-141],[141,-31],[1165,-515],[-59,-274],[127,-262],[-126,-377],[35,-205],[130,-56],[119,11],[-7,-129],[170,-118],[390,-83],[-11,-144],[-292,-147],[-235,106],[-57,-335]],[[51108,43278],[-298,126],[-346,317],[-223,-59],[-149,106],[-52,201],[-187,286],[-268,154],[-74,158],[179,294],[298,100],[341,-5],[86,-143],[329,-18],[182,83],[118,236],[477,-137],[518,483],[-634,165],[208,380],[-116,117],[365,293]],[[53549,44753],[19,-140],[-574,117],[-26,88],[581,-65]],[[54873,45177],[-247,-67],[-30,-186],[-314,-64],[-431,260],[113,83],[518,-40],[391,14]],[[55279,42879],[-42,-147],[-127,-64],[-152,122],[-258,-40],[-157,125],[-17,171],[-190,-33],[-55,188],[108,493],[-98,122],[76,299],[471,-192],[262,-256],[247,-159],[-17,-120]],[[51535,39755],[-69,221],[286,218],[18,113],[-639,135],[-245,113],[-323,43],[-427,-43]],[[50136,40555],[-286,234],[123,55],[217,365],[-10,315],[-150,97],[50,178],[177,106]],[[50257,41905],[331,260],[164,434],[404,34],[-192,134],[-95,-2],[-48,82],[-21,154],[162,42],[59,46],[6,108],[81,81]],[[51108,43278],[158,40],[282,-10],[78,-89],[111,-22],[88,7],[140,99],[307,-6],[7,158],[349,208],[330,46],[77,-145],[-250,-76],[-147,-190],[280,-484],[-204,-390],[391,-118],[96,58],[474,-193],[201,2],[72,-37],[98,8],[69,-74],[371,62]],[[54486,42132],[57,278],[197,-118],[29,-208],[-101,-96],[-1296,-761],[-108,-293],[-535,-118],[-300,-107],[-339,103],[14,-342],[439,-501],[-42,-137]],[[52501,39832],[-139,92],[-257,-47]],[[52105,39877],[-570,-122]],[[54318,40953],[-438,6]],[[53880,40959],[179,227]],[[53282,40535],[-12,-235],[-132,-141],[-437,-265],[-562,579],[-27,320],[227,-101],[134,6],[238,95],[552,99],[19,-357]],[[62823,72613],[130,342],[-241,72],[-30,231],[449,224],[-96,106],[-279,11],[-200,142],[88,353],[223,124],[263,-186],[372,41],[-185,389],[-364,265],[204,267],[-172,180],[394,370],[-118,186]],[[63261,75730],[857,154],[760,83],[408,97],[311,-3],[320,69],[980,-38],[696,43],[714,90],[596,-33],[119,-47],[601,47],[176,98],[204,-140],[258,-57],[-53,-132]],[[67742,69892],[-24,132],[-340,191],[-253,-261],[211,-213],[-231,-230],[-502,164],[-113,183],[230,468],[-214,29],[-129,425],[-143,193],[-291,67],[-283,217],[-354,9],[-255,71],[-338,-294],[-322,63],[-357,-41]],[[64034,71065],[-39,315],[-338,107],[-379,-104],[-188,128],[17,393],[315,97],[56,209],[-274,203],[-238,-23],[-143,223]],[[68233,66756],[278,121],[104,261],[409,56],[49,284],[204,124],[-362,385],[70,342],[-353,-176],[-429,31],[-163,129],[-337,70],[-204,-109],[-291,319],[265,164],[-286,163],[481,230],[25,262],[-178,93],[208,149],[19,238]],[[67742,69892],[382,146],[233,245],[227,-110],[105,144],[481,243],[-93,195],[56,301],[281,-146],[679,-102],[46,116]],[[69075,65726],[-359,138],[-225,-3],[-123,527],[-449,118],[-5,244],[319,6]],[[70139,70924],[-261,204],[171,154],[300,127],[-234,285],[-49,272],[154,368],[353,0],[184,300]],[[73887,67363],[-92,300],[201,113],[-280,161],[174,238],[-196,334],[204,120],[238,-9],[-49,222],[-258,78],[4,199],[173,199],[-98,255],[23,216],[-242,55],[105,238],[-90,112],[-396,-58],[-172,94],[-440,-16],[-463,-73],[-395,129],[-86,239],[-415,-80],[-155,274],[-403,183],[-287,-21],[-353,59]],[[70757,72634],[-280,455],[-308,138],[-328,12],[-227,175],[-298,-235],[-112,78],[69,201],[-91,232],[-359,113],[-24,142],[236,266],[580,-5],[106,221],[-33,325],[-437,98],[150,298],[351,-54],[78,164],[-116,173],[173,112],[275,21],[46,397]],[[70208,75961],[401,-60],[286,16],[404,-164],[493,60],[301,-147],[203,28],[562,-99],[645,-235],[548,34],[89,-296],[255,51],[382,-22],[42,134],[308,68],[227,-53]],[[74053,73116],[-510,-298],[-711,-24],[-143,-280],[67,-197],[-548,-109],[-591,25],[-16,-212],[-339,-145],[-196,79],[-309,679]],[[78150,69982],[-458,-22],[-49,-85],[-370,37],[-309,-162],[-216,224],[-337,84],[-666,42],[-261,-41],[-29,156],[-403,-110],[-27,402],[-256,181],[-61,465],[507,41],[115,234],[-210,165],[-219,54],[-478,513],[101,406],[-344,455],[-127,95]],[[74053,73116],[234,329],[-60,78],[-441,33],[-174,107],[50,275],[186,-43],[272,131],[483,30],[184,222],[-379,163],[30,160],[315,-89],[219,327],[-32,198],[355,94],[59,145]],[[75354,75276],[584,74],[496,384],[603,32],[-132,-376],[458,-132],[40,-255],[320,-88],[562,207],[595,31],[233,200]],[[78801,71870],[309,87],[143,437],[-189,123]],[[77985,67543],[120,358],[-24,277],[76,111],[311,10],[-219,216],[-3,166],[214,35],[87,148],[-120,165],[-220,92],[-282,-36],[12,270],[215,66],[293,-62],[27,268],[-293,117],[-29,238]],[[78150,69982],[126,258],[-161,148],[147,125],[723,209],[19,195],[-245,-4],[-33,198],[227,209],[-137,236],[-15,314]],[[78801,71870],[321,-103],[29,-129],[324,-101],[318,-21],[-10,-248],[486,71],[135,-127],[-105,-233],[208,-25],[177,340],[220,83],[93,-325],[281,-42]],[[81278,71010],[328,142],[212,-31],[138,121],[105,-32],[13,-74],[-53,-63],[82,-45],[164,-3],[175,-36],[250,13],[400,-163],[270,-36],[359,-1],[192,-145]],[[78923,66327],[12,171],[669,112],[450,-77],[103,129],[-34,207],[267,205],[69,184],[-195,188],[131,191],[-192,103],[269,122],[314,-95],[375,54],[-3,242],[272,-150],[275,-24],[-25,278],[168,7],[-12,245],[-385,3],[-11,231],[-171,247],[302,26],[415,214],[-24,165],[-332,-23],[-671,219],[30,267],[144,48],[186,251],[204,414],[-320,159],[75,370]],[[79064,72517],[-147,331],[-459,426],[107,0],[-92,249],[242,61],[-31,226],[629,215],[422,-17],[49,174],[-340,234],[36,335],[151,136],[-196,128],[-147,298],[-175,40]],[[79113,75353],[300,59],[337,-39],[83,-110],[275,282],[-25,225],[585,-182],[643,139],[254,-3],[335,109],[610,-88],[295,67],[425,-2],[76,60],[483,21],[757,-57],[602,-88],[387,217],[294,24],[193,-135],[325,113],[467,15],[856,-199],[596,-228],[130,-143],[-39,-155],[181,-128],[620,-133],[244,-162],[209,270],[306,-425],[328,-79],[113,-154]],[[85677,71513],[-207,66],[-336,507],[-248,79],[-170,-110],[-445,28],[-65,238],[-272,482],[-178,146],[-336,60],[-231,-241],[-307,-120],[-451,15],[-275,-79],[-273,85],[-312,337],[-159,62],[-520,-92],[-151,73],[-38,188],[-351,-178],[-137,25],[-310,-117],[-57,-224],[-507,-195],[-277,-31]],[[85930,71670],[179,365],[135,15],[160,206],[214,-20],[222,128],[68,237],[294,-14],[249,97],[504,-57],[323,62],[531,307],[96,390],[287,383],[610,152],[128,-350],[255,65],[212,166],[-482,143],[248,413],[195,86]],[[90358,74444],[249,-25],[322,-122],[1212,-275],[235,147],[214,16],[347,-95],[-20,-233],[-169,-102],[849,-230],[274,8],[142,-117],[577,-84],[-57,-364],[-133,-229],[127,-74],[-60,-299],[95,-68],[552,16],[248,51],[118,-192],[-331,-95],[19,-227],[761,95],[-86,-211],[221,-253],[51,-230],[-123,-188],[39,-261],[-376,-121],[-227,66],[-436,1],[-151,-262],[-237,-61],[-437,103],[-75,-140],[-350,18],[-257,348],[-237,-9],[-301,282],[-195,-186],[-255,180],[-451,196],[-12,134],[-246,108],[-463,-167],[-559,61],[-300,-140]],[[83913,70657],[237,-49],[82,226],[766,1],[-11,298],[690,380]],[[85677,71513],[253,157]],[[85930,71670],[189,-188],[-28,-247],[-218,-184],[746,-48],[386,283],[185,-108],[271,55],[269,-147],[180,204],[206,8],[472,171],[261,247],[-24,249],[273,72],[116,-276],[561,66],[169,113],[176,-108],[34,-324],[312,-294]],[[90466,71214],[310,-256],[-36,-300],[-119,-151],[61,-292],[169,-69]],[[86147,67881],[-418,205],[-269,-32],[-299,397],[-277,-83],[-300,192],[126,163],[-162,154],[87,274],[197,284],[-146,18],[-4,295],[-118,53],[-348,-52],[-171,156],[-35,262],[-133,161],[158,83],[-122,246]],[[86103,67083],[93,139],[59,449],[-108,210]],[[86147,67881],[463,32],[205,260],[268,-8],[107,97],[91,420],[-148,21],[3,276],[302,-2],[270,-151],[211,149],[289,-85],[1042,211],[362,-86],[90,260],[-80,248],[97,122],[309,-21],[57,155],[359,104],[210,-30],[197,293]],[[90851,70146],[60,-68],[427,-77],[63,-199],[-59,-268],[323,-197],[-120,-383],[135,-55],[-193,-210],[53,-109],[283,-83],[-643,-758],[-130,-72],[-193,-439],[-140,-709],[-127,-221],[-112,-418],[-86,-1309],[-149,-10],[-436,120],[-733,410],[-264,-214],[68,-212],[-144,-76],[50,-489],[144,-255],[134,-517],[-626,4],[-243,-458],[-448,-262]],[[84821,66877],[343,58],[200,167],[460,-41],[279,22]],[[86103,67083],[103,-148],[-34,-240],[225,-36],[109,130],[341,82],[84,-107],[-283,-412],[-46,-400],[192,-260],[459,-25],[373,-148],[180,41],[155,-217],[-244,-214],[273,-26],[32,-231],[-173,-187],[331,-62],[-88,-356],[-279,-153],[26,-170],[239,-93],[-26,-389],[-170,-94],[41,-211],[-145,-97],[-33,-448]],[[87745,62612],[-198,-140],[-1010,35],[-442,71],[-115,99],[-306,-70],[-302,109],[-155,-159],[-261,52],[95,-301],[-43,-102],[392,-315],[-10,-270],[-231,5],[-183,103],[-112,222],[-327,223],[-336,-227],[-417,-106]],[[78224,66677],[344,110],[182,-297],[173,-163]],[[78923,66327],[558,-167],[195,-16],[496,188],[665,345],[8,236],[231,65],[140,-137],[523,253],[331,7],[121,-126],[379,105],[25,106],[467,-27],[83,-173],[430,184],[378,16],[749,-193],[119,-116]],[[84821,66877],[-64,-256],[-291,53],[-23,-189],[125,-192],[-365,-305],[-140,-458],[85,-172],[307,-309],[-204,-161],[-189,-27],[116,-422],[-313,-12],[68,-203],[-320,-132],[94,-178],[-257,-81],[-61,-167]],[[83389,63666],[423,-299],[-44,-313],[60,-195],[215,-178],[-152,-594],[-107,-246]],[[83784,61841],[409,-1123],[-606,-1671],[29,-212],[-161,-270],[-312,-38],[-270,163],[-107,465],[-262,139],[-214,-4],[-126,279],[218,217],[-237,228],[-433,-262],[-223,39],[-127,129],[-315,-3],[-1004,440],[284,-1744],[-666,24],[-158,139],[-600,127],[-252,260],[-24,298],[-255,262],[16,352],[-235,-73],[-192,-174],[92,-324],[138,-95],[-42,-195],[-222,-4]],[[77217,64106],[416,-139],[107,-157],[-117,-177],[328,-180],[124,-288],[-122,-196],[841,-12],[482,67],[91,-120],[272,49],[585,-12],[321,85],[139,-79],[266,19],[15,308],[124,335],[-184,37],[28,318],[208,5],[239,-120],[395,70],[738,-140],[310,45],[156,-294],[410,136]],[[72811,67462],[378,128],[264,-199],[434,-28]],[[73887,67363],[420,86],[363,2],[437,-120],[90,41],[412,-211],[234,65],[521,277],[210,-202],[116,92],[316,-4],[304,-195],[197,258],[478,91]],[[77985,67543],[19,-241],[-250,-109],[161,-283],[309,-233]],[[78224,66677],[179,-295],[-120,-309],[-254,68],[-224,-53],[-383,155],[-305,-208],[475,-40],[157,-357],[277,-251],[-321,-464],[-258,-146],[-176,-222],[-54,-449]],[[77217,64106],[46,-147],[-132,-372],[181,-413],[-370,10],[32,-571],[-23,-319],[327,-18],[219,-276],[51,-552],[-127,-251],[-241,-232]],[[69240,62541],[316,57],[-233,197],[-135,230],[-146,31],[-351,-108],[97,271],[-48,225],[290,6],[153,144],[-12,270],[-105,234],[-217,200],[-424,-124],[-93,-192],[-309,71],[193,175],[-491,63],[-430,-56],[422,330],[245,-111],[710,530],[245,473],[13,171],[145,98]],[[69075,65726],[175,97],[563,137],[-24,280],[186,44],[413,-61],[53,347],[123,194],[-13,375],[297,-100],[977,483],[258,309],[378,-147],[145,-241],[205,19]],[[72811,67462],[40,-86],[-312,-127],[-20,-135],[809,-182],[53,-247],[-76,-240],[362,-40],[114,-158],[319,-11],[145,-245],[-167,-81],[-256,83],[-102,-180],[121,-379],[681,-1],[160,-39],[1,-317],[-240,-82],[-189,-197],[154,-114],[-315,-226],[71,-385],[-218,-177],[23,-98]],[[67819,60660],[387,202],[90,261],[-226,-10],[-505,-131],[-98,96],[302,483],[280,51],[1042,-110],[93,141],[-83,204],[-421,376],[95,137],[243,-9],[222,190]],[[69240,62541],[2,-232],[250,-34],[213,-158],[223,141],[345,-42],[46,141],[373,-3],[187,73],[383,-56],[-125,236],[227,97],[395,63],[428,-86],[302,9],[269,262],[52,9],[345,-109],[318,179],[253,-27],[242,99],[-9,204],[-161,169],[171,322]],[[73969,63798],[782,-129],[35,-209],[-286,30],[-181,-165],[31,-158],[-342,-239],[144,-342],[312,-150],[-68,-236],[-265,-332],[30,-221],[268,-213],[106,-212],[-63,-396]],[[77180,60965],[179,-273],[-30,-581],[126,-71],[213,-475],[240,-138],[19,-217]],[[77927,59210],[19,-367],[-261,-322],[137,-395],[-106,-215],[-583,-150],[-201,79],[-143,-123],[-29,-247],[-126,-36],[-582,80],[-282,-46],[-836,196],[-179,5],[-477,220],[-299,-70],[-261,84],[-161,-63],[-247,52],[-76,141],[-571,54],[-584,-65],[66,-460],[408,-495],[-117,-406],[-379,-374],[148,-407],[-126,-55],[-335,147],[-380,-28],[-353,197],[-258,-49],[-347,165]],[[70955,60662],[313,59],[209,-114],[404,23],[376,-73],[45,197],[643,-356],[624,22],[67,167],[710,156],[126,83]],[[74472,60826],[488,-214],[389,-107],[6,335],[345,66],[276,-36],[476,81],[314,-40],[414,54]],[[65008,59818],[669,1],[257,435],[466,-6],[653,59],[316,200],[450,153]],[[67819,60660],[445,-420],[733,-104],[601,-123],[344,-24],[256,264],[166,300],[286,165],[305,-56]],[[70955,60662],[131,-385],[-83,-189],[-198,15],[-327,-146],[-40,-147],[-269,77],[-172,-310],[207,-65],[291,117],[279,28],[-113,-212],[-653,-161],[-50,-411],[-142,27],[80,-588],[350,-123],[-60,17],[-312,-62],[-70,-315]],[[64490,59369],[412,430],[106,19]],[[63733,58932],[144,144],[417,161],[196,132]],[[64490,59369],[497,-203],[292,-16],[168,-172],[197,17],[25,190],[183,48],[218,-164],[523,-26],[-206,-287],[81,-96],[351,-96],[218,34],[64,-173],[406,-231],[126,-401],[533,-141],[117,118],[22,279],[321,61],[546,-141],[159,-128],[34,-211],[203,-70],[146,250],[90,19]],[[69804,57829],[109,1],[144,-74],[34,56],[239,7],[-2,-111],[-77,-19],[-8,-131],[-81,-81],[19,-200]],[[63493,55809],[-91,480],[91,270],[287,274]],[[63780,56833],[543,378],[523,232],[291,301],[16,181],[-212,298],[-332,174],[-601,223],[-275,312]],[[64659,55889],[185,-15],[88,272],[218,41],[-83,310],[363,22],[144,413],[239,-23],[214,130],[494,129],[396,-77],[486,8],[87,-349],[272,-289],[199,-79],[125,271],[228,-166],[121,217],[563,-188],[206,74],[233,208],[56,167],[265,-40],[358,80],[65,272]],[[70181,57277],[398,-79],[-1,-199],[175,-63],[27,-165],[-101,-235],[-277,-167],[4,-112]],[[70406,56257],[158,-75],[-130,-336],[-211,-135],[-111,186],[-266,-316],[-120,-248],[172,-116],[62,-224],[-731,-30],[101,-150],[-140,-148],[-201,-46]],[[66163,54005],[745,-26],[551,-299],[125,388],[280,-51],[-83,-164],[137,-110],[217,26],[284,254],[-116,192],[337,400],[349,4]],[[68989,54619],[-7,-354],[175,-115],[48,-161],[309,-440],[-366,-398],[-236,-378],[93,-410],[-254,-472],[-196,182],[-300,39],[-600,-19],[-254,-227],[-156,-411],[100,-383],[863,28],[229,-183],[-77,-382],[-170,-35],[-362,73],[-416,165]],[[60698,54071],[326,155],[173,-22],[512,-188],[362,44],[225,180],[324,597],[346,185],[97,214],[25,329],[405,244]],[[63493,55809],[299,-151],[617,75],[250,156]],[[64659,55889],[-31,-151],[48,-468],[400,108],[355,20],[208,106],[154,-47],[122,-197],[-78,-399],[-126,-196],[102,-376],[350,-284]],[[66163,54005],[-165,-235],[-248,-103],[-239,0],[65,-199],[194,-113],[-41,-232],[-272,-43],[-196,-123],[-199,17],[-248,-125]],[[60591,54021],[107,50]],[[58363,52286],[294,327],[329,269],[98,207],[-19,250],[-153,452],[96,158],[90,44],[149,16],[795,11],[245,-35],[237,14],[67,22]],[[60591,54021],[147,-341],[17,-348],[230,171],[299,16],[-18,-411],[351,-40],[62,-336],[-223,-73],[166,-506]],[[58529,51141],[-107,273],[-277,260],[-4,376],[222,236]],[[57348,47857],[408,203],[40,196],[-227,167],[-213,301],[-41,176],[-373,219],[-420,28],[-2,267],[339,95],[-278,394],[-210,-66],[-332,78]],[[56039,49915],[144,146],[226,580],[160,245],[291,-51],[104,89]],[[56964,50924],[242,49],[521,-257],[391,-42],[229,83]],[[58347,50757],[85,128],[97,256]],[[58529,51141],[256,47],[194,68],[108,-197],[192,-75],[184,57],[18,194],[-204,131],[98,349],[419,464],[27,-341],[207,39],[321,-68],[172,-142],[397,10],[341,-116],[287,116]],[[61145,48825],[-77,161],[-477,-103],[-220,58],[-468,-163],[-600,-155],[-425,176],[-417,83],[176,135],[-124,432],[-191,-18],[-290,-274],[-203,123],[415,224],[151,133],[67,464],[442,38],[142,137],[-30,148],[-497,118],[-172,215]],[[64814,52849],[88,-353],[404,-186],[143,-388]],[[61532,48048],[-145,95],[-104,681],[-138,1]],[[61145,48825],[177,164],[-263,358],[3,452],[-53,268],[-150,59],[361,372],[96,283],[-82,174],[312,130],[-361,365],[314,108],[47,119]],[[61546,51677],[87,173],[-11,303]],[[61622,52153],[329,217],[289,-37],[1173,304],[624,62],[777,150]],[[61730,48035],[187,215],[164,319],[198,235],[59,268],[361,-19],[27,172],[197,5],[-73,413],[141,228],[368,305],[493,-19],[155,442],[-157,193],[408,305],[655,157],[200,135]],[[65449,51922],[461,-369],[381,-4],[2,-199],[430,-482],[54,-139],[235,-50],[400,59]],[[67412,50738],[94,-238],[-72,-525],[155,-485],[455,-258],[192,-245],[-12,-262],[320,-12],[-181,-443]],[[64721,47641],[202,241],[64,534],[150,-51],[61,581],[126,130],[66,286],[-106,174],[91,371],[-63,603],[-273,6],[-97,128],[142,130],[414,-53],[-176,316],[-70,275],[-139,77]],[[65113,51389],[207,406],[129,127]],[[65337,47308],[399,165],[749,-67],[-100,289],[615,-48],[317,104],[46,346],[130,250],[238,-33],[288,58],[344,-102]],[[68363,48270],[148,-129],[333,39],[-116,-242],[290,-7],[111,-170],[272,1],[62,-140],[-12,-471],[113,-201],[282,-194],[-133,-99],[268,-171],[78,-599],[254,-406]],[[60815,47445],[111,234],[-21,228],[385,174],[242,-33]],[[61532,48048],[198,-13]],[[61730,48035],[491,-3],[60,74],[443,-45],[124,-63],[1082,-164],[791,-193]],[[64721,47641],[37,-179],[359,-9],[220,-145]],[[65337,47308],[41,-83]],[[65378,47225],[399,-216],[46,-259],[256,-64],[128,-256],[197,71],[206,-250],[78,-499],[208,-267]],[[63114,45413],[44,106],[335,20],[37,195],[-95,204],[-150,88],[95,419],[272,27],[85,-99],[437,73],[-40,437],[403,9],[121,107],[243,13],[45,147],[432,66]],[[64668,43423],[67,229],[132,22],[129,474],[284,89],[522,407],[-11,242],[205,-4]],[[66896,45485],[328,63],[423,-44],[119,118],[445,-95]],[[67189,40931],[-33,219],[-260,252],[-283,483],[117,333],[208,8],[17,298],[444,61],[256,252],[229,128],[87,442],[-136,24],[-46,333],[-330,3],[-385,80],[90,173],[-608,16],[54,258],[-258,-7],[-6,163],[-265,-24],[-199,197],[200,177],[-86,82]],[[65996,44882],[183,160],[350,115],[35,215],[273,-34],[59,147]],[[68211,45527],[369,-54],[-93,209],[822,-52],[135,-94],[476,-120],[393,65]],[[70313,45481],[403,-15],[-2,-150],[-301,-30],[-134,-353],[426,-87],[105,-181],[-316,-173],[202,-276],[300,-645],[22,-1127],[-27,-160],[195,-118],[93,-350],[218,-236],[1,-274],[477,-518]],[[70190,40539],[27,174],[-229,352],[-16,346],[202,118],[-44,199],[-363,45],[36,712],[-189,383],[89,207],[-278,150],[99,291],[-437,8],[-160,55],[-191,423],[-227,4],[-45,166],[105,129],[-324,632],[222,222],[-267,224],[11,148]],[[59660,46834],[116,219],[372,14],[4,254],[323,10],[6,116],[334,-2]],[[60815,47445],[293,-282],[325,6],[90,-111],[211,-641],[164,-7],[49,-229],[377,-117],[199,-134],[107,-254],[-4,-282],[344,-76],[144,95]],[[63114,45413],[5,-209],[145,-196],[210,-56],[43,-324],[126,-210],[295,72],[218,-413],[186,-63],[31,-260]],[[54188,45933],[-4,179],[168,283],[599,594],[211,673],[429,192],[186,-89],[235,27],[375,214],[506,-150],[455,1]],[[57348,47857],[300,-506],[230,-257],[13,-284],[375,-135],[200,31],[233,-81],[276,22],[145,215],[168,102],[372,-130]],[[59660,46834],[-54,-307],[167,-292],[-69,-181],[107,-97],[108,-355],[153,-225],[-108,-117],[67,-163]],[[57282,45014],[-39,-6]],[[56769,45139],[-255,121],[-204,-32],[-275,377],[-285,113],[-495,-13],[34,-480],[-330,9]],[[54959,45234],[-76,225],[-401,206],[-230,246],[-64,22]],[[56232,44848],[-172,-11],[-240,412],[221,3],[231,-139],[-40,-265]],[[56281,45169],[-246,97],[-220,34],[-66,364],[299,-114],[233,-381]],[[55573,39948],[-266,234]],[[55307,40182],[-13,157],[-215,243],[217,193],[-282,267],[579,181],[140,-295],[-30,-171],[129,-238],[-259,-571]],[[55281,40198],[-495,329]],[[54786,40527],[302,28],[189,-219],[4,-138]],[[54760,40548],[-235,197]],[[54525,40745],[148,199],[538,448],[146,-138],[-363,-177],[19,-101],[258,-215],[-261,-173],[-250,-40]],[[54327,40953],[-9,0]],[[54318,40953],[-259,233]],[[54059,41186],[204,86],[197,-107],[-9,-333],[-101,121],[-23,0]],[[56003,39645],[-275,148],[-72,74],[175,225],[172,-447]],[[55279,42879],[73,79],[37,188],[-59,242]],[[55330,43388],[177,-13],[211,-111],[42,-369],[-133,-86],[-236,27],[-112,43]],[[54050,41204],[-36,76],[377,236],[537,217],[278,69],[-90,-240],[-166,33],[-170,-40],[-214,-277],[-337,14],[-179,-88]],[[57282,45014],[-26,-187],[197,-111],[-12,-51],[69,-197],[461,-145],[207,-131],[401,-45],[-1,-138],[382,-94]],[[56663,39491],[51,375],[-102,502],[-25,510],[-121,606],[116,136],[-4,213],[-133,151],[-69,539],[34,136],[-75,808],[293,95],[165,153],[117,510],[-252,447],[-275,389],[298,90],[338,-234],[263,97]],[[56769,45139],[200,-120],[274,-11]],[[57243,45008],[-254,-55],[-220,186]],[[55187,41541],[-29,-121],[-456,-385],[23,439],[128,84],[334,-17]],[[54674,44738],[140,221],[212,34],[139,-104],[290,31],[118,-130],[-150,-63],[-138,23],[-145,-51],[-425,-83],[-41,122]],[[55987,43171],[-480,226],[-43,302],[251,-137],[218,-223],[54,-168]],[[55742,44608],[245,-260],[224,-331],[-98,-28],[-809,319],[-499,302],[331,75],[142,53],[156,-23],[102,34],[206,-141]],[[57463,40673],[-183,311],[90,111],[-196,158],[162,132],[-25,410],[385,378],[-144,409],[153,113],[181,319],[302,32],[-109,215],[280,125],[328,-191],[212,91],[390,45],[227,-51]],[[64373,43754],[160,-39],[135,-292]],[[64668,43423],[-84,-213],[-219,-68],[14,-303],[-337,-225],[162,-211],[10,-453],[-355,-6],[-225,-110]],[[61361,42418],[-301,303],[-227,25],[-323,353],[-231,17],[-33,175],[-730,-11]],[[59516,43280],[101,274],[-309,33],[-69,194],[-279,134]],[[58960,43915],[43,385],[-419,65],[-118,122],[51,236],[281,23],[-113,287],[145,67],[367,15],[309,-128],[335,11],[190,99]],[[60031,45097],[355,1],[300,-290],[568,-18],[175,-161],[280,-7],[189,-245],[454,2],[74,-157],[389,33],[206,-81],[195,-201],[438,-17],[147,-177],[572,-25]],[[72964,40671],[-107,49],[124,281],[-195,8],[-163,217],[55,282],[-308,657],[-92,52],[-43,473],[95,327],[-44,133],[311,285],[-152,288],[335,17],[75,182],[-48,431],[240,-191],[-4,-254],[259,78],[488,-36],[-174,-175],[254,-62],[265,-305],[-349,-70],[95,-171],[363,119],[194,-185],[11,-349],[391,65],[-106,-340],[-156,-233],[92,-176],[213,-110],[-29,-169],[229,-126],[-66,-305],[171,-168],[337,-514],[-98,-412],[418,-4],[-250,-310],[203,-11],[-117,-336],[312,-47],[-15,-285],[454,-194]],[[70789,40476],[18,91],[326,161],[842,60]],[[71975,40788],[532,-226],[457,109]],[[72964,40671],[403,-245],[64,-165],[233,-185],[-189,-193],[445,-37],[351,65],[364,-114],[-44,-234],[343,-186],[37,-185],[-222,-242],[158,-451],[156,-308],[-249,4],[-160,-94]],[[69616,40550],[574,-11]],[[70190,40539],[315,-82],[284,19]],[[70789,40476],[65,-135],[-29,-291],[209,-53],[-21,-192],[378,-246],[320,15],[196,-240],[-169,-176],[-83,-313],[232,-80],[51,202],[322,-55],[181,-200],[24,-249],[189,-228],[183,112],[314,-179],[300,243],[63,144],[536,-273],[259,-204]],[[74184,37665],[-182,-99],[80,-154],[-41,-200],[-193,-147],[-213,-330],[-129,166],[-368,-2],[-15,-178],[-365,-113],[-77,-194],[280,-160],[137,-233],[179,-34],[-35,-250],[-124,-149]],[[72569,35733],[-440,280]],[[71471,36112],[-288,119],[177,763],[-86,101]],[[71141,37601],[221,38],[47,56],[268,176],[-204,176],[-65,112],[-90,-1]],[[71142,36577],[-63,-343]],[[71010,37099],[255,-156],[-94,-313]],[[71296,37675],[-209,-42]],[[71614,37894],[-219,-180]],[[73728,35257],[1,55]],[[73615,35856],[48,-203],[-291,-19],[109,239],[134,-17]],[[73590,36113],[-578,361],[261,183],[436,46],[139,279],[198,152]],[[63634,41834],[112,-78],[7,-213],[931,-85],[218,-167],[35,-123],[203,-192],[303,-94],[261,0],[224,-139],[504,43],[95,57],[508,-13]],[[63264,41796],[370,38]],[[67035,40830],[154,101]],[[67189,40931],[382,65],[149,-181],[339,-193],[298,17],[159,94],[246,-101],[358,95],[47,-119],[449,-58]],[[69616,40550],[123,-505],[-124,-150],[30,-260],[-97,-594],[128,-336],[-44,-391],[66,-163],[-279,-141],[236,-227]],[[66342,39313],[-83,298],[171,196],[23,274],[124,195],[-35,163],[180,-12],[23,198],[256,77],[34,128]],[[64043,39243],[22,49],[938,6],[74,172],[559,-48],[264,-65],[250,18],[192,-62]],[[66342,39313],[173,-15],[268,58],[-3,-159],[522,5],[7,154],[55,66],[50,14],[249,-22],[113,-32],[412,6],[-143,-258],[-2,-314],[160,-147],[231,-11],[233,-155],[-155,-198],[39,-177],[-381,-346],[-312,-88]],[[63820,37631],[22,-19],[50,9],[29,-35],[104,42],[285,-134],[604,119],[224,-68],[440,61],[138,217],[217,-51],[486,56],[133,-120],[14,-99],[154,9]],[[70140,33580],[47,-301],[-120,-225],[-513,-378],[-734,-841],[-719,-147],[-188,38]],[[65635,32576],[-331,73],[-54,110],[123,114],[28,72],[-47,25],[-422,-76],[-574,-238],[-153,1]],[[64309,32554],[-112,37],[4,43],[155,3],[572,237],[448,80],[-26,-82],[-73,-69],[-103,0],[66,-73],[40,-101],[324,-57]],[[69391,29974],[-38,181],[262,55],[125,-171],[-250,-168],[-99,103]],[[69532,30406],[-230,-164],[-246,277],[-36,282],[85,182],[458,-306],[-31,-271]],[[70308,31175],[152,-325],[-139,-161],[-250,123],[-359,304],[-361,84],[-36,275],[339,197],[419,-152],[163,-173],[72,-172]],[[67934,31653],[635,-89],[-184,-453],[-238,-254]],[[71844,32191],[28,-366],[-229,-344],[-425,-352],[-208,-67],[72,-164],[-191,-71],[-317,36],[-381,582],[-105,93],[-230,69],[-233,230],[62,291],[459,376],[680,409],[297,80]],[[71142,36577],[-380,58],[-19,-186],[336,-215]],[[71079,36234],[40,-181],[336,-64],[427,-219],[292,-47],[49,-116],[-412,-36],[-745,60],[-303,-46],[-402,-166],[-366,-257],[-184,-256],[-135,-321],[-201,-27],[-78,-139],[234,-69],[470,-588],[39,-182]],[[70140,33580],[-227,18],[-237,144],[-327,322],[-182,110],[-412,66],[-658,235],[-603,481],[-261,139],[-125,138],[163,223],[-148,268],[88,257],[-358,102],[-91,47],[1,279],[-217,86],[-128,289],[79,225],[-84,79],[295,59],[-91,188],[103,283]],[[66720,37618],[902,33],[236,43]],[[67858,37694],[118,-142],[515,132],[398,54],[273,-171],[246,200],[247,16]],[[69655,37783],[162,-78],[246,280],[389,-92],[89,44],[499,131],[29,32],[109,11],[140,47]],[[71318,38158],[66,-33],[58,-93],[172,-138]],[[71614,37894],[-184,4],[-35,-184]],[[71395,37714],[-99,-39]],[[71296,37675],[-73,20],[-136,-62]],[[71087,37633],[83,-178],[-160,-356]],[[71010,37099],[21,-372],[140,-97]],[[71171,36630],[-29,-53]],[[72569,35733],[549,-145]],[[73118,35588],[-299,-8],[-250,153]],[[71471,36112],[559,119],[99,-218]],[[72129,36013],[-287,-71],[-371,170]],[[71141,37601],[96,-66],[65,-203],[-28,-237]],[[71274,37095],[-7,229],[-126,277]],[[73728,35257],[4,19]],[[74113,34871],[-282,199],[-103,187]],[[70466,33908],[-280,260],[-111,258],[156,505],[211,251],[281,81],[520,3],[489,-84],[603,-230],[82,-99]],[[63356,30150],[-407,607]],[[62949,30757],[546,17],[-132,-332],[-7,-292]],[[63521,24309],[178,348]],[[63699,24657],[218,75],[246,-79],[449,-248],[397,5],[85,-169],[-360,-614],[-894,-235],[-320,233],[1,684]],[[64406,27063],[-18,203],[184,623],[-23,165],[-217,277],[-67,185]],[[64265,28516],[140,17],[436,-197],[105,-198],[-215,-403],[-27,-149],[-298,-523]],[[64031,29187],[-167,279],[-431,572]],[[63433,30038],[191,-57],[123,-171],[284,-623]],[[64413,32552],[1191,20]],[[65604,32572],[295,-78],[262,-138],[82,58],[329,-22],[145,-126],[259,-39],[-54,-84],[-186,-125],[-212,-27],[-156,-141],[-669,-301],[-375,396],[-348,254],[-564,299]],[[65635,32576],[553,25],[341,-39],[205,-93],[614,-52],[294,-154],[116,188],[807,-302],[-308,-208],[-339,-105],[-5,-110]],[[67913,31726],[-397,-73],[-130,195],[-7,142],[-209,-89],[-195,86],[-6,153],[54,101],[-53,36],[-220,9],[-199,129],[-267,32],[-98,-62],[-271,120],[-280,71]],[[67934,31653],[213,-796]],[[68147,30857],[4,-171],[-245,-217],[-556,-75],[-524,-12],[-95,47],[-459,479],[415,283],[590,68],[249,89],[-88,226],[496,79]],[[64542,28777],[261,340],[193,41],[147,-253],[-345,-290],[-256,162]],[[64367,30046],[133,-48],[168,-411],[-107,-444],[-294,-124],[-401,912],[153,203],[348,-88]],[[64953,29904],[-150,-140],[-219,68],[-32,138],[-163,154],[-402,21],[-144,-158],[-86,424],[148,170],[-49,132],[374,-31],[559,-206],[172,-161],[46,-272],[-54,-139]],[[63862,30547],[-138,-166],[59,-382],[-338,79],[-4,364],[118,193],[303,-88]],[[63490,31257],[336,256],[-64,-343],[-272,87]],[[63604,31602],[53,-153],[-151,-86],[-719,-80]],[[67329,28976],[67,-220],[-79,-224],[138,-208],[567,-437],[91,-435],[5,-399],[-203,-495],[-216,-326],[-90,-404],[-553,-368],[-130,-281],[-229,10],[-379,-202],[-512,-422],[-512,-233],[-166,120],[-473,109],[-459,238],[-72,129],[621,497],[434,638],[226,498],[175,646],[-28,151],[91,602],[-154,511],[232,704],[-63,467],[702,-303],[447,-163],[338,-46],[184,-154]],[[64880,27387],[91,193],[194,118],[89,-284],[-151,-201],[-225,-35],[2,209]],[[72578,28864],[-112,-126],[-306,20],[-456,145],[-71,143],[457,286],[665,296],[287,41],[325,-338],[-202,-310],[-208,-151],[-379,-6]],[[68624,30517],[130,258],[185,-72],[-31,-248],[-284,62]],[[67057,31907],[97,-71],[181,104],[52,-236],[-108,-72],[192,-295],[-836,-126],[-387,-262],[-337,384],[94,294],[361,140],[168,176],[314,63],[209,-99]],[[59488,40877],[108,163],[120,516],[346,23],[117,129],[386,140],[250,201],[-40,246],[586,123]],[[61361,42418],[405,-58],[218,-246],[810,-139],[305,38],[165,-217]],[[63264,41796],[-220,-92],[-235,-384],[64,-235],[-620,-190],[79,-173],[-211,-106],[100,-286],[-364,-47],[-191,-232]],[[57673,38156],[-650,847],[-390,311],[30,177]],[[56663,39491],[395,441],[-67,39],[-83,15],[68,189],[-164,252],[519,234],[132,12]],[[57463,40673],[326,-68],[513,-304],[523,323],[71,124],[260,128],[332,1]],[[59488,40877],[323,-168],[516,-176],[161,-176],[179,-5],[169,-158],[-28,-160],[175,22],[125,-59],[-41,-26],[9,-26],[-45,-50],[19,-63],[163,-3],[33,21],[77,-18],[82,181],[261,38]],[[61666,40051],[73,-154],[591,-30],[162,-145],[28,-125]],[[59433,36772],[-56,144],[-328,242],[-91,299],[-508,381],[-215,-207],[-334,156],[-5,106],[-223,263]],[[57521,37630],[-10,308],[236,-112],[-9,-294],[-217,98]],[[59291,36687],[-96,-112],[-242,109],[-182,164],[212,48],[293,-134],[15,-75]],[[58945,37132],[312,-287],[-254,41],[-49,47],[-76,-42],[-124,-3],[-301,455],[378,166],[114,-377]],[[58508,37374],[-160,249],[160,137],[267,-193],[-267,-193]],[[62520,39597],[199,-143],[375,45],[128,-171],[115,-50],[112,19],[594,-54]],[[64043,39243],[-53,-198],[71,-189],[-229,-226],[19,-217],[-99,-61],[0,-46],[-53,-22],[11,-35],[90,17],[13,-41],[-96,-3],[-12,-57],[103,-162],[-116,-148],[94,-131],[34,-93]],[[63820,37631],[-389,-206],[-607,-84],[40,-417],[-269,-153],[-144,-246],[-303,23],[-392,-72]],[[59910,36343],[-481,64],[4,365]],[[59433,36772],[142,408],[288,240],[373,-146],[191,257],[282,260],[-89,268],[-149,162],[-663,469],[170,219],[15,236],[435,40],[99,-104],[-15,-79],[59,-68],[127,-6],[741,121],[-32,122],[170,279],[148,-61],[294,70],[210,-31],[291,169]],[[62576,31236],[-778,1000]],[[61798,32236],[564,-137],[609,-51],[303,-150],[330,-296]],[[63604,31602],[-817,-319]],[[62787,31283],[-211,-47]],[[64309,32554],[104,-2]],[[64413,32552],[-1,-54]],[[64412,32498],[-103,56]],[[61756,36476],[108,-165],[216,-50],[367,-147],[623,-286],[508,-302],[-29,-650],[616,-131],[162,-312],[7,-156],[-383,-252],[-288,-426],[322,-278],[170,-281],[50,-383]],[[64205,32657],[-440,109],[-285,225],[-424,205],[-386,309],[-719,298],[-408,265],[-480,57],[-646,453],[-177,290],[-176,657],[-240,451],[-359,389],[445,-22]],[[59910,36343],[346,395],[12,208],[338,148],[865,-379],[285,-239]],[[61697,33434],[261,-122],[254,-263],[-409,-68],[-398,275],[-124,238],[347,53],[69,-113]],[[74654,38101],[226,-78],[599,258],[46,384],[220,236],[479,10],[208,166]],[[76432,39077],[262,168],[182,-13],[112,-269],[271,-152],[92,-144]],[[75771,34175],[-483,263],[-1175,433]],[[74113,34871],[-277,353],[-104,52]],[[73732,35276],[-3,36]],[[73729,35312],[-31,688],[-108,113]],[[73590,36113],[24,405],[313,279],[119,337]],[[74046,37134],[111,125],[-24,198],[71,176],[-20,32]],[[74184,37665],[-232,0],[-17,220],[201,175],[173,18]],[[74309,38078],[345,23]],[[78073,34605],[-195,381],[-326,442],[-84,285],[-162,186],[73,174],[232,48],[-253,432],[-30,270],[101,168],[-62,214],[107,141],[123,402],[-14,199],[-320,533],[88,187]],[[77351,38667],[108,337],[238,10],[89,186],[810,129],[153,-52],[169,149],[563,-93]],[[71844,32191],[-213,37],[-174,152],[-33,313],[-301,300]],[[71123,32993],[235,48],[555,-259],[103,-322],[-17,-168],[-155,-101]],[[70466,33908],[432,174],[234,176],[263,410],[149,460],[873,-275]],[[72417,34853],[239,-73],[211,-138],[-97,-409],[-209,-248],[-110,-242],[-528,-138],[-860,-82],[-597,385]],[[74871,29545],[-447,134],[-268,295],[-304,479],[-294,267],[-253,484],[-169,491],[129,334],[72,921],[248,181],[250,-36],[310,-182],[690,-602],[304,-163],[407,-324],[164,-191],[280,-529],[153,-380],[77,-419],[-16,-494],[-392,-71],[-534,-164],[-407,-31]],[[75771,34175],[666,240],[304,-164],[102,-157],[324,27],[-110,149],[549,85],[295,225],[172,25]],[[78073,34605],[296,-493],[307,-409],[82,-247]],[[80152,28958],[-76,351],[-286,616],[-253,639],[-626,930],[-858,692],[-402,376],[-814,573],[-535,631],[-531,409]],[[78758,33456],[487,-22],[288,-265],[192,23],[524,-187],[452,353],[55,144],[208,105],[121,-162],[527,-458],[-92,-230],[375,-240],[52,-10],[206,-193]],[[82899,30941],[-502,-189],[-25,-79],[59,-38],[13,-102],[95,-144],[176,-165],[144,-84],[45,-51]],[[81133,29109],[-26,105],[-138,237],[94,95],[-197,342],[-35,211],[-160,179],[-70,323],[-312,287],[224,307],[-212,110],[13,189],[-212,311],[-140,82],[-102,218],[-213,-27],[-111,269],[-338,443],[-255,539],[-185,127]],[[82484,30576],[-77,131]],[[82153,32314],[326,198],[71,-230],[224,35],[120,539],[422,240],[-25,122],[345,173],[44,287],[-164,118],[202,174],[371,-36]],[[84747,30006],[-285,66],[-817,-61],[-446,-259],[-196,199],[97,227],[-304,27],[-312,371]],[[82484,30576],[183,-66],[3,-50],[161,168]],[[82831,30628],[-203,104],[-221,-25]],[[82407,30707],[308,122],[116,-57],[43,25],[25,144]],[[82899,30941],[26,116],[-210,237],[-370,38],[-269,384],[118,115],[-141,348],[100,135]],[[84747,30006],[6,284],[301,80],[98,140],[-165,186],[108,416],[162,29]],[[85185,29875],[-438,131]],[[81583,29305],[2,132],[282,291],[153,72],[139,3],[25,-144],[652,53],[-57,199],[125,178]],[[82904,30089],[9,39],[69,4],[-20,-205],[161,-130],[-364,-738]],[[85185,29875],[357,5],[353,194],[131,-207],[-51,-115],[237,-119],[76,-346],[201,-202],[457,14],[289,-315],[11,-138]],[[82971,28659],[65,161],[58,624],[128,187],[395,254],[488,120],[403,-6],[195,-141],[482,17]],[[82113,29011],[9,-62],[467,34],[170,76]],[[82759,29059],[-193,-469],[-247,-137],[-459,-51],[23,128]],[[80152,28958],[341,-68],[410,52],[144,-27],[112,186],[-26,8]],[[81133,29109],[299,54],[151,142]],[[81583,29305],[108,-88],[213,-5],[62,-109],[147,-92]],[[82113,29011],[-494,-44],[49,-134],[-221,-204],[20,-103]],[[80371,28328],[-219,630]],[[81467,28526],[231,44],[185,-40]],[[81883,28530],[-28,-129],[-248,-63],[-454,-277],[-74,-322],[157,-163],[614,-172],[71,-100],[-128,-190],[-627,-346],[-383,375],[-317,421],[-16,479],[-79,285]],[[80371,28328],[588,115],[297,15],[211,68]],[[87246,28646],[197,-371],[164,-183]],[[82674,28445],[297,214]],[[82971,28659],[194,-98],[187,82],[988,62],[211,100],[521,-34],[629,39],[441,162],[69,-185],[267,-208],[370,-52],[398,119]],[[82674,28445],[73,-376],[115,-177],[-125,-360],[235,-46],[0,-146],[484,-215],[89,54],[633,53],[63,-153],[422,11],[121,-169],[-72,-178]],[[84274,26010],[-196,-96],[-255,35],[-181,137],[-233,-488],[-493,72],[-255,-47],[129,-209],[362,-122]],[[83083,25112],[-378,112],[-199,140],[-91,211],[-271,-31],[-40,-231],[191,-278],[-1,-125],[-172,31],[-277,345],[-328,900],[0,584],[454,290],[98,338],[-219,144],[-369,33],[-242,93],[-65,193],[89,140],[507,276],[321,26],[583,142]],[[87607,28092],[132,-67],[726,195],[194,-65],[77,10]],[[85166,25598],[59,134],[-126,163],[-269,140]],[[84567,26051],[-293,-41]],[[84274,26010],[41,181],[229,13],[-109,199],[95,201],[182,139]],[[84712,26743],[531,-89],[480,295],[19,281],[206,42],[119,-144],[224,-68],[254,-173],[408,81],[72,142],[242,-3],[233,119],[450,-1],[-344,402],[-122,278],[123,187]],[[85166,25598],[200,-61],[42,-106],[100,21],[48,-40],[132,-32],[237,48],[435,-175],[325,43],[-10,-266],[93,-150],[265,58],[47,-305],[351,-92],[-27,254],[695,33],[59,-242],[440,268],[286,-171]],[[84509,25299],[-181,606],[141,-97],[165,-14],[284,134],[248,-330]],[[84567,26051],[263,-16]],[[84830,26035],[76,-82],[-388,-125],[-114,75],[163,148]],[[82797,25099],[627,-118],[17,263],[-320,120],[-262,128],[197,81],[323,-35],[134,106],[205,339],[150,-168],[268,100],[112,18],[-67,-217],[185,-27],[143,-390]],[[84509,25299],[237,47],[206,-256],[187,-41],[66,-159],[87,-38],[0,-53],[87,-74],[-13,-151],[-209,58],[-98,183],[-482,-61],[-96,-124],[34,-86],[34,-387],[315,6],[58,69],[164,-38],[-50,-115],[51,-180],[107,-116],[271,-581],[146,-112],[264,-821],[433,-571]],[[83762,20596],[-143,587],[-195,512],[-199,268],[163,81],[-250,169],[-101,340],[-265,398],[142,334],[-32,495],[-350,708],[85,336],[-302,384],[23,132],[125,-167],[334,-74]],[[83083,25112],[69,180]],[[83152,25292],[253,-115],[-54,-128],[-268,63]],[[86308,21698],[520,-187]],[[85897,16415],[0,86],[-28,51],[-209,33],[-11,19]],[[85586,17300],[23,32]],[[84683,17608],[-375,705]],[[83668,18307],[-74,89]],[[83058,19182],[441,654],[263,760]],[[83762,20596],[130,122],[-57,205],[326,34],[140,133],[414,-66],[158,367],[312,-26],[241,110],[309,-72],[527,61],[46,234]],[[83616,18333],[29,-28],[-13,4],[-16,24]],[[85897,16415],[-199,-112]],[[85539,15000],[-52,8],[-62,513],[-121,350],[247,410],[346,134]],[[85586,17300],[-75,-431],[138,-265]],[[85649,16604],[-195,233],[-84,220],[49,206],[167,37]],[[84683,17608],[159,-151],[355,-98],[375,125],[37,-152]],[[85609,17332],[-579,-47],[-254,142],[-93,181]],[[83668,18307],[409,169],[231,-163]],[[84308,18313],[325,-819],[487,-435],[151,-405],[-126,-405],[-131,-1369],[-135,-152],[-534,-83],[-316,13],[-270,-60],[62,-318],[-138,-61],[-510,106],[-830,512],[-252,335],[119,208],[271,54],[132,132],[-258,226],[271,240],[-43,283],[113,405],[432,281],[22,310],[-256,316],[62,196],[533,180],[179,169],[0,135]],[[83058,19182],[102,-29],[538,-262],[-96,-159],[-8,-336]],[[83594,18396],[-18,-264],[-152,-115],[-391,-96],[-194,-231],[38,-153],[217,-281],[-52,-246],[-228,-125],[-216,175],[-273,-115],[-204,42],[115,274],[191,175],[14,521],[284,284],[233,523],[100,418]],[[82533,16334],[-151,38],[-82,208],[302,57],[-69,-303]],[[82043,18778],[-81,275],[180,172],[-40,628],[183,247],[-22,169],[-182,344],[-17,275],[124,137],[23,348],[189,82],[325,294],[222,-131],[242,-364],[59,-487],[-130,-310],[-219,-330],[-599,-1281],[-257,-68]],[[85233,14553],[254,409],[115,-60]],[[85698,16303],[143,-72],[249,61],[97,204],[225,-57],[75,-75],[-16,-44],[82,-9],[50,65],[75,-66],[211,-41],[115,-338],[499,103],[350,-86],[393,117],[326,228]],[[86750,11183],[-298,215],[-240,317],[-30,280],[-334,484],[-748,810],[-364,279],[-348,422],[466,334],[241,99],[138,130]],[[85233,14553],[369,349]],[[85602,14902],[-63,98]],[[85539,15000],[-35,62],[-148,824],[168,332],[174,85]],[[86589,11233],[14,-27]],[[86603,11206],[147,-23]],[[86750,11183],[325,65],[257,256],[238,71],[210,224],[542,316],[246,61]],[[89208,9460],[-16,-265],[71,-169],[493,30],[72,-252],[-107,-135],[69,-236],[132,-84],[351,24],[218,-389],[530,-297],[123,-281],[-279,-344],[-15,-276],[157,-315],[5,-244],[106,-239],[-59,-353],[200,-582],[200,-245],[436,-276],[227,-437],[159,-208],[148,-537],[259,-462],[40,-402],[111,-291],[-92,-182],[-361,219],[-363,372],[-177,415],[-445,669],[-589,724],[-513,527],[-308,562],[-177,198],[-222,612],[-238,403],[-2484,2217],[-230,244],[-157,283],[-34,451],[7,641],[54,392],[-24,391],[103,-100]],[[86589,11233],[14,-27]],[[92504,271],[-36,-271],[-251,186],[287,85]],[[79481,39333],[96,252],[378,144],[411,399],[476,135],[-95,332],[-133,122],[241,94],[322,-102],[255,59],[76,194],[409,229],[-362,146],[-147,307],[55,402],[-151,216],[-18,347],[-233,121],[78,117],[-224,225],[43,286],[-223,462],[-61,251],[-250,94],[-100,244],[91,234],[-401,28],[44,135],[751,400],[115,92],[-40,197],[253,222],[-145,414],[189,84],[246,-178],[84,166],[253,51],[41,-368],[-149,-302],[337,29],[99,246],[10,255],[187,189],[207,69],[690,435],[309,138],[322,213],[373,-57],[226,248],[229,-32],[118,98],[-61,477],[81,222],[-234,184],[166,191],[-150,297],[-133,1078],[-215,307],[113,187],[-144,219],[38,172],[-154,273],[170,133],[241,0],[-96,350],[165,317],[448,-1],[490,-1034],[170,-125],[352,-41],[340,-220],[464,-48],[336,39]],[[83939,34444],[-21,142],[-363,24],[-150,-91],[-397,85],[-142,316],[198,540],[93,77],[-7,123],[-338,81],[-205,-142],[-161,279],[-294,6],[-555,252],[-192,-13],[-126,-194],[-175,-106],[-132,88],[-280,278],[-47,209],[-205,194],[27,252],[-186,144],[43,137],[-54,170],[-196,161],[-360,104],[-216,136],[-56,156],[164,204],[-58,138],[114,335],[4,304],[-146,230],[-39,270]],[[83939,34444],[120,-18],[620,60],[85,443],[591,46],[154,104],[-107,262],[-403,641],[-64,254],[29,328],[184,553],[676,127],[-472,469],[174,303],[222,1],[480,-98],[366,-25],[495,476],[761,469],[407,217],[13,257],[-230,674],[-372,609],[-297,607],[560,93],[680,166],[724,118],[414,-3],[-746,1008],[-131,490],[-300,654],[-99,814],[-146,876],[-206,165],[-940,403],[-274,160],[105,176],[990,471],[419,149],[147,113],[16,319],[-147,529],[-25,267],[-145,613],[-204,402],[-144,396],[-374,623],[-180,176],[-215,11]],[[87150,50392],[-22,323],[132,216],[327,-75],[185,223],[294,71],[67,192],[413,371],[56,113],[294,74],[264,-13],[-44,-251],[352,-207],[423,-150],[167,-289],[-167,-190],[122,-317],[295,20],[116,189],[38,321],[217,171],[-118,297],[71,103],[335,93],[350,-71],[130,-183],[226,-151],[-9,-448],[-295,-371],[43,-308],[286,-61],[-67,-183],[36,-327],[270,-149],[233,-536],[-107,-384],[201,-89],[31,-422],[267,-1138],[301,-63],[44,-313],[95,-135],[117,-522],[141,-105],[323,-46],[59,-215],[-113,-249],[-223,-214],[255,-45],[205,-252],[-100,-318],[108,-66],[117,-280],[-16,-269],[136,-217],[-1030,-19],[85,-219],[-19,-626],[222,-472],[-151,-361],[223,-128],[-202,-323],[347,-341],[108,4],[251,-465],[-239,-777],[125,-315],[-83,-267],[-153,-88],[42,-375],[-72,-100],[69,-228],[415,27],[224,-215],[173,-51],[478,-459],[260,70],[-14,-211],[251,-126],[-59,-181],[163,-64],[-134,-313],[77,-505],[178,-145],[-18,-187],[126,-261],[-17,-178],[102,-226],[455,-165],[341,-254],[-57,-199],[104,-354],[146,-261],[-10,-554],[157,-110],[-100,-201],[56,-275],[152,-180],[3,-320],[-219,-32],[7,-261],[212,-201],[50,-277],[154,-222],[-18,-849],[92,-102],[13,-311],[74,-137],[-35,-376],[153,-124],[38,-467],[187,-226],[176,-575],[71,-357],[-106,-326],[13,-250],[182,-96],[113,-376],[-76,-392],[118,-166],[47,-541],[235,-32],[75,-597],[-224,-200],[-197,100],[10,172],[-258,50],[-301,-141],[-71,-108],[226,-164],[355,-603],[47,-255],[176,-102],[-145,-300],[145,-238],[-36,-332],[194,-146],[92,-226],[-137,-70],[169,-466],[54,-371],[183,-312],[189,-603],[-36,-250],[-209,-10],[-146,-162]],[[88664,28804],[12,110],[-161,130],[-143,233],[-240,-62],[-123,146],[-158,273],[-196,124],[399,278],[160,208],[219,30],[103,292],[-266,166],[122,69],[-87,165],[23,106],[-56,206],[-112,110],[-56,148],[66,55],[-157,293],[-171,0],[-7,397],[-122,102],[63,135],[-132,179],[-255,93],[-142,172],[121,151],[-101,83],[-141,-10],[-52,91],[-223,-3],[-99,-56],[-536,30],[-351,-90],[-92,-75],[-131,-257],[225,-308],[-50,-302],[126,-79],[118,-341],[-189,-81],[91,-149],[-117,-182],[-246,-173],[-188,-62],[-155,-8]],[[85257,31141],[-344,10],[-64,66],[156,279],[-94,148],[-35,232],[-75,154],[4,138],[-176,370],[-81,257],[-176,233],[-185,368],[21,337],[-116,128],[-3,73]],[[84089,33934],[2,26],[171,124],[-130,195],[-212,22],[19,143]],[[88736,28165],[-45,117],[159,229],[-186,293]],[[88664,28804],[562,31],[327,-21],[227,-82],[191,-289],[69,-242],[180,-36],[1016,451],[345,99],[508,27],[537,-183],[1167,-30],[632,-837],[249,-217],[579,-226],[365,-383],[89,-413],[208,-84],[141,-449],[-42,-142],[260,-248],[45,-446],[118,-234],[-117,-181],[-35,-343],[319,-209],[20,-221],[260,-111],[182,-173],[19,-165],[-165,-299],[62,-258],[226,-171],[411,-574],[212,-162],[183,-432],[283,-345],[157,-529],[168,-158]],[[98622,20519],[17,-332],[122,-147],[-235,-97],[-46,-248],[80,-429],[-135,-546],[42,-235],[-141,-441],[127,-203],[-94,-533],[168,-570],[-19,-663],[136,-254],[89,-568],[-17,-306],[171,-478],[-20,-185],[152,-549],[119,-178],[307,-1270],[283,-651],[271,-284],[-61,-256],[-959,-256],[-297,-343],[-468,-34],[-106,542],[-590,1402],[18,134],[-137,221],[-321,-57],[-380,-157],[-372,95],[22,-291],[-219,-138],[-872,295],[-327,-65],[-290,244],[-13,259],[88,248],[-103,362],[-311,162],[-461,489],[-230,163],[-259,-24],[-251,-217],[-303,-80],[-115,-242],[21,-174],[-204,-69],[50,-216],[-705,-11],[-121,197],[-480,-54],[8,-460],[-288,-149],[57,-441],[-260,-126],[-478,-84],[-577,-391],[22,-314],[408,-520],[32,-364],[-149,-136],[150,-220],[-180,-183],[-94,-237],[-439,-262],[-199,-173],[-48,39]],[[89208,9460],[-96,78],[85,124],[-101,88],[-60,284],[68,110],[212,143],[-30,65],[133,232],[134,121],[-223,144],[-90,253],[-258,270],[-245,358],[-57,307],[-112,139]],[[88568,12176],[-241,652],[-113,221],[415,86],[225,369],[443,49],[222,-132],[299,-585],[349,157],[369,-55],[172,34],[69,99],[-212,141],[76,186],[-190,146],[182,573],[-61,144],[-308,49],[30,180],[-335,183],[-113,-60],[-44,209],[-173,-7],[-228,-122],[-282,59],[23,78],[-224,274],[-49,114],[160,174],[299,152],[132,212],[-126,83],[-172,220],[73,220],[-156,120],[-324,-182],[-183,76]],[[88572,16293],[53,195],[-101,118],[-375,179],[-255,35],[-175,170],[239,127],[-157,169],[110,127],[-162,135],[-61,132],[-186,68],[246,131],[30,165],[183,2],[45,199],[-102,245],[220,113],[294,-36],[421,32],[48,83],[-113,85],[187,380],[320,191],[236,-105],[22,27],[-117,61],[18,135],[-168,53],[-270,-286],[-451,62],[-161,249],[-116,48],[-152,-67],[-346,-19],[-76,241],[-232,-12],[-211,34],[-82,70],[3,192],[243,149],[51,137],[-85,82],[-20,268],[-87,245],[22,181],[-106,48],[-218,227],[-168,22],[18,131]],[[86828,21511],[74,78],[184,121],[283,46],[223,-63],[328,112],[-53,-191],[138,-43],[16,-88],[218,-115],[381,114],[381,45],[222,-13],[-170,191],[-136,373],[270,37],[243,-38],[194,202],[341,238],[112,17],[-66,196],[-173,76],[42,199],[-41,284],[-209,106],[-302,24],[-188,236],[-147,69],[320,320],[-458,230],[-62,155],[-244,89],[106,94],[153,-34],[76,105]],[[88884,24683],[257,94],[48,130],[-269,227],[235,208],[-16,95],[-173,14],[20,185],[-134,116],[170,286],[-420,471],[98,157],[-220,223],[92,220],[-77,645],[209,159],[62,175],[-30,77]],[[89582,19313],[101,125],[328,3],[-73,207],[-86,104],[37,162],[-172,157],[-124,-25],[-168,104],[32,241],[-232,20],[-121,-146],[237,-284],[27,-270],[108,-39],[105,-154],[-21,-148],[22,-57]]]}