{"type":"Topology","objects":{"data":{"geometries":[{"properties":{"k":"uz|Barguna|Amtali","t":"uz","n":"Amtali","d":"Barguna","z":"Amtali","c":"","ce":0,"w":"IAB","wn":"IAB","v":[41382,0,0,55475,2195,0],"rest":413,"tt":99465,"mg":14.2,"to":null,"tv":0},"type":"Polygon","arcs":[[-961,-82,0,1,2,3,4,-25,-984,-991,-886,-973,5,-977,6,-962],[-8,7],[-9,8],[-13,9,10,11,12,13],[14],[15,16],[17],[18],[19]],"id":"feature_000"},{"properties":{"k":"uz|Barguna|Bamna","t":"uz","n":"Bamna","d":"Barguna","z":"Bamna","c":"","ce":0,"w":"Jamaat","wn":"Jamaat","v":[17219,18921,64,2973,0,0],"rest":614,"tt":39791,"mg":4.3,"to":null,"tv":0},"type":"Polygon","arcs":[[-23,20,-63,-1110,-771,-777,-47,-24]],"id":"feature_001"},{"properties":{"k":"uz|Barguna|Barguna Sadar","t":"uz","n":"Barguna Sadar","d":"Barguna","z":"Barguna Sadar","c":"","ce":0,"w":"BNP","wn":"BNP","v":[64695,0,0,62392,2389,0],"rest":404,"tt":129880,"mg":1.8,"to":null,"tv":0},"type":"MultiPolygon","arcs":[[[21,22,23,-46,-50,-979,-985,24,25],[26],[27],[28],[29],[30],[31],[32],[33,34],[35],[36],[37],[38],[39],[-41,40],[41],[42]],[[43,-78,44]]],"id":"feature_002"},{"properties":{"k":"uz|Barguna|Betagi","t":"uz","n":"Betagi","d":"Barguna","z":"Betagi","c":"","ce":0,"w":"BNP","wn":"BNP","v":[29461,23803,153,4884,0,0],"rest":523,"tt":58824,"mg":9.6,"to":null,"tv":0},"type":"Polygon","arcs":[[45,46,-776,47,48,-774,-795,-85,-980,49],[50],[51],[52],[53],[54],[55],[56],[57],[58],[59],[60]],"id":"feature_003"},{"properties":{"k":"uz|Barguna|Patharghata","t":"uz","n":"Patharghata","d":"Barguna","z":"Patharghata","c":"","ce":0,"w":"BNP","wn":"BNP","v":[42748,40291,68,8395,0,0],"rest":779,"tt":92281,"mg":2.7,"to":null,"tv":0},"type":"MultiPolygon","arcs":[[[61,-1104,-1111,62,63,64,65,66],[67],[68],[69],[-71,70],[71],[72,73],[74],[75]],[[76,77,78]]],"id":"feature_004"},{"properties":{"k":"uz|Barguna|Taltali","t":"uz","n":"Taltali","d":"Barguna","z":"Taltali","c":"","ce":0,"w":"BNP","wn":"BNP","v":[28260,0,0,20643,899,0],"rest":142,"tt":49944,"mg":15.3,"to":null,"tv":0},"type":"MultiPolygon","arcs":[[[-939,79,-940]],[[80,81,-960,82],[83]]],"id":"feature_005"},{"properties":{"k":"uz|Barishal|Agailjhara","t":"uz","n":"Agailjhara","d":"Barishal","z":"Agailjhara","c":"","ce":0,"w":"BNP","wn":"BNP","v":[40768,15196,22951,3755,0,0],"rest":630,"tt":83300,"mg":21.4,"to":null,"tv":0},"type":"Polygon","arcs":[[-140,-415,-4503,-138,-141]],"id":"feature_006"},{"properties":{"k":"uz|Barishal|Babuganj","t":"uz","n":"Babuganj","d":"Barishal","z":"Babuganj","c":"","ce":0,"w":"BNP","wn":"BNP","v":[34413,31250,0,5399,0,245],"rest":7674,"tt":78981,"mg":4.0,"to":null,"tv":0},"type":"Polygon","arcs":[[-211,-758,-413,-417,-139,-365,-212]],"id":"feature_007"},{"properties":{"k":"uz|Barishal|Bakerganj","t":"uz","n":"Bakerganj","d":"Barishal","z":"Bakerganj","c":"","ce":0,"w":"BNP","wn":"BNP","v":[81087,54533,344,28823,0,137],"rest":238,"tt":165162,"mg":16.1,"to":null,"tv":0},"type":"MultiPolygon","arcs":[[[-981,84,-794,-782,-218,85,-264,-266,86,-801,-880,-982],[87],[88,89],[90,91],[92],[93],[94],[95,96,97,98],[99],[100],[101,102],[103,104,105],[106],[107],[108],[109],[-111,110],[111],[112],[113],[114],[-116,115]],[[-818,116,-819]],[[117]],[[-823,118]],[[119,-821,120,-260,121]],[[-835,122,-440]],[[123,-445,124]],[[-215,125,-216]]],"id":"feature_008"},{"properties":{"k":"uz|Barishal|Banaripara","t":"uz","n":"Banaripara","d":"Barishal","z":"Banaripara","c":"","ce":0,"w":"BNP","wn":"BNP","v":[52695,31584,0,1876,0,218],"rest":1688,"tt":88061,"mg":24.0,"to":null,"tv":0},"type":"Polygon","arcs":[[-755,-1153,-1132,-414,-756],[126],[136],[127],[128],[129,130],[131,132],[133],[134],[135],[136]],"id":"feature_009"},{"properties":{"k":"uz|Barishal|Gaurnadi","t":"uz","n":"Gaurnadi","d":"Barishal","z":"Gaurnadi","c":"","ce":0,"w":"BNP","wn":"BNP","v":[58650,29944,20857,3005,0,0],"rest":1095,"tt":113551,"mg":25.3,"to":null,"tv":0},"type":"Polygon","arcs":[[137,-4502,-4850,-4852,-4853,-4856,-366,138,-416,139,140],[-142,141],[-143,142],[143],[144],[145,146],[147],[148,149],[150],[151],[152],[153,154]],"id":"feature_010"},{"properties":{"k":"uz|Barishal|Hijla","t":"uz","n":"Hijla","d":"Barishal","z":"Hijla","c":"","ce":0,"w":"BNP","wn":"BNP","v":[40276,19601,0,21371,0,0],"rest":236,"tt":81484,"mg":23.2,"to":null,"tv":0},"type":"MultiPolygon","arcs":[[[155,-295]],[[156,-324,-401,157,-405,158,-338,159]],[[160]],[[161,-375,162,-373,-371,163]],[[164]],[[165]],[[-368,166,-369]],[[-408,167,-411,168,-409]],[[169,-5527,170,-5530,171]],[[172]],[[173,-5562,-1560,174]],[[-297,175,-298]],[[176]],[[177,-1558,178]],[[179,-1553,180]],[[181]],[[182,-1562,183]],[[184,-3418,185]],[[186,-3411,187]],[[188,-3415,189]],[[190,-3454,191]],[[-358,192,-3498,193,-3422,-359]],[[194,-3500,195]],[[196]],[[197,-3456,198]],[[199]],[[200]],[[201]],[[202]],[[203,-1580,204]],[[205]],[[-1582,206]],[[207,-1556,208]]],"id":"feature_011"},{"properties":{"k":"uz|Barishal|Barishal Sadar (Kotwali)","t":"uz","n":"Barishal Sadar (Kotwali)","d":"Barishal","z":"Barishal Sadar (Kotwali)","c":"","ce":0,"w":"BNP","wn":"BNP","v":[57744,0,0,50719,0,0],"rest":5292,"tt":113755,"mg":6.2,"to":null,"tv":0},"type":"MultiPolygon","arcs":[[[209,-779,-759,210,211,-364,-291,212,-276,-278,213,214,215,216,217,-781,218],[-220,219],[220],[221,222],[223],[-225,224],[-226,225,226],[227,-229,228],[229,230],[231],[232,-234,233],[234],[235],[236],[237],[238],[239,240],[241],[242,243],[244],[245],[246],[247],[248],[249,250],[251,252,253],[254],[255],[256],[-258,257]],[[258,259]],[[260,-339,261]],[[-342,262,-343]],[[263,264,265]],[[266,-329,-331,267]],[[-280,268]],[[269]],[[270]],[[271,-286,272,-283]],[[273]],[[274,-288]]],"id":"feature_012"},{"properties":{"k":"uz|Barishal|Mehendiganj","t":"uz","n":"Mehendiganj","d":"Barishal","z":"Mehendiganj","c":"","ce":0,"w":"BNP","wn":"BNP","v":[86916,53191,0,15129,0,0],"rest":493,"tt":155729,"mg":21.7,"to":null,"tv":0},"type":"MultiPolygon","arcs":[[[275,276,277]],[[278,279,280]],[[281,282,283]],[[284,285,286,287,288]],[[289,290,-363,291]],[[292]],[[293,294,295,296,297,298,-474,-476,299,300,301],[302,303],[304,305],[306],[307],[308],[309],[-311,310],[311],[312],[313],[314],[315],[316],[317],[318],[319],[320]],[[321,-361,-379,322,-402,323,324]],[[325]],[[326]],[[-377,327]],[[328,329,330]],[[331]],[[332]],[[333]],[[334]],[[335]],[[336,337]],[[338,339]],[[-462,-465,340,341,342,343,-463]],[[344,-467,345]],[[346]],[[347]],[[348,-448,349,-468,350]],[[351]],[[352,-3406,353]],[[354]],[[355]],[[356,357,358,-3421,359]]],"id":"feature_013"},{"properties":{"k":"uz|Barishal|Muladi","t":"uz","n":"Muladi","d":"Barishal","z":"Muladi","c":"","ce":0,"w":"BNP","wn":"BNP","v":[45358,28235,0,10652,0,594],"rest":6527,"tt":91366,"mg":18.7,"to":null,"tv":0},"type":"MultiPolygon","arcs":[[[360,361,362,363,364,365,-4855,-5532,366,367,368,369,370,371,372,373,374,375,376,377,378],[379],[380,381,382],[383],[384],[385,386],[387],[388],[389],[390],[391,392,393],[394],[-396,395],[396],[397],[398]],[[399,400,401]],[[402]],[[403,404,405]],[[406,407,408,409]],[[410,411]]],"id":"feature_014"},{"properties":{"k":"uz|Barishal|Ujirpur","t":"uz","n":"Ujirpur","d":"Barishal","z":"Ujirpur","c":"","ce":0,"w":"BNP","wn":"BNP","v":[87390,40587,0,4044,0,463],"rest":2109,"tt":134593,"mg":34.8,"to":null,"tv":0},"type":"Polygon","arcs":[[412,-757,413,-1131,-4499,-4504,414,415,416],[417],[418],[419],[420],[421],[422,423],[424,425],[426],[427],[428],[429,430,431],[432],[433]],"id":"feature_015"},{"properties":{"k":"uz|Bhola|Bhola Sadar","t":"uz","n":"Bhola Sadar","d":"Bhola","z":"Bhola Sadar","c":"","ce":0,"w":"BNP","wn":"BNP","v":[104462,73773,0,25091,0,1103],"rest":1242,"tt":205671,"mg":14.9,"to":null,"tv":0},"type":"MultiPolygon","arcs":[[[434,-540,-829,435]],[[436,-833,437]],[[438,-836,439,440]],[[441]],[[442]],[[443,444,445]],[[446,447,448,-621,-623,449,-609,-533,450],[451],[452],[453],[454,455],[456],[457],[458],[459],[460]],[[461,462,463,464]],[[465,466]],[[467,468]],[[469,-531,470]],[[471,-536]],[[472]],[[473,474,475]],[[476,-628,477]],[[-629,-634,478,-625,479,-630]],[[480]],[[481,-632]],[[482]],[[483]],[[484]],[[485]],[[486]],[[487]],[[488,-3399,489]]],"id":"feature_016"},{"properties":{"k":"uz|Bhola|Borhanuddin","t":"uz","n":"Borhanuddin","d":"Bhola","z":"Borhanuddin","c":"","ce":0,"w":"BNP","wn":"BNP","v":[65246,61549,389,0,0,0],"rest":956,"tt":128140,"mg":2.9,"to":null,"tv":0},"type":"MultiPolygon","arcs":[[[490,-684,491,-847,492]],[[-655,493,-606,-612,494,-731,-733,495,-727,-656],[-497,496,497],[498,499,500],[501,502,503],[-505,504,-509,505,506,507,508],[509],[510,511,512,513],[514],[515],[516],[-518,517],[-519,518],[519],[520],[521],[522],[523]],[[524]],[[525]],[[526]],[[527]],[[528]],[[529,530,531]],[[532,-608,533]],[[534,535,536]],[[537]],[[538,-830,539,540]]],"id":"feature_017"},{"properties":{"k":"uz|Bhola|Charfasson","t":"uz","n":"Charfasson","d":"Bhola","z":"Charfasson","c":"","ce":0,"w":"BNP","wn":"BNP","v":[159268,68201,0,21633,0,0],"rest":969,"tt":250071,"mg":36.4,"to":null,"tv":0},"type":"MultiPolygon","arcs":[[[541]],[[542,-1050,543]],[[544,545]],[[546,-1048]],[[547,-1065,-922]],[[548,-1059,549,-920,550]],[[551,-931]],[[552,-653,-658,553],[554],[555,556],[557],[558,559,560],[561],[562],[563],[564],[565],[566],[567,568],[569,570],[571],[572],[573,574],[575],[576,-578,577],[578],[579],[580],[581],[582],[-584,583]],[[-927,-853,584,-933,585,-928]],[[586]],[[-859,587,-857,-860]],[[-870,588,-871]],[[589]],[[590]],[[591,592]],[[593]],[[594]],[[595]],[[596]],[[597]],[[598]],[[599]],[[600]],[[601]],[[602]],[[603,-687,604]]],"id":"feature_018"},{"properties":{"k":"uz|Bhola|Daulatkhan","t":"uz","n":"Daulatkhan","d":"Bhola","z":"Daulatkhan","c":"","ce":0,"w":"BNP","wn":"BNP","v":[52885,30126,206,0,0,0],"rest":976,"tt":84193,"mg":27.0,"to":null,"tv":0},"type":"MultiPolygon","arcs":[[[605,606,607,608,609,610,611],[612,613],[614],[615,616],[617]],[[618]],[[619]],[[620,621,622]],[[623,624,625]],[[626,627]],[[628,629,630,631,632,633]],[[634]],[[635]],[[636]],[[637]],[[638]],[[639]],[[640]],[[641,-737,642]],[[643]],[[644,-753,645]],[[646]],[[647]],[[648]],[[649]],[[650]],[[651]]],"id":"feature_019"},{"properties":{"k":"uz|Bhola|Lalmohan","t":"uz","n":"Lalmohan","d":"Bhola","z":"Lalmohan","c":"","ce":0,"w":"BNP","wn":"BNP","v":[103447,40975,0,5327,0,187],"rest":798,"tt":150734,"mg":41.4,"to":null,"tv":0},"type":"MultiPolygon","arcs":[[[652,653,654,655,-726,656,657],[658],[659,660],[661],[-663,662,663],[664,665],[666],[-668,667],[-669,668],[669],[670],[-672,671,672],[673,674,675],[676]],[[677]],[[678]],[[679,-840]],[[680,-843,681]],[[682,683,684]],[[685,686,687,-700,688]],[[689]],[[690,-708,691]],[[692,-723,-725,693]]],"id":"feature_020"},{"properties":{"k":"uz|Bhola|Monpura","t":"uz","n":"Monpura","d":"Bhola","z":"Monpura","c":"","ce":0,"w":"BNP","wn":"BNP","v":[29122,11527,0,3202,0,0],"rest":178,"tt":44029,"mg":40.0,"to":null,"tv":0},"type":"MultiPolygon","arcs":[[[694]],[[695]],[[696]],[[697]],[[698,699]],[[700]],[[701]],[[702]],[[703]],[[704]],[[705]],[[706,707,708]],[[-741,709,-739,-742]],[[710]],[[-3706,711]],[[712]],[[713,-3709,714]],[[-3713,715,-3711,-3714]],[[716]],[[717]],[[718]],[[719]],[[720]],[[721,-3716,-3718]]],"id":"feature_021"},{"properties":{"k":"uz|Bhola|Tazumuddin","t":"uz","n":"Tazumuddin","d":"Bhola","z":"Tazumuddin","c":"","ce":0,"w":"BNP","wn":"BNP","v":[41680,15239,0,1849,0,70],"rest":483,"tt":59321,"mg":44.6,"to":null,"tv":0},"type":"MultiPolygon","arcs":[[[722,723,724]],[[725,726,727]],[[728]],[[729]],[[730,731,732]],[[733]],[[734]],[[735,736,737]],[[738,739,740,741]],[[742]],[[743,-3726,744]],[[745]],[[746]],[[747]],[[748]],[[749]],[[750]],[[-3587,751,752,753,-3588]]],"id":"feature_022"},{"properties":{"k":"uz|Jhalokati|Jhalokathi Sadar","t":"uz","n":"Jhalokathi Sadar","d":"Jhalokati","z":"Jhalokathi Sadar","c":"","ce":0,"w":"BNP","wn":"BNP","v":[55599,39520,2512,9045,0,152],"rest":148,"tt":106976,"mg":15.0,"to":null,"tv":0},"type":"Polygon","arcs":[[-798,-1101,-1154,754,755,756,757,758,-778,-799],[759],[760,761],[-763,762,763],[764,765],[766],[767],[768],[769]],"id":"feature_023"},{"properties":{"k":"uz|Jhalokati|Kanthalia","t":"uz","n":"Kanthalia","d":"Jhalokati","z":"Kanthalia","c":"","ce":0,"w":"BNP","wn":"BNP","v":[22967,20909,231,2059,0,48],"rest":1427,"tt":47641,"mg":4.3,"to":null,"tv":0},"type":"Polygon","arcs":[[770,-1109,-1080,771,-1076,772,-1074,-1072,-796,773,774,775,776]],"id":"feature_024"},{"properties":{"k":"uz|Jhalokati|Nalchhity","t":"uz","n":"Nalchhity","d":"Jhalokati","z":"Nalchhity","c":"","ce":0,"w":"BNP","wn":"BNP","v":[56680,29404,644,15204,0,59],"rest":82,"tt":102073,"mg":26.7,"to":null,"tv":0},"type":"Polygon","arcs":[[-792,-800,777,778,779,780,781,-793],[782],[783],[784,785,786],[787],[788,789],[790]],"id":"feature_025"},{"properties":{"k":"uz|Jhalokati|Rajapur","t":"uz","n":"Rajapur","d":"Jhalokati","z":"Rajapur","c":"","ce":0,"w":"BNP","wn":"BNP","v":[38249,32860,681,5597,0,84],"rest":1610,"tt":79081,"mg":6.8,"to":null,"tv":0},"type":"Polygon","arcs":[[791,792,793,794,795,-1071,796,-1069,-1099,-1102,797,798,799]],"id":"feature_026"},{"properties":{"k":"uz|Patuakhali|Bauphal","t":"uz","n":"Bauphal","d":"Patuakhali","z":"Bauphal","c":"","ce":0,"w":"Jamaat","wn":"Jamaat","v":[72191,99438,0,14337,0,348],"rest":405,"tt":186719,"mg":14.6,"to":null,"tv":0},"type":"MultiPolygon","arcs":[[[-887,-989,-879,-881,800,801,-865,-888],[802],[803,804],[-806,805],[806],[807],[808],[809,810,811],[-813,812,813],[814],[815]],[[816,817,818,819,820]],[[821,822,823]],[[824]],[[825]],[[826]],[[827,828,829,830]],[[831,832,833]],[[834,835,836]],[[837]],[[838,839,840]],[[841]],[[842,843]],[[844]],[[845,846]],[[847]],[[848]],[[849]],[[850]]],"id":"feature_027"},{"properties":{"k":"uz|Patuakhali|Dashmina","t":"uz","n":"Dashmina","d":"Patuakhali","z":"Dashmina","c":"","ce":0,"w":"Independent","wn":"Independent","v":[22509,5748,31689,12085,0,0],"rest":260,"tt":72291,"mg":12.7,"to":null,"tv":0},"type":"MultiPolygon","arcs":[[[851,852,-926,853,-936,854]],[[-895,855,-896]],[[856,857,858,859]],[[860]],[[861,-893,862]],[[863,-889,864,865]],[[866,-891]],[[867]],[[868,869,870,871]],[[872]],[[873]],[[874]],[[875]],[[876]],[[877]]],"id":"feature_028"},{"properties":{"k":"uz|Patuakhali|Dumki","t":"uz","n":"Dumki","d":"Patuakhali","z":"Dumki","c":"","ce":0,"w":"BNP","wn":"BNP","v":[18950,9925,0,8170,0,75],"rest":373,"tt":37493,"mg":24.1,"to":null,"tv":0},"type":"Polygon","arcs":[[878,-988,-983,879,880]],"id":"feature_029"},{"properties":{"k":"uz|Patuakhali|Galachipa","t":"uz","n":"Galachipa","d":"Patuakhali","z":"Galachipa","c":"","ce":0,"w":"BNP","wn":"BNP","v":[74257,10025,48887,25966,0,0],"rest":717,"tt":159852,"mg":15.9,"to":null,"tv":0},"type":"MultiPolygon","arcs":[[[-1024,881,-1025]],[[882,883,884,-974,885,-990,886,887,888,889,890,891,892,893,894,895,896,-1038,897,-1040,898],[899,900],[901,902],[903],[904],[905]],[[906]],[[-1018,907,-1019]],[[908]],[[909]],[[910]],[[-1036,911]],[[912]],[[913]],[[914]],[[-1053,915]],[[-1061,916]],[[917]],[[918,919,920,921,-1064,922]],[[923]],[[-1066,924,925,926,927,928,-1056,929,-1067]],[[930,931]],[[932,933]],[[934,935]],[[936]]],"id":"feature_030"},{"properties":{"k":"uz|Patuakhali|Kalapara","t":"uz","n":"Kalapara","d":"Patuakhali","z":"Kalapara","c":"","ce":0,"w":"BNP","wn":"BNP","v":[87512,0,0,52548,6316,67],"rest":0,"tt":146443,"mg":23.9,"to":null,"tv":0},"type":"MultiPolygon","arcs":[[[937,938,939,940,941,942],[943,944],[945],[946],[947,948],[949],[950],[951],[952],[953],[954],[955],[956]],[[957]],[[958,959,960,961,962],[-964,963,964],[965,-967,966],[967],[968],[969],[970]],[[971,972,973,974]],[[975,-1028]],[[976,977]]],"id":"feature_031"},{"properties":{"k":"uz|Patuakhali|Mirzaganj","t":"uz","n":"Mirzaganj","d":"Patuakhali","z":"Mirzaganj","c":"","ce":0,"w":"BNP","wn":"BNP","v":[56924,6179,0,6088,0,57],"rest":322,"tt":69570,"mg":72.9,"to":null,"tv":0},"type":"Polygon","arcs":[[-986,978,979,980,981,982,-987]],"id":"feature_032"},{"properties":{"k":"uz|Patuakhali|Patuakhali Sadar","t":"uz","n":"Patuakhali Sadar","d":"Patuakhali","z":"Patuakhali Sadar","c":"","ce":0,"w":"BNP","wn":"BNP","v":[74521,29063,0,43397,0,208],"rest":1654,"tt":148843,"mg":20.9,"to":null,"tv":0},"type":"Polygon","arcs":[[983,984,985,986,987,988,989,990],[991],[992],[993],[994],[995],[996,997],[998,999,1000],[1001],[1002,1003,1004],[1005],[1006],[1007],[1008,1009],[-1011,1010],[1011],[1012],[1013]],"id":"feature_033"},{"properties":{"k":"uz|Patuakhali|Rangabali","t":"uz","n":"Rangabali","d":"Patuakhali","z":"Rangabali","c":"","ce":0,"w":"BNP","wn":"BNP","v":[35822,0,0,17229,8309,127],"rest":0,"tt":61487,"mg":30.2,"to":null,"tv":0},"type":"MultiPolygon","arcs":[[[1014]],[[1015]],[[1016,1017,1018,1019]],[[1020]],[[1021]],[[1022,1023,1024,1025]],[[1026,1027,1028]],[[1029]],[[1030]],[[1031]],[[1032]],[[1033]],[[1034,1035]],[[1036,1037]],[[1038,1039]],[[1040]],[[1041]],[[1042]],[[1043]],[[1044]],[[1045]],[[1046,1047,1048,1049,1050]],[[1051,1052,1053]],[[1054,1055,1056]],[[1057,1058]],[[1059,1060,1061]],[[1062,1063,1064]],[[1065,1066,1067]]],"id":"feature_034"},{"properties":{"k":"uz|Pirojpur|Bhandaria","t":"uz","n":"Bhandaria","d":"Pirojpur","z":"Bhandaria","c":"","ce":0,"w":"Jamaat","wn":"Jamaat","v":[22375,41116,11988,3946,0,41],"rest":2342,"tt":81808,"mg":22.9,"to":null,"tv":0},"type":"Polygon","arcs":[[-1107,-1171,-1174,-1137,-1100,1068,1069,1070,1071,1072,1073,1074,1075,1076,-1078,1077,1078,1079,-1108],[1080,1081,1082,1083],[1084,1085,1086],[-1088,1087],[1088],[-1090,1089],[1090],[1091,1092],[1093,1094,1095],[1096],[1097]],"id":"feature_035"},{"properties":{"k":"uz|Pirojpur|Kawkhali","t":"uz","n":"Kawkhali","d":"Pirojpur","z":"Kawkhali","c":"","ce":0,"w":"Jamaat","wn":"Jamaat","v":[15003,18991,794,1332,0,23],"rest":796,"tt":36939,"mg":10.8,"to":null,"tv":0},"type":"Polygon","arcs":[[1098,1099,-1136,-1149,-1155,1100,1101]],"id":"feature_036"},{"properties":{"k":"uz|Pirojpur|Mathbaria","t":"uz","n":"Mathbaria","d":"Pirojpur","z":"Mathbaria","c":"","ce":0,"w":"BNP","wn":"BNP","v":[63138,35318,227,35629,0,0],"rest":371,"tt":134683,"mg":20.4,"to":null,"tv":0},"type":"MultiPolygon","arcs":[[[1102]],[[1103,1104,-6060,-6074,1105,-6072,-6012,-1172,1106,1107,1108,1109,1110],[1111,1112],[1113],[-1115,1114],[1115],[1116],[1117],[1118,1119,1120],[1121],[1122],[1123],[1124],[1125],[1126],[1127,1128,1129]]],"id":"feature_037"},{"properties":{"k":"uz|Pirojpur|Nazirpur","t":"uz","n":"Nazirpur","d":"Pirojpur","z":"Nazirpur","c":"","ce":0,"w":"BNP","wn":"BNP","v":[54154,45621,0,0,0,0],"rest":0,"tt":99775,"mg":8.6,"to":null,"tv":0},"type":"Polygon","arcs":[[-1151,-1135,-5931,-5919,-5924,-4566,-4500,1130,1131,-1152]],"id":"feature_038"},{"properties":{"k":"uz|Pirojpur|Pirojpur Sadar","t":"uz","n":"Pirojpur Sadar","d":"Pirojpur","z":"Pirojpur Sadar","c":"","ce":0,"w":"Jamaat","wn":"Jamaat","v":[39313,51410,0,0,0,0],"rest":0,"tt":90723,"mg":13.3,"to":null,"tv":0},"type":"Polygon","arcs":[[-6009,1132,-6007,1133,-6006,-5932,1134,-1150,1135,1136,-1173,-6010,1137],[1138],[1139],[1140,1141],[1142],[-1144,1143],[1144],[-1146,1145],[-1147,1146],[-1148,1147]],"id":"feature_039"},{"properties":{"k":"uz|Pirojpur|Nesarabad (Swarupkathi)","t":"uz","n":"Nesarabad (Swarupkathi)","d":"Pirojpur","z":"Nesarabad (Swarupkathi)","c":"","ce":0,"w":"BNP","wn":"BNP","v":[67035,35066,3291,1360,0,79],"rest":1928,"tt":108759,"mg":29.4,"to":null,"tv":0},"type":"Polygon","arcs":[[1148,1149,1150,1151,1152,1153,1154],[1155],[1156,1157],[1158],[-1160,1159],[1160],[1161],[1162],[1163,1164],[1165],[1166],[1167],[1168],[1169]],"id":"feature_040"},{"properties":{"k":"uz|Pirojpur|Indurkani","t":"uz","n":"Indurkani","d":"Pirojpur","z":"Indurkani","c":"","ce":0,"w":"Jamaat","wn":"Jamaat","v":[12645,33593,0,0,0,0],"rest":0,"tt":46238,"mg":45.3,"to":null,"tv":0},"type":"Polygon","arcs":[[1170,1171,-6011,1172,1173]],"id":"feature_041"},{"properties":{"k":"uz|Bandarban|Alikadam","t":"uz","n":"Alikadam","d":"Bandarban","z":"Alikadam","c":"","ce":0,"w":"BNP","wn":"BNP","v":[15124,2720,0,442,0,0],"rest":403,"tt":18689,"mg":66.4,"to":null,"tv":0},"type":"Polygon","arcs":[[-1268,1174,-1252,-1204,-1219,-1217,-1269]],"id":"feature_042"},{"properties":{"k":"uz|Bandarban|Bandarban Sadar","t":"uz","n":"Bandarban Sadar","d":"Bandarban","z":"Bandarban Sadar","c":"","ce":0,"w":"BNP","wn":"BNP","v":[33743,4763,0,1055,0,0],"rest":527,"tt":40088,"mg":72.3,"to":null,"tv":0},"type":"Polygon","arcs":[[-1254,-1262,-1216,-1968,-2209,-1859,1175,-1858,-2055,1176,-4102,-4100,-1255],[-1178,1177],[-1179,1178],[1179],[1180],[1181],[1182,1183],[1184],[-1186,1185],[-1187,1186],[1187],[1188],[1189],[1190],[1191],[1192],[-1194,1193],[1194,1195],[1196],[1197],[1198],[1199],[1200],[1201,1202]],"id":"feature_043"},{"properties":{"k":"uz|Bandarban|Lama","t":"uz","n":"Lama","d":"Bandarban","z":"Lama","c":"","ce":0,"w":"BNP","wn":"BNP","v":[38962,8956,0,1981,0,0],"rest":778,"tt":50677,"mg":59.2,"to":null,"tv":0},"type":"Polygon","arcs":[[1203,-1251,-2542,1204,1205,1206,1207,1208,-2540,1209,-2538,1210,-2536,1211,-2534,1212,-2532,1213,-1965,-1970,1214,-1969,1215,-1261,-1270,1216,1217,1218,1219],[1220],[1221],[1222],[-1224,1223],[1224,1225],[-1227,1226],[1227],[1228],[1229,1230],[1231,1232],[1233,-1235,1234],[1235],[1236,1237],[1238,-1240,1239],[1240],[1241],[1242],[1243,1244,1245],[1246],[1247]],"id":"feature_044"},{"properties":{"k":"uz|Bandarban|Naikkhongchhari","t":"uz","n":"Naikkhongchhari","d":"Bandarban","z":"Naikkhongchhari","c":"","ce":0,"w":"BNP","wn":"BNP","v":[21908,7561,0,972,0,0],"rest":354,"tt":30795,"mg":46.6,"to":null,"tv":0},"type":"Polygon","arcs":[[1248,-2893,1249,-2891,-2800,-2812,-2543,1250,1251,1252]],"id":"feature_045"},{"properties":{"k":"uz|Bandarban|Rowangchhari","t":"uz","n":"Rowangchhari","d":"Bandarban","z":"Rowangchhari","c":"","ce":0,"w":"BNP","wn":"BNP","v":[11957,469,0,76,0,0],"rest":156,"tt":12658,"mg":90.8,"to":null,"tv":0},"type":"Polygon","arcs":[[-1263,1253,1254,-4099,-4006,1255,-4004,1256,-4002,1257,-4000,1258,-1264]],"id":"feature_046"},{"properties":{"k":"uz|Bandarban|Ruma","t":"uz","n":"Ruma","d":"Bandarban","z":"Ruma","c":"","ce":0,"w":"BNP","wn":"BNP","v":[9283,339,0,44,0,0],"rest":55,"tt":9721,"mg":92.0,"to":null,"tv":0},"type":"Polygon","arcs":[[-3995,1259,-1271,1260,1261,1262,1263,1264,-3998,1265,-3996]],"id":"feature_047"},{"properties":{"k":"uz|Bandarban|Thanchi","t":"uz","n":"Thanchi","d":"Bandarban","z":"Thanchi","c":"","ce":0,"w":"BNP","wn":"BNP","v":[8254,316,0,59,0,0],"rest":95,"tt":8724,"mg":91.0,"to":null,"tv":0},"type":"Polygon","arcs":[[1266,1267,1268,1269,1270,1271,-3993,1272]],"id":"feature_048"},{"properties":{"k":"uz|Brahmanbaria|Akhaura","t":"uz","n":"Akhaura","d":"Brahmanbaria","z":"Akhaura","c":"","ce":0,"w":"BNP","wn":"BNP","v":[46247,24126,0,449,0,30],"rest":1231,"tt":72083,"mg":30.7,"to":null,"tv":0},"type":"Polygon","arcs":[[1273,-1394,-1346,1274,1275,-1344,-1334,1276],[1277],[1278],[1279,1280],[-1282,1281],[1282,1283],[1284],[1285,1286,1287,1288],[1289,1290],[1291],[1292,1293,1294],[1295],[1296],[1297],[1298]],"id":"feature_049"},{"properties":{"k":"uz|Brahmanbaria|Banchharampur","t":"uz","n":"Banchharampur","d":"Brahmanbaria","z":"Banchharampur","c":"","ce":0,"w":"BNP","wn":"BNP","v":[95588,38924,2544,8507,0,292],"rest":2720,"tt":148575,"mg":38.1,"to":null,"tv":0},"type":"Polygon","arcs":[[-2429,-2427,1299,-2425,1300,-2423,-5027,-5184,-1416,-2505,-2431,1301,-2430],[1302,1303],[1304,1305],[1306],[1307],[1308,1309],[1310,1311],[1312],[1313,1314],[1315],[1316,1317],[1318],[1319],[1320],[1321],[1322,1323],[1324,1325,1326],[1327],[-1329,1328],[-1330,1329],[1330],[1331]],"id":"feature_050"},{"properties":{"k":"uz|Brahmanbaria|Bijoynagar","t":"uz","n":"Bijoynagar","d":"Brahmanbaria","z":"Bijoynagar","c":"","ce":0,"w":"BNP","wn":"BNP","v":[65910,19859,14491,1306,0,0],"rest":3712,"tt":105278,"mg":43.7,"to":null,"tv":0},"type":"Polygon","arcs":[[1332,1333,-1343,-1341,1334,-1339,-1475,-1480,-1474,-10291,1335,1336,-10300,1337]],"id":"feature_051"},{"properties":{"k":"uz|Brahmanbaria|Brahmanbaria Sadar","t":"uz","n":"Brahmanbaria Sadar","d":"Brahmanbaria","z":"Brahmanbaria Sadar","c":"","ce":0,"w":"BNP","wn":"BNP","v":[154029,41704,189,4955,0,0],"rest":5434,"tt":206311,"mg":54.4,"to":null,"tv":0},"type":"Polygon","arcs":[[-1418,-1367,-1373,-1371,-1476,1338,1339,1340,1341,1342,1343,1344,1345,-1393,-1419],[1346],[1347],[-1349,1348],[1349],[1350],[1351],[1352],[1353],[1354],[1355],[1356],[1357],[1358],[1359],[1360],[1361],[1362],[1363],[1364],[-1366,1365]],"id":"feature_052"},{"properties":{"k":"uz|Brahmanbaria|Ashuganj","t":"uz","n":"Ashuganj","d":"Brahmanbaria","z":"Ashuganj","c":"","ce":0,"w":"Independent","wn":"Independent","v":[20505,7526,35117,1829,0,0],"rest":680,"tt":65657,"mg":22.3,"to":null,"tv":0},"type":"Polygon","arcs":[[-1374,1366,-1417,-5290,1367,-5288,-4641,-4639,1368,1369,-4636,-1477,1370,1371,1372,1373,1374],[1375],[1376,1377],[1378],[1379],[1380],[1380],[1381,1382],[1383,1384],[1385],[1386],[1387,1388],[1389,1390]],"id":"feature_053"},{"properties":{"k":"uz|Brahmanbaria|Kasba","t":"uz","n":"Kasba","d":"Brahmanbaria","z":"Kasba","c":"","ce":0,"w":"BNP","wn":"BNP","v":[91877,63200,0,1760,0,70],"rest":2024,"tt":158931,"mg":18.0,"to":null,"tv":0},"type":"Polygon","arcs":[[1391,-2301,-2508,-1420,1392,1393,1394],[1395],[1396],[1397],[-1399,1398],[1399],[1400,1401],[1402,1403],[1404],[1405],[1406,1407],[1408],[1409],[1410],[1411],[1412],[-1414,1413],[1414]],"id":"feature_054"},{"properties":{"k":"uz|Brahmanbaria|Nabinagar","t":"uz","n":"Nabinagar","d":"Brahmanbaria","z":"Nabinagar","c":"","ce":0,"w":"BNP","wn":"BNP","v":[84761,57749,83995,20588,0,0],"rest":1237,"tt":248330,"mg":0.3,"to":null,"tv":0},"type":"Polygon","arcs":[[-2506,1415,-5183,-5278,-5291,1416,1417,1418,1419,-2507],[1420,1421,1422],[-1424,1423],[1424],[1425,1426],[1427,1428],[1429],[1430],[1431,1432],[1433],[-1435,1434,1435],[1436,1437],[-1439,1438],[1439],[-1441,1440],[-1442,1441],[1442],[1443],[1444,1445,1446],[1447],[1448],[1449,1450],[1451],[1452],[1453,1454],[1455],[1456,1457],[1458],[1459],[-1461,1460],[1461],[1462],[1463],[1464],[1465],[1466],[1467,-1469,1468],[1469,1470,1471]],"id":"feature_055"},{"properties":{"k":"uz|Brahmanbaria|Nasirnagar","t":"uz","n":"Nasirnagar","d":"Brahmanbaria","z":"Nasirnagar","c":"","ce":0,"w":"BNP","wn":"BNP","v":[67783,23888,52841,894,0,0],"rest":402,"tt":145808,"mg":10.2,"to":null,"tv":0},"type":"Polygon","arcs":[[-1478,-4589,-4584,-4585,-10283,-10288,-10296,-10294,1472,-10292,1473,-1479]],"id":"feature_056"},{"properties":{"k":"uz|Brahmanbaria|Sarail","t":"uz","n":"Sarail","d":"Brahmanbaria","z":"Sarail","c":"","ce":0,"w":"Independent","wn":"Independent","v":[46937,9262,80502,1816,0,0],"rest":767,"tt":139284,"mg":24.1,"to":null,"tv":0},"type":"Polygon","arcs":[[1474,1475,1476,-4635,-4590,1477,1478,1479]],"id":"feature_057"},{"properties":{"k":"uz|Chandpur|Chandpur Sadar","t":"uz","n":"Chandpur Sadar","d":"Chandpur","z":"Chandpur Sadar","c":"","ce":0,"w":"BNP","wn":"BNP","v":[133180,79267,0,12273,0,93],"rest":2733,"tt":227546,"mg":23.7,"to":null,"tv":0},"type":"MultiPolygon","arcs":[[[-1570,1480,-1576,1481,-1571]],[[-5421,1482,-5538,-5422]],[[1483]],[[1484]],[[1485,-5465,1486]],[[1487,-5463,1488]],[[1489]],[[1490,-5476,1491]],[[1492,-5474]],[[1493]],[[1494]],[[1495]],[[1496,-5480,1497]],[[1498,-5484,1499]],[[-1685,1500,-1686]],[[-1595,1501]],[[1502,-1524,1503,-1697,1504,-1655,1505,-1650,-1662,-1601,-1531,-1587,1506,-1598,1507],[1508],[1509],[1510],[1511,1512,1513],[1514],[1515],[1516],[1517],[1518],[1519],[1520],[-1522,1521]],[[1522,1523,1524]],[[1525,-1673,1526]],[[1527]],[[1528,-1683,-1668,-1670,1529]]],"id":"feature_058"},{"properties":{"k":"uz|Chandpur|Faridganj","t":"uz","n":"Faridganj","d":"Chandpur","z":"Faridganj","c":"","ce":0,"w":"Independent","wn":"Independent","v":[67833,62273,73783,5141,0,0],"rest":1003,"tt":210033,"mg":2.8,"to":null,"tv":0},"type":"Polygon","arcs":[[-3463,-1588,1530,-1600,-1603,-3504,-3464],[1531],[-1533,1532,1533],[1534],[-1536,1535],[-1537,1536,1537],[1538,1539,1540,1541],[1542,1543],[-1545,1544],[1545,1546,1547],[1548],[1549],[1550]],"id":"feature_059"},{"properties":{"k":"uz|Chandpur|Haimchar","t":"uz","n":"Haimchar","d":"Chandpur","z":"Haimchar","c":"","ce":0,"w":"BNP","wn":"BNP","v":[30430,17544,0,1730,0,35],"rest":425,"tt":50164,"mg":25.7,"to":null,"tv":0},"type":"MultiPolygon","arcs":[[[1551,1552,1553]],[[1554,1555]],[[1556,1557,1558]],[[1559,-5561,1560,1561,1562]],[[1563]],[[1564]],[[1565]],[[1566]],[[1567,-5566,1568,1569,1570,1571]],[[1572]],[[1573]],[[1574,1575]],[[-3458,1576,-1585,1577]],[[1578,1579,1580,1581]],[[1582]],[[-3460,1583,1584,1585,1586,1587,-3462,1588],[1589,1590,1591],[1592]],[[1593]],[[1594,1595]],[[1596,1597,1598]]],"id":"feature_060"},{"properties":{"k":"uz|Chandpur|Hajiganj","t":"uz","n":"Hajiganj","d":"Chandpur","z":"Hajiganj","c":"","ce":0,"w":"BNP","wn":"BNP","v":[107721,40076,0,4426,0,0],"rest":8023,"tt":160246,"mg":42.2,"to":null,"tv":0},"type":"Polygon","arcs":[[1599,1600,-1661,-1621,-1622,-1701,1601,-1699,-3505,1602],[1603],[1604],[1605],[1606,1607],[1608],[1609],[1610,1611,1612],[1613],[1614],[1615],[1616],[1617],[1618],[1619]],"id":"feature_061"},{"properties":{"k":"uz|Chandpur|Kachua","t":"uz","n":"Kachua","d":"Chandpur","z":"Kachua","c":"","ce":0,"w":"BNP","wn":"BNP","v":[131329,66781,0,0,0,216],"rest":5200,"tt":203526,"mg":31.7,"to":null,"tv":0},"type":"Polygon","arcs":[[1620,-1660,-2370,-2307,-2280,-1702,1621],[1622],[1623],[1624],[1625],[1626],[1627],[1628],[1629],[1630],[1631,-1633,1632,1633],[1634],[1635],[1636,1637,1638],[1639],[-1641,1640],[1641,1642],[1643],[1644],[1645],[1646,1647],[1648]],"id":"feature_062"},{"properties":{"k":"uz|Chandpur|Matlab Dakkhin","t":"uz","n":"Matlab Dakkhin","d":"Chandpur","z":"Matlab Dakkhin","c":"","ce":0,"w":"BNP","wn":"BNP","v":[68083,27477,0,5078,0,111],"rest":779,"tt":101528,"mg":40.0,"to":null,"tv":0},"type":"MultiPolygon","arcs":[[[1649,1650,-1653,1651,1652,1653,1654,1655,-1678,1656,-1677,1657,-1675,1658,-1674,-2371,1659,1660,1661],[-1663,1662],[1663],[-1665,1664],[-1666,1665],[1666]],[[1667,-1682,1668,1669]],[[1670,-1680]]],"id":"feature_063"},{"properties":{"k":"uz|Chandpur|Matlab Uttar","t":"uz","n":"Matlab Uttar","d":"Chandpur","z":"Matlab Uttar","c":"","ce":0,"w":"BNP","wn":"BNP","v":[102500,27256,0,6972,0,195],"rest":1406,"tt":138329,"mg":54.4,"to":null,"tv":0},"type":"MultiPolygon","arcs":[[[1671,1672]],[[-5486,-5489,-4999,-4994,-2365,-2372,1673,1674,1675,1676,1677,1678,1679,1680,1681,1682,1683,1684,1685,1686],[1687],[1688],[1689],[1690],[1691],[1692],[1693]],[[1694]],[[1695,1696,1697]]],"id":"feature_064"},{"properties":{"k":"uz|Chandpur|Shahrasti","t":"uz","n":"Shahrasti","d":"Chandpur","z":"Shahrasti","c":"","ce":0,"w":"BNP","wn":"BNP","v":[74867,31675,0,2068,0,0],"rest":6907,"tt":115517,"mg":37.4,"to":null,"tv":0},"type":"Polygon","arcs":[[-3506,1698,1699,1700,1701,-2279,-2464,-2495,-3605,-3507],[-1703,1702],[1703,1704],[1705],[1706,1707],[1708,1709],[1710,1711,1712],[1713],[1714],[1715],[1716],[1717,1718],[1719],[1720],[1721,1722],[1723],[-1725,1724]],"id":"feature_065"},{"properties":{"k":"uz|Chattogram|Anwara","t":"uz","n":"Anwara","d":"Chattogram","z":"Anwara","c":"","ce":0,"w":"BNP","wn":"BNP","v":[76337,21391,0,0,0,106],"rest":35205,"tt":133039,"mg":30.9,"to":null,"tv":0},"type":"MultiPolygon","arcs":[[[1725,-1804]],[[-1745,1726]],[[1727,-1743,1728]],[[1729,-1808,-1810,1730,-1811,1731,-1806,1732,-1963,-2017,-2023,-1857,1733,-1817,1734,-1813,-1815,1735]],[[1736]],[[-1747,1737,-1748]],[[1738,-1750,1739]],[[-1752,1740,-2202]]],"id":"feature_066"},{"properties":{"k":"uz|Chattogram|Banshkhali","t":"uz","n":"Banshkhali","d":"Chattogram","z":"Banshkhali","c":"","ce":0,"w":"Jamaat","wn":"Jamaat","v":[82237,89960,55071,3978,0,241],"rest":915,"tt":232402,"mg":3.3,"to":null,"tv":0},"type":"MultiPolygon","arcs":[[[-2762,1741,1742,1743,1744,1745,1746,1747,1748,1749,1750,1751,-2201,1752,-2199,-1967,-2529,-2765,-2763],[1753],[-1755,1754],[1755],[-1757,1756],[1757],[1758,1759],[1760],[1761,1762],[1763],[1764,1765],[-1767,1766],[-1768,1767,1768],[1769,1770],[1771,1772,1773],[1774],[1775,1776],[1777],[1778],[-1780,1779],[1780],[1781,1782],[1783],[1784],[-1786,1785],[1786],[-1788,1787],[-1789,1788],[1789],[1790],[1791],[1792],[1793],[1794],[1795],[-1797,1796],[1797],[1798],[1799],[1800],[1801]],[[1802,1803,1804]],[[1805,1806]],[[1807,1808,1809]],[[1810,1811]],[[1812,1813,1814]],[[1815,1816,1817]]],"id":"feature_067"},{"properties":{"k":"uz|Chattogram|Boalkhali","t":"uz","n":"Boalkhali","d":"Chattogram","z":"Boalkhali","c":"","ce":0,"w":"BNP","wn":"BNP","v":[72530,17286,0,248,0,0],"rest":24072,"tt":114136,"mg":42.5,"to":null,"tv":0},"type":"MultiPolygon","arcs":[[[1818,-2041,-2043]],[[1819,1820,1821,-2044,-2058,-2021,1822],[1823],[-1825,1824],[1825,1826,1827],[1828,1829],[1830],[1831],[1832],[1833],[1834],[1835],[1836,1837,1838],[1839,1840],[1841],[1842],[1843],[1844],[1845],[1846],[1847],[1848],[1849],[1850],[1851],[1852]],[[1853]]],"id":"feature_068"},{"properties":{"k":"uz|Chattogram|Chandanaish","t":"uz","n":"Chandanaish","d":"Chattogram","z":"Chandanaish","c":"","ce":0,"w":"BNP","wn":"BNP","v":[49164,43733,1806,1056,0,0],"rest":19069,"tt":114828,"mg":4.7,"to":null,"tv":0},"type":"MultiPolygon","arcs":[[[1854,-2277,1855,1856,-2022,-2056,1857,1858,-2208,1859],[1860],[1861],[1862,1863],[1864,-1866,1865],[1866],[1867],[1868],[-1870,1869],[-1871,1870],[-1872,1871],[-1874,1872,1873,1874],[1875],[1876],[-1878,1877],[1878,1879],[1880],[1881],[1882],[1883]],[[-2206,1884]],[[1885,-2204,1886]]],"id":"feature_069"},{"properties":{"k":"uz|Chattogram|Hathazari","t":"uz","n":"Hathazari","d":"Chattogram","z":"Hathazari","c":"","ce":0,"w":"BNP","wn":"BNP","v":[116440,32708,857,1319,0,0],"rest":12432,"tt":163756,"mg":51.1,"to":null,"tv":0},"type":"MultiPolygon","arcs":[[[1887,1888,1889,-2108,1890,-2106,1891,-2104,1892,-2103,1893,-2101,1894,1895,-2098,1896,1897],[1898,1899],[-1902,1900,1901,1902],[1903],[1904],[1905,1906],[1907],[-1909,1908],[1909],[1910],[1911],[1912,1913],[1914],[-1916,1915],[-1917,1916],[-1918,1917],[1918,1919,1920],[1921,1922],[1923,1924,1925],[1926],[1927],[1928],[1929],[1930],[1931],[1932],[1933],[1934,-1936,1935],[1936,1937,1938],[1939],[1940],[1941],[1942],[1943,1944],[1945],[1946],[1947],[1948],[1949],[1950,1951],[1952],[1953],[-1955,1954],[1955,-1958,1956,1957],[1958],[1959]],[[-2092,1960,-2093]],[[-2095,1961,-2096]]],"id":"feature_070"},{"properties":{"k":"uz|Chattogram|Karnaphuli","t":"uz","n":"Karnaphuli","d":"Chattogram","z":"Karnaphuli","c":"","ce":0,"w":"BNP","wn":"BNP","v":[49123,12644,0,0,0,62],"rest":16678,"tt":78507,"mg":41.3,"to":null,"tv":0},"type":"Polygon","arcs":[[-2018,1962,1963,-2019]],"id":"feature_071"},{"properties":{"k":"uz|Chattogram|Lohagara","t":"uz","n":"Lohagara","d":"Chattogram","z":"Lohagara","c":"","ce":0,"w":"Jamaat","wn":"Jamaat","v":[70422,80708,0,1047,0,0],"rest":0,"tt":152177,"mg":6.8,"to":null,"tv":0},"type":"Polygon","arcs":[[1964,1965,-2530,1966,-2198,-2211,-2210,1967,1968,1969]],"id":"feature_072"},{"properties":{"k":"uz|Chattogram|Mirsarai","t":"uz","n":"Mirsarai","d":"Chattogram","z":"Mirsarai","c":"","ce":0,"w":"BNP","wn":"BNP","v":[127645,81227,0,2064,0,0],"rest":2907,"tt":213843,"mg":21.7,"to":null,"tv":0},"type":"MultiPolygon","arcs":[[[1970,-3690,-3102,1971,-3104,1972,-3111,1973,-3113,-3115,1974,-3078,-2990,-2930,1975],[1976,1977],[1978],[1979],[1980],[1981],[1982,1983],[1984],[1985],[1986],[1987],[1988],[1989],[1990,1991,1992],[1993],[1994],[1995],[1996],[1997],[1998],[1999,2000],[2001],[2002],[2003],[2004],[2005],[2006],[2007],[2008],[2009],[2010],[2011],[2012]],[[-3107,2013]],[[2014,-3080,2015]]],"id":"feature_073"},{"properties":{"k":"uz|Chattogram|Patiya","t":"uz","n":"Patiya","d":"Chattogram","z":"Patiya","c":"","ce":0,"w":"BNP","wn":"BNP","v":[134080,20942,235,879,0,0],"rest":30527,"tt":186663,"mg":55.5,"to":null,"tv":0},"type":"MultiPolygon","arcs":[[[2016,2017,2018,2019,2020,-2057,2021,2022],[2023],[2024,2025],[2026,2027],[-2029,2028],[2029],[2030],[-2032,2031],[-2033,2032],[2033],[2034],[2035],[2036],[2037,2038],[2039]],[[2040,2041,2042]]],"id":"feature_074"},{"properties":{"k":"uz|Chattogram|Rangunia","t":"uz","n":"Rangunia","d":"Chattogram","z":"Rangunia","c":"","ce":0,"w":"BNP","wn":"BNP","v":[100242,39485,0,1259,0,128],"rest":30614,"tt":171728,"mg":35.4,"to":null,"tv":0},"type":"Polygon","arcs":[[2043,2044,-2110,-3970,-3980,2045,-3978,2046,-3975,-4028,2047,-4026,2048,2049,-4023,2050,-4021,2051,-4017,-4106,2052,-4104,2053,2054,2055,2056,2057],[2058,2059,2060],[2061,2062],[2063],[2064],[2065],[2066],[2067],[2068],[2069,2070],[2071],[2072],[-2074,2073],[2074],[2075,2076],[2077],[2078],[2079,-2081,2080],[2081],[2082],[2083],[2084],[2085],[2086],[2087,2088],[2089]],"id":"feature_075"},{"properties":{"k":"uz|Chattogram|Raozan","t":"uz","n":"Raozan","d":"Chattogram","z":"Raozan","c":"","ce":0,"w":"BNP","wn":"BNP","v":[111201,21013,0,0,0,0],"rest":27516,"tt":159730,"mg":52.4,"to":null,"tv":0},"type":"MultiPolygon","arcs":[[[2090,2091,2092,2093,2094,2095,2096,2097,2098,2099,2100,2101,2102,2103,2104,2105,2106,2107,2108,-3971,2109,2110],[2111],[2112],[2113],[2114],[2115],[-2117,2116],[2117,2118,2119],[2120],[2121],[-2123,2122],[2123],[-2125,2124],[2125,-2127,2126],[2127],[2128,2129],[-2131,2130],[2131,2132],[2133],[2134,-2136,2135],[2136,2137,-2139,2138],[2139],[2140],[2141]],[[2142]]],"id":"feature_076"},{"properties":{"k":"uz|Chattogram|Sandwip","t":"uz","n":"Sandwip","d":"Chattogram","z":"Sandwip","c":"","ce":0,"w":"BNP","wn":"BNP","v":[72353,37157,292,5055,0,0],"rest":0,"tt":114857,"mg":30.6,"to":null,"tv":0},"type":"MultiPolygon","arcs":[[[2143,2144,2145],[-2150,2146,2147,2148,2149,2150],[2151],[2152],[-2154,2153],[-2155,2154],[2155],[-2158,2156,2157,2158],[2159,2160,2161],[2162],[2163],[-2165,2164],[2165,2166],[2167],[2168,2169,2170,2171],[2172,-2174,2173],[2174],[2175],[2176,2177],[-2179,2178],[2179,2180],[2181],[-2183,2182],[2183],[-2185,2184],[2185,2186],[2187],[2188],[2189],[2190],[2191]],[[-3870,-3873,2192,-3871]],[[2193]],[[2194,-3682,-3684,2195,-3686,2196]]],"id":"feature_077"},{"properties":{"k":"uz|Chattogram|Satkania","t":"uz","n":"Satkania","d":"Chattogram","z":"Satkania","c":"","ce":0,"w":"Jamaat","wn":"Jamaat","v":[85493,120191,2943,2269,0,0],"rest":3983,"tt":214879,"mg":16.1,"to":null,"tv":0},"type":"MultiPolygon","arcs":[[[2197,2198,2199,2200,2201,2202,2203,2204,2205,2206,2207,2208,2209,2210],[2211],[2212],[2213],[2214],[-2216,2215],[2216,2217,2218],[2219],[-2221,2220],[2221],[2222,2223],[2224,2225,2226],[2227],[2228],[2229],[-2231,2230,2231],[2232],[2233],[2234],[2235,2236],[2237],[2238],[-2240,2239],[2240],[2241],[2242],[2243],[2244],[2245],[2246,2247],[2248],[2249],[2250,2251],[2252],[2253],[2254,2255],[2256,2257],[2258],[2259],[2260],[-2262,2261],[-2264,2262,2263,2264],[2265],[2266],[2267],[2268],[2269],[-2271,2270],[2271],[2272],[2273],[2274]],[[2275,2276,2277]]],"id":"feature_078"},{"properties":{"k":"uz|Cumilla|Barura","t":"uz","n":"Barura","d":"Cumilla","z":"Barura","c":"","ce":0,"w":"BNP","wn":"BNP","v":[167431,41345,0,2184,0,0],"rest":4503,"tt":215463,"mg":58.5,"to":null,"tv":0},"type":"Polygon","arcs":[[-2465,2278,2279,-2306,-2315,-2313,-2454,-2361,-2491,-2466],[2280],[2281],[2282],[2283],[2284],[2285],[-2287,2286],[-2288,2287],[2288,2289],[2290],[2291,-2293,2292],[2293],[2294,2295],[2296,2297,2298],[2299]],"id":"feature_079"},{"properties":{"k":"uz|Cumilla|Brahmanpara","t":"uz","n":"Brahmanpara","d":"Cumilla","z":"Brahmanpara","c":"","ce":0,"w":"BNP","wn":"BNP","v":[57779,51187,0,741,0,0],"rest":1098,"tt":110805,"mg":5.9,"to":null,"tv":0},"type":"Polygon","arcs":[[-2303,-2384,-2509,2300,2301,-2304]],"id":"feature_080"},{"properties":{"k":"uz|Cumilla|Burichang","t":"uz","n":"Burichang","d":"Cumilla","z":"Burichang","c":"","ce":0,"w":"BNP","wn":"BNP","v":[74759,67011,0,710,0,0],"rest":2458,"tt":144938,"mg":5.3,"to":null,"tv":0},"type":"Polygon","arcs":[[-2456,-2312,-2385,2302,2303,2304,-2447,-2457]],"id":"feature_081"},{"properties":{"k":"uz|Cumilla|Chandina","t":"uz","n":"Chandina","d":"Cumilla","z":"Chandina","c":"","ce":0,"w":"Independent","wn":"Independent","v":[47925,0,90819,14080,24597,0],"rest":259,"tt":177680,"mg":24.1,"to":null,"tv":0},"type":"Polygon","arcs":[[2305,2306,-2369,-2502,-2383,2307,-2381,2308,-2390,2309,-2388,2310,-2386,2311,-2455,2312,2313,2314],[2315],[2316],[-2318,2317,2318],[2319,2320,2321],[2322,2323,2324],[2325,2326],[2327],[2328],[-2330,2329],[2330],[2331],[2332],[2333,2334],[-2336,2335],[2336],[2337],[2338],[2339],[2340,2341],[2342]],"id":"feature_082"},{"properties":{"k":"uz|Cumilla|Chauddagram","t":"uz","n":"Chauddagram","d":"Cumilla","z":"Chauddagram","c":"","ce":0,"w":"Jamaat","wn":"Jamaat","v":[76638,133308,0,2766,0,0],"rest":1182,"tt":213894,"mg":26.5,"to":null,"tv":0},"type":"Polygon","arcs":[[-2964,-2514,-2489,-2494,-2364,2343,-2986,-2965],[2344],[2345],[2346],[2347,2348,2349,2350],[-2352,2351],[2352],[2353],[2354],[-2356,2355],[2356,2357],[2358],[2359]],"id":"feature_083"},{"properties":{"k":"uz|Cumilla|Sadar Dakkhin","t":"uz","n":"Sadar Dakkhin","d":"Cumilla","z":"Sadar Dakkhin","c":"","ce":0,"w":"BNP","wn":"BNP","v":[49383,25376,0,1046,0,100],"rest":748,"tt":76653,"mg":31.3,"to":null,"tv":0},"type":"Polygon","arcs":[[-2492,2360,-2453,2361,-2449,2362,2363,-2493]],"id":"feature_084"},{"properties":{"k":"uz|Cumilla|Daudkandi","t":"uz","n":"Daudkandi","d":"Cumilla","z":"Daudkandi","c":"","ce":0,"w":"BNP","wn":"BNP","v":[101394,73339,138,3338,0,0],"rest":1231,"tt":179440,"mg":15.6,"to":null,"tv":0},"type":"Polygon","arcs":[[2364,-4993,-4996,-2498,-2500,-2519,2365,2366,2367,-2517,-2524,-2503,2368,2369,2370,2371],[2372],[2373],[2374],[2375,2376],[2377],[2378],[2379]],"id":"feature_085"},{"properties":{"k":"uz|Cumilla|Debidwar","t":"uz","n":"Debidwar","d":"Cumilla","z":"Debidwar","c":"","ce":0,"w":"Jamaat","wn":"Jamaat","v":[0,160527,0,2191,239,49644],"rest":414,"tt":213015,"mg":52.1,"to":null,"tv":0},"type":"Polygon","arcs":[[2380,2381,2382,-2501,-2510,2383,2384,2385,2386,2387,2388,2389,2390],[2391],[-2393,2392],[2393],[2394],[2395],[2396,2397],[2398],[2399],[2400],[2401],[2402,2403,2404,2405],[2406,-2408,2407],[2408],[2409,2410,2411],[2412],[2413,2414],[2415],[2416],[2417],[2418],[2419,2420],[2421]],"id":"feature_086"},{"properties":{"k":"uz|Cumilla|Homna","t":"uz","n":"Homna","d":"Cumilla","z":"Homna","c":"","ce":0,"w":"BNP","wn":"BNP","v":[46058,20025,34041,3834,0,0],"rest":577,"tt":104535,"mg":11.5,"to":null,"tv":0},"type":"Polygon","arcs":[[-2521,-2499,-5028,2422,2423,2424,2425,2426,2427,2428,2429,2430,-2504,-2522],[2431,2432],[-2434,2433],[2434],[2435,2436],[2437],[2438],[2439],[2440],[2441,2442,2443],[2444],[2445]],"id":"feature_087"},{"properties":{"k":"uz|Cumilla|Adarsha Sadar","t":"uz","n":"Adarsha Sadar","d":"Cumilla","z":"Adarsha Sadar","c":"","ce":0,"w":"BNP","wn":"BNP","v":[72771,48778,0,534,0,56],"rest":3322,"tt":125461,"mg":19.1,"to":null,"tv":0},"type":"Polygon","arcs":[[2446,2447,2448,2449,2450,2451,2452,2453,2454,2455,2456],[2457,-2460,2458,2459],[2460,2461],[2462]],"id":"feature_088"},{"properties":{"k":"uz|Cumilla|Laksam","t":"uz","n":"Laksam","d":"Cumilla","z":"Laksam","c":"","ce":0,"w":"BNP","wn":"BNP","v":[93364,57967,362,2416,0,0],"rest":3524,"tt":157633,"mg":22.5,"to":null,"tv":0},"type":"Polygon","arcs":[[-2496,2463,2464,2465,-2490,-2512,-2497],[2466,2467],[-2469,2468],[2469],[2470],[2471],[2472],[2473],[2474],[2475],[2476],[2477],[2478,2479,2480],[2481,2482,2483],[2484],[2485],[2486],[2487]],"id":"feature_089"},{"properties":{"k":"uz|Cumilla|Lalmai","t":"uz","n":"Lalmai","d":"Cumilla","z":"Lalmai","c":"","ce":0,"w":"BNP","wn":"BNP","v":[51157,40866,0,2436,0,106],"rest":394,"tt":94959,"mg":10.8,"to":null,"tv":0},"type":"Polygon","arcs":[[2488,-2513,2489,2490,2491,2492,2493]],"id":"feature_090"},{"properties":{"k":"uz|Cumilla|Manoharganj","t":"uz","n":"Manoharganj","d":"Cumilla","z":"Manoharganj","c":"","ce":0,"w":"BNP","wn":"BNP","v":[74744,55487,335,5043,0,0],"rest":1674,"tt":137283,"mg":14.0,"to":null,"tv":0},"type":"Polygon","arcs":[[-3833,-3606,2494,2495,2496,-2511,-3815,-3834]],"id":"feature_091"},{"properties":{"k":"uz|Cumilla|Meghna","t":"uz","n":"Meghna","d":"Cumilla","z":"Meghna","c":"","ce":0,"w":"BNP","wn":"BNP","v":[38911,17160,63,3051,0,0],"rest":649,"tt":59834,"mg":36.4,"to":null,"tv":0},"type":"Polygon","arcs":[[2497,-4995,-5063,-5029,2498,-2520,2499]],"id":"feature_092"},{"properties":{"k":"uz|Cumilla|Muradnagar","t":"uz","n":"Muradnagar","d":"Cumilla","z":"Muradnagar","c":"","ce":0,"w":"BNP","wn":"BNP","v":[157800,104906,0,3505,0,218],"rest":1378,"tt":267807,"mg":19.8,"to":null,"tv":0},"type":"Polygon","arcs":[[2500,2501,2502,-2523,2503,2504,2505,2506,2507,2508,2509]],"id":"feature_093"},{"properties":{"k":"uz|Cumilla|Nangalkot","t":"uz","n":"Nangalkot","d":"Cumilla","z":"Nangalkot","c":"","ce":0,"w":"BNP","wn":"BNP","v":[110690,75284,0,5326,0,170],"rest":681,"tt":192151,"mg":18.4,"to":null,"tv":0},"type":"Polygon","arcs":[[-3816,2510,2511,2512,2513,-2963,-3817],[2514],[2515]],"id":"feature_094"},{"properties":{"k":"uz|Cumilla|Titas","t":"uz","n":"Titas","d":"Cumilla","z":"Titas","c":"","ce":0,"w":"BNP","wn":"BNP","v":[30210,30111,28344,2634,0,0],"rest":742,"tt":92041,"mg":0.1,"to":null,"tv":0},"type":"Polygon","arcs":[[2516,2517,2518,2519,2520,2521,2522,2523]],"id":"feature_095"},{"properties":{"k":"uz|Cox's Bazar|Chakaria","t":"uz","n":"Chakaria","d":"Cox's Bazar","z":"Chakaria","c":"","ce":0,"w":"BNP","wn":"BNP","v":[151711,96171,0,3414,0,0],"rest":0,"tt":251296,"mg":22.1,"to":null,"tv":0},"type":"MultiPolygon","arcs":[[[-2743,2524,-2747,2525,-2751,2526,-2770,-2768,2527,-2766,2528,2529,2530,2531,2532,2533,2534,2535,2536,2537,2538,2539,2540,2541,2542,-2811,-2659,2543,-2657,-2739,2544],[2545],[-2547,2546],[2547],[-2549,2548],[2549],[2550,2551],[2552,2553],[2554],[-2556,2555],[2556],[-2558,2557],[-2559,2558],[2559],[2560],[-2562,2561],[2562],[2563],[2564],[-2566,2565],[2566],[-2568,2567],[2568,2569],[2570],[2571],[2572],[-2574,2573],[2574,2575],[2576],[2577],[-2579,2578],[2579],[2580],[2581],[2582],[2583],[2584],[2585,2586],[2587],[2588],[2589],[2590],[2591],[2592],[2593],[2594,2595],[2596],[2597]],[[2598,2599]],[[-2753,-2772,2600]]],"id":"feature_096"},{"properties":{"k":"uz|Cox's Bazar|Coxs Bazar Sadar","t":"uz","n":"Coxs Bazar Sadar","d":"Cox's Bazar","z":"Coxs Bazar Sadar","c":"","ce":0,"w":"BNP","wn":"BNP","v":[76503,68161,336,1798,0,0],"rest":437,"tt":147235,"mg":5.7,"to":null,"tv":0},"type":"Polygon","arcs":[[2601,-2731,-2733,2602,-2735,2603,-2656,-2654,2604,-2650,-2808,2605,-2806,-2804,2606,-2802,2607,2608],[2609,-2614,2610,-2612,2611,2612,2613],[2614,2615],[2616],[2617],[2618],[2619,2620],[2621],[2622],[2623],[2624],[2625,2626],[2627],[2628,2629],[2630,2631],[2632],[2633,2634],[2635],[2636],[2637],[2638],[-2640,2639],[2640],[2641],[-2643,2642],[-2644,2643],[-2645,2644],[2645],[-2647,2646],[-2648,2647],[2648]],"id":"feature_097"},{"properties":{"k":"uz|Cox's Bazar|Eidgaon","t":"uz","n":"Eidgaon","d":"Cox's Bazar","z":"Eidgaon","c":"","ce":0,"w":"BNP","wn":"BNP","v":[31352,28815,75,678,0,0],"rest":114,"tt":61034,"mg":4.2,"to":null,"tv":0},"type":"Polygon","arcs":[[-2809,2649,2650,2651,2652,2653,2654,2655,-2737,-2740,2656,2657,2658,-2810],[2659],[2660],[2661,2662],[2663],[2664],[-2666,2665],[2666,2667],[2668],[2669],[2670],[2671,2672],[2673,2674,2675,2676],[2677],[2678],[-2680,2679],[2680],[2681],[2682,2683]],"id":"feature_098"},{"properties":{"k":"uz|Cox's Bazar|Kutubdia","t":"uz","n":"Kutubdia","d":"Cox's Bazar","z":"Kutubdia","c":"","ce":0,"w":"Jamaat","wn":"Jamaat","v":[29401,35248,0,812,0,40],"rest":153,"tt":65654,"mg":8.9,"to":null,"tv":0},"type":"Polygon","arcs":[[2684,2685,2686,2687],[2688,2689],[2690],[2691],[2692],[2693],[2694],[-2696,2695],[2696],[2697],[-2699,2698],[2699],[-2701,2700],[2701],[2702]],"id":"feature_099"},{"properties":{"k":"uz|Cox's Bazar|Maheshkhali","t":"uz","n":"Maheshkhali","d":"Cox's Bazar","z":"Maheshkhali","c":"","ce":0,"w":"BNP","wn":"BNP","v":[95259,54569,0,7939,0,153],"rest":596,"tt":158516,"mg":25.7,"to":null,"tv":0},"type":"MultiPolygon","arcs":[[[2703]],[[2704,-2756,2705,2706],[2707],[2708],[-2710,2709],[2710],[2711,2712,2713],[-2715,2714],[2715],[2716],[2717],[2718],[2719,-2722,2720,2721],[2722],[2723,2724],[2725]],[[2726]],[[2727,-2760,-2758,2728],[2729]],[[2730,2731,2732]],[[2733,2734,2735]],[[2736,2737,2738,2739]],[[2740]],[[2741,2742,2743]],[[2744]],[[2745,2746,2747]],[[2748]],[[2749,2750,2751]]],"id":"feature_100"},{"properties":{"k":"uz|Cox's Bazar|Pekua","t":"uz","n":"Pekua","d":"Cox's Bazar","z":"Pekua","c":"","ce":0,"w":"BNP","wn":"BNP","v":[68047,29140,0,1057,0,0],"rest":0,"tt":98244,"mg":39.6,"to":null,"tv":0},"type":"Polygon","arcs":[[2752,2753,2754,2755,2756,2757,2758,2759,2760,2761,2762,2763,2764,2765,2766,2767,2768,2769,2770,2771],[2772],[-2774,2773],[-2775,2774],[2775],[2776,2777],[2778,2779],[2780],[2781],[2782],[2783],[-2785,2784],[2785],[2786,2787],[2788],[2789,2790],[2791],[2792],[2793],[2794],[2795],[-2797,2796],[2797]],"id":"feature_101"},{"properties":{"k":"uz|Cox's Bazar|Ramu","t":"uz","n":"Ramu","d":"Cox's Bazar","z":"Ramu","c":"","ce":0,"w":"BNP","wn":"BNP","v":[72652,59043,526,2612,0,0],"rest":384,"tt":135217,"mg":10.1,"to":null,"tv":0},"type":"MultiPolygon","arcs":[[[-2888,2798]],[[2799,-2890,2800,2801,2802,2803,2804,2805,2806,2807,2808,2809,2810,2811],[2812,2813],[-2815,2814],[2815,2816],[2817],[2818],[2819],[2820],[2821],[2822],[2823],[2824],[-2826,2825],[-2828,2826,2827,2828],[2829,2830],[2831],[2832],[2833],[2834],[-2836,2835],[2836],[-2838,2837],[-2839,2838,2839],[2840,-2842,2841],[2842],[2843],[2844],[2845,2846],[2847,2848],[2849],[2850],[-2852,2851],[-2853,2852],[-2854,2853],[2854],[-2856,2855],[2856],[2857],[-2859,2858],[2859],[-2861,2860],[2861],[2862]]],"id":"feature_102"},{"properties":{"k":"uz|Cox's Bazar|Teknaf","t":"uz","n":"Teknaf","d":"Cox's Bazar","z":"Teknaf","c":"","ce":0,"w":"BNP","wn":"BNP","v":[62337,61104,0,2560,0,0],"rest":202,"tt":126203,"mg":1.0,"to":null,"tv":0},"type":"MultiPolygon","arcs":[[[2863,-2886,-2895,2864,2865,2866],[2867],[2868,-2870,2869,2870],[2871,2872],[2873],[2874,2875],[2876],[2877],[2878],[2879],[2880],[2881]],[[2882]],[[2883]],[[2884]]],"id":"feature_103"},{"properties":{"k":"uz|Cox's Bazar|Ukhia","t":"uz","n":"Ukhia","d":"Cox's Bazar","z":"Ukhia","c":"","ce":0,"w":"BNP","wn":"BNP","v":[60684,58992,0,1733,0,0],"rest":170,"tt":121579,"mg":1.4,"to":null,"tv":0},"type":"Polygon","arcs":[[2885,2886,2887,2888,2889,2890,2891,2892,2893,2894],[2895],[2896],[2897],[2898],[2899],[2900],[2901],[2902,2903],[2904],[2905],[2906],[2907,2908],[2909,2910],[2911],[2912],[-2914,2913],[2914],[2915,2916],[2917],[2918],[-2920,2919],[2920],[-2922,2921],[-2923,2922],[-2924,2923],[2924],[-2926,2925]],"id":"feature_104"},{"properties":{"k":"uz|Feni|Chhagalnaiya","t":"uz","n":"Chhagalnaiya","d":"Feni","z":"Chhagalnaiya","c":"","ce":0,"w":"BNP","wn":"BNP","v":[50475,38208,0,1943,0,0],"rest":764,"tt":91390,"mg":13.4,"to":null,"tv":0},"type":"Polygon","arcs":[[-2988,-3026,-3030,2926,2927,2928,2929,-2989],[2930,2931],[2932],[-2934,2933],[-2935,2934],[2935],[2936],[2937,2938],[2939,2940,2941,2942],[2943],[2944,2945],[2946],[2947],[2948,2949],[2950,2951,2952],[2953,2954],[2955,-2958,2956,2957],[2958],[2959],[2960,2961]],"id":"feature_105"},{"properties":{"k":"uz|Feni|Daganbhuiyan","t":"uz","n":"Daganbhuiyan","d":"Feni","z":"Daganbhuiyan","c":"","ce":0,"w":"BNP","wn":"BNP","v":[73185,51942,0,2116,0,0],"rest":1658,"tt":128901,"mg":16.5,"to":null,"tv":0},"type":"Polygon","arcs":[[-3641,-3811,-3818,2962,2963,2964,-2985,-3075,2965,-3099,-3643,2966],[-2968,2967],[2968,2969],[2970],[-2972,2971,2972],[2973,2974,2975,2976],[2977,2978,2979,2980],[2981],[2982],[2983]],"id":"feature_106"},{"properties":{"k":"uz|Feni|Feni Sadar","t":"uz","n":"Feni Sadar","d":"Feni","z":"Feni Sadar","c":"","ce":0,"w":"BNP","wn":"BNP","v":[128206,75838,698,6552,0,399],"rest":1843,"tt":213536,"mg":24.5,"to":null,"tv":0},"type":"Polygon","arcs":[[-3076,2984,2985,2986,-3027,2987,2988,2989,-3077],[2990,2991],[2992],[2993],[2994,-2996,2995],[2996],[-2998,2997],[2998],[2999,3000],[3001],[3002],[3003],[3003],[3004],[3005],[3006],[3007],[3008],[3008],[3009],[3010,3011,3012],[3013],[3014],[3015],[3016],[3017],[3018],[3019,3020],[3021],[3022],[-3024,3023],[3024]],"id":"feature_107"},{"properties":{"k":"uz|Feni|Fulgazi","t":"uz","n":"Fulgazi","d":"Feni","z":"Fulgazi","c":"","ce":0,"w":"BNP","wn":"BNP","v":[35048,20919,0,2094,0,0],"rest":418,"tt":58479,"mg":24.2,"to":null,"tv":0},"type":"Polygon","arcs":[[3025,3026,3027,-3031,-3040,3028,3029]],"id":"feature_108"},{"properties":{"k":"uz|Feni|Parashuram","t":"uz","n":"Parashuram","d":"Feni","z":"Parashuram","c":"","ce":0,"w":"BNP","wn":"BNP","v":[31708,21534,0,1112,0,0],"rest":410,"tt":54764,"mg":18.6,"to":null,"tv":0},"type":"Polygon","arcs":[[3030,3031,3032,3033,3034,3035,3036,3037,3038,3039],[-3041,3040],[3041],[3042,3043,3044],[-3046,3045],[-3047,3046,3047],[3048,3049],[3050],[3051,3052],[3053,-3055,3054],[3055],[3056],[3057],[3057],[3058],[3059,-3061,3060],[3061],[3062],[-3064,3063],[3064],[3065],[3066]],"id":"feature_109"},{"properties":{"k":"uz|Feni|Sonagazi","t":"uz","n":"Sonagazi","d":"Feni","z":"Sonagazi","c":"","ce":0,"w":"BNP","wn":"BNP","v":[79970,47919,0,4321,0,0],"rest":1528,"tt":133738,"mg":24.0,"to":null,"tv":0},"type":"MultiPolygon","arcs":[[[-3652,3067]],[[3068,-3693,3069,-3696,3070,-3698,-3702,3071,-3700,3072,-3704,3073,3074,3075,3076,3077,3078,3079,3080],[3081],[3082],[3083,3084,3085],[3086,3087],[3088],[3089],[3090],[3091],[3092]],[[-3649,3093,3094,-3650]],[[3095,-3646,3096]],[[3097,-3644,3098,3099]],[[-3689,3100,3101]],[[3102,3103]],[[3104]],[[3105,3106,3107]],[[3108]],[[3109,3110,3111]],[[3112,3113,3114]]],"id":"feature_110"},{"properties":{"k":"uz|Khagrachhari|Dighinala","t":"uz","n":"Dighinala","d":"Khagrachhari","z":"Dighinala","c":"","ce":0,"w":"Independent","wn":"Independent","v":[19076,5406,28873,621,0,99],"rest":380,"tt":54455,"mg":18.0,"to":null,"tv":0},"type":"Polygon","arcs":[[-3898,3115,-3896,3116,-3894,-3904,-4055,-3146,-3263,3117,-3899],[3118],[3119],[3120],[3121],[-3123,3122],[3123],[3124],[3125],[3126,3127],[3128],[-3130,3129],[3130],[3131],[3132],[3133,3134],[3135],[3136],[3137],[3138,3139],[3140],[3141],[3142]],"id":"feature_111"},{"properties":{"k":"uz|Khagrachhari|Guimara","t":"uz","n":"Guimara","d":"Khagrachhari","z":"Guimara","c":"","ce":0,"w":"BNP","wn":"BNP","v":[10333,2993,9235,214,0,100],"rest":346,"tt":23221,"mg":4.7,"to":null,"tv":0},"type":"Polygon","arcs":[[-3158,-3156,-3184,-3182,-3180,-3341,-3205,-3212,3143,-3208,-3145,-3159]],"id":"feature_112"},{"properties":{"k":"uz|Khagrachhari|Khagrachhari Sadar","t":"uz","n":"Khagrachhari Sadar","d":"Khagrachhari","z":"Khagrachhari Sadar","c":"","ce":0,"w":"Independent","wn":"Independent","v":[19797,8465,25604,279,0,295],"rest":552,"tt":54992,"mg":10.6,"to":null,"tv":0},"type":"Polygon","arcs":[[-3160,3144,-3207,-3264,3145,-4054,-3161],[3146],[3147],[3148],[3149],[3150],[3151],[3152],[3153]],"id":"feature_113"},{"properties":{"k":"uz|Khagrachhari|Lakkhichhari","t":"uz","n":"Lakkhichhari","d":"Khagrachhari","z":"Lakkhichhari","c":"","ce":0,"w":"Independent","wn":"Independent","v":[3769,518,9451,48,0,23],"rest":131,"tt":13940,"mg":40.8,"to":null,"tv":0},"type":"Polygon","arcs":[[-4089,-3973,3154,-3185,3155,-3157,-4090]],"id":"feature_114"},{"properties":{"k":"uz|Khagrachhari|Mahalchhari","t":"uz","n":"Mahalchhari","d":"Khagrachhari","z":"Mahalchhari","c":"","ce":0,"w":"Independent","wn":"Independent","v":[8572,2370,10640,128,0,24],"rest":222,"tt":21956,"mg":9.4,"to":null,"tv":0},"type":"Polygon","arcs":[[-4091,3156,3157,3158,3159,3160,-4053,3161,-4052,3162,-4092],[3163,3164],[-3166,3165],[3166],[3167,3168],[3169,3170],[3171],[3172],[3173],[3174],[3175],[3176],[3177]],"id":"feature_115"},{"properties":{"k":"uz|Khagrachhari|Manikchhari","t":"uz","n":"Manikchhari","d":"Khagrachhari","z":"Manikchhari","c":"","ce":0,"w":"BNP","wn":"BNP","v":[21651,9770,5358,633,0,35],"rest":259,"tt":37706,"mg":31.5,"to":null,"tv":0},"type":"Polygon","arcs":[[3178,-3342,3179,3180,3181,3182,3183,3184,3185],[-3187,3186],[3187,3188],[-3190,3189],[-3191,3190],[3191,3192],[3193],[3194],[3195],[3196],[3197],[3198],[3199],[3200,3201],[3202],[3203]],"id":"feature_116"},{"properties":{"k":"uz|Khagrachhari|Matiranga","t":"uz","n":"Matiranga","d":"Khagrachhari","z":"Matiranga","c":"","ce":0,"w":"BNP","wn":"BNP","v":[36041,15519,7075,687,0,78],"rest":454,"tt":59854,"mg":34.3,"to":null,"tv":0},"type":"Polygon","arcs":[[3204,-3340,3205,-3259,-3257,-3265,3206,3207,3208,3209,3210,3211],[3212],[3213],[3214,3215],[3216],[3217],[3218,-3220,3219],[3220,3221],[3222,-3224,3223],[3224],[-3226,3225],[3226,3227],[3228],[-3230,3229],[-3231,3230],[3231],[-3233,3232],[3233],[-3235,3234],[3235],[3236],[3237],[-3242,3238,-3240,3239,3240,3241,3242],[3243,-3245,3244],[3245],[3246],[3247,3248],[3249,3250],[3251],[3252],[3253,3254],[3255]],"id":"feature_117"},{"properties":{"k":"uz|Khagrachhari|Panchhari","t":"uz","n":"Panchhari","d":"Khagrachhari","z":"Panchhari","c":"","ce":0,"w":"Independent","wn":"Independent","v":[11750,4031,16018,181,0,63],"rest":250,"tt":32293,"mg":13.2,"to":null,"tv":0},"type":"Polygon","arcs":[[3256,3257,3258,3259,3260,3261,3262,3263,3264],[3265],[3266],[3267],[3268],[3269],[3269],[3270],[3271],[3272,-3274,3273],[3274],[-3276,3275],[3276],[3277],[3278],[-3280,3279],[-3281,3280,3281],[3282,-3284,3283],[3284],[-3286,3285],[3286],[-3288,3287],[-3289,3288],[-3290,3289],[3290,3291],[3292],[-3294,3293],[3294,3295],[3296],[3297],[3298,3299],[-3301,3300],[3301,3302],[3303],[3304],[3305,3306],[3307],[3308],[3309],[3310],[3311],[3312],[3313],[3314,3315],[3316],[3317],[3318],[3319],[-3321,3320],[3321],[3322],[3323,3324],[3325],[3326],[3327],[3328],[3329],[3330],[3331],[3332],[3333],[3334],[3335]],"id":"feature_118"},{"properties":{"k":"uz|Khagrachhari|Ramgarh","t":"uz","n":"Ramgarh","d":"Khagrachhari","z":"Ramgarh","c":"","ce":0,"w":"BNP","wn":"BNP","v":[18160,7437,3648,245,0,29],"rest":223,"tt":29742,"mg":36.1,"to":null,"tv":0},"type":"Polygon","arcs":[[-3344,3336,3337,3338,3339,3340,3341,3342,3343,3344],[3345],[-3347,3346],[3347],[3348],[3349],[3350],[3351,3352],[3353],[3354],[3355]],"id":"feature_119"},{"properties":{"k":"uz|Lakshmipur|Kamalnagar","t":"uz","n":"Kamalnagar","d":"Lakshmipur","z":"Kamalnagar","c":"","ce":0,"w":"BNP","wn":"BNP","v":[55912,25254,464,13130,0,119],"rest":7138,"tt":102017,"mg":30.1,"to":null,"tv":0},"type":"Polygon","arcs":[[-3551,3356,3357,3358,-3426,-3428,-3875,-3859,-3556,3359,3360,3361,-3554,3362,-3552],[3363],[3364],[-3366,3365],[-3367,3366],[3367],[3368],[3369],[3370],[3371,-3373,3372],[3373,-3376,3374,3375],[3376],[3377,3378],[-3380,3379],[3380],[3381],[3382],[3383,3384],[3385],[3386],[3387],[-3389,3388],[-3390,3389],[3390],[3391],[3392,3393]],"id":"feature_120"},{"properties":{"k":"uz|Lakshmipur|Lakshmipur Sadar","t":"uz","n":"Lakshmipur Sadar","d":"Lakshmipur","z":"Lakshmipur Sadar","c":"","ce":0,"w":"BNP","wn":"BNP","v":[201024,179135,0,8850,0,235],"rest":3230,"tt":392474,"mg":5.6,"to":null,"tv":0},"type":"MultiPolygon","arcs":[[[3394]],[[3395]],[[3396]],[[3397,3398,3399]],[[3400]],[[3401]],[[3402]],[[3403]],[[3404,3405,3406]],[[3407]],[[3408]],[[3409,3410,3411]],[[3412]],[[3413,3414,3415]],[[3416,3417,3418]],[[3419]],[[3420,3421,3422]],[[3423,-3452,3424]],[[3425,3426,-3465,-3502,-3508,-3603,-3608,-3592,-3876,3427],[3428,-3430,3429],[3430,-3432,3431],[-3433,3432],[-3434,3433],[3434],[-3436,3435],[3436],[3437],[3438],[3439],[3440],[3441],[3442],[3443,3444],[3445],[3446],[3447],[3448]],[[3449]]],"id":"feature_121"},{"properties":{"k":"uz|Lakshmipur|Raipur","t":"uz","n":"Raipur","d":"Lakshmipur","z":"Raipur","c":"","ce":0,"w":"BNP","wn":"BNP","v":[77865,66593,0,2791,0,189],"rest":1158,"tt":148596,"mg":7.6,"to":null,"tv":0},"type":"MultiPolygon","arcs":[[[3450,3451,3452,3453,3454,3455,3456,3457,3458,3459,3460,3461,3462,3463,-3503,3464,3465],[3466],[3467,-3469,3468],[3469],[3470],[-3472,3471],[3472,3473],[3474,-3476,3475],[3476,3477],[3478,-3480,3479],[3480],[3481,3482],[3483],[3484],[-3486,3485],[3486],[3487],[3488],[3489],[3490],[3491],[3492],[3493,3494],[3495]],[[3496,3497,3498]],[[3499,3500]]],"id":"feature_122"},{"properties":{"k":"uz|Lakshmipur|Ramganj","t":"uz","n":"Ramganj","d":"Lakshmipur","z":"Ramganj","c":"","ce":0,"w":"BNP","wn":"BNP","v":[83763,56383,98,10660,0,115],"rest":726,"tt":151745,"mg":18.0,"to":null,"tv":0},"type":"Polygon","arcs":[[3501,3502,3503,3504,3505,3506,-3604,3507],[3508,3509],[3510,3511,3512],[3513,3514,3515],[3516,3517,3518],[3519],[3520,-3523,3521,3522,3523],[3524],[3525,3526],[3527,-3530,3528,3529],[3530],[3531],[3532],[3533],[3534],[3535],[-3537,3536],[3537],[3538,-3540,3539,3540],[3541,3542],[3543],[3544,3545],[3546,3547]],"id":"feature_123"},{"properties":{"k":"uz|Lakshmipur|Ramgati","t":"uz","n":"Ramgati","d":"Lakshmipur","z":"Ramgati","c":"","ce":0,"w":"BNP","wn":"BNP","v":[59668,46643,761,7889,0,138],"rest":15207,"tt":130306,"mg":10.0,"to":null,"tv":0},"type":"MultiPolygon","arcs":[[[3548]],[[3549,3550,3551,3552,3553,3554,3555,-3858,3556,-3857,3557,-3856,3558,3559,3560],[3561],[3562],[3563,3564],[3565],[3566],[3567],[3568],[3569],[3570],[3571],[3572],[3573],[3574],[3575],[3576],[3577],[-3579,3578],[3579],[3580,3581],[3582],[3583,3584]],[[3585,3586,3587,3588,-3730]],[[3589,3590]]],"id":"feature_124"},{"properties":{"k":"uz|Noakhali|Begumganj","t":"uz","n":"Begumganj","d":"Noakhali","z":"Begumganj","c":"","ce":0,"w":"BNP","wn":"BNP","v":[138937,117824,779,9670,783,0],"rest":738,"tt":268731,"mg":7.9,"to":null,"tv":0},"type":"Polygon","arcs":[[-3877,3591,-3607,-3831,-3836,-3814,-3776,-3878],[3592],[3593],[3594,3595],[3596,3597],[3598],[3599],[3600],[3601]],"id":"feature_125"},{"properties":{"k":"uz|Noakhali|Chatkhil","t":"uz","n":"Chatkhil","d":"Noakhali","z":"Chatkhil","c":"","ce":0,"w":"BNP","wn":"BNP","v":[62872,46765,0,8061,0,0],"rest":1062,"tt":118760,"mg":13.6,"to":null,"tv":0},"type":"Polygon","arcs":[[3602,3603,3604,3605,-3832,3606,3607],[3608,3609],[3610,-3612,3611],[3612],[3613],[3614],[3615,-3618,3616,3617,3618],[3619],[3620],[-3623,3621,3622,3623],[3624],[3625,3626],[3627,3628],[3629,-3631,3630],[3631],[3632],[3633],[3634],[3635],[3636],[3637],[3638]],"id":"feature_126"},{"properties":{"k":"uz|Noakhali|Companiganj","t":"uz","n":"Companiganj","d":"Noakhali","z":"Companiganj","c":"","ce":0,"w":"BNP","wn":"BNP","v":[68072,60461,512,2084,0,0],"rest":3202,"tt":134331,"mg":5.7,"to":null,"tv":0},"type":"MultiPolygon","arcs":[[[3639,-3860,-3880,-3775,-3777,-3812,3640,3641,3642,3643,3644,3645,3646,3647,3648,3649,3650,3651,3652],[3653,3654],[3655,3656,3657],[3658],[3659],[3660,3661],[3662],[3663],[3664,3665],[3666,3667],[3668,3669,3670],[3671],[3672],[3673],[3674],[3675],[3676,3677],[3678,3679],[3680]],[[3681,3682,3683]],[[3684,3685,3686]],[[3687,3688,3689,3690]],[[3691,3692,3693]],[[3694,3695,3696]],[[3697,3698,3699,3700,3701]],[[3702,3703]]],"id":"feature_127"},{"properties":{"k":"uz|Noakhali|Hatiya","t":"uz","n":"Hatiya","d":"Noakhali","z":"Hatiya","c":"","ce":0,"w":"Jamaat","wn":"Jamaat","v":[63211,89434,8296,2175,0,190],"rest":2071,"tt":165377,"mg":15.9,"to":null,"tv":0},"type":"MultiPolygon","arcs":[[[3704,3705,3706]],[[3707,3708,3709]],[[3710,3711,3712,3713]],[[3714]],[[3715,3716,3717]],[[3718]],[[3719]],[[3720]],[[3721]],[[3722]],[[3723]],[[3724,3725,3726]],[[3727]],[[3728,3729,3730]],[[3731]],[[3732],[3733,3734,3735],[-3737,3736],[3737],[-3739,3738],[3739],[3740],[3741,3742],[-3744,3743],[3744],[-3747,3745,3746,3747],[3748],[3749,-3751,3750],[3751,-3753,3752],[3753],[3754],[3755],[3756],[3757]],[[3758]],[[3759]],[[3760]],[[3761]],[[3762]],[[3763]],[[3764,-3851,-3853,3765]],[[3766,-3854,-3862,3767]],[[3768]],[[3769]],[[3770,-3867,-3869,3771]],[[3772]],[[3773]]],"id":"feature_128"},{"properties":{"k":"uz|Noakhali|Kabirhat","t":"uz","n":"Kabirhat","d":"Noakhali","z":"Kabirhat","c":"","ce":0,"w":"BNP","wn":"BNP","v":[58714,42710,343,2685,0,0],"rest":3059,"tt":107511,"mg":14.9,"to":null,"tv":0},"type":"Polygon","arcs":[[3774,-3879,3775,-3813,3776],[3777,3778,3779],[3780],[-3782,3781],[3782,3783],[3784,-3786,3785],[3786],[3787],[3788],[3789,3790],[3791],[3792],[3793],[3794],[-3796,3795],[3796],[3797,3798],[3799,3800],[3801],[3802,3803],[3804],[3805],[3806],[3807],[3808,3809]],"id":"feature_129"},{"properties":{"k":"uz|Noakhali|Senbag","t":"uz","n":"Senbag","d":"Noakhali","z":"Senbag","c":"","ce":0,"w":"BNP","wn":"BNP","v":[62588,47845,37714,3657,0,0],"rest":416,"tt":152220,"mg":9.7,"to":null,"tv":0},"type":"Polygon","arcs":[[3810,3811,3812,3813,-3835,3814,3815,3816,3817],[3818],[-3820,3819],[3820],[3821,3822],[3823],[3824],[3825],[3826],[3827],[3828],[3829]],"id":"feature_130"},{"properties":{"k":"uz|Noakhali|Sonaimuri","t":"uz","n":"Sonaimuri","d":"Noakhali","z":"Sonaimuri","c":"","ce":0,"w":"BNP","wn":"BNP","v":[82518,61660,6529,13292,0,0],"rest":1051,"tt":165050,"mg":12.6,"to":null,"tv":0},"type":"Polygon","arcs":[[3830,3831,3832,3833,3834,3835],[3836],[3837],[3838],[3839,3840],[3841],[3842],[3843,3844,3845],[3846],[3847],[3848],[3849]],"id":"feature_131"},{"properties":{"k":"uz|Noakhali|Subarnachar","t":"uz","n":"Subarnachar","d":"Noakhali","z":"Subarnachar","c":"","ce":0,"w":"BNP","wn":"BNP","v":[79271,55588,0,5553,0,135],"rest":1572,"tt":142119,"mg":16.7,"to":null,"tv":0},"type":"MultiPolygon","arcs":[[[3850,3851,3852]],[[3853,3854,3855,3856,3857,3858,-3874,-3881,3859,3860,3861]],[[3862]],[[3863]],[[3864]],[[3865]],[[3866,3867,3868]],[[3869,3870,3871,3872]]],"id":"feature_132"},{"properties":{"k":"uz|Noakhali|Noakhali Sadar","t":"uz","n":"Noakhali Sadar","d":"Noakhali","z":"Noakhali Sadar","c":"","ce":0,"w":"BNP","wn":"BNP","v":[156726,100025,85,10432,0,394],"rest":3013,"tt":270675,"mg":20.9,"to":null,"tv":0},"type":"Polygon","arcs":[[3873,3874,3875,3876,3877,3878,3879,3880],[3881,3882],[3883,-3885,3884],[3885,-3887,3886],[3887],[-3889,3888],[3889],[-3891,3890],[3891],[-3893,3892]],"id":"feature_133"},{"properties":{"k":"uz|Rangamati|Baghaichhari","t":"uz","n":"Baghaichhari","d":"Rangamati","z":"Baghaichhari","c":"","ce":0,"w":"BNP","wn":"BNP","v":[34409,1804,6384,207,0,37],"rest":313,"tt":43154,"mg":64.9,"to":null,"tv":0},"type":"Polygon","arcs":[[-3905,3893,3894,3895,3896,3897,3898,3899,-3968,3900,-4064,3901,-4062,3902,-4058,-4056,3903,3904,3905],[3906],[3907],[-3909,3908],[3909,3910],[3911],[3912],[3913],[3914],[3915],[3916,3917],[3918],[-3920,3919],[3920,3921],[3922,3923],[3924],[3925],[3926],[3927,3928],[3929],[3930],[3931,3932],[3933,3934],[3935],[3936],[3937,3938],[3939],[3940],[3941,3942],[3943],[3944],[3945],[3946],[3947],[3948],[3949],[3950],[3951],[3952],[3953],[3954],[-3956,3955],[3956],[3957],[3958],[-3960,3959],[3960],[3961,3962],[3963],[3964]],"id":"feature_134"},{"properties":{"k":"uz|Rangamati|Barkal","t":"uz","n":"Barkal","d":"Rangamati","z":"Barkal","c":"","ce":0,"w":"BNP","wn":"BNP","v":[19051,1133,493,338,0,69],"rest":254,"tt":21338,"mg":84.0,"to":null,"tv":0},"type":"Polygon","arcs":[[-4044,-4115,3965,-4049,-4066,3966,3967,3968,-4045]],"id":"feature_135"},{"properties":{"k":"uz|Rangamati|Kawkhali","t":"uz","n":"Kawkhali","d":"Rangamati","z":"Kawkhali","c":"","ce":0,"w":"BNP","wn":"BNP","v":[18925,2224,9292,341,0,86],"rest":371,"tt":31239,"mg":30.8,"to":null,"tv":0},"type":"Polygon","arcs":[[3969,3970,3971,3972,-4088,-4110,-4122,3973,-4029,3974,3975,3976,3977,3978,3979],[3980],[3981,3982],[-3984,3983],[-3985,3984],[-3986,3985],[3986],[3987,3988],[3989,3990]],"id":"feature_136"},{"properties":{"k":"uz|Rangamati|Belaichhari","t":"uz","n":"Belaichhari","d":"Rangamati","z":"Belaichhari","c":"","ce":0,"w":"BNP","wn":"BNP","v":[10887,365,308,54,0,28],"rest":284,"tt":11926,"mg":88.2,"to":null,"tv":0},"type":"Polygon","arcs":[[-4047,3991,3992,3993,3994,3995,3996,3997,3998,3999,4000,4001,4002,4003,4004,4005,-4098,4006,-4097,-4033,-4117,-4043,-4048],[-4008,4007],[4008,4009],[4010],[-4012,4011],[4012],[4013,4014],[-4016,4015]],"id":"feature_137"},{"properties":{"k":"uz|Rangamati|Kaptai","t":"uz","n":"Kaptai","d":"Rangamati","z":"Kaptai","c":"","ce":0,"w":"BNP","wn":"BNP","v":[20546,2851,305,251,0,40],"rest":519,"tt":24512,"mg":72.2,"to":null,"tv":0},"type":"Polygon","arcs":[[-4095,-4107,4016,4017,4018,4019,4020,4021,4022,4023,4024,4025,4026,4027,4028,4029,-4120,4030,4031,-4118,4032,-4096],[-4034,4033],[4034,4035],[4036],[-4038,4037],[4038],[-4040,4039],[4040],[4041]],"id":"feature_138"},{"properties":{"k":"uz|Rangamati|Jurachhari","t":"uz","n":"Jurachhari","d":"Rangamati","z":"Jurachhari","c":"","ce":0,"w":"BNP","wn":"BNP","v":[10921,70,200,32,0,18],"rest":144,"tt":11385,"mg":94.2,"to":null,"tv":0},"type":"Polygon","arcs":[[4042,-4116,4043,4044,4045,4046,4047]],"id":"feature_139"},{"properties":{"k":"uz|Rangamati|Langadu","t":"uz","n":"Langadu","d":"Rangamati","z":"Langadu","c":"","ce":0,"w":"BNP","wn":"BNP","v":[27729,8241,681,1483,0,62],"rest":305,"tt":38501,"mg":50.6,"to":null,"tv":0},"type":"Polygon","arcs":[[4048,4049,-4113,-4094,4050,4051,4052,4053,4054,4055,4056,4057,4058,4059,4060,4061,4062,4063,4064,4065],[-4067,4066],[4067],[4068],[4069],[4070],[4071],[4072,4073],[4074],[4075],[4076],[4077],[4078,4079],[4080],[4081],[4082,4083],[4084],[4085],[-4087,4086]],"id":"feature_140"},{"properties":{"k":"uz|Rangamati|Naniarchar","t":"uz","n":"Naniarchar","d":"Rangamati","z":"Naniarchar","c":"","ce":0,"w":"Independent","wn":"Independent","v":[6555,753,9731,294,0,31],"rest":313,"tt":17677,"mg":18.0,"to":null,"tv":0},"type":"Polygon","arcs":[[-4111,4087,4088,4089,4090,4091,4092,4093,-4112]],"id":"feature_141"},{"properties":{"k":"uz|Rangamati|Rajasthali","t":"uz","n":"Rajasthali","d":"Rangamati","z":"Rajasthali","c":"","ce":0,"w":"BNP","wn":"BNP","v":[10903,653,83,113,0,24],"rest":300,"tt":12076,"mg":84.9,"to":null,"tv":0},"type":"Polygon","arcs":[[4094,4095,4096,4097,4098,4099,4100,4101,4102,4103,4104,4105,4106],[-4108,4107],[4108]],"id":"feature_142"},{"properties":{"k":"uz|Rangamati|Rangamati Sadar","t":"uz","n":"Rangamati Sadar","d":"Rangamati","z":"Rangamati Sadar","c":"","ce":0,"w":"BNP","wn":"BNP","v":[39929,3682,3519,453,0,48],"rest":1159,"tt":48790,"mg":74.3,"to":null,"tv":0},"type":"Polygon","arcs":[[4109,4110,4111,4112,4113,4114,4115,4116,4117,4118,4119,4120,4121],[4122],[4123],[4124],[4125],[4126],[4127],[4128],[4129,4130],[4131],[4132]],"id":"feature_143"},{"properties":{"k":"uz|Dhaka|Dhamrai","t":"uz","n":"Dhamrai","d":"Dhaka","z":"Dhamrai","c":"","ce":0,"w":"BNP","wn":"BNP","v":[160428,56343,0,0,9083,0],"rest":3752,"tt":229606,"mg":45.3,"to":null,"tv":0},"type":"Polygon","arcs":[[-4967,-4912,-4940,-4944,-5855,-5827,-5833,-4394,-4179,4133,-4177,-4968],[4134,-4137,4135,4136],[4137],[4138],[4139],[4140],[4141],[4142],[4143],[4144],[-4146,4145],[4145]],"id":"feature_144"},{"properties":{"k":"uz|Dhaka|Dohar","t":"uz","n":"Dohar","d":"Dhaka","z":"Dohar","c":"","ce":0,"w":"BNP","wn":"BNP","v":[60990,48918,3414,4600,0,0],"rest":507,"tt":118429,"mg":10.2,"to":null,"tv":0},"type":"Polygon","arcs":[[-4365,-4293,-4294,-4908,-4174,-4176,-5009,-4366],[4146],[4147],[4148],[4149],[-4151,4150],[4151,-4153,4152],[-4154,4153],[4154],[4155],[4156,4157,4158,4159],[4160],[-4162,4161],[4162],[4163],[4164],[4165],[4166,4167],[4168],[4169],[4170],[4171]],"id":"feature_145"},{"properties":{"k":"uz|Dhaka|Keraniganj","t":"uz","n":"Keraniganj","d":"Dhaka","z":"Keraniganj","c":"","ce":0,"w":"BNP","wn":"BNP","v":[217891,135483,310,10638,0,105],"rest":1989,"tt":366416,"mg":22.5,"to":null,"tv":0},"type":"Polygon","arcs":[[-5003,-4175,-4971,-4182,4172,-5074,-5004]],"id":"feature_146"},{"properties":{"k":"uz|Dhaka|Nawabganj","t":"uz","n":"Nawabganj","d":"Dhaka","z":"Nawabganj","c":"","ce":0,"w":"BNP","wn":"BNP","v":[111412,59992,1410,1938,0,0],"rest":1106,"tt":175858,"mg":29.2,"to":null,"tv":0},"type":"Polygon","arcs":[[4173,-4907,-4913,-4965,-4972,4174,-5002,-5010,4175]],"id":"feature_147"},{"properties":{"k":"uz|Dhaka|Savar","t":"uz","n":"Savar","d":"Dhaka","z":"Savar","c":"","ce":0,"w":"BNP","wn":"BNP","v":[253514,40291,2306,12759,0,683],"rest":129045,"tt":438598,"mg":28.4,"to":null,"tv":0},"type":"Polygon","arcs":[[-4969,4176,4177,4178,-4393,4179,-4400,4180,4181,-4970],[4182],[4183],[4184],[4185],[4186],[4187],[-4189,4188],[-4190,4189],[4190],[4191],[4192],[4193],[4194],[4195],[4196],[4197],[4198],[4199],[4200],[4201],[4202],[4203,4204],[4205]],"id":"feature_148"},{"properties":{"k":"uz|Faridpur|Alfadanga","t":"uz","n":"Alfadanga","d":"Faridpur","z":"Alfadanga","c":"","ce":0,"w":"Jamaat","wn":"Jamaat","v":[14241,28973,6023,0,0,0],"rest":249,"tt":49486,"mg":29.8,"to":null,"tv":0},"type":"Polygon","arcs":[[-4493,-6873,-6742,-4264,-4271,4206,-4270,4207,-4268,4208,4209,-4266,4210,-4494],[-4212,4211,4212],[4213,4214],[4215],[4216],[4217],[4218],[4219],[4220,-4222,4221],[4222],[4223],[4224,4225,4226],[4227],[4228],[4229],[-4231,4230],[4231],[4232],[4233],[4234],[4235]],"id":"feature_149"},{"properties":{"k":"uz|Faridpur|Bhanga","t":"uz","n":"Bhanga","d":"Faridpur","z":"Bhanga","c":"","ce":0,"w":"BNP","wn":"BNP","v":[60775,45090,24380,7383,0,0],"rest":924,"tt":138552,"mg":11.3,"to":null,"tv":0},"type":"Polygon","arcs":[[-4533,-4343,4236,4237,-4341,-4362,-4367,-4881,-4864,-4534],[4238,4239,4240],[4241,4242],[4243,4244],[4245,-4247,4246],[4247],[-4249,4248],[-4250,4249],[4250],[4251],[4252],[-4254,4253],[-4255,4254],[4255],[4256],[4257],[4258],[4259],[4260],[4261],[4262]],"id":"feature_150"},{"properties":{"k":"uz|Faridpur|Boalmari","t":"uz","n":"Boalmari","d":"Faridpur","z":"Boalmari","c":"","ce":0,"w":"Jamaat","wn":"Jamaat","v":[58631,68434,13186,0,0,0],"rest":573,"tt":140824,"mg":7.0,"to":null,"tv":0},"type":"Polygon","arcs":[[4263,-6741,-4323,-4325,-4295,-4368,-4496,4264,4265,4266,4267,4268,4269,4270],[4271,4272,4273,4274,4275],[4276,4277],[4278],[4279],[4280],[4281],[4282,-4285,4283,4284],[4285,4286],[-4288,4287],[4288,4289],[4290],[-4292,4291]],"id":"feature_151"},{"properties":{"k":"uz|Faridpur|Char Bhadrasan","t":"uz","n":"Char Bhadrasan","d":"Faridpur","z":"Char Bhadrasan","c":"","ce":0,"w":"BNP","wn":"BNP","v":[17555,7086,10617,419,0,0],"rest":156,"tt":35833,"mg":19.4,"to":null,"tv":0},"type":"Polygon","arcs":[[4292,-4364,-4340,-4296,-4904,-4909,4293]],"id":"feature_152"},{"properties":{"k":"uz|Faridpur|Faridpur Sadar","t":"uz","n":"Faridpur Sadar","d":"Faridpur","z":"Faridpur Sadar","c":"","ce":0,"w":"BNP","wn":"BNP","v":[147846,122449,1236,3970,0,0],"rest":1201,"tt":276702,"mg":9.2,"to":null,"tv":0},"type":"Polygon","arcs":[[-4369,4294,-4324,-5407,-5373,-4905,4295,-4339,-4370],[4296],[4297],[4298],[4299],[4300],[4301,4302],[4303],[-4305,4304],[4305,4306],[4307,4308],[4309,4310],[4311,4312],[4313],[4314],[4315],[4316],[4317],[4318],[4319],[4320],[4321]],"id":"feature_153"},{"properties":{"k":"uz|Faridpur|Madhukhali","t":"uz","n":"Madhukhali","d":"Faridpur","z":"Madhukhali","c":"","ce":0,"w":"Jamaat","wn":"Jamaat","v":[52914,55203,17108,0,0,0],"rest":440,"tt":125665,"mg":1.8,"to":null,"tv":0},"type":"Polygon","arcs":[[4322,-6740,-6720,-6750,-6756,-5369,-5370,-5408,4323,4324],[4325,-4327,4326],[4327],[4328],[4329,4330],[-4332,4331],[4332,-4334,4333,4334],[4335],[-4337,4336],[4337]],"id":"feature_154"},{"properties":{"k":"uz|Faridpur|Nagarkanda","t":"uz","n":"Nagarkanda","d":"Faridpur","z":"Nagarkanda","c":"","ce":0,"w":"BNP","wn":"BNP","v":[66972,41597,0,1538,0,332],"rest":661,"tt":111100,"mg":22.8,"to":null,"tv":0},"type":"Polygon","arcs":[[-4371,4338,4339,-4363,4340,4341,4342,-4532,-4372],[4343],[4344],[4345],[4346],[4347],[4348],[4349],[4350],[4351],[4352],[4353],[4354],[4355,4356],[4357],[4358],[4359],[-4361,4360]],"id":"feature_155"},{"properties":{"k":"uz|Faridpur|Sadarpur","t":"uz","n":"Sadarpur","d":"Faridpur","z":"Sadarpur","c":"","ce":0,"w":"BNP","wn":"BNP","v":[48202,22505,22502,3591,0,0],"rest":168,"tt":96968,"mg":26.5,"to":null,"tv":0},"type":"Polygon","arcs":[[4361,4362,4363,4364,4365,-5008,-4882,4366]],"id":"feature_156"},{"properties":{"k":"uz|Faridpur|Saltha","t":"uz","n":"Saltha","d":"Faridpur","z":"Saltha","c":"","ce":0,"w":"BNP","wn":"BNP","v":[53937,46359,0,797,0,343],"rest":199,"tt":101635,"mg":7.5,"to":null,"tv":0},"type":"Polygon","arcs":[[-4523,-4497,4367,4368,4369,4370,4371,-4531,4372,-4529,4373,4374,-4526,4375,-4524]],"id":"feature_157"},{"properties":{"k":"uz|Gazipur|Gazipur Sadar","t":"uz","n":"Gazipur Sadar","d":"Gazipur","z":"Gazipur Sadar","c":"","ce":0,"w":"BNP","wn":"BNP","v":[44845,25025,8711,1123,0,9],"rest":1398,"tt":81111,"mg":24.4,"to":null,"tv":0},"type":"MultiPolygon","arcs":[[[-4414,4376,-4459,-4415]],[[4377,-4461,4378,4379,4380,-4398,4381,-4396,4382,-4454,4383,-4452,4384,-4450,-4463,4385],[4386],[-4388,4387],[-4389,4388],[4389,4390,4391]]],"id":"feature_158"},{"properties":{"k":"uz|Gazipur|Kaliakair","t":"uz","n":"Kaliakair","d":"Gazipur","z":"Kaliakair","c":"","ce":0,"w":"BNP","wn":"BNP","v":[133550,78435,5137,2435,0,0],"rest":2020,"tt":221577,"mg":24.9,"to":null,"tv":0},"type":"Polygon","arcs":[[4392,4393,-5832,-5862,-4456,4394,4395,4396,4397,4398,4399,4400],[4401],[4402],[4403],[4404,4405],[4406,4407],[4408],[4409],[4410],[4411]],"id":"feature_159"},{"properties":{"k":"uz|Gazipur|Kaliganj","t":"uz","n":"Kaliganj","d":"Gazipur","z":"Kaliganj","c":"","ce":0,"w":"BNP","wn":"BNP","v":[96984,57039,0,3189,0,0],"rest":7106,"tt":164318,"mg":24.3,"to":null,"tv":0},"type":"Polygon","arcs":[[-5112,4412,4413,4414,-4458,-4445,-4449,-5248,4415,4416,-5245,-5243,4417,-5241,4418,-5239,-5235,4419,-5233,4420,-5231,-5113],[4421],[-4423,4422],[-4424,4423],[4424,4425],[4426],[4427,4428],[4429,4430],[4431],[4432],[4433],[4434],[4435],[4436,4437],[4438],[-4440,4439],[4440],[4441],[4442],[4443]],"id":"feature_160"},{"properties":{"k":"uz|Gazipur|Kapasia","t":"uz","n":"Kapasia","d":"Gazipur","z":"Kapasia","c":"","ce":0,"w":"Jamaat","wn":"Jamaat","v":[89354,99271,1466,2299,0,0],"rest":3559,"tt":195949,"mg":5.1,"to":null,"tv":0},"type":"Polygon","arcs":[[4444,-4457,-7270,-4830,-5157,4445,4446,-5154,4447,-5152,-5321,-5249,4448]],"id":"feature_161"},{"properties":{"k":"uz|Gazipur|Sreepur","t":"uz","n":"Sreepur","d":"Gazipur","z":"Sreepur","c":"","ce":0,"w":"BNP","wn":"BNP","v":[129975,82579,13134,5077,0,0],"rest":3994,"tt":234759,"mg":20.2,"to":null,"tv":0},"type":"Polygon","arcs":[[4449,4450,4451,4452,4453,4454,4455,-5861,-7207,-7210,-7265,-7271,4456,4457,4458,4459,4460,4461,4462],[4463],[4464,4465],[4466],[4467],[4468],[4469],[4470],[4471],[-4473,4472],[4473],[4474],[4475],[-4477,4476]],"id":"feature_162"},{"properties":{"k":"uz|Gopalganj|Gopalganj Sadar","t":"uz","n":"Gopalganj Sadar","d":"Gopalganj","z":"Gopalganj Sadar","c":"","ce":0,"w":"Independent","wn":"Independent","v":[31300,24083,56196,2423,0,252],"rest":1679,"tt":115933,"mg":21.5,"to":null,"tv":0},"type":"Polygon","arcs":[[-4563,-5937,-6839,-6875,-4492,-4498,-4535,-4862,-4501,-4564],[4477],[4478],[-4480,4479],[4480],[4481],[4482],[4483],[4484],[4485],[4486],[4487],[-4489,4488,4489],[4490]],"id":"feature_163"},{"properties":{"k":"uz|Gopalganj|Kashiani","t":"uz","n":"Kashiani","d":"Gopalganj","z":"Kashiani","c":"","ce":0,"w":"BNP","wn":"BNP","v":[32084,16077,25260,2117,0,5613],"rest":698,"tt":81849,"mg":8.3,"to":null,"tv":0},"type":"Polygon","arcs":[[4491,-6874,4492,4493,4494,4495,4496,-4522,-4536,4497]],"id":"feature_164"},{"properties":{"k":"uz|Gopalganj|Kotalipara","t":"uz","n":"Kotalipara","d":"Gopalganj","z":"Kotalipara","c":"","ce":0,"w":"BNP","wn":"BNP","v":[42971,18433,28187,3588,0,2457],"rest":440,"tt":96076,"mg":15.4,"to":null,"tv":0},"type":"Polygon","arcs":[[4498,4499,-4565,4500,-4861,-4866,-4858,-4851,4501,4502,4503],[4504],[-4506,4505],[4506],[4507,-4509,4508],[4509],[4510,4511,4512,4513],[4514],[4515],[4516,4517,4518],[4519],[4520]],"id":"feature_165"},{"properties":{"k":"uz|Gopalganj|Muksudpur","t":"uz","n":"Muksudpur","d":"Gopalganj","z":"Muksudpur","c":"","ce":0,"w":"GOP","wn":"GOP","v":[45100,21565,18589,4077,0,48397],"rest":505,"tt":138233,"mg":2.4,"to":null,"tv":0},"type":"Polygon","arcs":[[4521,4522,4523,4524,4525,4526,4527,4528,4529,4530,4531,4532,4533,-4863,4534,4535],[4536,4537,4538],[4539],[4540],[-4542,4541],[4542],[4543],[4544],[4545,4546],[4547,4548,4549],[4550],[4551],[4552],[4553],[4554,-4556,4555],[4556],[4557],[4558],[4559,4560,4561]],"id":"feature_166"},{"properties":{"k":"uz|Gopalganj|Tungipara","t":"uz","n":"Tungipara","d":"Gopalganj","z":"Tungipara","c":"","ce":0,"w":"BNP","wn":"BNP","v":[17195,6334,9724,1066,0,114],"rest":397,"tt":34830,"mg":21.4,"to":null,"tv":0},"type":"Polygon","arcs":[[-5922,-5938,4562,4563,4564,4565,-5923],[4566,4567],[4568,-4570,4569],[4570],[4571,4572],[4573,4574],[-4576,4575],[4576,4577],[4578,4579],[4580],[4581],[4582]],"id":"feature_167"},{"properties":{"k":"uz|Kishoreganj|Austagram","t":"uz","n":"Austagram","d":"Kishoreganj","z":"Austagram","c":"","ce":0,"w":"BNP","wn":"BNP","v":[51858,15584,3261,348,0,1],"rest":205,"tt":71257,"mg":50.9,"to":null,"tv":0},"type":"Polygon","arcs":[[4583,-4588,-4814,-4806,-4809,-10242,-10284,4584]],"id":"feature_168"},{"properties":{"k":"uz|Kishoreganj|Bajitpur","t":"uz","n":"Bajitpur","d":"Kishoreganj","z":"Bajitpur","c":"","ce":0,"w":"Independent","wn":"Independent","v":[43029,34749,55451,1460,0,0],"rest":1307,"tt":135996,"mg":9.1,"to":null,"tv":0},"type":"Polygon","arcs":[[-4778,4585,-4776,4586,-4709,-4715,-4810,-4816,-4815,4587,4588,4589,-4634,-4780,4590,4591],[4592,4593,4594,4595],[4596,4597],[4598],[4599],[4600],[4601,4602],[4603],[4604],[4605],[4606],[4607],[4608],[4609,4610],[4611],[4612],[4613],[4614],[4615],[-4617,4616],[4617],[-4619,4618],[4619,-4621,4620,4621],[4622,-4624,4623],[4624,4625],[4626],[4627]],"id":"feature_169"},{"properties":{"k":"uz|Kishoreganj|Bhairab","t":"uz","n":"Bhairab","d":"Kishoreganj","z":"Bhairab","c":"","ce":0,"w":"BNP","wn":"BNP","v":[95376,31021,0,1262,0,0],"rest":3154,"tt":130813,"mg":49.2,"to":null,"tv":0},"type":"Polygon","arcs":[[4628,-5286,4629,4630,-5144,-4786,4631,-4784,4632,-4781,4633,4634,4635,4636,4637,4638,4639,4640,4641],[4642],[4643],[4644,4645],[4646],[4647],[4648],[-4650,4649],[4650],[-4652,4651],[-4653,4652],[4653],[-4655,4654],[4655],[4656]],"id":"feature_170"},{"properties":{"k":"uz|Kishoreganj|Hossainpur","t":"uz","n":"Hossainpur","d":"Kishoreganj","z":"Hossainpur","c":"","ce":0,"w":"BNP","wn":"BNP","v":[40733,27875,3562,0,103,0],"rest":1026,"tt":73299,"mg":17.5,"to":null,"tv":0},"type":"Polygon","arcs":[[-7267,-7432,-7438,-4744,-4831,-7268],[4657],[4658],[4659],[4660,4661],[-4664,4662,4663,4664],[4665,4666],[4667,4668,4669],[4670],[4671],[4672,4673],[-4675,4674]],"id":"feature_171"},{"properties":{"k":"uz|Kishoreganj|Itna","t":"uz","n":"Itna","d":"Kishoreganj","z":"Itna","c":"","ce":0,"w":"BNP","wn":"BNP","v":[54241,20537,286,1165,0,0],"rest":385,"tt":76614,"mg":44.0,"to":null,"tv":0},"type":"Polygon","arcs":[[-10227,-4808,-4677,-4848,-7617,-7569,-7570,-10567,-10230,-10228]],"id":"feature_172"},{"properties":{"k":"uz|Kishoreganj|Karimganj","t":"uz","n":"Karimganj","d":"Kishoreganj","z":"Karimganj","c":"","ce":0,"w":"BNP","wn":"BNP","v":[70633,67011,1239,7282,0,0],"rest":1088,"tt":147253,"mg":2.5,"to":null,"tv":0},"type":"Polygon","arcs":[[-4747,4675,-4745,-4846,-4849,4676,-4807,-4812,-4714,-4748],[4677,4678],[4679],[-4681,4680],[4681],[4682],[4683],[4684],[4685,4686,4687],[-4691,4688,4689,4690],[4691],[4692,4693],[4694],[4695,4696],[4697,-4699,4698],[4699],[4700],[-4702,4701],[4702],[-4704,4703],[4704],[4705],[4706],[4707]],"id":"feature_173"},{"properties":{"k":"uz|Kishoreganj|Katiadi","t":"uz","n":"Katiadi","d":"Kishoreganj","z":"Katiadi","c":"","ce":0,"w":"BNP","wn":"BNP","v":[72105,71752,1013,1653,0,174],"rest":1372,"tt":148069,"mg":0.2,"to":null,"tv":0},"type":"Polygon","arcs":[[4708,4709,-4774,4710,-5146,-5164,4711,-5162,4712,-5160,-4833,-4743,-4749,4713,-4811,4714],[4715,4716,4717],[4718,4719],[-4721,4720,4721],[4722,-4724,4723],[4724],[4725],[4726],[4727,4728],[4729],[4730,-4734,4731,4732,4733],[4734,-4736,4735],[4736,4737],[4738],[-4740,4739],[4740],[4741]],"id":"feature_174"},{"properties":{"k":"uz|Kishoreganj|Kishoreganj Sadar","t":"uz","n":"Kishoreganj Sadar","d":"Kishoreganj","z":"Kishoreganj Sadar","c":"","ce":0,"w":"BNP","wn":"BNP","v":[82212,71615,33437,0,520,0],"rest":1302,"tt":189086,"mg":5.6,"to":null,"tv":0},"type":"Polygon","arcs":[[4742,-4832,4743,-7437,-4847,4744,4745,4746,4747,4748],[4749],[4750],[4751],[4752],[4753],[4754],[4755],[4756],[4757],[4758],[4759],[4760],[4761],[4762],[4763],[-4765,4764],[4765,4766],[-4768,4767],[4768],[4769],[4770]],"id":"feature_175"},{"properties":{"k":"uz|Kishoreganj|Kuliarchar","t":"uz","n":"Kuliarchar","d":"Kishoreganj","z":"Kuliarchar","c":"","ce":0,"w":"BNP","wn":"BNP","v":[90419,11959,0,1105,0,0],"rest":1118,"tt":104601,"mg":75.0,"to":null,"tv":0},"type":"Polygon","arcs":[[-5150,4771,-5148,4772,4773,4774,4775,4776,4777,4778,4779,4780,4781,4782,4783,4784,4785,-5151],[4786],[4787],[4788],[4789],[-4791,4790],[-4792,4791],[4792],[-4794,4793],[4794,4795],[4796,-4798,4797],[4798,4799],[4800,-4802,4801],[4802,4803,4804]],"id":"feature_176"},{"properties":{"k":"uz|Kishoreganj|Mithamain","t":"uz","n":"Mithamain","d":"Kishoreganj","z":"Mithamain","c":"","ce":0,"w":"BNP","wn":"BNP","v":[27552,22978,1886,973,0,0],"rest":44,"tt":53433,"mg":8.6,"to":null,"tv":0},"type":"Polygon","arcs":[[4805,-4813,4806,4807,-10226,-10243,4808]],"id":"feature_177"},{"properties":{"k":"uz|Kishoreganj|Nikli","t":"uz","n":"Nikli","d":"Kishoreganj","z":"Nikli","c":"","ce":0,"w":"Independent","wn":"Independent","v":[23088,18616,25627,1201,0,0],"rest":420,"tt":68952,"mg":3.7,"to":null,"tv":0},"type":"Polygon","arcs":[[4809,4810,4811,4812,4813,4814,4815],[4816],[4817],[4818,-4820,4819],[4820,4821],[4822],[4823,4824],[4825],[4826],[4827,4828]],"id":"feature_178"},{"properties":{"k":"uz|Kishoreganj|Pakundia","t":"uz","n":"Pakundia","d":"Kishoreganj","z":"Pakundia","c":"","ce":0,"w":"BNP","wn":"BNP","v":[70511,46209,646,1850,0,217],"rest":910,"tt":120343,"mg":20.2,"to":null,"tv":0},"type":"Polygon","arcs":[[-5158,4829,-7269,4830,4831,4832,-5159],[4833,4834,4835],[4836,4837],[4838],[4839],[-4841,4840],[4841,4842],[4843],[4844]],"id":"feature_179"},{"properties":{"k":"uz|Kishoreganj|Tarail","t":"uz","n":"Tarail","d":"Kishoreganj","z":"Tarail","c":"","ce":0,"w":"BNP","wn":"BNP","v":[41005,34265,234,3452,0,0],"rest":450,"tt":79406,"mg":8.5,"to":null,"tv":0},"type":"Polygon","arcs":[[4845,4846,-7436,-7575,-7580,-7607,-7618,4847,4848]],"id":"feature_180"},{"properties":{"k":"uz|Madaripur|Dasar","t":"uz","n":"Dasar","d":"Madaripur","z":"Dasar","c":"","ce":0,"w":"BNP","wn":"BNP","v":[24377,10279,0,1911,0,0],"rest":450,"tt":37017,"mg":38.1,"to":null,"tv":0},"type":"Polygon","arcs":[[4849,4850,-4857,-4860,-4854,4851]],"id":"feature_181"},{"properties":{"k":"uz|Madaripur|Kalkini","t":"uz","n":"Kalkini","d":"Madaripur","z":"Kalkini","c":"","ce":0,"w":"Jamaat","wn":"Jamaat","v":[42097,49069,0,6054,0,0],"rest":1655,"tt":98875,"mg":7.1,"to":null,"tv":0},"type":"Polygon","arcs":[[4852,4853,-4859,-5600,-5606,-5490,-5533,4854,4855]],"id":"feature_182"},{"properties":{"k":"uz|Madaripur|Madaripur Sadar","t":"uz","n":"Madaripur Sadar","d":"Madaripur","z":"Madaripur Sadar","c":"","ce":0,"w":"BNP","wn":"BNP","v":[67878,45978,14400,17433,0,0],"rest":1282,"tt":146971,"mg":14.9,"to":null,"tv":0},"type":"Polygon","arcs":[[4856,4857,-4865,-4879,-4885,-5622,-5601,4858,4859]],"id":"feature_183"},{"properties":{"k":"uz|Madaripur|Rajoir","t":"uz","n":"Rajoir","d":"Madaripur","z":"Rajoir","c":"","ce":0,"w":"Independent","wn":"Independent","v":[21919,11552,54809,4142,0,0],"rest":489,"tt":92911,"mg":35.4,"to":null,"tv":0},"type":"Polygon","arcs":[[4860,4861,4862,4863,-4880,4864,4865],[4866],[4867],[4868],[4869],[4870],[4871],[4872],[4873],[4874],[4875],[-4877,4876],[-4878,4877]],"id":"feature_184"},{"properties":{"k":"uz|Madaripur|Shibchar","t":"uz","n":"Shibchar","d":"Madaripur","z":"Shibchar","c":"","ce":0,"w":"BNP","wn":"BNP","v":[65055,64256,39709,6164,0,3024],"rest":463,"tt":178671,"mg":0.4,"to":null,"tv":0},"type":"Polygon","arcs":[[4878,4879,4880,4881,-5007,-4997,-5627,4882,-5625,4883,-5623,4884],[4885,4886],[4887],[4888],[-4890,4889],[4890],[4891],[4892,4893],[4894],[4895],[4896],[4897],[4898],[4899,4900],[4901]],"id":"feature_185"},{"properties":{"k":"uz|Manikganj|Daulatpur","t":"uz","n":"Daulatpur","d":"Manikganj","z":"Daulatpur","c":"","ce":0,"w":"Independent","wn":"Independent","v":[34002,19394,37930,1642,0,607],"rest":3148,"tt":96723,"mg":4.1,"to":null,"tv":0},"type":"Polygon","arcs":[[-5851,-5857,-4943,-4903,-4962,-8743,-9226,-5852]],"id":"feature_186"},{"properties":{"k":"uz|Manikganj|Ghior","t":"uz","n":"Ghior","d":"Manikganj","z":"Ghior","c":"","ce":0,"w":"BNP","wn":"BNP","v":[46635,24268,19331,493,0,134],"rest":1972,"tt":92833,"mg":24.1,"to":null,"tv":0},"type":"Polygon","arcs":[[-4910,-4915,-4906,-4963,4902,-4942,-4911]],"id":"feature_187"},{"properties":{"k":"uz|Manikganj|Harirampur","t":"uz","n":"Harirampur","d":"Manikganj","z":"Harirampur","c":"","ce":0,"w":"BNP","wn":"BNP","v":[60179,0,0,787,20113,0],"rest":2585,"tt":83664,"mg":47.9,"to":null,"tv":0},"type":"Polygon","arcs":[[4903,4904,-5372,-4961,-4964,4905,-4914,4906,4907,4908]],"id":"feature_188"},{"properties":{"k":"uz|Manikganj|Manikganj Sadar","t":"uz","n":"Manikganj Sadar","d":"Manikganj","z":"Manikganj Sadar","c":"","ce":0,"w":"BNP","wn":"BNP","v":[116815,39971,12706,1701,8273,0],"rest":3214,"tt":182680,"mg":42.1,"to":null,"tv":0},"type":"Polygon","arcs":[[4909,4910,-4941,4911,-4966,4912,4913,4914],[4915],[4916],[4917],[4918],[4919],[4920],[-4923,4921,4922,4923],[4924,4925],[4926],[-4928,4927],[4928],[4929,4930],[4931],[4932],[4933],[4934],[4935],[4936],[-4938,4937],[4938]],"id":"feature_189"},{"properties":{"k":"uz|Manikganj|Saturia","t":"uz","n":"Saturia","d":"Manikganj","z":"Saturia","c":"","ce":0,"w":"BNP","wn":"BNP","v":[67973,22915,11927,1278,0,0],"rest":4248,"tt":108341,"mg":41.6,"to":null,"tv":0},"type":"Polygon","arcs":[[4939,4940,4941,4942,-5856,4943],[4944,4945],[-4947,4946],[4947],[4948],[4949],[4950],[4951],[4952],[-4954,4953],[-4955,4954],[4955],[4956,4957],[4958,4959]],"id":"feature_190"},{"properties":{"k":"uz|Manikganj|Shibalay","t":"uz","n":"Shibalay","d":"Manikganj","z":"Shibalay","c":"","ce":0,"w":"BNP","wn":"BNP","v":[56199,25949,19800,1080,0,318],"rest":2103,"tt":105449,"mg":28.7,"to":null,"tv":0},"type":"Polygon","arcs":[[4960,-5371,-8744,4961,4962,4963]],"id":"feature_191"},{"properties":{"k":"uz|Manikganj|Singair","t":"uz","n":"Singair","d":"Manikganj","z":"Singair","c":"","ce":0,"w":"BNP","wn":"BNP","v":[95838,0,0,2772,51445,0],"rest":3662,"tt":153717,"mg":28.9,"to":null,"tv":0},"type":"Polygon","arcs":[[4964,4965,4966,4967,4968,4969,4970,4971],[4972],[4973],[4974],[4975,4976],[4977],[4978],[4979],[4980],[4981],[4982],[4983],[4984],[4985],[4986],[4987],[4988],[4989],[4990],[4991]],"id":"feature_192"},{"properties":{"k":"uz|Munshiganj|Gazaria","t":"uz","n":"Gazaria","d":"Munshiganj","z":"Gazaria","c":"","ce":0,"w":"BNP","wn":"BNP","v":[46866,13724,20492,2542,0,0],"rest":268,"tt":83892,"mg":31.4,"to":null,"tv":0},"type":"Polygon","arcs":[[4992,4993,-4998,-5058,-5064,4994,4995]],"id":"feature_193"},{"properties":{"k":"uz|Munshiganj|Louhajang","t":"uz","n":"Louhajang","d":"Munshiganj","z":"Louhajang","c":"","ce":0,"w":"BNP","wn":"BNP","v":[56315,25414,0,6230,0,0],"rest":1943,"tt":89902,"mg":34.4,"to":null,"tv":0},"type":"Polygon","arcs":[[-5628,4996,-5006,-5013,-5005,-5014,-5629]],"id":"feature_194"},{"properties":{"k":"uz|Munshiganj|Munshiganj Sadar","t":"uz","n":"Munshiganj Sadar","d":"Munshiganj","z":"Munshiganj Sadar","c":"","ce":0,"w":"BNP","wn":"BNP","v":[75800,37938,67641,3726,0,0],"rest":1246,"tt":186351,"mg":4.4,"to":null,"tv":0},"type":"Polygon","arcs":[[-5570,-5016,-5071,-5065,-5059,4997,4998,-5488,-5571],[4999],[5000]],"id":"feature_195"},{"properties":{"k":"uz|Munshiganj|Sirajdikhan","t":"uz","n":"Sirajdikhan","d":"Munshiganj","z":"Sirajdikhan","c":"","ce":0,"w":"BNP","wn":"BNP","v":[94935,48633,6610,3499,0,0],"rest":368,"tt":154045,"mg":30.1,"to":null,"tv":0},"type":"Polygon","arcs":[[-5011,5001,5002,5003,-5073,-5015,5004,-5012]],"id":"feature_196"},{"properties":{"k":"uz|Munshiganj|Sreenagar","t":"uz","n":"Sreenagar","d":"Munshiganj","z":"Sreenagar","c":"","ce":0,"w":"BNP","wn":"BNP","v":[70779,49559,23784,5418,0,0],"rest":364,"tt":149904,"mg":14.2,"to":null,"tv":0},"type":"Polygon","arcs":[[5005,5006,5007,5008,5009,5010,5011,5012]],"id":"feature_197"},{"properties":{"k":"uz|Munshiganj|Tongibari","t":"uz","n":"Tongibari","d":"Munshiganj","z":"Tongibari","c":"","ce":0,"w":"BNP","wn":"BNP","v":[63521,31336,0,6983,0,0],"rest":1499,"tt":103339,"mg":31.1,"to":null,"tv":0},"type":"Polygon","arcs":[[-5568,-5630,5013,5014,-5072,5015,-5569]],"id":"feature_198"},{"properties":{"k":"uz|Narayanganj|Araihazar","t":"uz","n":"Araihazar","d":"Narayanganj","z":"Araihazar","c":"","ce":0,"w":"BNP","wn":"BNP","v":[124291,81054,18744,5265,0,142],"rest":577,"tt":230073,"mg":18.8,"to":null,"tv":0},"type":"MultiPolygon","arcs":[[[-5061,-5114,-5181,5016,-5179,5017,5018,-5176,5019,5020,5021,-5174,-5191,5022,5023,-5025,5024,-5188,-5057,5025,-5185,5026,5027,5028,-5062],[5029,-5031,5030],[5031,5032,5033],[5034],[5035],[5036],[5037],[-5039,5038],[-5040,5039],[5040],[5041],[5042],[5043],[5044,5045],[5046,5047],[5048,-5050,5049],[5050,5051],[5052],[5053],[-5055,5054]],[[5055,5056,-5187]]],"id":"feature_199"},{"properties":{"k":"uz|Narayanganj|Sonargaon","t":"uz","n":"Sonargaon","d":"Narayanganj","z":"Sonargaon","c":"","ce":0,"w":"BNP","wn":"BNP","v":[108278,81317,16903,8258,0,230],"rest":983,"tt":215969,"mg":12.5,"to":null,"tv":0},"type":"Polygon","arcs":[[5057,5058,-5069,-5076,5059,-5115,5060,5061,5062,5063]],"id":"feature_200"},{"properties":{"k":"uz|Narayanganj|Bandar","t":"uz","n":"Bandar","d":"Narayanganj","z":"Bandar","c":"","ce":0,"w":"KM","wn":"KM","v":[31556,0,21102,2611,32543,283],"rest":909,"tt":89004,"mg":1.1,"to":null,"tv":0},"type":"Polygon","arcs":[[5064,-5070,-5084,5065,-5081,5066,-5079,5067,-5077,5068]],"id":"feature_201"},{"properties":{"k":"uz|Narayanganj|Narayanganj Sadar","t":"uz","n":"Narayanganj Sadar","d":"Narayanganj","z":"Narayanganj Sadar","c":"","ce":0,"w":"Jamaat","wn":"Jamaat","v":[80138,105195,44108,16639,0,98],"rest":13820,"tt":259998,"mg":9.6,"to":null,"tv":0},"type":"Polygon","arcs":[[5069,5070,5071,5072,5073,5074,5075,5076,5077,5078,5079,5080,5081,5082,5083],[5084,-5087,5085,5086],[5087],[5088],[-5090,5089],[5090,5091],[5092,5093],[5094,-5096,5095],[5096,5097],[5098],[5099],[5100],[-5102,5101],[5102],[5103],[5104,5105],[5106],[5107],[5108],[5109]],"id":"feature_202"},{"properties":{"k":"uz|Narayanganj|Rupganj","t":"uz","n":"Rupganj","d":"Narayanganj","z":"Rupganj","c":"","ce":0,"w":"BNP","wn":"BNP","v":[155421,90289,456,7137,0,208],"rest":460,"tt":253971,"mg":25.6,"to":null,"tv":0},"type":"Polygon","arcs":[[5110,5111,5112,-5230,-5182,5113,5114,5115,5116],[5117],[-5119,5118],[5119],[5120],[5121],[5122],[5123],[5124],[5125,5126],[5127],[5128],[5129],[5130,5131],[-5133,5132],[5133],[5134],[-5136,5135],[-5137,5136],[5137],[5138],[-5140,5139],[5140],[5141,5142]],"id":"feature_203"},{"properties":{"k":"uz|Narsingdi|Belabo","t":"uz","n":"Belabo","d":"Narsingdi","z":"Belabo","c":"","ce":0,"w":"BNP","wn":"BNP","v":[70768,22089,0,1119,0,0],"rest":2903,"tt":96879,"mg":50.2,"to":null,"tv":0},"type":"Polygon","arcs":[[5143,5144,-5284,-5324,-5165,5145,5146,5147,5148,5149,5150]],"id":"feature_204"},{"properties":{"k":"uz|Narsingdi|Manohardi","t":"uz","n":"Manohardi","d":"Narsingdi","z":"Manohardi","c":"","ce":0,"w":"BNP","wn":"BNP","v":[91144,54817,0,5882,0,0],"rest":1340,"tt":153183,"mg":23.7,"to":null,"tv":0},"type":"Polygon","arcs":[[-5322,5151,5152,5153,5154,5155,5156,5157,5158,5159,5160,5161,5162,5163,5164,-5323],[5165],[5166,5167],[5168],[5169],[5170],[5171],[5172]],"id":"feature_205"},{"properties":{"k":"uz|Narsingdi|Narsingdi Sadar","t":"uz","n":"Narsingdi Sadar","d":"Narsingdi","z":"Narsingdi Sadar","c":"","ce":0,"w":"BNP","wn":"BNP","v":[195334,116801,0,13369,0,481],"rest":2913,"tt":328898,"mg":23.9,"to":null,"tv":0},"type":"Polygon","arcs":[[5173,5174,5175,5176,5177,5178,5179,5180,5181,-5229,-5250,-5319,-5332,-5279,5182,5183,5184,5185,5186,5187,5188,5189,5190],[5191],[5192],[5193,5194],[5195],[5196],[5197],[5198,5199],[5200,5201],[5202],[5203],[5204,5205,5206,5207],[5208],[5209],[5210],[5211],[5212],[5213],[5214],[5215,5216],[5217,5218],[5219],[5220],[5221],[5222],[5223],[5224],[5225],[5226],[5227]],"id":"feature_206"},{"properties":{"k":"uz|Narsingdi|Palash","t":"uz","n":"Palash","d":"Narsingdi","z":"Palash","c":"","ce":0,"w":"BNP","wn":"BNP","v":[57694,51236,0,0,0,0],"rest":1634,"tt":110564,"mg":5.8,"to":null,"tv":0},"type":"Polygon","arcs":[[5228,5229,5230,5231,5232,5233,5234,-5238,5235,5236,5237,5238,5239,5240,5241,5242,5243,5244,5245,5246,5247,5248,-5320,5249],[-5251,5250],[5251],[5252],[5253],[5254,5255],[5256],[5257,5258],[-5260,5259],[5260],[5261,5262],[5263],[5264],[-5266,5265],[5266],[5267],[5268],[5269],[5270],[5271],[5272],[5273],[5274,5275],[5276]],"id":"feature_207"},{"properties":{"k":"uz|Narsingdi|Raipura","t":"uz","n":"Raipura","d":"Narsingdi","z":"Raipura","c":"","ce":0,"w":"BNP","wn":"BNP","v":[136602,43682,26643,32582,0,0],"rest":3941,"tt":243450,"mg":38.2,"to":null,"tv":0},"type":"Polygon","arcs":[[5277,5278,-5331,5279,-5330,5280,-5328,5281,-5326,5282,-5325,5283,5284,5285,5286,5287,5288,5289,5290],[5291,5292,5293],[5294],[5295],[5296],[5297],[5298],[5299],[5300],[5301],[5302],[5303],[5304],[-5306,5305],[5306],[5307],[5308],[5309,5310],[5311],[5312],[5313],[5314],[5315],[5316],[5317]],"id":"feature_208"},{"properties":{"k":"uz|Narsingdi|Shibpur","t":"uz","n":"Shibpur","d":"Narsingdi","z":"Shibpur","c":"","ce":0,"w":"BNP","wn":"BNP","v":[81415,29450,45401,6413,0,0],"rest":2624,"tt":165303,"mg":21.8,"to":null,"tv":0},"type":"Polygon","arcs":[[5318,5319,5320,5321,5322,5323,5324,5325,5326,5327,5328,5329,5330,5331],[5332,5333,5334],[5335],[5336,5337],[5338,5339],[5340,5341],[5342],[5343],[5344],[5345,5346,5347],[5348],[5349],[-5351,5350],[5351],[5352],[5353,5354],[5355],[5356,5357,5358,5359],[5360],[5361,5362],[5363,5364,5365],[5366],[5367]],"id":"feature_209"},{"properties":{"k":"uz|Rajbari|Baliakandi","t":"uz","n":"Baliakandi","d":"Rajbari","z":"Baliakandi","c":"","ce":0,"w":"BNP","wn":"BNP","v":[80459,27178,5177,2793,96,349],"rest":1715,"tt":117767,"mg":45.2,"to":null,"tv":0},"type":"Polygon","arcs":[[5368,-6755,-5382,-5383,-5403,-5409,5369]],"id":"feature_210"},{"properties":{"k":"uz|Rajbari|Goalanda","t":"uz","n":"Goalanda","d":"Rajbari","z":"Goalanda","c":"","ce":0,"w":"BNP","wn":"BNP","v":[35593,20092,0,0,0,0],"rest":5082,"tt":60767,"mg":25.5,"to":null,"tv":0},"type":"Polygon","arcs":[[-5405,-8745,5370,5371,5372,-5406],[5373],[5374],[5375,5376,5377],[5378],[5379,5380]],"id":"feature_211"},{"properties":{"k":"uz|Rajbari|Kalukhali","t":"uz","n":"Kalukhali","d":"Rajbari","z":"Kalukhali","c":"","ce":0,"w":"BNP","wn":"BNP","v":[56843,17977,9818,2406,74,126],"rest":881,"tt":88125,"mg":44.1,"to":null,"tv":0},"type":"Polygon","arcs":[[5381,-6754,-5384,-5386,-8851,-5404,5382]],"id":"feature_212"},{"properties":{"k":"uz|Rajbari|Pangsha","t":"uz","n":"Pangsha","d":"Rajbari","z":"Pangsha","c":"","ce":0,"w":"BNP","wn":"BNP","v":[97546,20138,20855,3165,122,156],"rest":844,"tt":142826,"mg":53.7,"to":null,"tv":0},"type":"Polygon","arcs":[[5383,-6753,-6461,-6626,-8818,5384,-8839,-8852,5385],[5386],[5387],[5388],[5389],[5390,5391],[-5393,5392],[-5394,5393],[5394,5395],[5396],[5397,5398],[5399],[5400],[5401]],"id":"feature_213"},{"properties":{"k":"uz|Rajbari|Rajbari Sadar","t":"uz","n":"Rajbari Sadar","d":"Rajbari","z":"Rajbari Sadar","c":"","ce":0,"w":"BNP","wn":"BNP","v":[118310,79530,2,8,0,0],"rest":5526,"tt":203376,"mg":19.1,"to":null,"tv":0},"type":"Polygon","arcs":[[5402,5403,-8850,-8746,5404,5405,5406,5407,5408],[-5410,5409],[5410],[5411],[5412]],"id":"feature_214"},{"properties":{"k":"uz|Shariatpur|Bhedarganj","t":"uz","n":"Bhedarganj","d":"Shariatpur","z":"Bhedarganj","c":"","ce":0,"w":"BNP","wn":"BNP","v":[89657,44196,179,4224,0,194],"rest":1174,"tt":139624,"mg":32.6,"to":null,"tv":0},"type":"MultiPolygon","arcs":[[[-5536,-5497,-5495,5413,-5493,5414,-5491,-5604,-5574,5415,5416,5417,5418,5419,5420,5421,-5537],[5422],[5423],[5424,5425],[5426,5427],[5428],[-5430,5429],[5430],[5431],[5432],[-5434,5433],[5434],[5435,5436],[5437],[5438,5439,5440,5441],[5442],[5443],[5444,5445],[5446,5447,5448,5449],[5450],[5451],[5452],[5453],[5454]],[[5455,5456,5457,5458,5459,5460,5461,5462,5463,5464],[5465],[5466],[5467],[5468],[5469],[5470],[5471]],[[5472,5473,5474,5475]],[[5476,-5598,5477]],[[5478,5479,5480]],[[5481]],[[5482,5483,5484]],[[5485,5486,-5572,5487,5488]]],"id":"feature_215"},{"properties":{"k":"uz|Shariatpur|Damudya","t":"uz","n":"Damudya","d":"Shariatpur","z":"Damudya","c":"","ce":0,"w":"BNP","wn":"BNP","v":[32744,26958,0,2025,0,0],"rest":659,"tt":62386,"mg":9.3,"to":null,"tv":0},"type":"Polygon","arcs":[[-5534,5489,-5605,5490,5491,5492,5493,5494,5495,5496,-5535],[5497],[5498],[5499],[5500],[5501],[5502,-5504,5503,5504],[5505,-5507,5506],[5507],[5508],[5509,5510,5511],[5512,-5515,5513,5514,5515],[5516,5517],[5518,5519],[5520],[5521],[5522],[5523],[5524],[5525]],"id":"feature_216"},{"properties":{"k":"uz|Shariatpur|Gosairhat","t":"uz","n":"Gosairhat","d":"Shariatpur","z":"Gosairhat","c":"","ce":0,"w":"BNP","wn":"BNP","v":[52637,26253,0,6092,0,0],"rest":765,"tt":85747,"mg":30.8,"to":null,"tv":0},"type":"MultiPolygon","arcs":[[[5526,5527]],[[5528,5529,5530,5531,5532,5533,5534,5535,5536,5537,5538],[5539,5540,5541,5542],[5543],[5544,5545,5546],[5547],[5548],[5549],[5550],[5551],[5552],[5553,5554],[5555],[5556],[-5558,5557],[5558]],[[5559]],[[5560,5561,5562]],[[5563]],[[5564,5565,5566]]],"id":"feature_217"},{"properties":{"k":"uz|Shariatpur|Naria","t":"uz","n":"Naria","d":"Shariatpur","z":"Naria","c":"","ce":0,"w":"BNP","wn":"BNP","v":[59987,38412,272,3776,0,88],"rest":2711,"tt":105246,"mg":20.5,"to":null,"tv":0},"type":"MultiPolygon","arcs":[[[-5602,-5620,-5631,5567,5568,5569,5570,5571,5572,5573,-5603],[5574],[5575],[5576,5577],[5578],[5579,5580],[5581],[5582],[5583],[5584],[5585],[-5587,5586],[5587],[5588],[5589,5590],[5591],[-5593,5592,5593],[5594],[5595]],[[5596,5597,5598]]],"id":"feature_218"},{"properties":{"k":"uz|Shariatpur|Shariatpur Sadar","t":"uz","n":"Shariatpur Sadar","d":"Shariatpur","z":"Shariatpur Sadar","c":"","ce":0,"w":"BNP","wn":"BNP","v":[52779,30602,4938,6035,0,232],"rest":543,"tt":95129,"mg":23.3,"to":null,"tv":0},"type":"Polygon","arcs":[[5599,5600,-5621,5601,5602,5603,5604,5605],[5606,5607,5608],[5609],[5610],[5611,5612],[5613],[5614],[-5616,5615],[5616],[-5618,5617],[5618]],"id":"feature_219"},{"properties":{"k":"uz|Shariatpur|Zajira","t":"uz","n":"Zajira","d":"Shariatpur","z":"Zajira","c":"","ce":0,"w":"Jamaat","wn":"Jamaat","v":[23905,30563,9914,4641,0,317],"rest":439,"tt":69779,"mg":9.5,"to":null,"tv":0},"type":"Polygon","arcs":[[5619,5620,5621,5622,5623,5624,5625,5626,5627,5628,5629,5630],[5631,5632],[5633],[5634],[5635],[5636],[5637],[5638],[5639]],"id":"feature_220"},{"properties":{"k":"uz|Tangail|Basail","t":"uz","n":"Basail","d":"Tangail","z":"Basail","c":"","ce":0,"w":"BNP","wn":"BNP","v":[52734,23205,19073,0,0,0],"rest":419,"tt":95431,"mg":30.9,"to":null,"tv":0},"type":"Polygon","arcs":[[-5830,-5691,-5897,-5784,-5858,-5864,-5831],[5640,5641,5642],[5643],[-5645,5644],[5645],[5646],[5647],[5648],[5649],[5650,5651],[5652],[5653],[5654],[5655],[5656],[5657],[5658],[5659],[5660],[5661],[-5663,5662],[5663]],"id":"feature_221"},{"properties":{"k":"uz|Tangail|Bhuanpur","t":"uz","n":"Bhuanpur","d":"Tangail","z":"Bhuanpur","c":"","ce":0,"w":"BNP","wn":"BNP","v":[75179,30694,0,2143,0,0],"rest":806,"tt":108822,"mg":40.9,"to":null,"tv":0},"type":"Polygon","arcs":[[-5776,-9319,-7200,-5743,-5731,5664,-5729,-5777],[5665],[5666],[5667],[5668,5669],[5670,5671,5672],[5673,5674],[-5676,5675],[5676],[5677],[5678],[5679],[5680],[5681],[5682],[5683],[5684],[5685,5686],[5687],[5688],[5689]],"id":"feature_222"},{"properties":{"k":"uz|Tangail|Delduar","t":"uz","n":"Delduar","d":"Tangail","z":"Delduar","c":"","ce":0,"w":"BNP","wn":"BNP","v":[47798,39308,15933,4099,0,0],"rest":1905,"tt":109043,"mg":7.8,"to":null,"tv":0},"type":"Polygon","arcs":[[-5828,-5853,-5898,5690,-5829]],"id":"feature_223"},{"properties":{"k":"uz|Tangail|Dhanbari","t":"uz","n":"Dhanbari","d":"Tangail","z":"Dhanbari","c":"","ce":0,"w":"BNP","wn":"BNP","v":[65884,30947,6579,502,0,0],"rest":1240,"tt":105152,"mg":33.2,"to":null,"tv":0},"type":"Polygon","arcs":[[-5744,-7203,-7156,-7162,-5806,-5745],[5691],[5692,5693,5694],[-5696,5695],[5696],[5697],[-5699,5698],[5699,5700],[5701],[5702],[5703,5704],[5705,-5707,5706],[5707],[5708],[5709,5710],[5711,-5713,5712],[5713],[5714],[5715],[5716],[5717],[5718],[5719],[5720],[5721,5722],[5723],[5724],[5725],[5726],[5727]],"id":"feature_224"},{"properties":{"k":"uz|Tangail|Ghatail","t":"uz","n":"Ghatail","d":"Tangail","z":"Ghatail","c":"","ce":0,"w":"Independent","wn":"Independent","v":[81734,33203,107843,3993,0,0],"rest":0,"tt":226773,"mg":11.5,"to":null,"tv":0},"type":"Polygon","arcs":[[-5778,5728,5729,5730,-5742,-5746,-5804,-5807,-7229,-7209,-5860,-5783,5731,-5779],[5732,5733,5734],[5735],[5736],[5737],[5738],[5739],[5740]],"id":"feature_225"},{"properties":{"k":"uz|Tangail|Gopalpur","t":"uz","n":"Gopalpur","d":"Tangail","z":"Gopalpur","c":"","ce":0,"w":"BNP","wn":"BNP","v":[120411,29179,0,2562,0,0],"rest":962,"tt":153114,"mg":59.6,"to":null,"tv":0},"type":"Polygon","arcs":[[5741,5742,-7199,-7204,5743,5744,-5805,5745],[5746],[5747],[5748],[5749],[-5751,5750],[5751,5752],[5753],[5754,5755,5756],[5757,5758],[5759,-5761,5760],[5761],[5762,5763],[5764],[5765,5766],[-5768,5767],[5768],[5769],[5770]],"id":"feature_226"},{"properties":{"k":"uz|Tangail|Kalihati","t":"uz","n":"Kalihati","d":"Tangail","z":"Kalihati","c":"","ce":0,"w":"BNP","wn":"BNP","v":[104243,48560,66027,1791,0,0],"rest":755,"tt":221376,"mg":17.3,"to":null,"tv":0},"type":"Polygon","arcs":[[-5895,5771,5772,-5892,5773,-5890,5774,-5888,-9207,-9320,5775,5776,5777,5778,5779,5780,5781,5782,-5859,5783,-5896],[5784],[5785],[5786],[5787],[5788],[5789,5790],[-5792,5791],[5792],[5793],[5794],[5795,5796,5797],[5798,5799],[5800],[5801],[-5803,5802]],"id":"feature_227"},{"properties":{"k":"uz|Tangail|Madhupur","t":"uz","n":"Madhupur","d":"Tangail","z":"Madhupur","c":"","ce":0,"w":"BNP","wn":"BNP","v":[87024,62098,22232,1209,0,0],"rest":897,"tt":173460,"mg":14.4,"to":null,"tv":0},"type":"Polygon","arcs":[[5803,5804,5805,-7161,-7420,-7230,5806],[5807],[5808],[5809],[5810],[5811],[5812],[-5814,5813],[5814],[5815],[5816],[5817],[5818,5819],[5820],[5821],[5822],[5823],[5824],[5825]],"id":"feature_228"},{"properties":{"k":"uz|Tangail|Mirzapur","t":"uz","n":"Mirzapur","d":"Tangail","z":"Mirzapur","c":"","ce":0,"w":"BNP","wn":"BNP","v":[141253,71040,0,0,0,0],"rest":1492,"tt":213785,"mg":32.8,"to":null,"tv":0},"type":"Polygon","arcs":[[5826,-5854,5827,5828,5829,5830,-5863,5831,5832],[5833,5834],[5835,5836],[5837,5838,5839],[-5841,5840],[5841],[5842],[5843],[5844],[5845],[5846],[5847],[5848],[5849]],"id":"feature_229"},{"properties":{"k":"uz|Tangail|Nagarpur","t":"uz","n":"Nagarpur","d":"Tangail","z":"Nagarpur","c":"","ce":0,"w":"BNP","wn":"BNP","v":[101714,50335,2022,7835,0,0],"rest":2689,"tt":164595,"mg":31.2,"to":null,"tv":0},"type":"Polygon","arcs":[[5850,5851,-9225,-9230,-5887,-5899,5852,5853,5854,5855,5856]],"id":"feature_230"},{"properties":{"k":"uz|Tangail|Sakhipur","t":"uz","n":"Sakhipur","d":"Tangail","z":"Sakhipur","c":"","ce":0,"w":"BNP","wn":"BNP","v":[59546,30228,56974,0,0,0],"rest":969,"tt":147717,"mg":1.7,"to":null,"tv":0},"type":"Polygon","arcs":[[5857,5858,5859,-7208,5860,5861,5862,5863],[5864],[5865],[5866,5867],[5868],[5869,5870,-5872,5871],[5872,-5874,5873],[5874],[5875,5876],[5877],[5878],[5879],[5880],[5881,5882],[5883],[5884],[5885]],"id":"feature_231"},{"properties":{"k":"uz|Tangail|Tangail Sadar","t":"uz","n":"Tangail Sadar","d":"Tangail","z":"Tangail Sadar","c":"","ce":0,"w":"BNP","wn":"BNP","v":[131067,78727,69448,2559,0,261],"rest":4191,"tt":286253,"mg":18.3,"to":null,"tv":0},"type":"Polygon","arcs":[[5886,-9229,-9208,5887,5888,5889,5890,5891,5892,5893,5894,5895,5896,5897,5898],[5899],[5900],[5901],[-5903,5902],[5903],[5904,5905],[5906],[5907],[5908],[5909]],"id":"feature_232"},{"properties":{"k":"uz|Bagerhat|Bagerhat Sadar","t":"uz","n":"Bagerhat Sadar","d":"Bagerhat","z":"Bagerhat Sadar","c":"","ce":0,"w":"Jamaat","wn":"Jamaat","v":[45483,85971,35681,2997,0,0],"rest":0,"tt":170132,"mg":23.8,"to":null,"tv":0},"type":"Polygon","arcs":[[-6002,-6047,-5926,-5928,-5920,-5929,-6003],[5910,5911],[-5913,5912],[5913],[5914],[5915,5916],[5917]],"id":"feature_233"},{"properties":{"k":"uz|Bagerhat|Chitalmari","t":"uz","n":"Chitalmari","d":"Bagerhat","z":"Chitalmari","c":"","ce":0,"w":"BNP","wn":"BNP","v":[40054,33242,4785,0,0,0],"rest":399,"tt":78480,"mg":8.7,"to":null,"tv":0},"type":"Polygon","arcs":[[5918,-5930,5919,-5927,-5935,5920,-5933,-5939,5921,5922,5923],[5924]],"id":"feature_234"},{"properties":{"k":"uz|Bagerhat|Fakirhat","t":"uz","n":"Fakirhat","d":"Bagerhat","z":"Fakirhat","c":"","ce":0,"w":"Jamaat","wn":"Jamaat","v":[42016,50722,2898,0,0,0],"rest":532,"tt":96168,"mg":9.1,"to":null,"tv":0},"type":"Polygon","arcs":[[5925,-6046,-6485,-6489,-6608,-6613,-5936,5926,5927]],"id":"feature_235"},{"properties":{"k":"uz|Bagerhat|Kachua","t":"uz","n":"Kachua","d":"Bagerhat","z":"Kachua","c":"","ce":0,"w":"Jamaat","wn":"Jamaat","v":[20391,30399,12865,1284,0,0],"rest":0,"tt":64939,"mg":15.4,"to":null,"tv":0},"type":"Polygon","arcs":[[-6004,5928,5929,5930,5931,-6005]],"id":"feature_236"},{"properties":{"k":"uz|Bagerhat|Mollahat","t":"uz","n":"Mollahat","d":"Bagerhat","z":"Mollahat","c":"","ce":0,"w":"Jamaat","wn":"Jamaat","v":[31372,32216,3846,0,0,0],"rest":308,"tt":67742,"mg":1.2,"to":null,"tv":0},"type":"Polygon","arcs":[[5932,5933,5934,5935,-6612,-6617,-6840,5936,5937,5938]],"id":"feature_237"},{"properties":{"k":"uz|Bagerhat|Mongla","t":"uz","n":"Mongla","d":"Bagerhat","z":"Mongla","c":"","ce":0,"w":"BNP","wn":"BNP","v":[47118,32220,194,2263,0,0],"rest":197,"tt":81992,"mg":18.2,"to":null,"tv":0},"type":"MultiPolygon","arcs":[[[-6512,5939,-6510,-6513]],[[5940,-6515,5941]],[[5942]],[[5943,-6518]],[[5944,5945,-6495,5946,-6493,-6045,-6001,5947,-6068,5948,-6066,5949,-6062,5950,-6501,5951,-6500,5952,5953,5954,-6497,5955,5956],[5957,5958],[5959],[5960],[-5962,5961],[-5963,5962],[5963],[5964,5965],[5966,5967],[5968],[5969,5970,5971],[5972],[5973],[5974],[5975],[5976],[-5978,5977],[5978],[-5980,5979],[5980,5981],[-5983,5982],[-5984,5983],[-5985,5984],[5985],[5986],[5987],[5988],[5989]],[[5990]],[[-6049,-6058,5991]],[[5992]],[[-6051,5993,-6052]],[[5994,-6054,5995]],[[5996]],[[5997,-6056,5998]]],"id":"feature_238"},{"properties":{"k":"uz|Bagerhat|Morelganj","t":"uz","n":"Morelganj","d":"Bagerhat","z":"Morelganj","c":"","ce":0,"w":"Jamaat","wn":"Jamaat","v":[65579,89685,146,5800,0,0],"rest":1021,"tt":162231,"mg":14.9,"to":null,"tv":0},"type":"Polygon","arcs":[[-6070,5999,6000,-6044,-6048,6001,6002,6003,6004,6005,6006,6007,6008,6009,6010,6011,-6071],[6012],[6013,6014,6015],[6016,6017,6018,6019,6020],[6021,6022,6023],[6024],[6025],[6026],[6027,6028,6029],[-6031,6030],[6031],[6032],[6033],[6034],[6035],[6036],[6037],[-6039,6038,-6040,6039],[6040],[6041],[6042]],"id":"feature_239"},{"properties":{"k":"uz|Bagerhat|Rampal","t":"uz","n":"Rampal","d":"Bagerhat","z":"Rampal","c":"","ce":0,"w":"BNP","wn":"BNP","v":[55075,50657,221,1359,0,0],"rest":147,"tt":107459,"mg":4.1,"to":null,"tv":0},"type":"Polygon","arcs":[[6043,6044,-6492,-6486,6045,6046,6047]],"id":"feature_240"},{"properties":{"k":"uz|Bagerhat|Sharankhola","t":"uz","n":"Sharankhola","d":"Bagerhat","z":"Sharankhola","c":"","ce":0,"w":"BNP","wn":"BNP","v":[31957,24732,68,2643,0,0],"rest":416,"tt":59816,"mg":12.1,"to":null,"tv":0},"type":"MultiPolygon","arcs":[[[6048,6049,6050,6051,6052,6053,6054,6055,6056,6057]],[[6058]],[[6059,6060,6061,6062,6063,6064,6065,6066,6067,6068,6069,6070,6071,6072,6073],[6074,6075],[6076],[6077,6078],[6079],[-6081,6080]],[[6081]],[[6082]],[[6083]],[[6084]]],"id":"feature_241"},{"properties":{"k":"uz|Chuadanga|Alamdanga","t":"uz","n":"Alamdanga","d":"Chuadanga","z":"Alamdanga","c":"","ce":0,"w":"Jamaat","wn":"Jamaat","v":[93289,128991,0,4545,0,0],"rest":0,"tt":226825,"mg":15.7,"to":null,"tv":0},"type":"Polygon","arcs":[[-6113,-6123,-6808,-6761,-6686,-6666,-6340,-6338,-6336,-6114],[6085,6086],[6087,-6089,6088],[6089],[6090,6091,6092,6093],[-6095,6094,6095],[6096,6097],[-6099,6098],[6099],[6100,6101],[6102,6103],[6104],[6105],[6106],[6107],[6108],[6109],[6110],[6111]],"id":"feature_242"},{"properties":{"k":"uz|Chuadanga|Chuadanga Sadar","t":"uz","n":"Chuadanga Sadar","d":"Chuadanga","z":"Chuadanga Sadar","c":"","ce":0,"w":"Jamaat","wn":"Jamaat","v":[82803,109537,0,6485,0,0],"rest":0,"tt":198825,"mg":13.4,"to":null,"tv":0},"type":"Polygon","arcs":[[-6124,6112,6113,-6335,-6370,-6402,-6141,6114,-6125],[6115,6116],[6117,-6119,6118],[6119],[-6121,6120]],"id":"feature_243"},{"properties":{"k":"uz|Chuadanga|Damurhuda","t":"uz","n":"Damurhuda","d":"Chuadanga","z":"Damurhuda","c":"","ce":0,"w":"Jamaat","wn":"Jamaat","v":[79964,112128,0,3738,0,0],"rest":0,"tt":195830,"mg":16.4,"to":null,"tv":0},"type":"Polygon","arcs":[[6121,-6801,-6803,-6809,6122,6123,6124,6125,-6139,6126,6127],[6128,-6130,6129],[6130,6131],[-6133,6132],[6133],[6134],[6135],[6136]],"id":"feature_244"},{"properties":{"k":"uz|Chuadanga|Jibannagar","t":"uz","n":"Jibannagar","d":"Chuadanga","z":"Jibannagar","c":"","ce":0,"w":"Jamaat","wn":"Jamaat","v":[59038,63066,0,1547,0,0],"rest":0,"tt":123651,"mg":3.3,"to":null,"tv":0},"type":"Polygon","arcs":[[-6438,6137,6138,6139,6140,-6401,-6439],[6141,6142],[6143,6144],[6145],[6146],[6147],[6148]],"id":"feature_245"},{"properties":{"k":"uz|Jashore|Abhaynagar","t":"uz","n":"Abhaynagar","d":"Jashore","z":"Abhaynagar","c":"","ce":0,"w":"Jamaat","wn":"Jamaat","v":[68057,89825,345,3388,163,0],"rest":1842,"tt":163620,"mg":13.3,"to":null,"tv":0},"type":"Polygon","arcs":[[-6603,-6521,-6282,-6266,-6893,-6838,-6528,-6606,6149,-6604],[6150,6151,6152,6153,6154],[6155,6156,6157,6158],[6159],[6160],[6161],[6162],[6163],[6164],[6165,6166],[6167],[6168],[6169],[6170]],"id":"feature_246"},{"properties":{"k":"uz|Jashore|Bagharpara","t":"uz","n":"Bagharpara","d":"Jashore","z":"Bagharpara","c":"","ce":0,"w":"Jamaat","wn":"Jamaat","v":[54587,69882,331,8081,111,0],"rest":1459,"tt":134451,"mg":11.4,"to":null,"tv":0},"type":"Polygon","arcs":[[-6264,-6382,-6745,-6895,-6265],[6171,6172],[6173,-6175,6174],[6175],[6176],[6177,6178],[-6180,6179],[6180],[6181],[6182],[6183],[6184],[6185],[6186],[6187]],"id":"feature_247"},{"properties":{"k":"uz|Jashore|Chaugachha","t":"uz","n":"Chaugachha","d":"Jashore","z":"Chaugachha","c":"","ce":0,"w":"Jamaat","wn":"Jamaat","v":[67476,76293,287,3332,0,0],"rest":581,"tt":147969,"mg":6.0,"to":null,"tv":0},"type":"Polygon","arcs":[[-6212,-6315,6188,-6444,-6405,-6380,-6263,-6213],[6189],[-6191,6190],[6191,6192],[6193],[6194,-6196,6195,6196],[6197],[6198],[6199],[6200],[-6202,6201],[6202],[6203],[6204,-6206,6205],[6206],[6207],[6208],[6209],[6210]],"id":"feature_248"},{"properties":{"k":"uz|Jashore|Jhikargachha","t":"uz","n":"Jhikargachha","d":"Jashore","z":"Jhikargachha","c":"","ce":0,"w":"Jamaat","wn":"Jamaat","v":[77580,101179,263,2363,0,0],"rest":516,"tt":181901,"mg":13.0,"to":null,"tv":0},"type":"Polygon","arcs":[[-6924,-6316,6211,6212,-6262,-6279,6213,-6278,-6925],[6214,6215],[6216],[6217],[6218],[6219],[-6221,6220,6221],[-6223,6222],[6223],[6224,6225],[6226],[-6228,6227],[-6229,6228]],"id":"feature_249"},{"properties":{"k":"uz|Jashore|Keshabpur","t":"uz","n":"Keshabpur","d":"Jashore","z":"Keshabpur","c":"","ce":0,"w":"Jamaat","wn":"Jamaat","v":[79321,91018,0,1275,0,0],"rest":1617,"tt":173231,"mg":6.8,"to":null,"tv":0},"type":"Polygon","arcs":[[-7036,-6927,-6277,-6283,-6519,-7037],[6229],[6230,6231],[6232,6233],[6234],[6235,6236],[6237],[6238,-6240,6239],[6240,6241],[6242,6243],[6244],[6245,6246],[-6248,6247],[6248],[6249],[6250],[-6252,6251],[6252],[6253,6254,6255],[6256,-6258,6257],[-6259,6258],[-6260,6259],[6260]],"id":"feature_250"},{"properties":{"k":"uz|Jashore|Jashore Sadar","t":"uz","n":"Jashore Sadar","d":"Jashore","z":"Jashore Sadar","c":"","ce":0,"w":"BNP","wn":"BNP","v":[208052,199373,114,13516,22,0],"rest":5998,"tt":427075,"mg":2.0,"to":null,"tv":0},"type":"Polygon","arcs":[[-6280,6261,6262,-6379,-6383,6263,6264,-6894,6265,-6281],[6266,6267,6268,6269],[6270,6271],[6272],[6273],[6274,6275]],"id":"feature_251"},{"properties":{"k":"uz|Jashore|Manirampur","t":"uz","n":"Manirampur","d":"Jashore","z":"Manirampur","c":"","ce":0,"w":"Jamaat","wn":"Jamaat","v":[54415,130596,86354,4378,0,0],"rest":2194,"tt":277937,"mg":15.9,"to":null,"tv":0},"type":"Polygon","arcs":[[6276,-6926,6277,6278,6279,6280,6281,-6520,6282],[6283],[6284,-6286,6285],[6286],[6287],[-6289,6288],[6289],[6290],[6291,-6293,6292],[6293],[-6295,6294],[-6296,6295],[-6297,6296],[6297],[6298,6299],[6300],[6301],[6302],[6303],[6304],[6305],[6306],[6307],[6308],[6309],[6310],[6311],[6312]],"id":"feature_252"},{"properties":{"k":"uz|Jashore|Sharsha","t":"uz","n":"Sharsha","d":"Jashore","z":"Sharsha","c":"","ce":0,"w":"Jamaat","wn":"Jamaat","v":[92995,117377,0,1741,0,0],"rest":1367,"tt":213480,"mg":11.4,"to":null,"tv":0},"type":"Polygon","arcs":[[6313,6314,6315,-6923,6316],[6317],[6318],[6319],[6320],[6321],[6322,-6327,6323,6324,6325,6326],[6327],[6328],[6329],[6330],[-6332,6331],[6332],[6333]],"id":"feature_253"},{"properties":{"k":"uz|Jhenaidah|Harinakundu","t":"uz","n":"Harinakundu","d":"Jhenaidah","z":"Harinakundu","c":"","ce":0,"w":"Jamaat","wn":"Jamaat","v":[61002,69847,0,1695,0,0],"rest":609,"tt":133153,"mg":6.6,"to":null,"tv":0},"type":"Polygon","arcs":[[-6371,6334,6335,6336,6337,6338,6339,-6665,-6674,-6460,-6369,-6372],[6340],[6341,6342],[6343],[6344],[6345,6346],[6347],[6348],[6349],[6350],[6351],[6352],[6353],[6354],[6355,6356],[6357],[6358],[-6360,6359],[6360,6361],[6362],[6363],[-6365,6364],[6365],[6366,6367]],"id":"feature_254"},{"properties":{"k":"uz|Jhenaidah|Jhenaidah Sadar","t":"uz","n":"Jhenaidah Sadar","d":"Jhenaidah","z":"Jhenaidah Sadar","c":"","ce":0,"w":"Jamaat","wn":"Jamaat","v":[129780,145841,14198,3742,0,0],"rest":1409,"tt":294970,"mg":5.4,"to":null,"tv":0},"type":"Polygon","arcs":[[6368,-6459,-6462,-6718,-6747,-6381,-6403,6369,6370,6371],[6372],[6373],[6374],[6375],[6376,6377]],"id":"feature_255"},{"properties":{"k":"uz|Jhenaidah|Kaliganj","t":"uz","n":"Kaliganj","d":"Jhenaidah","z":"Kaliganj","c":"","ce":0,"w":"Jamaat","wn":"Jamaat","v":[39287,80745,62043,2942,0,0],"rest":672,"tt":185689,"mg":10.1,"to":null,"tv":0},"type":"Polygon","arcs":[[6378,6379,-6404,6380,-6746,6381,6382],[6383],[6384],[6385,6386],[6387],[-6389,6388],[6389],[6390],[6391],[6392],[6393],[6394],[6395],[6396],[6397,6398],[6399]],"id":"feature_256"},{"properties":{"k":"uz|Jhenaidah|Kotchandpur","t":"uz","n":"Kotchandpur","d":"Jhenaidah","z":"Kotchandpur","c":"","ce":0,"w":"Jamaat","wn":"Jamaat","v":[41947,55278,0,698,0,124],"rest":0,"tt":98047,"mg":13.6,"to":null,"tv":0},"type":"Polygon","arcs":[[-6440,6400,6401,6402,6403,6404,-6443,6405,-6441],[6406],[6407],[6408],[6409,6410],[6411],[6412,6413],[6414],[6415],[6416],[6417],[6418,6419],[-6421,6420,6421],[6422],[6423],[6424],[6425],[6426],[6427],[6428],[6429],[6430],[6431],[6432,6433],[6434],[6435]],"id":"feature_257"},{"properties":{"k":"uz|Jhenaidah|Maheshpur","t":"uz","n":"Maheshpur","d":"Jhenaidah","z":"Maheshpur","c":"","ce":0,"w":"Jamaat","wn":"Jamaat","v":[106679,117876,0,3070,0,244],"rest":0,"tt":227869,"mg":4.9,"to":null,"tv":0},"type":"Polygon","arcs":[[6436,6437,6438,6439,6440,6441,6442,6443,6444],[6445],[6446],[6447],[6448,6449],[6450,6451],[6452],[6453],[6454],[6455],[6456],[6457]],"id":"feature_258"},{"properties":{"k":"uz|Jhenaidah|Shailkupa","t":"uz","n":"Shailkupa","d":"Jhenaidah","z":"Shailkupa","c":"","ce":0,"w":"BNP","wn":"BNP","v":[171756,55930,0,0,0,0],"rest":1848,"tt":229534,"mg":50.5,"to":null,"tv":0},"type":"Polygon","arcs":[[6458,6459,-6673,-6644,-6650,-6625,6460,-6752,-6719,6461],[6462],[6463,6464],[-6466,6465],[6466],[6467],[6468],[6469,6470],[6471,6472],[6473,6474],[6475],[6476,-6479,6477,6478],[6479],[6480,6481],[6482,6483]],"id":"feature_259"},{"properties":{"k":"uz|Khulna|Batiaghata","t":"uz","n":"Batiaghata","d":"Khulna","z":"Batiaghata","c":"","ce":0,"w":"BNP","wn":"BNP","v":[60267,47097,908,3693,0,49],"rest":3482,"tt":115496,"mg":11.4,"to":null,"tv":0},"type":"Polygon","arcs":[[6484,6485,6486,-6490,-6576,-6523,6487,-6609,6488]],"id":"feature_260"},{"properties":{"k":"uz|Khulna|Dacope","t":"uz","n":"Dacope","d":"Khulna","z":"Dacope","c":"","ce":0,"w":"BNP","wn":"BNP","v":[58696,22476,604,1889,0,34],"rest":3807,"tt":87506,"mg":41.4,"to":null,"tv":0},"type":"MultiPolygon","arcs":[[[-6534,-6532,-6577,6489,6490,6491,6492,6493,6494,6495,6496,6497,6498,6499,6500,6501,-6535],[6502],[6503],[6504],[6505],[6506],[6507],[6508]],[[6509,6510,6511,6512]],[[6513,6514,6515]],[[6516,6517]]],"id":"feature_261"},{"properties":{"k":"uz|Khulna|Dumuria","t":"uz","n":"Dumuria","d":"Khulna","z":"Dumuria","c":"","ce":0,"w":"BNP","wn":"BNP","v":[113696,94509,0,0,0,0],"rest":2423,"tt":210628,"mg":9.1,"to":null,"tv":0},"type":"Polygon","arcs":[[-6575,-7038,6518,6519,6520,-6602,-6525,6521,6522]],"id":"feature_262"},{"properties":{"k":"uz|Khulna|Dighalia","t":"uz","n":"Dighalia","d":"Khulna","z":"Dighalia","c":"","ce":0,"w":"BNP","wn":"BNP","v":[41893,10413,321,4599,30100,0],"rest":239,"tt":87565,"mg":13.5,"to":null,"tv":0},"type":"MultiPolygon","arcs":[[[6523,6524,-6601,6525]],[[-6615,-6611,6526,-6599,-6607,6527,-6837,-6616]]],"id":"feature_263"},{"properties":{"k":"uz|Khulna|Koyra","t":"uz","n":"Koyra","d":"Khulna","z":"Koyra","c":"","ce":0,"w":"Jamaat","wn":"Jamaat","v":[47900,74143,0,779,0,0],"rest":1207,"tt":124029,"mg":21.2,"to":null,"tv":0},"type":"MultiPolygon","arcs":[[[6528,-7032]],[[-6973,6529,-6971,6530,-6969,-6919,-6574,-6578,6531,6532,6533,6534,6535,-6974],[6536],[6537],[-6539,6538],[-6540,6539],[6540],[6541,-6543,6542],[6543],[6544,6545],[6546,6547],[6548],[6549],[6550,6551],[6552],[6553],[6554,6555],[6556],[6557,6558],[6559],[6560],[6561],[6562],[6563],[6564],[6565],[6566,6567]],[[6568]],[[6569]],[[6570]],[[6571]],[[6572]]],"id":"feature_264"},{"properties":{"k":"uz|Khulna|Paikgachha","t":"uz","n":"Paikgachha","d":"Khulna","z":"Paikgachha","c":"","ce":0,"w":"BNP","wn":"BNP","v":[74377,73591,0,2097,0,0],"rest":2951,"tt":153016,"mg":0.5,"to":null,"tv":0},"type":"Polygon","arcs":[[6573,-6918,-7039,6574,6575,6576,6577],[6578],[6579],[6580,6581],[6582],[6583],[6584],[6585],[6586],[6587],[6588],[6589],[6590],[-6592,6591,6592],[6593,6594],[6595],[6596],[6597]],"id":"feature_265"},{"properties":{"k":"uz|Khulna|Phultala","t":"uz","n":"Phultala","d":"Khulna","z":"Phultala","c":"","ce":0,"w":"Jamaat","wn":"Jamaat","v":[33929,49805,0,0,0,0],"rest":569,"tt":84303,"mg":18.8,"to":null,"tv":0},"type":"Polygon","arcs":[[6598,6599,6600,6601,6602,6603,6604,6605,6606]],"id":"feature_266"},{"properties":{"k":"uz|Khulna|Rupsa","t":"uz","n":"Rupsa","d":"Khulna","z":"Rupsa","c":"","ce":0,"w":"BNP","wn":"BNP","v":[55668,0,336,7136,47414,0],"rest":0,"tt":110554,"mg":7.5,"to":null,"tv":0},"type":"Polygon","arcs":[[6607,6608,6609,6610,-6614,-6618,6611,6612]],"id":"feature_267"},{"properties":{"k":"uz|Khulna|Terokhada","t":"uz","n":"Terokhada","d":"Khulna","z":"Terokhada","c":"","ce":0,"w":"BNP","wn":"BNP","v":[34184,0,262,2367,30677,0],"rest":0,"tt":67490,"mg":5.2,"to":null,"tv":0},"type":"Polygon","arcs":[[6613,6614,6615,-6836,-6841,6616,6617]],"id":"feature_268"},{"properties":{"k":"uz|Kushtia|Bheramara","t":"uz","n":"Bheramara","d":"Kushtia","z":"Bheramara","c":"","ce":0,"w":"Jamaat","wn":"Jamaat","v":[49219,70556,0,1837,0,0],"rest":544,"tt":122156,"mg":17.5,"to":null,"tv":0},"type":"Polygon","arcs":[[-6688,-6624,-8460,-8803,-8809,-6689],[6618,6619],[6620],[6621]],"id":"feature_269"},{"properties":{"k":"uz|Kushtia|Daulatpur","t":"uz","n":"Daulatpur","d":"Kushtia","z":"Daulatpur","c":"","ce":0,"w":"BNP","wn":"BNP","v":[166492,86194,17824,4059,0,609],"rest":1532,"tt":276710,"mg":29.0,"to":null,"tv":0},"type":"Polygon","arcs":[[-6758,6622,-8866,-8450,6623,-6687,-6759]],"id":"feature_270"},{"properties":{"k":"uz|Kushtia|Khoksa","t":"uz","n":"Khoksa","d":"Kushtia","z":"Khoksa","c":"","ce":0,"w":"BNP","wn":"BNP","v":[45644,37466,0,3490,0,0],"rest":349,"tt":86949,"mg":9.4,"to":null,"tv":0},"type":"Polygon","arcs":[[6624,-6649,-8819,6625],[6626],[6627,-6629,6628],[6629],[6630,6631],[6632,6633],[6634],[6635],[6636],[6637,6638],[6639],[6640],[6641],[6642]],"id":"feature_271"},{"properties":{"k":"uz|Kushtia|Kumarkhali","t":"uz","n":"Kumarkhali","d":"Kushtia","z":"Kumarkhali","c":"","ce":0,"w":"Jamaat","wn":"Jamaat","v":[92930,108738,0,10153,0,0],"rest":847,"tt":212668,"mg":7.4,"to":null,"tv":0},"type":"Polygon","arcs":[[6643,-6672,6644,6645,6646,6647,-6667,-8810,-8820,6648,6649],[6650],[6651,6652,6653,6654],[6655],[-6657,6656],[6657],[6658],[6659],[6660],[6661],[6662],[6663]],"id":"feature_272"},{"properties":{"k":"uz|Kushtia|Kushtia Sadar","t":"uz","n":"Kushtia Sadar","d":"Kushtia","z":"Kushtia Sadar","c":"","ce":0,"w":"Jamaat","wn":"Jamaat","v":[126386,179918,0,5055,0,291],"rest":886,"tt":312536,"mg":17.1,"to":null,"tv":0},"type":"Polygon","arcs":[[6664,6665,-6685,-6690,-8807,-8811,6666,6667,6668,6669,6670,6671,6672,6673],[6674,-6677,6675,6676],[6677],[6678],[6679,6680],[6681],[6682],[6683]],"id":"feature_273"},{"properties":{"k":"uz|Kushtia|Mirpur","t":"uz","n":"Mirpur","d":"Kushtia","z":"Mirpur","c":"","ce":0,"w":"Jamaat","wn":"Jamaat","v":[93866,119237,0,2008,0,0],"rest":1333,"tt":216444,"mg":11.7,"to":null,"tv":0},"type":"Polygon","arcs":[[6684,6685,-6760,6686,6687,6688,-8808,6689],[6690],[6691,6692],[6693],[-6695,6694],[6695,6696],[6697,6698],[6699],[6700],[6701],[6702],[6703],[6704],[-6706,6705],[6706,6707,6708],[6709],[6710],[6711],[6712,6713],[6714],[-6716,6715],[6716]],"id":"feature_274"},{"properties":{"k":"uz|Magura|Magura Sadar","t":"uz","n":"Magura Sadar","d":"Magura","z":"Magura Sadar","c":"","ce":0,"w":"BNP","wn":"BNP","v":[139976,69381,0,15557,0,211],"rest":2649,"tt":227774,"mg":31.0,"to":null,"tv":0},"type":"Polygon","arcs":[[-6748,6717,6718,-6751,6719,-6739,-6743,-6749],[6720],[6721,6722,6723],[6724,6725],[-6727,6726],[6727],[6728],[6729],[6730],[6731,6732],[6733],[-6735,6734],[6735],[6736],[6737]],"id":"feature_275"},{"properties":{"k":"uz|Magura|Mohammadpur","t":"uz","n":"Mohammadpur","d":"Magura","z":"Mohammadpur","c":"","ce":0,"w":"Jamaat","wn":"Jamaat","v":[60732,64671,0,4586,0,0],"rest":1065,"tt":131054,"mg":3.0,"to":null,"tv":0},"type":"Polygon","arcs":[[-6871,-6744,6738,6739,6740,6741,-6872]],"id":"feature_276"},{"properties":{"k":"uz|Magura|Shalikha","t":"uz","n":"Shalikha","d":"Magura","z":"Shalikha","c":"","ce":0,"w":"BNP","wn":"BNP","v":[58812,34784,0,6951,0,0],"rest":1333,"tt":101880,"mg":23.6,"to":null,"tv":0},"type":"Polygon","arcs":[[6742,6743,-6870,-6896,6744,6745,6746,6747,6748]],"id":"feature_277"},{"properties":{"k":"uz|Magura|Sreepur","t":"uz","n":"Sreepur","d":"Magura","z":"Sreepur","c":"","ce":0,"w":"BNP","wn":"BNP","v":[70842,34199,0,2359,0,75],"rest":1577,"tt":109052,"mg":33.6,"to":null,"tv":0},"type":"Polygon","arcs":[[6749,6750,6751,6752,6753,6754,6755]],"id":"feature_278"},{"properties":{"k":"uz|Meherpur|Gangni","t":"uz","n":"Gangni","d":"Meherpur","z":"Gangni","c":"","ce":0,"w":"Jamaat","wn":"Jamaat","v":[85455,94658,0,0,0,0],"rest":1791,"tt":181904,"mg":5.1,"to":null,"tv":0},"type":"Polygon","arcs":[[-6806,6756,6757,6758,6759,6760,-6807],[6761,6762],[6763],[-6765,6764],[6765],[6766],[6767,6768],[6769,6770],[6771,6772],[6773],[6774],[6775],[6776],[6777,6778],[-6780,6779],[-6781,6780],[6781],[6782,6783],[6784],[6785],[6786,-6788,6787],[6788,6789],[6790],[6791,6792],[6793],[6794],[6795],[6796],[6797],[6798],[6799]],"id":"feature_279"},{"properties":{"k":"uz|Meherpur|Mujibnagar","t":"uz","n":"Mujibnagar","d":"Meherpur","z":"Mujibnagar","c":"","ce":0,"w":"Jamaat","wn":"Jamaat","v":[26898,37726,0,0,0,0],"rest":720,"tt":65344,"mg":16.6,"to":null,"tv":0},"type":"Polygon","arcs":[[6800,6801,-6804,-6810,6802]],"id":"feature_280"},{"properties":{"k":"uz|Meherpur|Meherpur Sadar","t":"uz","n":"Meherpur Sadar","d":"Meherpur","z":"Meherpur Sadar","c":"","ce":0,"w":"Jamaat","wn":"Jamaat","v":[77889,83735,0,0,0,0],"rest":1451,"tt":163075,"mg":3.6,"to":null,"tv":0},"type":"Polygon","arcs":[[6803,6804,6805,6806,6807,6808,6809],[6810],[6811],[6812],[-6814,6813],[6814],[6815],[6816],[6817],[6818],[-6820,6819],[-6821,6820],[6821],[6822],[6823,6824],[6825,6826,6827],[-6829,6828,6829],[-6831,6830],[6831],[6832],[6833,6834]],"id":"feature_281"},{"properties":{"k":"uz|Narail|Kalia","t":"uz","n":"Kalia","d":"Narail","z":"Kalia","c":"","ce":0,"w":"BNP","wn":"BNP","v":[68482,48965,2296,4866,0,0],"rest":304,"tt":124913,"mg":15.6,"to":null,"tv":0},"type":"Polygon","arcs":[[6835,6836,6837,-6892,-6898,-6869,-6876,6838,6839,6840],[6841,6842],[6843,6844],[6845],[6846,6847,6848],[6849,6850],[6851,6852],[6853,6854],[-6856,6855],[-6857,6856],[6857],[6858],[6859],[6860],[6861],[6862,6863],[6864],[6865],[6866],[6867]],"id":"feature_282"},{"properties":{"k":"uz|Narail|Lohagara","t":"uz","n":"Lohagara","d":"Narail","z":"Lohagara","c":"","ce":0,"w":"Jamaat","wn":"Jamaat","v":[27215,63544,38947,2989,0,270],"rest":479,"tt":133444,"mg":18.4,"to":null,"tv":0},"type":"Polygon","arcs":[[6868,-6897,6869,6870,6871,6872,6873,6874,6875],[6876,6877,6878],[6879],[6880,6881],[6882],[-6884,6883,6884],[-6886,6885],[6886],[6887],[6888],[6889],[-6891,6890]],"id":"feature_283"},{"properties":{"k":"uz|Narail|Narail Sadar","t":"uz","n":"Narail Sadar","d":"Narail","z":"Narail Sadar","c":"","ce":0,"w":"Jamaat","wn":"Jamaat","v":[48784,77974,39929,3137,0,64],"rest":544,"tt":170432,"mg":17.1,"to":null,"tv":0},"type":"Polygon","arcs":[[6891,6892,6893,6894,6895,6896,6897],[-6899,6898],[6899],[6900],[6901],[6902],[6903],[6904],[6905],[6906],[6907,6908],[6909],[6910,6911],[6912,-6914,6913],[6914,-6916,6915],[6916]],"id":"feature_284"},{"properties":{"k":"uz|Satkhira|Ashashuni","t":"uz","n":"Ashashuni","d":"Satkhira","z":"Ashashuni","c":"","ce":0,"w":"Jamaat","wn":"Jamaat","v":[32659,90577,39233,1189,0,0],"rest":742,"tt":164400,"mg":31.2,"to":null,"tv":0},"type":"Polygon","arcs":[[-6967,-6941,-6921,-6950,-7040,6917,6918,-6968]],"id":"feature_285"},{"properties":{"k":"uz|Satkhira|Debhata","t":"uz","n":"Debhata","d":"Satkhira","z":"Debhata","c":"","ce":0,"w":"Jamaat","wn":"Jamaat","v":[29230,54294,0,398,0,0],"rest":605,"tt":84527,"mg":29.7,"to":null,"tv":0},"type":"Polygon","arcs":[[-6939,6919,-6942,-6953,-6952,-6951,6920,-6940]],"id":"feature_286"},{"properties":{"k":"uz|Satkhira|Kalaroa","t":"uz","n":"Kalaroa","d":"Satkhira","z":"Kalaroa","c":"","ce":0,"w":"Jamaat","wn":"Jamaat","v":[63592,94525,0,398,0,0],"rest":1281,"tt":159796,"mg":19.4,"to":null,"tv":0},"type":"Polygon","arcs":[[-6944,6921,6922,6923,6924,6925,6926,-7035,-6949,6927,-6947,6928,-6945],[6929],[6930],[6931],[6932],[6933],[6934],[6935],[6936]],"id":"feature_287"},{"properties":{"k":"uz|Satkhira|Kaliganj","t":"uz","n":"Kaliganj","d":"Satkhira","z":"Kaliganj","c":"","ce":0,"w":"Jamaat","wn":"Jamaat","v":[23687,91588,65372,1289,0,0],"rest":543,"tt":182479,"mg":14.4,"to":null,"tv":0},"type":"Polygon","arcs":[[-6965,6937,6938,6939,6940,-6966]],"id":"feature_288"},{"properties":{"k":"uz|Satkhira|Satkhira Sadar","t":"uz","n":"Satkhira Sadar","d":"Satkhira","z":"Satkhira Sadar","c":"","ce":0,"w":"Jamaat","wn":"Jamaat","v":[86027,209209,0,1538,0,0],"rest":3871,"tt":300645,"mg":41.0,"to":null,"tv":0},"type":"Polygon","arcs":[[6941,6942,6943,6944,6945,6946,6947,6948,-7034,-7041,6949,6950,6951,6952],[6953],[6954],[6955],[6956],[6957],[6958],[6959],[6960]],"id":"feature_289"},{"properties":{"k":"uz|Satkhira|Shyamnagar","t":"uz","n":"Shyamnagar","d":"Satkhira","z":"Shyamnagar","c":"","ce":0,"w":"Jamaat","wn":"Jamaat","v":[84968,105805,0,4874,0,0],"rest":1125,"tt":196772,"mg":10.6,"to":null,"tv":0},"type":"MultiPolygon","arcs":[[[6961]],[[6962]],[[6963,6964,6965,6966,6967,6968,6969,6970,6971,6972,6973,6974],[6975],[6976,6977],[-6979,6978],[6979],[6980,6981],[-6983,6982],[6983,6984],[6985,6986],[6987,6988],[-6990,6989],[6990],[-6992,6991],[6992],[6993,6994],[6995,6996],[6997],[6998,6999,7000],[7001,7002],[7003],[7004],[7005],[-7007,7006],[-7008,7007],[7008],[7009],[7010,-7012,7011],[-7013,7012],[7013],[-7015,7014],[-7016,7015],[7016],[7017,7018],[7019,7020],[7021],[7022,7023],[7024],[-7026,7025],[7026,7027]],[[7028]],[[7029]],[[7030]],[[7031,7032]]],"id":"feature_290"},{"properties":{"k":"uz|Satkhira|Tala","t":"uz","n":"Tala","d":"Satkhira","z":"Tala","c":"","ce":0,"w":"BNP","wn":"BNP","v":[105098,96442,0,1657,0,0],"rest":1917,"tt":205114,"mg":4.2,"to":null,"tv":0},"type":"Polygon","arcs":[[7033,7034,7035,7036,7037,7038,7039,7040]],"id":"feature_291"},{"properties":{"k":"uz|Jamalpur|Bakshiganj","t":"uz","n":"Bakshiganj","d":"Jamalpur","z":"Bakshiganj","c":"","ce":0,"w":"BNP","wn":"BNP","v":[59379,55478,0,2801,0,0],"rest":556,"tt":118214,"mg":3.3,"to":null,"tv":0},"type":"Polygon","arcs":[[-7125,-7098,7041,-7095,-7093,7042,7043,-7091,7044,-7089,7045,7046,7047,7048,-7126],[7049,-7051,7050],[7051,7052,7053,-7055,7054],[7055],[7056,-7058,7057],[-7059,7058,7059],[7060,-7062,7061],[7062],[7063],[7064,7065,7066],[7067],[7068],[7069,7070],[7071],[7072],[7073],[7074],[-7076,7075],[7076],[7077],[7078],[7079,7080],[7081,-7083,7082],[7083],[7084]],"id":"feature_292"},{"properties":{"k":"uz|Jamalpur|Dewanganj","t":"uz","n":"Dewanganj","d":"Jamalpur","z":"Dewanganj","c":"","ce":0,"w":"BNP","wn":"BNP","v":[113189,41305,0,1289,0,0],"rest":583,"tt":156366,"mg":46.0,"to":null,"tv":0},"type":"Polygon","arcs":[[-7122,7085,-7120,7086,-7118,-9548,-9550,-9634,-9638,7087,7088,7089,7090,7091,7092,7093,7094,7095,-7097,7096,7097,-7124,-7123,7098],[7099,-7101,7100],[7101],[-7103,7102],[7103],[7104,7105],[7106],[-7108,7107],[-7109,7108],[7109],[7110],[7111],[7112],[7113],[7114],[7115],[7116]],"id":"feature_293"},{"properties":{"k":"uz|Jamalpur|Islampur","t":"uz","n":"Islampur","d":"Jamalpur","z":"Islampur","c":"","ce":0,"w":"BNP","wn":"BNP","v":[95378,61655,0,1698,0,0],"rest":169,"tt":158900,"mg":21.2,"to":null,"tv":0},"type":"Polygon","arcs":[[-7191,-7171,-8001,-9619,-9547,7117,7118,7119,7120,7121,7122,7123,7124,7125,7126,-7793,-7192],[7127,-7130,7128,7129,7130,7131],[-7133,7132],[7133],[7134,7135],[7136,7137,7138],[7139,7140],[7141],[7142],[7143],[-7145,7144],[7145],[-7147,7146],[7147],[-7149,7148],[7149],[7150],[7151,7152,7153],[7154]],"id":"feature_294"},{"properties":{"k":"uz|Jamalpur|Jamalpur Sadar","t":"uz","n":"Jamalpur Sadar","d":"Jamalpur","z":"Jamalpur Sadar","c":"","ce":0,"w":"BNP","wn":"BNP","v":[199264,112544,446,4242,0,532],"rest":5655,"tt":322683,"mg":26.9,"to":null,"tv":0},"type":"Polygon","arcs":[[7155,-7202,-7172,-7189,-7193,-7789,7156,-7787,7157,-7786,7158,-7784,7159,-7782,-7797,-7696,-7700,-7345,-7421,7160,7161],[7162,7163,7164],[7165],[7166],[7167],[7168],[7169]],"id":"feature_295"},{"properties":{"k":"uz|Jamalpur|Madarganj","t":"uz","n":"Madarganj","d":"Jamalpur","z":"Madarganj","c":"","ce":0,"w":"BNP","wn":"BNP","v":[74823,39792,13912,895,0,209],"rest":712,"tt":130343,"mg":26.9,"to":null,"tv":0},"type":"Polygon","arcs":[[-8002,7170,-7190,7171,-7201,-8003],[7172],[7173],[7174],[7175],[7176,7177,7178],[7179],[7180],[7181],[7182],[7183],[7184],[7185],[7186],[7187]],"id":"feature_296"},{"properties":{"k":"uz|Jamalpur|Melandaha","t":"uz","n":"Melandaha","d":"Jamalpur","z":"Melandaha","c":"","ce":0,"w":"BNP","wn":"BNP","v":[131391,39815,8772,1612,0,200],"rest":760,"tt":182550,"mg":50.2,"to":null,"tv":0},"type":"Polygon","arcs":[[7188,7189,7190,7191,-7792,-7790,7192],[7193],[7194,7195,7196],[7197]],"id":"feature_297"},{"properties":{"k":"uz|Jamalpur|Sarishabari","t":"uz","n":"Sarishabari","d":"Jamalpur","z":"Sarishabari","c":"","ce":0,"w":"BNP","wn":"BNP","v":[146546,44161,0,1287,0,379],"rest":1675,"tt":194048,"mg":52.8,"to":null,"tv":0},"type":"Polygon","arcs":[[7198,7199,-9318,-9242,-8004,7200,7201,7202,7203],[7204],[7205]],"id":"feature_298"},{"properties":{"k":"uz|Mymensingh|Bhaluka","t":"uz","n":"Bhaluka","d":"Mymensingh","z":"Bhaluka","c":"","ce":0,"w":"BNP","wn":"BNP","v":[110214,21529,65591,1807,0,386],"rest":0,"tt":199527,"mg":22.4,"to":null,"tv":0},"type":"Polygon","arcs":[[7206,7207,7208,-7228,-7235,-7478,-7493,-7266,7209],[7210],[-7212,7211],[7212],[7213],[7214],[7215],[7216,7217],[7218,7219],[7220,-7223,7221,7222],[7223],[7224],[-7226,7225]],"id":"feature_299"},{"properties":{"k":"uz|Mymensingh|Dhobaura","t":"uz","n":"Dhobaura","d":"Mymensingh","z":"Dhobaura","c":"","ce":0,"w":"Independent","wn":"Independent","v":[32584,25075,38567,1774,0,0],"rest":250,"tt":98250,"mg":6.1,"to":null,"tv":0},"type":"Polygon","arcs":[[-7542,-7691,-7442,-7306,7226,-7543]],"id":"feature_300"},{"properties":{"k":"uz|Mymensingh|Fulbaria","t":"uz","n":"Fulbaria","d":"Mymensingh","z":"Fulbaria","c":"","ce":0,"w":"Independent","wn":"Independent","v":[48994,75946,103903,1938,0,0],"rest":0,"tt":230781,"mg":12.1,"to":null,"tv":0},"type":"Polygon","arcs":[[7227,7228,7229,-7419,-7423,-7344,7230,-7485,7231,-7483,7232,-7481,7233,-7479,7234],[7235,7236],[7237,-7239,7238],[-7240,7239],[7240],[7241],[7242,7243],[7244],[-7246,7245],[7246],[7247],[7248],[7249,7250],[7251],[7252,7253],[7254],[7255],[7256],[-7258,7257],[7258],[7259],[7260],[7261],[7262],[7263]],"id":"feature_301"},{"properties":{"k":"uz|Mymensingh|Gafargaon","t":"uz","n":"Gafargaon","d":"Mymensingh","z":"Gafargaon","c":"","ce":0,"w":"BNP","wn":"BNP","v":[74650,64183,66811,2413,0,0],"rest":1840,"tt":209897,"mg":3.7,"to":null,"tv":0},"type":"Polygon","arcs":[[7264,7265,-7492,-7433,7266,7267,7268,7269,7270],[7271],[7272],[7273],[7274]],"id":"feature_302"},{"properties":{"k":"uz|Mymensingh|Gouripur","t":"uz","n":"Gouripur","d":"Mymensingh","z":"Gouripur","c":"","ce":0,"w":"BNP","wn":"BNP","v":[74478,25233,65513,2688,0,0],"rest":334,"tt":168246,"mg":5.3,"to":null,"tv":0},"type":"Polygon","arcs":[[-7323,-7489,-7348,7275,-7346,-7473,-7477,-7688,-7695,-7665,-7671,-7578,-7329,-7327,7276,-7325,-7324],[7277],[7278],[-7280,7279],[-7281,7280],[7281],[7282],[7283],[7284,7285,7286],[7287],[7288],[7289],[7290],[7291,-7293,7292],[-7294,7293],[7294],[7295],[7296],[7297],[7298,7299],[7300],[7301],[7302],[7303]],"id":"feature_303"},{"properties":{"k":"uz|Mymensingh|Haluaghat","t":"uz","n":"Haluaghat","d":"Mymensingh","z":"Haluaghat","c":"","ce":0,"w":"Independent","wn":"Independent","v":[68486,27532,68674,1320,0,0],"rest":411,"tt":166423,"mg":0.1,"to":null,"tv":0},"type":"Polygon","arcs":[[-7440,-7697,-7750,7304,7305,-7441],[7306],[7307],[7308],[7309],[7310],[7311],[7312],[7313],[7314,7315],[7316],[7317,7318,7319],[7320],[7321]],"id":"feature_304"},{"properties":{"k":"uz|Mymensingh|Ishwarganj","t":"uz","n":"Ishwarganj","d":"Mymensingh","z":"Ishwarganj","c":"","ce":0,"w":"BNP","wn":"BNP","v":[107577,45791,0,32734,0,0],"rest":1719,"tt":187821,"mg":32.9,"to":null,"tv":0},"type":"Polygon","arcs":[[-7434,-7490,7322,7323,7324,7325,7326,-7328,7327,7328,-7577,-7435],[7329],[7330,7331,7332],[7333],[7334],[7335],[7336],[7337],[7338,7339,7340,7341]],"id":"feature_305"},{"properties":{"k":"uz|Mymensingh|Mymensingh Sadar","t":"uz","n":"Mymensingh Sadar","d":"Mymensingh","z":"Mymensingh Sadar","c":"","ce":0,"w":"Jamaat","wn":"Jamaat","v":[76290,92399,0,5165,0,0],"rest":3401,"tt":177255,"mg":9.1,"to":null,"tv":0},"type":"Polygon","arcs":[[-7487,7342,7343,-7422,7344,-7699,-7439,-7474,7345,7346,7347,-7488],[7348],[7349],[7350],[7351],[-7353,7352],[-7354,7353],[7354],[7355],[7356,7357,7358,7359],[-7361,7360],[7361],[7362,7363,7364],[7365],[-7367,7366],[-7368,7367],[-7369,7368],[7369],[-7371,7370],[7371],[7372],[7373],[7374],[7375],[7376],[-7378,7377],[7378],[7379,7380,7381],[7382],[7383],[-7385,7384,7385],[7386,7387],[7388],[7389],[7390],[7391],[7392,7393],[7394],[7395],[7396],[7397],[7398],[7399],[7400,7401],[7402,-7404,7403],[7404,7405,7406],[7407],[7408],[-7410,7409],[7410],[7411],[7412],[7413,7414],[7415],[7416],[7417]],"id":"feature_306"},{"properties":{"k":"uz|Mymensingh|Muktagachha","t":"uz","n":"Muktagachha","d":"Mymensingh","z":"Muktagachha","c":"","ce":0,"w":"BNP","wn":"BNP","v":[127917,100876,0,3606,0,0],"rest":931,"tt":233330,"mg":11.6,"to":null,"tv":0},"type":"Polygon","arcs":[[7418,7419,7420,7421,7422],[7423,7424],[7425],[7426],[7427],[-7429,7428,7429],[7430]],"id":"feature_307"},{"properties":{"k":"uz|Mymensingh|Nandail","t":"uz","n":"Nandail","d":"Mymensingh","z":"Nandail","c":"","ce":0,"w":"BNP","wn":"BNP","v":[85039,70029,30328,5516,0,0],"rest":1016,"tt":191928,"mg":7.8,"to":null,"tv":0},"type":"Polygon","arcs":[[7431,7432,-7491,7433,7434,-7576,7435,7436,7437]],"id":"feature_308"},{"properties":{"k":"uz|Mymensingh|Fulpur","t":"uz","n":"Fulpur","d":"Mymensingh","z":"Fulpur","c":"","ce":0,"w":"Jamaat","wn":"Jamaat","v":[54522,80731,23413,1450,0,0],"rest":591,"tt":160707,"mg":16.3,"to":null,"tv":0},"type":"Polygon","arcs":[[-7475,7438,-7698,7439,7440,7441,-7690,-7476],[7442],[7443],[7444,-7446,7445],[-7447,7446],[7447],[-7449,7448],[7449],[7450],[-7452,7451],[7452],[7453,7454],[7455],[7456],[7457],[7458,7459],[7460],[7461],[7462],[7463,7464],[7465],[7466],[7467],[7468],[7469],[7470],[7471]],"id":"feature_309"},{"properties":{"k":"uz|Mymensingh|Tarakanda","t":"uz","n":"Tarakanda","d":"Mymensingh","z":"Tarakanda","c":"","ce":0,"w":"Jamaat","wn":"Jamaat","v":[63338,63834,25410,2353,180,0],"rest":1191,"tt":156306,"mg":0.3,"to":null,"tv":0},"type":"Polygon","arcs":[[7472,7473,7474,7475,-7689,7476]],"id":"feature_310"},{"properties":{"k":"uz|Mymensingh|Trishal","t":"uz","n":"Trishal","d":"Mymensingh","z":"Trishal","c":"","ce":0,"w":"BNP","wn":"BNP","v":[98221,83617,34030,4023,0,0],"rest":556,"tt":220447,"mg":6.6,"to":null,"tv":0},"type":"Polygon","arcs":[[7477,7478,7479,7480,7481,7482,7483,7484,7485,7486,7487,7488,7489,7490,7491,7492],[7493],[7494],[7495,7496],[7497],[-7499,7498],[7499],[7500],[7501],[7502],[7503],[7504],[7505],[7506],[7507,7508,7509],[7510],[7511],[7512],[7513],[7514,7515],[7516,7517],[7518],[7519,7520],[7521],[7522],[7523],[7524],[7525,7526],[7527],[7528],[7529],[7530,7531,7532,7533],[-7535,7534],[7535],[7536],[7537],[7538]],"id":"feature_311"},{"properties":{"k":"uz|Netrakona|Atpara","t":"uz","n":"Atpara","d":"Netrakona","z":"Atpara","c":"","ce":0,"w":"BNP","wn":"BNP","v":[38687,15759,16713,684,0,0],"rest":389,"tt":72232,"mg":30.4,"to":null,"tv":0},"type":"Polygon","arcs":[[-7645,-7654,-7615,-7613,7539,-7611,-7609,-7579,-7669,-7541,-7646]],"id":"feature_312"},{"properties":{"k":"uz|Netrakona|Barhatta","t":"uz","n":"Barhatta","d":"Netrakona","z":"Barhatta","c":"","ce":0,"w":"BNP","wn":"BNP","v":[52298,23990,0,4469,0,0],"rest":2105,"tt":82862,"mg":34.2,"to":null,"tv":0},"type":"Polygon","arcs":[[-10525,-7651,-7649,-7647,7540,-7668,-7571,-7574,-10526]],"id":"feature_313"},{"properties":{"k":"uz|Netrakona|Durgapur","t":"uz","n":"Durgapur","d":"Netrakona","z":"Durgapur","c":"","ce":0,"w":"BNP","wn":"BNP","v":[71825,43512,0,1334,0,0],"rest":3491,"tt":120162,"mg":23.6,"to":null,"tv":0},"type":"Polygon","arcs":[[-7692,7541,7542,7543,-7572,-7666,-7693],[7544],[7544],[7545,7546],[7547],[7548,7549,7550],[7551],[7552],[7553],[7554],[7555],[7556],[7557],[7558],[7559],[7560],[7561,7562],[7563],[7564],[7565],[7566],[7567]],"id":"feature_314"},{"properties":{"k":"uz|Netrakona|Khaliajuri","t":"uz","n":"Khaliajuri","d":"Netrakona","z":"Khaliajuri","c":"","ce":0,"w":"BNP","wn":"BNP","v":[31467,9204,0,325,0,0],"rest":1355,"tt":42351,"mg":52.6,"to":null,"tv":0},"type":"Polygon","arcs":[[7568,-7616,-7652,-10553,-10492,-10568,7569]],"id":"feature_315"},{"properties":{"k":"uz|Netrakona|Kalmakanda","t":"uz","n":"Kalmakanda","d":"Netrakona","z":"Kalmakanda","c":"","ce":0,"w":"BNP","wn":"BNP","v":[85099,43160,0,867,0,0],"rest":2208,"tt":131334,"mg":31.9,"to":null,"tv":0},"type":"Polygon","arcs":[[7570,-7667,7571,7572,-10559,-10527,7573]],"id":"feature_316"},{"properties":{"k":"uz|Netrakona|Kendua","t":"uz","n":"Kendua","d":"Netrakona","z":"Kendua","c":"","ce":0,"w":"BNP","wn":"BNP","v":[78631,24891,51424,2036,0,0],"rest":509,"tt":157491,"mg":17.3,"to":null,"tv":0},"type":"Polygon","arcs":[[7574,7575,7576,7577,-7670,7578,-7608,7579],[7580,7581,7582],[7583,7584,7585],[7586],[-7588,7587],[-7589,7588],[7589,7590],[7591],[-7593,7592],[7593],[7594],[7595],[7596],[7597],[7598,7599],[7600,7601],[7602,7603],[-7605,7604,7605]],"id":"feature_317"},{"properties":{"k":"uz|Netrakona|Madan","t":"uz","n":"Madan","d":"Netrakona","z":"Madan","c":"","ce":0,"w":"BNP","wn":"BNP","v":[69293,8003,0,581,0,0],"rest":227,"tt":78104,"mg":78.5,"to":null,"tv":0},"type":"Polygon","arcs":[[7606,7607,7608,-7610,7609,7610,7611,7612,7613,7614,-7653,7615,7616,7617],[7618],[7619],[7620],[7621],[7622,7623],[7624,7625],[-7627,7626],[-7628,7627],[7628],[-7630,7629],[7630],[7631,7632],[7633],[7634,7635],[7636,7637],[7638],[7639],[7640],[7641],[7642],[7643]],"id":"feature_318"},{"properties":{"k":"uz|Netrakona|Mohanganj","t":"uz","n":"Mohanganj","d":"Netrakona","z":"Mohanganj","c":"","ce":0,"w":"BNP","wn":"BNP","v":[58407,22136,0,1107,0,0],"rest":1990,"tt":83640,"mg":43.4,"to":null,"tv":0},"type":"Polygon","arcs":[[7644,7645,7646,7647,7648,7649,7650,-10524,-10554,7651,7652,7653],[7654],[7655,7656],[7657],[7658],[7659],[7660],[7661],[7662,7663]],"id":"feature_319"},{"properties":{"k":"uz|Netrakona|Netrakona Sadar","t":"uz","n":"Netrakona Sadar","d":"Netrakona","z":"Netrakona Sadar","c":"","ce":0,"w":"BNP","wn":"BNP","v":[120409,45355,4,10637,0,2],"rest":4666,"tt":181073,"mg":41.4,"to":null,"tv":0},"type":"Polygon","arcs":[[7664,-7694,7665,7666,7667,7668,7669,7670],[7671,7672],[7673],[7674],[7675],[7676],[7677],[7678],[7679],[7680],[7681,7682],[7683],[7684],[7685],[7686]],"id":"feature_320"},{"properties":{"k":"uz|Netrakona|Purbadhala","t":"uz","n":"Purbadhala","d":"Netrakona","z":"Purbadhala","c":"","ce":0,"w":"Jamaat","wn":"Jamaat","v":[80816,83689,0,3343,0,1],"rest":34,"tt":167883,"mg":1.7,"to":null,"tv":0},"type":"Polygon","arcs":[[7687,7688,7689,7690,7691,7692,7693,7694]],"id":"feature_321"},{"properties":{"k":"uz|Sherpur|Nakla","t":"uz","n":"Nakla","d":"Sherpur","z":"Nakla","c":"","ce":0,"w":"BNP","wn":"BNP","v":[60054,39639,0,1343,0,0],"rest":367,"tt":101403,"mg":20.1,"to":null,"tv":0},"type":"Polygon","arcs":[[7695,-7796,-7748,-7751,7696,7697,7698,7699],[7700,7701,7702],[7703,7704,7705],[7706],[7706],[7707],[7708],[7709],[7710,7711,7712],[7713],[-7715,7714],[7715],[7716],[7717,7718],[7719],[7720],[7721],[7722],[7723,7724],[7725],[7726,7727,7728],[7729],[7730,-7732,7731],[7732],[7733],[-7735,7734],[7735],[7736],[7737],[7738,7739],[7740,7741],[-7743,7742],[7743],[7744,7745],[-7747,7746]],"id":"feature_322"},{"properties":{"k":"uz|Sherpur|Nalitabari","t":"uz","n":"Nalitabari","d":"Sherpur","z":"Nalitabari","c":"","ce":0,"w":"Jamaat","wn":"Jamaat","v":[57387,66943,0,3404,0,0],"rest":637,"tt":128371,"mg":7.4,"to":null,"tv":0},"type":"Polygon","arcs":[[7747,-7795,7748,7749,7750],[7751],[7752,7753],[-7756,7754,7755,7756],[7757,7758,7759],[7760,7761],[7762],[7763],[7764,7765],[7766],[7767,7768],[7769],[7770],[7771],[7772,7773],[7774,7775,7776,7777],[7778,7779],[7780]],"id":"feature_323"},{"properties":{"k":"uz|Sherpur|Sherpur Sadar","t":"uz","n":"Sherpur Sadar","d":"Sherpur","z":"Sherpur Sadar","c":"","ce":0,"w":"Jamaat","wn":"Jamaat","v":[76836,125092,61287,0,0,0],"rest":1378,"tt":264593,"mg":18.2,"to":null,"tv":0},"type":"Polygon","arcs":[[7781,7782,7783,7784,7785,7786,7787,7788,7789,7790,7791,7792,7793,7794,7795,7796,7797],[7798,7799,7800],[-7802,7801],[7802],[-7804,7803],[-7805,7804],[7805],[7806],[7807],[-7809,7808],[7809],[-7811,7810],[7811],[7812,7813,7814],[7815],[7816,7817,7818],[7819],[7820],[7821,7822],[7823],[7824],[7825],[7826],[7827],[-7829,7828],[7829],[7830],[-7832,7831],[-7833,7832],[7833],[7834],[7835,7836],[7837],[7838],[7839],[7840],[7841],[7842]],"id":"feature_324"},{"properties":{"k":"uz|Bogura|Adamdighi","t":"uz","n":"Adamdighi","d":"Bogura","z":"Adamdighi","c":"","ce":0,"w":"BNP","wn":"BNP","v":[69443,51904,0,1068,0,0],"rest":820,"tt":123235,"mg":14.2,"to":null,"tv":0},"type":"Polygon","arcs":[[-8313,7843,-8311,7844,-8309,7845,-8307,7846,-8305,-8138,-8144,-7897,-7953,-7988,-8358,-8315,7847],[7848,7849,7850,7851],[-7853,7852],[-7854,7853],[-7855,7854],[7855],[7856],[7857,7858],[7859],[7860,7861],[7862,7863],[7864,-7866,7865]],"id":"feature_325"},{"properties":{"k":"uz|Bogura|Bogura Sadar","t":"uz","n":"Bogura Sadar","d":"Bogura","z":"Bogura Sadar","c":"","ce":0,"w":"BNP","wn":"BNP","v":[215302,97008,10,2496,0,0],"rest":1067,"tt":315883,"mg":37.4,"to":null,"tv":0},"type":"Polygon","arcs":[[-8025,7866,-8022,-7970,-8060,-7937,-8026],[7867],[7868],[7869],[-7871,7870],[7871],[7872],[7873],[7874],[7875,7876],[7877],[7878,7879],[7880],[7881],[-7883,7882],[7883]],"id":"feature_326"},{"properties":{"k":"uz|Bogura|Dhunat","t":"uz","n":"Dhunat","d":"Bogura","z":"Dhunat","c":"","ce":0,"w":"BNP","wn":"BNP","v":[120784,53470,0,1568,0,0],"rest":958,"tt":176780,"mg":38.1,"to":null,"tv":0},"type":"Polygon","arcs":[[-9233,-9315,-9275,-8039,-8029,-7938,-7999,-8005,-9240,7884,-9239,7885,-9237,7886,7887,-9234],[7888],[7889],[7890],[7891,7892],[7893],[7894,7895]],"id":"feature_327"},{"properties":{"k":"uz|Bogura|Dupchachia","t":"uz","n":"Dupchachia","d":"Bogura","z":"Dupchachia","c":"","ce":0,"w":"Jamaat","wn":"Jamaat","v":[57231,57772,0,703,0,0],"rest":655,"tt":116361,"mg":0.5,"to":null,"tv":0},"type":"Polygon","arcs":[[-7954,7896,-8143,-8217,-8058,-7969,7897,-7968,7898,-7966,7899,-7964,7900,-7962,7901,-7960,7902,-7958,7903,-7957,7904,-7956,7905,7906],[7907],[7908],[7909],[7910,7911],[7912,7913,7914],[7915],[7916,7917],[7918,-7920,7919],[7920],[-7922,7921],[7922],[7923],[7924],[-7926,7925,7926],[7927,7928],[7929],[7930,7931],[7932],[7933],[7934],[7935]],"id":"feature_328"},{"properties":{"k":"uz|Bogura|Gabtali","t":"uz","n":"Gabtali","d":"Bogura","z":"Gabtali","c":"","ce":0,"w":"BNP","wn":"BNP","v":[157621,45808,0,1024,0,3],"rest":289,"tt":204745,"mg":54.6,"to":null,"tv":0},"type":"Polygon","arcs":[[-8027,7936,-8059,-8106,-8112,-8000,7937,-8028],[7938],[-7940,7939,7940],[7941,7942],[7943,7944],[-7946,7945],[-7947,7946,7947],[7948],[7949,7950,7951]],"id":"feature_329"},{"properties":{"k":"uz|Bogura|Kahaloo","t":"uz","n":"Kahaloo","d":"Bogura","z":"Kahaloo","c":"","ce":0,"w":"BNP","wn":"BNP","v":[82849,65090,0,1320,0,0],"rest":572,"tt":149831,"mg":11.9,"to":null,"tv":0},"type":"Polygon","arcs":[[-8020,-7989,7952,7953,7954,7955,7956,7957,7958,7959,7960,7961,7962,7963,7964,7965,7966,7967,7968,-8057,-8061,7969,-8021],[7970],[-7972,7971],[7972,7973,7974,7975],[7976],[7977],[7978],[7979],[7980],[7981],[7982],[7983,-7985,7984],[7985],[7986]],"id":"feature_330"},{"properties":{"k":"uz|Bogura|Nandigram","t":"uz","n":"Nandigram","d":"Bogura","z":"Nandigram","c":"","ce":0,"w":"BNP","wn":"BNP","v":[71848,43101,0,1618,0,0],"rest":528,"tt":117095,"mg":24.6,"to":null,"tv":0},"type":"Polygon","arcs":[[-8542,-8359,7987,7988,-8019,-8036,-8543],[7989],[7990],[-7992,7991],[7992],[7993],[7994],[7995],[7996],[7997]],"id":"feature_331"},{"properties":{"k":"uz|Bogura|Sariakandi","t":"uz","n":"Sariakandi","d":"Bogura","z":"Sariakandi","c":"","ce":0,"w":"BNP","wn":"BNP","v":[90712,29871,0,503,0,0],"rest":530,"tt":121616,"mg":50.0,"to":null,"tv":0},"type":"Polygon","arcs":[[7998,7999,-8111,-9620,8000,8001,8002,8003,-9241,8004],[8005],[8006],[8007],[8008],[8009],[-8011,8010],[8011,8012],[8013],[8014,8015],[8016],[8017]],"id":"feature_332"},{"properties":{"k":"uz|Bogura|Shajahanpur","t":"uz","n":"Shajahanpur","d":"Bogura","z":"Shajahanpur","c":"","ce":0,"w":"BNP","wn":"BNP","v":[104305,70028,0,1009,0,0],"rest":258,"tt":175600,"mg":19.5,"to":null,"tv":0},"type":"Polygon","arcs":[[-8037,8018,8019,8020,8021,8022,8023,8024,8025,8026,8027,8028,-8038],[8029],[8030,-8032,8031],[8032],[8033],[8034]],"id":"feature_333"},{"properties":{"k":"uz|Bogura|Sherpur","t":"uz","n":"Sherpur","d":"Bogura","z":"Sherpur","c":"","ce":0,"w":"BNP","wn":"BNP","v":[127032,88852,0,3972,0,0],"rest":1944,"tt":221800,"mg":17.2,"to":null,"tv":0},"type":"Polygon","arcs":[[-9344,-8544,8035,8036,8037,8038,-9274,-9345],[8039],[8040],[8041],[8042],[8043,8044],[8045,8046,8047],[8048],[8049,8050],[8051],[8052],[8053,8054],[8055]],"id":"feature_334"},{"properties":{"k":"uz|Bogura|Shibganj","t":"uz","n":"Shibganj","d":"Bogura","z":"Shibganj","c":"","ce":0,"w":"BNP","wn":"BNP","v":[144339,92630,181,904,0,273],"rest":3832,"tt":242159,"mg":21.4,"to":null,"tv":0},"type":"Polygon","arcs":[[8056,8057,-8216,-8176,-8181,-9568,-9578,-8107,8058,8059,8060],[8061,8062],[8063],[8064,8065],[8066],[8067,8068],[8069],[8070],[8071],[8072],[8073,8074,8075],[8076],[-8078,8077],[8078],[8079],[8080],[8081],[8082,8083,8084,8085,8086,8087,8088,8089],[8090],[8091],[-8093,8092],[8093],[8094],[8095,-8099,8096,8097,8098],[8099,-8101,8100],[8101,8102],[8103],[-8105,8104]],"id":"feature_335"},{"properties":{"k":"uz|Bogura|Sonatala","t":"uz","n":"Sonatala","d":"Bogura","z":"Sonatala","c":"","ce":0,"w":"BNP","wn":"BNP","v":[80889,27606,0,528,0,0],"rest":362,"tt":109385,"mg":48.7,"to":null,"tv":0},"type":"Polygon","arcs":[[8105,8106,-9577,8107,8108,-9574,8109,-9573,-9614,-9621,8110,8111],[8112],[8113,8114,8115],[8116,8117],[8118,8119],[-8122,8120,8121,-8123,8122],[8123],[8124],[-8126,8125],[8126],[8127],[8128,-8130,8129],[8130,8131],[8132,8133],[-8135,8134],[8135],[8136]],"id":"feature_336"},{"properties":{"k":"uz|Joypurhat|Akkelpur","t":"uz","n":"Akkelpur","d":"Joypurhat","z":"Akkelpur","c":"","ce":0,"w":"BNP","wn":"BNP","v":[49008,34602,0,0,0,0],"rest":676,"tt":84286,"mg":17.1,"to":null,"tv":0},"type":"Polygon","arcs":[[8137,-8304,-8265,8138,8139,8140,-8263,8141,-8261,-8162,-8202,-8218,8142,8143],[8144],[8145],[8146,8147],[8148],[8149,-8151,8150],[8151,8152],[8153],[8154],[8155],[8156],[8157],[8158]],"id":"feature_337"},{"properties":{"k":"uz|Joypurhat|Joypurhat Sadar","t":"uz","n":"Joypurhat Sadar","d":"Joypurhat","z":"Joypurhat Sadar","c":"","ce":0,"w":"BNP","wn":"BNP","v":[88212,84973,6753,0,0,0],"rest":757,"tt":180695,"mg":1.8,"to":null,"tv":0},"type":"Polygon","arcs":[[-8259,-8267,8159,-8232,-8237,-8180,-8207,8160,-8205,-8203,8161,-8260],[-8165,8162,8163,8164],[8165,8166],[8167,8168,8169],[-8171,8170],[8171,8172,8173],[8174]],"id":"feature_338"},{"properties":{"k":"uz|Joypurhat|Kalai","t":"uz","n":"Kalai","d":"Joypurhat","z":"Kalai","c":"","ce":0,"w":"BNP","wn":"BNP","v":[59933,34349,0,0,0,0],"rest":390,"tt":94672,"mg":27.0,"to":null,"tv":0},"type":"Polygon","arcs":[[8175,-8215,8176,-8213,8177,-8211,8178,-8208,8179,-8236,-9569,8180],[8181,8182],[8183],[8184],[8185,8186],[8187],[8188],[-8191,8189,8190,8191],[8192],[8193],[8194,8195],[8196,8197,8198],[8199],[8200]],"id":"feature_339"},{"properties":{"k":"uz|Joypurhat|Khetlal","t":"uz","n":"Khetlal","d":"Joypurhat","z":"Khetlal","c":"","ce":0,"w":"BNP","wn":"BNP","v":[48187,22061,0,0,0,0],"rest":450,"tt":70698,"mg":37.0,"to":null,"tv":0},"type":"Polygon","arcs":[[8201,8202,8203,8204,8205,8206,8207,8208,8209,8210,8211,8212,8213,8214,8215,8216,8217],[-8219,8218],[8219,8220],[8221],[8222],[8223],[-8225,8224],[8225],[8226],[8227],[8228],[8229],[8230]],"id":"feature_340"},{"properties":{"k":"uz|Joypurhat|Panchbibi","t":"uz","n":"Panchbibi","d":"Joypurhat","z":"Panchbibi","c":"","ce":0,"w":"Jamaat","wn":"Jamaat","v":[66108,78306,6409,0,0,0],"rest":431,"tt":151254,"mg":8.1,"to":null,"tv":0},"type":"Polygon","arcs":[[8231,8232,-9488,8233,-9486,8234,-9493,-9481,-9570,8235,8236],[8237,8238,8239],[8240,8241],[8242],[8243],[8244,8245],[8246],[8247],[8248],[8249,8250],[8251,8252],[8253,8254,8255,8256],[8257]],"id":"feature_341"},{"properties":{"k":"uz|Naogaon|Atrai","t":"uz","n":"Atrai","d":"Naogaon","z":"Atrai","c":"","ce":0,"w":"BNP","wn":"BNP","v":[54816,52476,8963,813,0,0],"rest":242,"tt":117310,"mg":2.0,"to":null,"tv":0},"type":"Polygon","arcs":[[-8539,-8486,-8913,-8296,-8354,-8360,-8540]],"id":"feature_342"},{"properties":{"k":"uz|Naogaon|Badalgachhi","t":"uz","n":"Badalgachhi","d":"Naogaon","z":"Badalgachhi","c":"","ce":0,"w":"BNP","wn":"BNP","v":[70352,43901,7250,509,0,0],"rest":2155,"tt":124167,"mg":21.3,"to":null,"tv":0},"type":"Polygon","arcs":[[-8302,-8298,-8323,-8268,8258,8259,8260,8261,8262,8263,8264,-8303]],"id":"feature_343"},{"properties":{"k":"uz|Naogaon|Dhamoirhat","t":"uz","n":"Dhamoirhat","d":"Naogaon","z":"Dhamoirhat","c":"","ce":0,"w":"Jamaat","wn":"Jamaat","v":[54573,65805,0,0,0,0],"rest":1118,"tt":121496,"mg":9.2,"to":null,"tv":0},"type":"Polygon","arcs":[[-8321,8265,8266,8267,-8322],[8268,8269],[8270],[8271],[8272,8273],[8274],[8275,-8279,8276,8277,8278,8279,8280],[8281,-8283,8282],[8283,8284],[8285],[8286],[8287],[8288],[-8290,8289],[8290],[8291,8292,8293],[-8295,8294]],"id":"feature_344"},{"properties":{"k":"uz|Naogaon|Manda","t":"uz","n":"Manda","d":"Naogaon","z":"Manda","c":"","ce":0,"w":"BNP","wn":"BNP","v":[133191,96521,704,596,0,0],"rest":3598,"tt":234610,"mg":15.6,"to":null,"tv":0},"type":"Polygon","arcs":[[-9071,-9172,-8316,-8318,-8297,-8299,-8300,-8355,8295,-8912,-9072]],"id":"feature_345"},{"properties":{"k":"uz|Naogaon|Mahadebpur","t":"uz","n":"Mahadebpur","d":"Naogaon","z":"Mahadebpur","c":"","ce":0,"w":"BNP","wn":"BNP","v":[95294,73937,10573,3094,0,0],"rest":4087,"tt":186985,"mg":11.4,"to":null,"tv":0},"type":"Polygon","arcs":[[8296,-8317,-8352,-8319,-8324,8297,-8301,8298]],"id":"feature_346"},{"properties":{"k":"uz|Naogaon|Naogaon Sadar","t":"uz","n":"Naogaon Sadar","d":"Naogaon","z":"Naogaon Sadar","c":"","ce":0,"w":"BNP","wn":"BNP","v":[128366,103236,0,4046,0,0],"rest":2854,"tt":238502,"mg":10.5,"to":null,"tv":0},"type":"Polygon","arcs":[[-8356,8299,8300,8301,8302,8303,8304,8305,8306,8307,8308,8309,8310,8311,8312,8313,8314,-8357]],"id":"feature_347"},{"properties":{"k":"uz|Naogaon|Niamatpur","t":"uz","n":"Niamatpur","d":"Naogaon","z":"Niamatpur","c":"","ce":0,"w":"BNP","wn":"BNP","v":[85948,61031,13635,1620,0,0],"rest":2211,"tt":164445,"mg":15.2,"to":null,"tv":0},"type":"Polygon","arcs":[[8315,-9171,-8615,-8570,-8349,-8353,8316,8317]],"id":"feature_348"},{"properties":{"k":"uz|Naogaon|Patnitala","t":"uz","n":"Patnitala","d":"Naogaon","z":"Patnitala","c":"","ce":0,"w":"BNP","wn":"BNP","v":[79421,74642,0,0,0,0],"rest":1432,"tt":155495,"mg":3.1,"to":null,"tv":0},"type":"Polygon","arcs":[[8318,-8351,-8361,-8364,8319,8320,8321,8322,8323],[8324,8325,8326],[8327],[8328,8329,8330],[8331],[8332],[8333],[8334],[8335,8336],[8337,8338],[8339],[8340],[8341,8342],[-8344,8343],[8344],[8345],[8346],[8347]],"id":"feature_349"},{"properties":{"k":"uz|Naogaon|Porsha","t":"uz","n":"Porsha","d":"Naogaon","z":"Porsha","c":"","ce":0,"w":"Jamaat","wn":"Jamaat","v":[36726,39144,1723,5795,0,0],"rest":1018,"tt":84406,"mg":2.9,"to":null,"tv":0},"type":"Polygon","arcs":[[8348,-8569,8349,-8362,8350,8351,8352]],"id":"feature_350"},{"properties":{"k":"uz|Naogaon|Raninagar","t":"uz","n":"Raninagar","d":"Naogaon","z":"Raninagar","c":"","ce":0,"w":"BNP","wn":"BNP","v":[53254,43410,10527,989,0,0],"rest":297,"tt":108477,"mg":9.1,"to":null,"tv":0},"type":"Polygon","arcs":[[8353,8354,8355,8356,8357,8358,-8541,8359]],"id":"feature_351"},{"properties":{"k":"uz|Naogaon|Sapahar","t":"uz","n":"Sapahar","d":"Naogaon","z":"Sapahar","c":"","ce":0,"w":"Jamaat","wn":"Jamaat","v":[50369,52131,2647,1593,0,0],"rest":976,"tt":107716,"mg":1.6,"to":null,"tv":0},"type":"Polygon","arcs":[[8360,8361,8362,8363]],"id":"feature_352"},{"properties":{"k":"uz|Natore|Bagatipara","t":"uz","n":"Bagatipara","d":"Natore","z":"Bagatipara","c":"","ce":0,"w":"BNP","wn":"BNP","v":[31835,30837,21311,316,0,75],"rest":318,"tt":84692,"mg":1.2,"to":null,"tv":0},"type":"Polygon","arcs":[[-8453,8364,-8451,-8876,8365,-8874,-8872,-8959,-9128,-8503,-8509,-8382,-8457,8366,8367,-8454,-8371,8368,8369,8370],[8371],[8372],[8373],[8374],[8375,8376],[8377],[8378],[8379],[8380]],"id":"feature_353"},{"properties":{"k":"uz|Natore|Baraigram","t":"uz","n":"Baraigram","d":"Natore","z":"Baraigram","c":"","ce":0,"w":"BNP","wn":"BNP","v":[92427,80627,0,1810,0,0],"rest":2119,"tt":176983,"mg":6.7,"to":null,"tv":0},"type":"Polygon","arcs":[[-8458,8381,-8508,-8441,8382,-8439,8383,-8437,-8442,-8766,-8717,-8805,-8459],[8384,8385],[8386,8387],[8388],[8389,8390],[-8392,8391],[8392],[8393,8394],[8395],[8396],[8397],[8398],[8399],[8400],[8401],[8402,8403],[8404],[8405],[8406],[-8408,8407],[8408],[-8410,8409],[8410],[8411],[8412,-8414,8413],[8414,-8416,8415],[8416,8417],[8418],[8419],[8420],[8421],[8422],[8423],[8424],[8425,8426,8427],[8428],[8429],[8430],[8431],[8432],[8433],[8434],[8435]],"id":"feature_354"},{"properties":{"k":"uz|Natore|Gurudaspur","t":"uz","n":"Gurudaspur","d":"Natore","z":"Gurudaspur","c":"","ce":0,"w":"BNP","wn":"BNP","v":[77420,53562,0,2008,0,0],"rest":905,"tt":133895,"mg":17.8,"to":null,"tv":0},"type":"Polygon","arcs":[[8436,8437,8438,8439,8440,-8507,-8536,-8545,-9342,-8767,8441],[8442],[8443],[8444,8445],[8446,8447],[8448]],"id":"feature_355"},{"properties":{"k":"uz|Natore|Lalpur","t":"uz","n":"Lalpur","d":"Natore","z":"Lalpur","c":"","ce":0,"w":"BNP","wn":"BNP","v":[70362,58594,51767,937,0,223],"rest":778,"tt":182661,"mg":6.4,"to":null,"tv":0},"type":"Polygon","arcs":[[8449,-8865,-8877,8450,8451,8452,8453,8454,8455,8456,8457,8458,-8804,8459],[8460,8461],[8462],[8463,8464],[-8466,8465],[8466],[8467],[-8469,8468],[8469,8470],[8471,8472,8473],[-8475,8474],[8475,8476],[8477],[8478,8479],[8480],[-8482,8481],[-8483,8482],[8483],[8484]],"id":"feature_356"},{"properties":{"k":"uz|Natore|Naldanga","t":"uz","n":"Naldanga","d":"Natore","z":"Naldanga","c":"","ce":0,"w":"BNP","wn":"BNP","v":[52870,35130,165,420,0,0],"rest":785,"tt":89370,"mg":19.9,"to":null,"tv":0},"type":"Polygon","arcs":[[-8505,-9136,-8914,8485,-8538,-8506],[8486],[-8488,8487],[-8489,8488],[8489,8490],[8491],[8492],[8493],[8494],[8495],[-8497,8496],[8497,8498],[8499,8500],[8501]],"id":"feature_357"},{"properties":{"k":"uz|Natore|Natore Sadar","t":"uz","n":"Natore Sadar","d":"Natore","z":"Natore Sadar","c":"","ce":0,"w":"BNP","wn":"BNP","v":[109485,93765,441,2308,0,0],"rest":2247,"tt":208246,"mg":7.5,"to":null,"tv":0},"type":"Polygon","arcs":[[8502,-9127,-9140,8503,-9137,8504,8505,-8537,8506,8507,8508],[8509,8510,8511,8512,8513],[8514,-8516,8515],[-8517,8516],[8517,8518],[8519],[8520,8521,8522],[8523],[8524],[8525,8526],[8527],[8528],[8529],[8530],[8531],[8532],[8533],[8534]],"id":"feature_358"},{"properties":{"k":"uz|Natore|Singra","t":"uz","n":"Singra","d":"Natore","z":"Singra","c":"","ce":0,"w":"BNP","wn":"BNP","v":[119170,20267,66191,19019,0,0],"rest":2461,"tt":227108,"mg":23.3,"to":null,"tv":0},"type":"Polygon","arcs":[[8535,8536,8537,8538,8539,8540,8541,8542,8543,-9343,8544],[8545,8546],[8547],[8548],[8549],[8550],[8551],[8552,8553],[8554],[8555],[8556],[8557,8558],[8559],[8560],[8561],[8562,8563]],"id":"feature_359"},{"properties":{"k":"uz|Chapainababganj|Bholahat","t":"uz","n":"Bholahat","d":"Chapainababganj","z":"Bholahat","c":"","ce":0,"w":"Jamaat","wn":"Jamaat","v":[32651,35029,0,154,0,0],"rest":822,"tt":68656,"mg":3.5,"to":null,"tv":0},"type":"Polygon","arcs":[[-8566,-8679,8564,-8567]],"id":"feature_360"},{"properties":{"k":"uz|Chapainababganj|Gomastapur","t":"uz","n":"Gomastapur","d":"Chapainababganj","z":"Gomastapur","c":"","ce":0,"w":"Jamaat","wn":"Jamaat","v":[74537,85120,0,645,0,0],"rest":6404,"tt":166706,"mg":6.3,"to":null,"tv":0},"type":"Polygon","arcs":[[-8609,-8680,8565,8566,8567,8568,8569,-8614,8570,-8612,8571,8572,8573,-8610],[8574],[8575,8576],[8577],[8578],[8579,8580],[8581],[-8583,8582],[8583,8584],[8585],[8586],[8587],[8588],[8589],[8590],[8591,8592],[8593],[8594],[8595],[-8597,8596],[8597,8598],[-8600,8599,-8601,8600],[8601],[8602],[8603,8604],[-8607,8605,8606,8607]],"id":"feature_361"},{"properties":{"k":"uz|Chapainababganj|Nachole","t":"uz","n":"Nachole","d":"Chapainababganj","z":"Nachole","c":"","ce":0,"w":"Jamaat","wn":"Jamaat","v":[46865,48672,0,251,0,0],"rest":1410,"tt":97198,"mg":1.9,"to":null,"tv":0},"type":"Polygon","arcs":[[-8648,-8681,8608,8609,8610,8611,8612,8613,8614,-9170,-8649],[8615],[8616],[8617,8618],[8619],[8620,8621],[8622],[8623],[8624,8625],[8626,8627],[8628],[8629,8630],[8631],[-8633,8632],[8633],[-8635,8634],[8635],[-8637,8636,-8638,8637],[8638]],"id":"feature_362"},{"properties":{"k":"uz|Chapainababganj|Chapainawabganj Sadar","t":"uz","n":"Chapainawabganj Sadar","d":"Chapainababganj","z":"Chapainawabganj Sadar","c":"","ce":0,"w":"Jamaat","wn":"Jamaat","v":[126018,185166,0,785,0,350],"rest":614,"tt":312933,"mg":18.9,"to":null,"tv":0},"type":"Polygon","arcs":[[8639,-8677,-8692,8640,8641,8642,-8690,8643,-8688,8644,-8686,8645,-8684,8646,-8682,8647,8648,-9169,-9024,-9023,8649],[8650],[8651],[8652,8653],[-8655,8654],[8655],[8656,8657],[-8659,8658],[8659],[8660,8661,8662,8663],[8664,-8666,8665],[8666],[8667],[8668],[8669],[8669],[8670,8671],[8672],[-8674,8673],[-8675,8674],[8675]],"id":"feature_363"},{"properties":{"k":"uz|Chapainababganj|Shibganj","t":"uz","n":"Shibganj","d":"Chapainababganj","z":"Shibganj","c":"","ce":0,"w":"Jamaat","wn":"Jamaat","v":[161667,203442,0,1072,215,0],"rest":3145,"tt":369541,"mg":11.3,"to":null,"tv":0},"type":"Polygon","arcs":[[8676,8677,8678,8679,8680,8681,8682,8683,8684,8685,8686,8687,8688,8689,8690,8691],[8692],[-8694,8693],[8694],[8695],[8696,8697],[8698,8699,8700],[8701],[-8703,8702,-8705,8703,8704],[8705],[8706],[8707,8708],[8709],[8710],[-8712,8711],[8712,8713],[8714],[8715]],"id":"feature_364"},{"properties":{"k":"uz|Pabna|Atgharia","t":"uz","n":"Atgharia","d":"Pabna","z":"Atgharia","c":"","ce":0,"w":"Jamaat","wn":"Jamaat","v":[42627,47023,8272,888,0,0],"rest":341,"tt":99151,"mg":4.4,"to":null,"tv":0},"type":"Polygon","arcs":[[-8813,-8806,8716,-8765,-8769,-8787,-8832,-8814],[8717],[-8719,8718],[8719,-8721,8720],[8721],[8722],[8722],[8723],[8724],[8725],[8726,8727,8728,8729],[-8731,8730,8731],[8732],[-8734,8733,8734],[8735,8736,8737,8738],[8739]],"id":"feature_365"},{"properties":{"k":"uz|Pabna|Bera","t":"uz","n":"Bera","d":"Pabna","z":"Bera","c":"","ce":0,"w":"BNP","wn":"BNP","v":[103045,37988,0,2791,0,0],"rest":1097,"tt":144921,"mg":44.9,"to":null,"tv":0},"type":"Polygon","arcs":[[-8848,-8838,8740,-8837,8741,-8835,-9293,-9227,8742,8743,8744,8745,-8849],[8746],[-8749,8747,8748,8749,8750,8751],[8752]],"id":"feature_366"},{"properties":{"k":"uz|Pabna|Bhangura","t":"uz","n":"Bhangura","d":"Pabna","z":"Bhangura","c":"","ce":0,"w":"Jamaat","wn":"Jamaat","v":[28603,44212,4595,481,0,95],"rest":619,"tt":78605,"mg":19.9,"to":null,"tv":0},"type":"Polygon","arcs":[[-8789,-8768,-9340,-9349,-8790],[8753],[8754],[8755,-8758,8756,8757],[8758],[8759],[8760],[8761],[8762],[8763]],"id":"feature_367"},{"properties":{"k":"uz|Pabna|Chatmohar","t":"uz","n":"Chatmohar","d":"Pabna","z":"Chatmohar","c":"","ce":0,"w":"BNP","wn":"BNP","v":[77100,62720,31647,1052,0,790],"rest":1354,"tt":174663,"mg":8.2,"to":null,"tv":0},"type":"Polygon","arcs":[[8764,8765,8766,-9341,8767,-8788,8768],[8769,8770],[-8772,8771],[8772],[8773],[8774,8775],[8776,8777,8778],[8779],[8780],[8781],[8782],[8783],[8784],[8785]],"id":"feature_368"},{"properties":{"k":"uz|Pabna|Faridpur","t":"uz","n":"Faridpur","d":"Pabna","z":"Faridpur","c":"","ce":0,"w":"Jamaat","wn":"Jamaat","v":[37837,38905,1610,225,0,97],"rest":676,"tt":79350,"mg":1.3,"to":null,"tv":0},"type":"Polygon","arcs":[[-8833,8786,8787,8788,8789,-9348,-9289,-8834],[8790],[8791],[8792,8793],[8794,-8796,8795],[8796],[8797],[-8799,8798,8799],[8800],[-8802,8801]],"id":"feature_369"},{"properties":{"k":"uz|Pabna|Ishwardi","t":"uz","n":"Ishwardi","d":"Pabna","z":"Ishwardi","c":"","ce":0,"w":"BNP","wn":"BNP","v":[90646,89264,19642,1784,0,0],"rest":1222,"tt":202558,"mg":0.7,"to":null,"tv":0},"type":"Polygon","arcs":[[8802,8803,8804,8805,-8812,8806,8807,8808]],"id":"feature_370"},{"properties":{"k":"uz|Pabna|Pabna Sadar","t":"uz","n":"Pabna Sadar","d":"Pabna","z":"Pabna Sadar","c":"","ce":0,"w":"BNP","wn":"BNP","v":[181692,163958,0,4307,0,0],"rest":435,"tt":350392,"mg":5.1,"to":null,"tv":0},"type":"Polygon","arcs":[[8809,8810,8811,8812,8813,-8831,-8845,8814,-8843,8815,-8841,8816,8817,8818,8819],[8820,8821,8822,8823,8824],[8825,8826],[8827],[8828,8829]],"id":"feature_371"},{"properties":{"k":"uz|Pabna|Santhia","t":"uz","n":"Santhia","d":"Pabna","z":"Santhia","c":"","ce":0,"w":"Jamaat","wn":"Jamaat","v":[103663,128467,1027,1100,0,0],"rest":0,"tt":234257,"mg":10.6,"to":null,"tv":0},"type":"Polygon","arcs":[[-8846,8830,8831,8832,8833,-9288,-9294,8834,8835,8836,8837,-8847]],"id":"feature_372"},{"properties":{"k":"uz|Pabna|Sujanagar","t":"uz","n":"Sujanagar","d":"Pabna","z":"Sujanagar","c":"","ce":0,"w":"BNP","wn":"BNP","v":[110795,37705,0,3036,0,0],"rest":1450,"tt":152986,"mg":47.8,"to":null,"tv":0},"type":"Polygon","arcs":[[8838,8839,8840,8841,8842,8843,8844,8845,8846,8847,8848,8849,8850,8851],[8852],[8853],[8854],[8855],[8856],[8857],[8858],[-8860,8859],[8860,8861,8862],[8863]],"id":"feature_373"},{"properties":{"k":"uz|Rajshahi|Bagha","t":"uz","n":"Bagha","d":"Rajshahi","z":"Bagha","c":"","ce":0,"w":"BNP","wn":"BNP","v":[65410,45645,0,1046,0,0],"rest":1517,"tt":113618,"mg":17.4,"to":null,"tv":0},"type":"Polygon","arcs":[[8864,8865,8866,-8965,8867,-8963,8868,8869,-8961,8870,-8960,8871,8872,8873,8874,8875,8876],[8877,-8879,8878],[8879,8880],[8881,8882,8883,8884,8885],[8886],[-8888,8887],[8888],[8889],[8890],[8891,8892],[8893],[8894],[-8896,8895],[8896],[8897],[8898],[8899],[8900],[8901,8902,8903,8904],[8905],[8906],[-8908,8907],[8908],[8909]],"id":"feature_374"},{"properties":{"k":"uz|Rajshahi|Bagmara","t":"uz","n":"Bagmara","d":"Rajshahi","z":"Bagmara","c":"","ce":0,"w":"Jamaat","wn":"Jamaat","v":[108664,113567,0,645,0,0],"rest":1704,"tt":224580,"mg":2.2,"to":null,"tv":0},"type":"Polygon","arcs":[[-8999,8910,-8997,-9073,8911,8912,8913,-9135,8914,-9001,8915,8916,8917],[8918],[8919,8920],[8921],[8922],[8923],[8924,8925,8926,8927],[8928],[8929,8930,8931,8932],[8933],[8934,8935,8936,8937],[8938],[8939],[8940],[8941],[-8943,8942],[8943],[8944],[8945],[8946],[8947],[8948],[8949]],"id":"feature_375"},{"properties":{"k":"uz|Rajshahi|Charghat","t":"uz","n":"Charghat","d":"Rajshahi","z":"Charghat","c":"","ce":0,"w":"BNP","wn":"BNP","v":[81949,45815,0,540,0,0],"rest":1320,"tt":129624,"mg":27.9,"to":null,"tv":0},"type":"Polygon","arcs":[[8950,8951,8952,-9097,8953,-9111,8954,-9108,8955,-9106,8956,-9104,8957,-9129,8958,8959,8960,8961,8962,8963,8964,8965],[8966,-8968,8967],[8968],[8969],[8970,8971],[-8973,8972],[8973],[-8975,8974],[8975],[8976],[-8978,8977],[8978,8979],[8980],[8981],[8982],[8983,-8985,8984],[8985],[8986],[8987],[8988],[8989],[8990],[8991],[8992],[8993],[8994],[8995]],"id":"feature_376"},{"properties":{"k":"uz|Rajshahi|Durgapur","t":"uz","n":"Durgapur","d":"Rajshahi","z":"Durgapur","c":"","ce":0,"w":"BNP","wn":"BNP","v":[72841,25207,2582,202,0,0],"rest":326,"tt":101158,"mg":47.1,"to":null,"tv":0},"type":"Polygon","arcs":[[-9132,-9102,-9074,8996,8997,8998,8999,9000,9001,-9133],[9002],[-9004,9003],[9004],[9005],[9006,9007,9008],[-9010,9009],[9010],[-9013,9011,9012,9013],[9014,9015],[9016],[9017],[9018],[9019,9020]],"id":"feature_377"},{"properties":{"k":"uz|Rajshahi|Godagari","t":"uz","n":"Godagari","d":"Rajshahi","z":"Godagari","c":"","ce":0,"w":"Jamaat","wn":"Jamaat","v":[103336,107460,345,0,0,193],"rest":614,"tt":211948,"mg":1.9,"to":null,"tv":0},"type":"Polygon","arcs":[[9021,9022,9023,-9168,9024,-9164,-9179,-9099,9025],[9026,9027],[9028],[9029],[9030],[9031],[9032],[-9034,9033],[9034,9035],[9036],[9037],[9038,9039,9040,9041],[9042,-9045,9043,9044],[9045],[-9047,9046],[9047],[-9049,9048],[9049],[9050],[9051],[9052],[9053],[9054],[9055],[9056],[9057],[9058],[9059],[9060],[9061],[9062],[9063],[-9066,9064,9065,9066,9067],[9068]],"id":"feature_378"},{"properties":{"k":"uz|Rajshahi|Mohanpur","t":"uz","n":"Mohanpur","d":"Rajshahi","z":"Mohanpur","c":"","ce":0,"w":"BNP","wn":"BNP","v":[61254,47507,0,291,0,0],"rest":1729,"tt":110781,"mg":12.4,"to":null,"tv":0},"type":"Polygon","arcs":[[-9100,-9177,-9175,9069,-9173,9070,9071,9072,9073,-9101],[-9075,9074,9075],[9076,9077,9078],[9079,-9081,9080],[9081],[9082],[9083],[9084,9085],[9086],[9087,9088],[9089,-9091,9090],[9091],[9092],[9093],[9094],[-9096,9095]],"id":"feature_379"},{"properties":{"k":"uz|Rajshahi|Paba","t":"uz","n":"Paba","d":"Rajshahi","z":"Paba","c":"","ce":0,"w":"BNP","wn":"BNP","v":[114316,89089,0,848,0,0],"rest":2064,"tt":206317,"mg":12.2,"to":null,"tv":0},"type":"Polygon","arcs":[[9096,9097,9098,-9178,9099,9100,9101,-9131,9102,9103,9104,9105,9106,9107,9108,9109,9110,9111],[9112],[9113],[9114],[9115,9116,9117,9118],[9119],[9120],[9121],[9122],[9123,9124],[9125]],"id":"feature_380"},{"properties":{"k":"uz|Rajshahi|Puthia","t":"uz","n":"Puthia","d":"Rajshahi","z":"Puthia","c":"","ce":0,"w":"BNP","wn":"BNP","v":[79836,47328,6716,408,0,0],"rest":604,"tt":134892,"mg":24.1,"to":null,"tv":0},"type":"Polygon","arcs":[[9126,9127,9128,9129,9130,9131,9132,9133,9134,9135,9136,9137,9138,9139],[9140],[9141],[9142],[-9144,9143],[-9145,9144],[9145],[9146,9147],[9148],[9149,9150],[9151],[9152],[9153],[-9155,9154],[9155,9156,9157,9158,9159],[9160],[9161],[-9163,9162]],"id":"feature_381"},{"properties":{"k":"uz|Rajshahi|Tanore","t":"uz","n":"Tanore","d":"Rajshahi","z":"Tanore","c":"","ce":0,"w":"BNP","wn":"BNP","v":[65674,62324,305,0,0,204],"rest":465,"tt":128972,"mg":2.6,"to":null,"tv":0},"type":"Polygon","arcs":[[9163,9164,9165,9166,9167,9168,9169,9170,9171,9172,9173,9174,9175,9176,9177,9178],[9179,9180],[9181,9182],[9183],[9184],[9185,9186],[9187],[9188],[9189],[9190],[9191],[9192],[9193,9194],[9195],[9196,9197],[9198,9199],[9200],[9201],[9202],[9203],[-9205,9204],[9205]],"id":"feature_382"},{"properties":{"k":"uz|Sirajganj|Belkuchi","t":"uz","n":"Belkuchi","d":"Sirajganj","z":"Belkuchi","c":"","ce":0,"w":"BNP","wn":"BNP","v":[100282,80283,0,1747,0,142],"rest":1255,"tt":183709,"mg":10.9,"to":null,"tv":0},"type":"Polygon","arcs":[[-9290,-9355,-9231,-9232,-9321,9206,9207,-9228,-9291],[9208],[9209,9210],[9211,9212],[9213],[9214],[9215],[9216],[-9218,9217],[9218],[9219],[-9221,9220],[9221],[9222],[9223]],"id":"feature_383"},{"properties":{"k":"uz|Sirajganj|Chouhali","t":"uz","n":"Chouhali","d":"Sirajganj","z":"Chouhali","c":"","ce":0,"w":"BNP","wn":"BNP","v":[33915,24905,0,3944,0,90],"rest":265,"tt":63119,"mg":14.3,"to":null,"tv":0},"type":"Polygon","arcs":[[9224,9225,9226,-9292,9227,9228,9229]],"id":"feature_384"},{"properties":{"k":"uz|Sirajganj|Kamarkhanda","t":"uz","n":"Kamarkhanda","d":"Sirajganj","z":"Kamarkhanda","c":"","ce":0,"w":"BNP","wn":"BNP","v":[47083,36766,0,467,0,107],"rest":696,"tt":85119,"mg":12.1,"to":null,"tv":0},"type":"Polygon","arcs":[[9230,-9354,-9276,-9313,-9322,9231]],"id":"feature_385"},{"properties":{"k":"uz|Sirajganj|Kazipur","t":"uz","n":"Kazipur","d":"Sirajganj","z":"Kazipur","c":"","ce":0,"w":"BNP","wn":"BNP","v":[74258,64897,104,0,0,508],"rest":1539,"tt":141306,"mg":6.6,"to":null,"tv":0},"type":"Polygon","arcs":[[-9316,9232,9233,9234,9235,9236,9237,9238,9239,9240,9241,-9317],[9242],[9243,9244],[9245,9246],[9247],[9248],[9249],[9250],[9251],[9252],[9253],[9254],[9255],[9256],[9257],[9258],[9259],[-9261,9260],[9261],[9262],[9263],[9264,9265],[9266],[9267],[9268],[9269],[9270],[9271,9272]],"id":"feature_386"},{"properties":{"k":"uz|Sirajganj|Rayganj","t":"uz","n":"Rayganj","d":"Sirajganj","z":"Rayganj","c":"","ce":0,"w":"BNP","wn":"BNP","v":[105026,78075,408,0,0,0],"rest":958,"tt":184467,"mg":14.6,"to":null,"tv":0},"type":"Polygon","arcs":[[-9352,-9346,9273,9274,-9314,9275,-9353],[9276,9277],[9278,9279],[9280],[9281],[9282],[9283],[9284],[9285],[9286]],"id":"feature_387"},{"properties":{"k":"uz|Sirajganj|Shahjadpur","t":"uz","n":"Shahjadpur","d":"Sirajganj","z":"Shahjadpur","c":"","ce":0,"w":"BNP","wn":"BNP","v":[170129,102185,679,2540,0,0],"rest":4368,"tt":279901,"mg":24.3,"to":null,"tv":0},"type":"Polygon","arcs":[[9287,9288,-9347,-9356,9289,9290,9291,9292,9293],[9294],[9295],[9296],[9297,9298],[9299],[9300],[9301],[9302],[9303],[9304],[9305,9306,9307],[9308,9309],[9310],[-9312,9311]],"id":"feature_388"},{"properties":{"k":"uz|Sirajganj|Sirajganj Sadar","t":"uz","n":"Sirajganj Sadar","d":"Sirajganj","z":"Sirajganj Sadar","c":"","ce":0,"w":"BNP","wn":"BNP","v":[171305,143357,152,1671,0,961],"rest":2061,"tt":319507,"mg":8.7,"to":null,"tv":0},"type":"Polygon","arcs":[[9312,9313,9314,9315,9316,9317,9318,9319,9320,9321],[9322],[-9324,9323,9324],[9325,9326],[9327],[9328],[9329],[9330],[9331],[9332],[9333],[9334],[9335],[9336],[9337],[9338]],"id":"feature_389"},{"properties":{"k":"uz|Sirajganj|Tarash","t":"uz","n":"Tarash","d":"Sirajganj","z":"Tarash","c":"","ce":0,"w":"BNP","wn":"BNP","v":[70246,38850,585,28,0,0],"rest":704,"tt":110413,"mg":28.4,"to":null,"tv":0},"type":"Polygon","arcs":[[-9350,9339,9340,9341,9342,9343,9344,9345,-9351]],"id":"feature_390"},{"properties":{"k":"uz|Sirajganj|Ullapara","t":"uz","n":"Ullapara","d":"Sirajganj","z":"Ullapara","c":"","ce":0,"w":"BNP","wn":"BNP","v":[160458,159693,0,2210,0,0],"rest":1892,"tt":324253,"mg":0.2,"to":null,"tv":0},"type":"Polygon","arcs":[[9346,9347,9348,9349,9350,9351,9352,9353,9354,9355],[9356],[9357],[9358],[9359],[9360,9361],[9362],[9363],[9364],[9365],[9366],[9367],[9368],[9369],[9370]],"id":"feature_391"},{"properties":{"k":"uz|Dinajpur|Birampur","t":"uz","n":"Birampur","d":"Dinajpur","z":"Birampur","c":"","ce":0,"w":"BNP","wn":"BNP","v":[56565,52794,193,204,0,0],"rest":756,"tt":110512,"mg":3.4,"to":null,"tv":0},"type":"Polygon","arcs":[[-9490,9371,-9455,-9458,-9529,-9491]],"id":"feature_392"},{"properties":{"k":"uz|Dinajpur|Birganj","t":"uz","n":"Birganj","d":"Dinajpur","z":"Birganj","c":"","ce":0,"w":"BNP","wn":"BNP","v":[118751,78558,0,1970,0,187],"rest":2145,"tt":201611,"mg":19.9,"to":null,"tv":0},"type":"Polygon","arcs":[[-9509,-9421,-10152,-10210,-9975,-9513,-9506,-9510],[9372,9373,9374],[9375],[-9377,9376],[9377],[9378],[9379],[9380,9381,9382],[9383],[9384],[9385],[9386],[9387],[9388],[9389],[9390],[9391,9392,9393],[9394],[9395,9396]],"id":"feature_393"},{"properties":{"k":"uz|Dinajpur|Birol","t":"uz","n":"Birol","d":"Dinajpur","z":"Birol","c":"","ce":0,"w":"BNP","wn":"BNP","v":[77954,69747,16153,579,0,0],"rest":1930,"tt":166363,"mg":4.9,"to":null,"tv":0},"type":"Polygon","arcs":[[-9516,9397,-9419,-9422,-9507,-9517],[9398],[9399],[9400],[9401,9402,9403],[9404,9405,9406,9407],[9408,-9410,9409],[9410],[9411],[9412],[9413],[9414],[9415],[9416],[9417]],"id":"feature_394"},{"properties":{"k":"uz|Dinajpur|Bochaganj","t":"uz","n":"Bochaganj","d":"Dinajpur","z":"Bochaganj","c":"","ce":0,"w":"BNP","wn":"BNP","v":[60924,34990,3224,470,0,0],"rest":3136,"tt":102744,"mg":25.2,"to":null,"tv":0},"type":"Polygon","arcs":[[9418,9419,-10150,-10153,9420,-9508,9421],[9422],[9423],[9424],[9425],[9426],[9427],[9428],[9429,9430],[-9432,9431],[9432],[9433],[9434],[9435],[9436],[9437,9438],[9439,-9442,9440,9441],[9442,9443],[-9445,9444,-9446,9445],[9446,9447],[9448],[9449],[9450],[9451],[9452]],"id":"feature_395"},{"properties":{"k":"uz|Dinajpur|Chirirbandar","t":"uz","n":"Chirirbandar","d":"Dinajpur","z":"Chirirbandar","c":"","ce":0,"w":"BNP","wn":"BNP","v":[100545,82025,0,857,0,0],"rest":2171,"tt":185598,"mg":10.0,"to":null,"tv":0},"type":"Polygon","arcs":[[-9520,-9511,-9514,-9920,-9534,-9457,9453,-9521]],"id":"feature_396"},{"properties":{"k":"uz|Dinajpur|Fulbari","t":"uz","n":"Fulbari","d":"Dinajpur","z":"Fulbari","c":"","ce":0,"w":"BNP","wn":"BNP","v":[44136,43115,23896,0,0,0],"rest":581,"tt":111728,"mg":0.9,"to":null,"tv":0},"type":"Polygon","arcs":[[9454,9455,9456,-9533,-9538,-9530,9457],[9458],[9459],[9460],[9461],[9462],[9463],[-9465,9464,9465],[-9467,9466],[9467,9468],[9469],[9470,9471,9472],[9473],[9474],[-9476,9475],[-9477,9476],[9477,9478],[9479]],"id":"feature_397"},{"properties":{"k":"uz|Dinajpur|Ghoraghat","t":"uz","n":"Ghoraghat","d":"Dinajpur","z":"Ghoraghat","c":"","ce":0,"w":"BNP","wn":"BNP","v":[39679,35561,110,414,0,0],"rest":903,"tt":76667,"mg":5.4,"to":null,"tv":0},"type":"Polygon","arcs":[[-9571,9480,-9492,-9531,-10123,-9602,-9572],[9481],[9482],[9483],[9484]],"id":"feature_398"},{"properties":{"k":"uz|Dinajpur|Hakimpur","t":"uz","n":"Hakimpur","d":"Dinajpur","z":"Hakimpur","c":"","ce":0,"w":"Jamaat","wn":"Jamaat","v":[28822,30004,79,341,0,0],"rest":328,"tt":59574,"mg":2.0,"to":null,"tv":0},"type":"Polygon","arcs":[[9485,9486,9487,9488,9489,9490,-9528,-9532,9491,9492,9493,9494,9495],[9496],[9497,9498,9499],[9500],[9501],[9502],[9503],[9504]],"id":"feature_399"},{"properties":{"k":"uz|Dinajpur|Kaharole","t":"uz","n":"Kaharole","d":"Dinajpur","z":"Kaharole","c":"","ce":0,"w":"BNP","wn":"BNP","v":[59738,37930,0,1104,0,206],"rest":1632,"tt":100610,"mg":21.7,"to":null,"tv":0},"type":"Polygon","arcs":[[9505,-9512,-9518,9506,9507,9508,9509]],"id":"feature_400"},{"properties":{"k":"uz|Dinajpur|Khansama","t":"uz","n":"Khansama","d":"Dinajpur","z":"Khansama","c":"","ce":0,"w":"BNP","wn":"BNP","v":[65032,45641,0,829,0,0],"rest":934,"tt":112436,"mg":17.2,"to":null,"tv":0},"type":"Polygon","arcs":[[9510,-9519,9511,9512,-9974,-9893,-9921,9513]],"id":"feature_401"},{"properties":{"k":"uz|Dinajpur|Dinajpur Sadar","t":"uz","n":"Dinajpur Sadar","d":"Dinajpur","z":"Dinajpur Sadar","c":"","ce":0,"w":"BNP","wn":"BNP","v":[139207,134618,0,1392,0,0],"rest":5295,"tt":280512,"mg":1.6,"to":null,"tv":0},"type":"Polygon","arcs":[[9514,9515,9516,9517,9518,9519,9520,9521],[9522],[9523],[9524,-9526,9525],[9526]],"id":"feature_402"},{"properties":{"k":"uz|Dinajpur|Nababganj","t":"uz","n":"Nababganj","d":"Dinajpur","z":"Nababganj","c":"","ce":0,"w":"BNP","wn":"BNP","v":[78821,70360,176,683,0,0],"rest":1129,"tt":151169,"mg":5.6,"to":null,"tv":0},"type":"Polygon","arcs":[[9527,9528,9529,-9537,-10031,-10108,-10124,9530,9531]],"id":"feature_403"},{"properties":{"k":"uz|Dinajpur|Parbatipur","t":"uz","n":"Parbatipur","d":"Dinajpur","z":"Parbatipur","c":"","ce":0,"w":"Independent","wn":"Independent","v":[53591,65833,98010,0,0,0],"rest":891,"tt":218325,"mg":14.7,"to":null,"tv":0},"type":"Polygon","arcs":[[9532,9533,-9919,-9925,-10029,9534,9535,-10027,-10032,9536,9537],[9538,9539],[9540,9541,9542],[9543],[9544],[9545]],"id":"feature_404"},{"properties":{"k":"uz|Gaibandha|Fulchhari","t":"uz","n":"Fulchhari","d":"Gaibandha","z":"Fulchhari","c":"","ce":0,"w":"Jamaat","wn":"Jamaat","v":[28034,28254,14339,1419,0,0],"rest":2691,"tt":74737,"mg":0.3,"to":null,"tv":0},"type":"Polygon","arcs":[[9546,-9618,-9549,-9551,9547]],"id":"feature_405"},{"properties":{"k":"uz|Gaibandha|Gaibandha Sadar","t":"uz","n":"Gaibandha Sadar","d":"Gaibandha","z":"Gaibandha Sadar","c":"","ce":0,"w":"Jamaat","wn":"Jamaat","v":[92180,121073,0,2351,0,0],"rest":24277,"tt":239881,"mg":12.0,"to":null,"tv":0},"type":"Polygon","arcs":[[9548,-9617,-9604,-9612,-9622,-9624,-9635,9549,9550],[9551,9552,9553],[9554,9555],[9556],[9557],[9558],[9559],[9560,9561],[9562],[9563,9564],[9565],[9566]],"id":"feature_406"},{"properties":{"k":"uz|Gaibandha|Gobindaganj","t":"uz","n":"Gobindaganj","d":"Gaibandha","z":"Gobindaganj","c":"","ce":0,"w":"BNP","wn":"BNP","v":[141712,138200,1540,1357,0,0],"rest":2696,"tt":285505,"mg":1.2,"to":null,"tv":0},"type":"Polygon","arcs":[[9567,9568,9569,9570,9571,-9601,-9605,-9615,9572,9573,9574,9575,9576,9577],[9578,9579],[9580],[9581],[9582],[9583,-9587,9584,9585,9586,9587],[9588],[9589],[9590],[9591,-9593,9592],[9593],[9594],[9595,9596],[9597],[-9599,9598],[9599]],"id":"feature_407"},{"properties":{"k":"uz|Gaibandha|Palashbari","t":"uz","n":"Palashbari","d":"Gaibandha","z":"Palashbari","c":"","ce":0,"w":"Jamaat","wn":"Jamaat","v":[56213,85361,758,736,0,118],"rest":1320,"tt":144506,"mg":20.2,"to":null,"tv":0},"type":"Polygon","arcs":[[9600,9601,-10122,-10128,-9611,9602,-9609,-9613,9603,-9616,9604],[9605],[9606],[9607]],"id":"feature_408"},{"properties":{"k":"uz|Gaibandha|Sadullapur","t":"uz","n":"Sadullapur","d":"Gaibandha","z":"Sadullapur","c":"","ce":0,"w":"BNP","wn":"BNP","v":[82487,75191,2337,2080,0,1655],"rest":1096,"tt":164846,"mg":4.4,"to":null,"tv":0},"type":"Polygon","arcs":[[9608,9609,9610,-10127,-10113,-9623,9611,9612]],"id":"feature_409"},{"properties":{"k":"uz|Gaibandha|Saghata","t":"uz","n":"Saghata","d":"Gaibandha","z":"Saghata","c":"","ce":0,"w":"Jamaat","wn":"Jamaat","v":[44707,59659,31987,771,0,0],"rest":1391,"tt":138515,"mg":10.8,"to":null,"tv":0},"type":"Polygon","arcs":[[9613,9614,9615,9616,9617,9618,9619,9620]],"id":"feature_410"},{"properties":{"k":"uz|Gaibandha|Sundarganj","t":"uz","n":"Sundarganj","d":"Gaibandha","z":"Sundarganj","c":"","ce":0,"w":"Jamaat","wn":"Jamaat","v":[37851,138945,27498,2044,0,0],"rest":34495,"tt":240833,"mg":42.0,"to":null,"tv":0},"type":"Polygon","arcs":[[9621,9622,-10112,-10114,-10121,-9703,-9640,-9636,9623],[9624,9625],[9626],[9627,9628],[9629,9630,9631]],"id":"feature_411"},{"properties":{"k":"uz|Kurigram|Bhurungamari","t":"uz","n":"Bhurungamari","d":"Kurigram","z":"Bhurungamari","c":"","ce":0,"w":"BNP","wn":"BNP","v":[53190,46900,0,10158,0,54],"rest":25152,"tt":135454,"mg":4.6,"to":null,"tv":0},"type":"Polygon","arcs":[[-9654,9632,-9655]],"id":"feature_412"},{"properties":{"k":"uz|Kurigram|Rajibpur","t":"uz","n":"Rajibpur","d":"Kurigram","z":"Rajibpur","c":"","ce":0,"w":"Jamaat","wn":"Jamaat","v":[18559,24655,456,402,0,0],"rest":351,"tt":44423,"mg":13.7,"to":null,"tv":0},"type":"Polygon","arcs":[[9633,9634,9635,-9639,-9698,9636,9637]],"id":"feature_413"},{"properties":{"k":"uz|Kurigram|Chilmari","t":"uz","n":"Chilmari","d":"Kurigram","z":"Chilmari","c":"","ce":0,"w":"Jamaat","wn":"Jamaat","v":[18138,24651,19507,704,0,0],"rest":184,"tt":63184,"mg":8.1,"to":null,"tv":0},"type":"Polygon","arcs":[[-9699,9638,9639,-9702,-9709,-9700]],"id":"feature_414"},{"properties":{"k":"uz|Kurigram|Phulbari","t":"uz","n":"Phulbari","d":"Kurigram","z":"Phulbari","c":"","ce":0,"w":"BNP","wn":"BNP","v":[47566,47305,0,2502,0,0],"rest":3332,"tt":100705,"mg":0.3,"to":null,"tv":0},"type":"Polygon","arcs":[[-9651,-9642,-9695,-9759,9640,-9652]],"id":"feature_415"},{"properties":{"k":"uz|Kurigram|Kurigram Sadar","t":"uz","n":"Kurigram Sadar","d":"Kurigram","z":"Kurigram Sadar","c":"","ce":0,"w":"Jamaat","wn":"Jamaat","v":[71690,82589,0,18072,0,0],"rest":8823,"tt":181174,"mg":6.0,"to":null,"tv":0},"type":"Polygon","arcs":[[-9705,-9694,-9696,9641,-9650,-9657,9642,-9706],[9643],[9644],[9645],[9646],[9647],[9648]],"id":"feature_416"},{"properties":{"k":"uz|Kurigram|Nageshwari","t":"uz","n":"Nageshwari","d":"Kurigram","z":"Nageshwari","c":"","ce":0,"w":"Jamaat","wn":"Jamaat","v":[69129,92598,0,28512,0,172],"rest":28109,"tt":218520,"mg":10.7,"to":null,"tv":0},"type":"Polygon","arcs":[[9649,9650,9651,9652,9653,9654,9655,9656],[-9659,9657,9658,9659],[-9661,9660],[-9662,9661],[9662],[9663,9664,9665,9666],[9667],[9668,9669],[9670,9671],[-9673,9672],[9673],[9674],[9675],[-9677,9676],[9677],[9678],[9679,9680,9681,9682],[9683],[9684,9685],[9686],[9687,9688],[9689,-9691,9690],[9691],[9692]],"id":"feature_417"},{"properties":{"k":"uz|Kurigram|Rajarhat","t":"uz","n":"Rajarhat","d":"Kurigram","z":"Rajarhat","c":"","ce":0,"w":"BNP","wn":"BNP","v":[51079,49395,0,4145,0,0],"rest":4540,"tt":109159,"mg":1.5,"to":null,"tv":0},"type":"Polygon","arcs":[[9693,-9704,-10119,-10090,-9760,9694,9695]],"id":"feature_418"},{"properties":{"k":"uz|Kurigram|Roumari","t":"uz","n":"Roumari","d":"Kurigram","z":"Roumari","c":"","ce":0,"w":"Jamaat","wn":"Jamaat","v":[47065,57041,765,5084,0,0],"rest":2115,"tt":112070,"mg":8.9,"to":null,"tv":0},"type":"Polygon","arcs":[[9696,9697,9698,9699,-9708,9700]],"id":"feature_419"},{"properties":{"k":"uz|Kurigram|Ulipur","t":"uz","n":"Ulipur","d":"Kurigram","z":"Ulipur","c":"","ce":0,"w":"Jamaat","wn":"Jamaat","v":[78982,106933,0,33409,0,596],"rest":2316,"tt":222236,"mg":12.6,"to":null,"tv":0},"type":"Polygon","arcs":[[9701,9702,-10120,9703,9704,9705,9706,9707,9708],[9709],[9710,9711,9712,9713],[9714,9715,9716],[9717],[9718,9719],[9720],[9721],[9722],[9723],[9724],[-9726,9725,-9727,9726],[9727],[9728],[-9730,9729],[9730],[9731],[9732,9733],[9734],[-9736,9735],[9736]],"id":"feature_420"},{"properties":{"k":"uz|Lalmonirhat|Aditmari","t":"uz","n":"Aditmari","d":"Lalmonirhat","z":"Aditmari","c":"","ce":0,"w":"BNP","wn":"BNP","v":[58531,50624,1027,5165,0,0],"rest":10381,"tt":125728,"mg":6.3,"to":null,"tv":0},"type":"Polygon","arcs":[[-9748,-10070,-10078,-9744,-9747,9737,-9757,9738,-9755,9739,-9753,9740,-9749]],"id":"feature_421"},{"properties":{"k":"uz|Lalmonirhat|Hatibandha","t":"uz","n":"Hatibandha","d":"Lalmonirhat","z":"Hatibandha","c":"","ce":0,"w":"BNP","wn":"BNP","v":[65463,64549,6382,971,0,0],"rest":4186,"tt":141551,"mg":0.6,"to":null,"tv":0},"type":"Polygon","arcs":[[-9846,-9827,-9829,9741,-9806,9742,-9745,-9847]],"id":"feature_422"},{"properties":{"k":"uz|Lalmonirhat|Kaliganj","t":"uz","n":"Kaliganj","d":"Lalmonirhat","z":"Kaliganj","c":"","ce":0,"w":"Jamaat","wn":"Jamaat","v":[64812,65612,2457,1756,0,0],"rest":11431,"tt":146068,"mg":0.5,"to":null,"tv":0},"type":"Polygon","arcs":[[9743,-10077,-9848,9744,9745,9746]],"id":"feature_423"},{"properties":{"k":"uz|Lalmonirhat|Lalmonirhat Sadar","t":"uz","n":"Lalmonirhat Sadar","d":"Lalmonirhat","z":"Lalmonirhat Sadar","c":"","ce":0,"w":"BNP","wn":"BNP","v":[138691,55671,0,3268,0,0],"rest":3421,"tt":201051,"mg":41.3,"to":null,"tv":0},"type":"Polygon","arcs":[[-10088,-10071,9747,9748,9749,9750,9751,9752,9753,9754,9755,9756,9757,9758,9759,-10089],[9760],[9761],[9762],[-9764,9763],[9764],[-9766,9765],[9766,9767],[9768],[9769],[9770],[9771,9772,9773],[9780],[9774],[9775],[9776],[9777],[9778],[9779],[9780],[9781],[9782],[9783],[9784,9785],[9786],[-9788,9787],[9788,9789],[9790],[9791],[9792],[9793],[9794],[9795],[9796],[-9798,9797],[-9799,9798],[9799],[9800],[9801,9802]],"id":"feature_424"},{"properties":{"k":"uz|Lalmonirhat|Patgram","t":"uz","n":"Patgram","d":"Lalmonirhat","z":"Patgram","c":"","ce":0,"w":"BNP","wn":"BNP","v":[72214,63783,2502,1260,0,0],"rest":1303,"tt":141062,"mg":6.0,"to":null,"tv":0},"type":"MultiPolygon","arcs":[[[9803]],[[9804,9805,9806],[9807],[9808],[9809],[9810,9811],[-9813,9812],[9813],[9814,9815,9816],[9817],[9818],[9819],[9820],[9821],[9822],[9823],[9824],[9825]]],"id":"feature_425"},{"properties":{"k":"uz|Nilphamari|Dimla","t":"uz","n":"Dimla","d":"Nilphamari","z":"Dimla","c":"","ce":0,"w":"Jamaat","wn":"Jamaat","v":[59387,80216,0,595,0,0],"rest":9253,"tt":149451,"mg":13.9,"to":null,"tv":0},"type":"Polygon","arcs":[[9826,-9845,-9832,9827,9828]],"id":"feature_426"},{"properties":{"k":"uz|Nilphamari|Domar","t":"uz","n":"Domar","d":"Nilphamari","z":"Domar","c":"","ce":0,"w":"Jamaat","wn":"Jamaat","v":[58773,68998,0,1259,0,0],"rest":12298,"tt":141328,"mg":7.2,"to":null,"tv":0},"type":"Polygon","arcs":[[-9894,-9972,-9979,9829,-9977,-9965,9830,9831,-9844,-9895],[9832],[9833],[9834,9835,9836],[9837],[-9839,9838],[9839],[9840],[9841],[9842]],"id":"feature_427"},{"properties":{"k":"uz|Nilphamari|Jaldhaka","t":"uz","n":"Jaldhaka","d":"Nilphamari","z":"Jaldhaka","c":"","ce":0,"w":"Jamaat","wn":"Jamaat","v":[89102,108560,0,985,0,0],"rest":3362,"tt":202009,"mg":9.6,"to":null,"tv":0},"type":"Polygon","arcs":[[-9891,-9896,9843,9844,9845,9846,9847,-10076,-9892],[9848],[9849,9850],[9851],[-9853,9852],[-9854,9853],[9854],[-9856,9855],[9856,-9858,9857],[9858],[9859],[9860],[9861],[9862],[9863],[9864],[9865],[9866,-9868,9867],[9868,9869],[9870],[-9872,9871],[-9873,9872],[9873],[9874],[9875],[9876,9877,9878,9879],[9880,-9883,9881,9882],[9883],[9884],[9885],[9886],[-9888,9887],[-9889,9888,9889]],"id":"feature_428"},{"properties":{"k":"uz|Nilphamari|Kishoreganj","t":"uz","n":"Kishoreganj","d":"Nilphamari","z":"Kishoreganj","c":"","ce":0,"w":"Jamaat","wn":"Jamaat","v":[38401,61657,1630,4941,0,0],"rest":33073,"tt":139702,"mg":16.6,"to":null,"tv":0},"type":"Polygon","arcs":[[-10142,-9924,-9897,9890,9891,-10075,-10097,-10143]],"id":"feature_429"},{"properties":{"k":"uz|Nilphamari|Nilphamari Sadar","t":"uz","n":"Nilphamari Sadar","d":"Nilphamari","z":"Nilphamari Sadar","c":"","ce":0,"w":"Jamaat","wn":"Jamaat","v":[134579,145202,293,3236,346,0],"rest":189,"tt":283845,"mg":3.7,"to":null,"tv":0},"type":"Polygon","arcs":[[-9922,9892,-9973,9893,9894,9895,9896,-9923],[9897,9898],[9899],[9900],[9901,-9903,9902],[9903],[9904,9905],[9906],[9907,9908],[9909,9910],[9911],[9912],[9913],[9914],[9915],[9916],[9917]],"id":"feature_430"},{"properties":{"k":"uz|Nilphamari|Saidpur","t":"uz","n":"Saidpur","d":"Nilphamari","z":"Saidpur","c":"","ce":0,"w":"Jamaat","wn":"Jamaat","v":[43125,63208,3577,3371,0,0],"rest":34896,"tt":148177,"mg":13.6,"to":null,"tv":0},"type":"Polygon","arcs":[[9918,9919,9920,9921,9922,9923,-10141,-10030,9924],[9925],[9926],[9927,9928,9929],[9930,9931],[9932,9933,-9935,9934,9935],[9936,9937,9938,9939],[9940],[9941],[9942,9943,9944],[9945],[9946],[-9948,9947],[9948],[9949],[9950],[9951],[9952]],"id":"feature_431"},{"properties":{"k":"uz|Panchagarh|Atowari","t":"uz","n":"Atowari","d":"Panchagarh","z":"Atowari","c":"","ce":0,"w":"BNP","wn":"BNP","v":[45034,37417,0,0,0,166],"rest":881,"tt":83498,"mg":9.1,"to":null,"tv":0},"type":"Polygon","arcs":[[-9962,-9960,9953,-9958,9954,-10204,-10147,9955,-9990,-9963]],"id":"feature_432"},{"properties":{"k":"uz|Panchagarh|Boda","t":"uz","n":"Boda","d":"Panchagarh","z":"Boda","c":"","ce":0,"w":"BNP","wn":"BNP","v":[86384,64592,1146,2317,0,0],"rest":2800,"tt":157239,"mg":13.9,"to":null,"tv":0},"type":"Polygon","arcs":[[-10206,9956,9957,9958,9959,9960,9961,9962,-9989,-9993,9963,9964,-9976,-10208,-10207],[9965,9966],[9967],[9968],[-9970,9969],[9970]],"id":"feature_433"},{"properties":{"k":"uz|Panchagarh|Debiganj","t":"uz","n":"Debiganj","d":"Panchagarh","z":"Debiganj","c":"","ce":0,"w":"BNP","wn":"BNP","v":[87302,63016,675,2041,0,0],"rest":2538,"tt":155572,"mg":15.6,"to":null,"tv":0},"type":"Polygon","arcs":[[9971,9972,9973,9974,-10209,9975,9976,9977,9978],[9979],[9980],[9981],[9982],[9983],[9984],[9985],[9986],[9987]],"id":"feature_434"},{"properties":{"k":"uz|Panchagarh|Panchagarh Sadar","t":"uz","n":"Panchagarh Sadar","d":"Panchagarh","z":"Panchagarh Sadar","c":"","ce":0,"w":"Jamaat","wn":"Jamaat","v":[85391,88146,0,0,0,479],"rest":3018,"tt":177034,"mg":1.6,"to":null,"tv":0},"type":"Polygon","arcs":[[9988,9989,9990,-10024,-10026,9991,9992],[9993,9994,9995],[9996,9997],[-9999,9998],[9999],[10000],[10001],[10002],[10003],[10004,10005],[10006],[10007],[10008,10009],[10010],[10011],[10012],[10013,10014],[10015],[10016,10017],[10018],[10019,10020],[10021,10022]],"id":"feature_435"},{"properties":{"k":"uz|Panchagarh|Tentulia","t":"uz","n":"Tentulia","d":"Panchagarh","z":"Tentulia","c":"","ce":0,"w":"BNP","wn":"BNP","v":[44005,40563,0,0,0,181],"rest":975,"tt":85724,"mg":4.0,"to":null,"tv":0},"type":"Polygon","arcs":[[10023,10024,10025]],"id":"feature_436"},{"properties":{"k":"uz|Rangpur|Badarganj","t":"uz","n":"Badarganj","d":"Rangpur","z":"Badarganj","c":"","ce":0,"w":"Jamaat","wn":"Jamaat","v":[57762,91111,0,2867,0,0],"rest":21110,"tt":172850,"mg":19.3,"to":null,"tv":0},"type":"Polygon","arcs":[[10026,10027,10028,10029,-10140,-10145,-10096,-10109,10030,10031],[10032],[10033],[10034],[10035,10036,10037],[10038,10039],[10040],[10041],[10042,10043],[10044],[10045,-10049,10046,10047,10048],[10049],[10050],[10051],[10052],[10053,10054,10055,10056],[10057,10058],[10059,-10061,10060],[10061],[10062],[10063],[-10065,10064],[10065],[10066],[10067],[-10069,10068]],"id":"feature_437"},{"properties":{"k":"uz|Rangpur|Gangachara","t":"uz","n":"Gangachara","d":"Rangpur","z":"Gangachara","c":"","ce":0,"w":"Jamaat","wn":"Jamaat","v":[48342,93390,0,2114,0,0],"rest":601,"tt":144447,"mg":31.2,"to":null,"tv":0},"type":"Polygon","arcs":[[10069,10070,-10087,10071,-10083,10072,-10081,10073,-10098,10074,10075,10076,10077]],"id":"feature_438"},{"properties":{"k":"uz|Rangpur|Kaunia","t":"uz","n":"Kaunia","d":"Rangpur","z":"Kaunia","c":"","ce":0,"w":"BNP","wn":"BNP","v":[65760,53933,48,2672,0,0],"rest":8600,"tt":131013,"mg":9.0,"to":null,"tv":0},"type":"Polygon","arcs":[[-10117,-10101,10078,-10100,10079,10080,10081,10082,10083,-10086,10084,10085,10086,10087,10088,10089,-10118],[10090],[10091],[10092],[10093,10094]],"id":"feature_439"},{"properties":{"k":"uz|Rangpur|Rangpur Sadar","t":"uz","n":"Rangpur Sadar","d":"Rangpur","z":"Rangpur Sadar","c":"","ce":0,"w":"Jamaat","wn":"Jamaat","v":[21960,52667,155,2349,0,0],"rest":15520,"tt":92651,"mg":33.1,"to":null,"tv":0},"type":"Polygon","arcs":[[-10110,10095,-10144,10096,10097,10098,10099,10100,-10116,-10111],[10101],[10102,10103],[-10105,10104],[10105],[10106]],"id":"feature_440"},{"properties":{"k":"uz|Rangpur|Mithapukur","t":"uz","n":"Mithapukur","d":"Rangpur","z":"Mithapukur","c":"","ce":0,"w":"Jamaat","wn":"Jamaat","v":[114263,174149,251,2372,0,0],"rest":17778,"tt":308813,"mg":19.4,"to":null,"tv":0},"type":"Polygon","arcs":[[-10125,10107,10108,10109,10110,-10115,10111,10112,-10126]],"id":"feature_441"},{"properties":{"k":"uz|Rangpur|Pirgachha","t":"uz","n":"Pirgachha","d":"Rangpur","z":"Pirgachha","c":"","ce":0,"w":"Jamaat","wn":"Jamaat","v":[66767,93087,72,1679,0,0],"rest":25636,"tt":187241,"mg":14.1,"to":null,"tv":0},"type":"Polygon","arcs":[[10113,10114,10115,10116,10117,10118,10119,10120]],"id":"feature_442"},{"properties":{"k":"uz|Rangpur|Pirganj","t":"uz","n":"Pirganj","d":"Rangpur","z":"Pirganj","c":"","ce":0,"w":"Jamaat","wn":"Jamaat","v":[116919,118890,533,2074,0,0],"rest":1482,"tt":239898,"mg":0.8,"to":null,"tv":0},"type":"Polygon","arcs":[[10121,10122,10123,10124,10125,10126,10127],[10128],[10129,10130],[10131,10132,10133],[10134],[10135,10136],[10137,-10139,10138]],"id":"feature_443"},{"properties":{"k":"uz|Rangpur|Taraganj","t":"uz","n":"Taraganj","d":"Rangpur","z":"Taraganj","c":"","ce":0,"w":"Jamaat","wn":"Jamaat","v":[22100,43076,0,2963,0,0],"rest":12885,"tt":81024,"mg":25.9,"to":null,"tv":0},"type":"Polygon","arcs":[[10139,10140,10141,10142,10143,10144]],"id":"feature_444"},{"properties":{"k":"uz|Thakurgaon|Baliadangi","t":"uz","n":"Baliadangi","d":"Thakurgaon","z":"Baliadangi","c":"","ce":0,"w":"BNP","wn":"BNP","v":[59742,59340,0,239,0,309],"rest":2303,"tt":121933,"mg":0.3,"to":null,"tv":0},"type":"Polygon","arcs":[[-10202,-10188,10145,10146,-10203]],"id":"feature_445"},{"properties":{"k":"uz|Thakurgaon|Haripur","t":"uz","n":"Haripur","d":"Thakurgaon","z":"Haripur","c":"","ce":0,"w":"BNP","wn":"BNP","v":[45330,41199,0,117,0,279],"rest":1076,"tt":88001,"mg":4.7,"to":null,"tv":0},"type":"Polygon","arcs":[[10147,-10186,-10191,10148]],"id":"feature_446"},{"properties":{"k":"uz|Thakurgaon|Pirganj","t":"uz","n":"Pirganj","d":"Thakurgaon","z":"Pirganj","c":"","ce":0,"w":"BNP","wn":"BNP","v":[80997,47821,136,892,0,235],"rest":22187,"tt":152268,"mg":21.8,"to":null,"tv":0},"type":"Polygon","arcs":[[10149,10150,-10189,-10200,-10211,10151,10152],[10153],[10154],[10155],[10156,10157],[10158],[-10160,10159],[10160],[-10162,10161],[10162],[10163],[10164],[10165],[10166,10167],[10168],[10169],[10170],[10171],[10172],[10173],[10174],[10175],[-10177,10176,10177],[10178,10179],[10180],[10181],[10182],[10183],[10184]],"id":"feature_447"},{"properties":{"k":"uz|Thakurgaon|Ranishankail","t":"uz","n":"Ranishankail","d":"Thakurgaon","z":"Ranishankail","c":"","ce":0,"w":"BNP","wn":"BNP","v":[66124,56877,140,466,0,1565],"rest":7858,"tt":133030,"mg":7.0,"to":null,"tv":0},"type":"Polygon","arcs":[[10185,10186,10187,-10201,10188,10189,10190],[-10192,10191],[10192],[10193],[10194],[10195],[10196],[10197],[10198]],"id":"feature_448"},{"properties":{"k":"uz|Thakurgaon|Thakurgaon Sadar","t":"uz","n":"Thakurgaon Sadar","d":"Thakurgaon","z":"Thakurgaon Sadar","c":"","ce":0,"w":"BNP","wn":"BNP","v":[237178,139571,0,3921,0,0],"rest":0,"tt":380670,"mg":25.6,"to":null,"tv":0},"type":"Polygon","arcs":[[10199,10200,10201,10202,10203,10204,10205,10206,10207,10208,10209,10210],[10211],[10212,10213],[10214],[10215],[10216,10217],[10218,10219],[10220],[10221],[10222],[10223],[10224]],"id":"feature_449"},{"properties":{"k":"uz|Habiganj|Ajmiriganj","t":"uz","n":"Ajmiriganj","d":"Habiganj","z":"Ajmiriganj","c":"","ce":0,"w":"BNP","wn":"BNP","v":[35193,0,464,0,13017,0],"rest":278,"tt":48952,"mg":45.3,"to":null,"tv":0},"type":"Polygon","arcs":[[-10244,10225,10226,10227,10228,10229,10230,-10565,10231,-10563,-10572,-10245],[10232],[10233],[10234],[10235],[10236],[10237],[10238,10239],[10240]],"id":"feature_450"},{"properties":{"k":"uz|Habiganj|Bahubal","t":"uz","n":"Bahubal","d":"Habiganj","z":"Bahubal","c":"","ce":0,"w":"BNP","wn":"BNP","v":[38479,26180,5794,0,0,0],"rest":4137,"tt":74590,"mg":16.5,"to":null,"tv":0},"type":"Polygon","arcs":[[-10248,-10266,-10324,-10327,-10452,-10249]],"id":"feature_451"},{"properties":{"k":"uz|Habiganj|Baniachong","t":"uz","n":"Baniachong","d":"Habiganj","z":"Baniachong","c":"","ce":0,"w":"BNP","wn":"BNP","v":[91586,437,1365,9,51834,1],"rest":1099,"tt":146331,"mg":27.2,"to":null,"tv":0},"type":"Polygon","arcs":[[-10285,10241,10242,10243,10244,-10571,-10494,-10326,-10265,-10286]],"id":"feature_452"},{"properties":{"k":"uz|Habiganj|Chunarughat","t":"uz","n":"Chunarughat","d":"Habiganj","z":"Chunarughat","c":"","ce":0,"w":"BNP","wn":"BNP","v":[75170,0,949,0,14181,0],"rest":44971,"tt":135271,"mg":22.3,"to":null,"tv":0},"type":"Polygon","arcs":[[10245,-10298,-10344,-10358,10246,-10267,10247,10248,-10451,10249],[10250],[10251],[10252,10253],[10254,10255],[10256],[10257],[10258],[10259],[10260],[10261],[10262,10263]],"id":"feature_453"},{"properties":{"k":"uz|Habiganj|Habiganj Sadar","t":"uz","n":"Habiganj Sadar","d":"Habiganj","z":"Habiganj Sadar","c":"","ce":0,"w":"BNP","wn":"BNP","v":[80356,21385,0,892,0,0],"rest":8310,"tt":110943,"mg":53.2,"to":null,"tv":0},"type":"Polygon","arcs":[[-10347,-10287,10264,-10325,10265,10266,10267,10268,10269,-10352,10270,-10350,-10348],[10271],[10272],[10273],[10274,10275],[10276],[10277],[10278],[10279],[-10281,10280],[10281]],"id":"feature_454"},{"properties":{"k":"uz|Habiganj|Lakhai","t":"uz","n":"Lakhai","d":"Habiganj","z":"Lakhai","c":"","ce":0,"w":"BNP","wn":"BNP","v":[41486,15951,0,4325,0,0],"rest":3623,"tt":65385,"mg":39.1,"to":null,"tv":0},"type":"Polygon","arcs":[[10282,10283,10284,10285,10286,-10346,-10297,10287]],"id":"feature_455"},{"properties":{"k":"uz|Habiganj|Madhabpur","t":"uz","n":"Madhabpur","d":"Habiganj","z":"Madhabpur","c":"","ce":0,"w":"BNP","wn":"BNP","v":[111508,0,309,0,11242,0],"rest":40740,"tt":163799,"mg":43.2,"to":null,"tv":0},"type":"Polygon","arcs":[[10288,10289,10290,10291,10292,10293,10294,10295,10296,-10345,10297,10298,10299,10300],[10301],[-10303,10302],[10303],[10304],[10305],[10306,10307],[10308,10309,10310,10311],[10312],[10313],[10314],[10315,10316],[10317],[10318],[10319,-10321,10320],[10321,10322]],"id":"feature_456"},{"properties":{"k":"uz|Habiganj|Nabiganj","t":"uz","n":"Nabiganj","d":"Habiganj","z":"Nabiganj","c":"","ce":0,"w":"BNP","wn":"BNP","v":[72594,29065,28668,0,0,0],"rest":1746,"tt":132073,"mg":33.0,"to":null,"tv":0},"type":"Polygon","arcs":[[10323,10324,10325,-10493,-10531,-10535,-10707,-10437,-10453,10326],[10327,10328],[10329,10330],[10331],[10332],[10333],[10334,10335],[10336],[10337],[10338],[10339],[10340],[10341],[10342]],"id":"feature_457"},{"properties":{"k":"uz|Habiganj|Shayestaganj","t":"uz","n":"Shayestaganj","d":"Habiganj","z":"Shayestaganj","c":"","ce":0,"w":"BNP","wn":"BNP","v":[19679,7245,0,196,0,0],"rest":3505,"tt":30625,"mg":40.6,"to":null,"tv":0},"type":"Polygon","arcs":[[10343,10344,10345,10346,10347,10348,10349,10350,10351,10352,-10354,10353,10354,10355,10356,10357],[10358,10359],[10360,10361],[10362],[-10363,10362],[10363],[10364],[10365],[10366,10367],[10368],[10369],[10370]],"id":"feature_458"},{"properties":{"k":"uz|Moulvibazar|Baralekha","t":"uz","n":"Baralekha","d":"Moulvibazar","z":"Baralekha","c":"","ce":0,"w":"Jamaat","wn":"Jamaat","v":[57704,58114,4202,0,0,130],"rest":930,"tt":121080,"mg":0.3,"to":null,"tv":0},"type":"Polygon","arcs":[[-10381,-10408,-10646,-10654,-10607,-10609,10371,-10382],[10372],[10373],[-10375,10374],[10375,10376],[10377,-10379,10378]],"id":"feature_459"},{"properties":{"k":"uz|Moulvibazar|Juri","t":"uz","n":"Juri","d":"Moulvibazar","z":"Juri","c":"","ce":0,"w":"BNP","wn":"BNP","v":[39830,21505,2153,0,0,89],"rest":599,"tt":64176,"mg":28.6,"to":null,"tv":0},"type":"Polygon","arcs":[[10379,-10409,10380,10381,10382]],"id":"feature_460"},{"properties":{"k":"uz|Moulvibazar|Kamalganj","t":"uz","n":"Kamalganj","d":"Moulvibazar","z":"Kamalganj","c":"","ce":0,"w":"BNP","wn":"BNP","v":[84095,23319,11364,0,0,0],"rest":697,"tt":119475,"mg":50.9,"to":null,"tv":0},"type":"Polygon","arcs":[[10383,-10455,-10436,-10438,-10447,-10407,10384],[10385,10386],[10387],[-10389,10388,10389],[10390,-10392,10391],[-10393,10392],[10393,10394],[10395],[10396],[10397],[10398],[10399],[10400],[10401,10402],[10403],[10404]],"id":"feature_461"},{"properties":{"k":"uz|Moulvibazar|Kulaura","t":"uz","n":"Kulaura","d":"Moulvibazar","z":"Kulaura","c":"","ce":0,"w":"BNP","wn":"BNP","v":[67721,51153,41019,502,0,0],"rest":1055,"tt":161450,"mg":10.3,"to":null,"tv":0},"type":"Polygon","arcs":[[10405,10406,-10446,-10449,-10647,10407,10408,10409],[10410],[-10412,10411],[10412],[10413],[10414],[10415],[-10417,10416],[10417],[10418,10419],[10420,10421],[10422],[10423,10424],[10425],[10426,10427],[10428,10429],[10430],[10431],[10432],[10433],[-10435,10434]],"id":"feature_462"},{"properties":{"k":"uz|Moulvibazar|Moulvibazar Sadar","t":"uz","n":"Moulvibazar Sadar","d":"Moulvibazar","z":"Moulvibazar Sadar","c":"","ce":0,"w":"BNP","wn":"BNP","v":[95410,40391,0,0,2193,0],"rest":902,"tt":138896,"mg":39.6,"to":null,"tv":0},"type":"Polygon","arcs":[[10435,-10454,10436,-10706,-10605,-10448,10437],[10438],[10439],[10440],[10441,10442],[10443],[10444]],"id":"feature_463"},{"properties":{"k":"uz|Moulvibazar|Rajnagar","t":"uz","n":"Rajnagar","d":"Moulvibazar","z":"Rajnagar","c":"","ce":0,"w":"BNP","wn":"BNP","v":[59932,35006,0,0,2109,0],"rest":756,"tt":97803,"mg":25.5,"to":null,"tv":0},"type":"Polygon","arcs":[[10445,10446,10447,-10604,-10606,-10648,10448]],"id":"feature_464"},{"properties":{"k":"uz|Moulvibazar|Sreemangal","t":"uz","n":"Sreemangal","d":"Moulvibazar","z":"Sreemangal","c":"","ce":0,"w":"BNP","wn":"BNP","v":[85513,30145,22547,0,0,0],"rest":1192,"tt":139397,"mg":39.7,"to":null,"tv":0},"type":"Polygon","arcs":[[10449,10450,10451,10452,10453,10454,10455],[10456,10457],[10458],[10459],[10460],[10461,10462,10463,10464],[10465,-10467,10466],[-10468,10467],[-10469,10468],[10469]],"id":"feature_465"},{"properties":{"k":"uz|Sunamganj|Bishwambharpur","t":"uz","n":"Bishwambharpur","d":"Sunamganj","z":"Bishwambharpur","c":"","ce":0,"w":"BNP","wn":"BNP","v":[37078,27126,8048,1104,0,0],"rest":677,"tt":74033,"mg":13.4,"to":null,"tv":0},"type":"Polygon","arcs":[[-10582,-10557,-10599,-10603,10470,-10583]],"id":"feature_466"},{"properties":{"k":"uz|Sunamganj|Chhatak","t":"uz","n":"Chhatak","d":"Sunamganj","z":"Chhatak","c":"","ce":0,"w":"BNP","wn":"BNP","v":[90413,62097,0,6,1736,2],"rest":1086,"tt":155340,"mg":18.2,"to":null,"tv":0},"type":"Polygon","arcs":[[-10533,-10573,-10579,-10528,-10530,10471,-10641,10472,10473,-10640,10474,-10639,-10714,-10638,-10534],[10475],[-10479,10476,10477,10478,10479],[10480],[10481],[10482],[10483],[10484],[10485,10486],[10487],[10488],[10489],[10490]],"id":"feature_467"},{"properties":{"k":"uz|Sunamganj|Derai","t":"uz","n":"Derai","d":"Sunamganj","z":"Derai","c":"","ce":0,"w":"BNP","wn":"BNP","v":[68271,41086,0,18,0,6],"rest":591,"tt":109972,"mg":24.7,"to":null,"tv":0},"type":"Polygon","arcs":[[-10569,10491,-10552,-10575,-10532,10492,10493,-10570],[10494,10495],[-10497,10496,10497],[10498,-10500,10499],[10500],[10501],[10502],[10503,10504],[10505],[10506],[10507,-10509,10508],[-10510,10509],[-10511,10510],[10511],[10512],[10513,10514],[10515,10516],[10517],[10518],[10519],[10520],[10521],[10522]],"id":"feature_468"},{"properties":{"k":"uz|Sunamganj|Dharmapasha","t":"uz","n":"Dharmapasha","d":"Sunamganj","z":"Dharmapasha","c":"","ce":0,"w":"BNP","wn":"BNP","v":[34941,20040,0,0,0,0],"rest":373,"tt":55354,"mg":26.9,"to":null,"tv":0},"type":"Polygon","arcs":[[-10555,10523,10524,10525,10526,-10558,-10562,-10556]],"id":"feature_469"},{"properties":{"k":"uz|Sunamganj|Dowarabazar","t":"uz","n":"Dowarabazar","d":"Sunamganj","z":"Dowarabazar","c":"","ce":0,"w":"BNP","wn":"BNP","v":[61190,38098,0,0,510,0],"rest":845,"tt":100643,"mg":22.9,"to":null,"tv":0},"type":"Polygon","arcs":[[10527,-10578,-10585,10528,10529]],"id":"feature_470"},{"properties":{"k":"uz|Sunamganj|Jagannathpur","t":"uz","n":"Jagannathpur","d":"Sunamganj","z":"Jagannathpur","c":"","ce":0,"w":"BNP","wn":"BNP","v":[64553,10428,13644,26,523,0],"rest":3555,"tt":92729,"mg":54.9,"to":null,"tv":0},"type":"Polygon","arcs":[[10530,10531,-10574,10532,10533,-10637,-10708,10534],[10535],[10536],[10537],[-10539,10538],[10539],[10540],[10541],[10542],[10543,10544],[10545],[-10547,10546],[-10548,10547],[10548],[-10550,10549],[10550]],"id":"feature_471"},{"properties":{"k":"uz|Sunamganj|Jamalganj","t":"uz","n":"Jamalganj","d":"Sunamganj","z":"Jamalganj","c":"","ce":0,"w":"BNP","wn":"BNP","v":[41306,26367,0,0,0,0],"rest":301,"tt":67974,"mg":22.0,"to":null,"tv":0},"type":"Polygon","arcs":[[-10576,10551,10552,10553,10554,10555,-10561,-10600,10556,-10581,-10577]],"id":"feature_472"},{"properties":{"k":"uz|Sunamganj|Madhyanagar","t":"uz","n":"Madhyanagar","d":"Sunamganj","z":"Madhyanagar","c":"","ce":0,"w":"BNP","wn":"BNP","v":[25076,12734,0,0,0,0],"rest":203,"tt":38013,"mg":32.5,"to":null,"tv":0},"type":"Polygon","arcs":[[10557,10558,10559,-10601,10560,10561]],"id":"feature_473"},{"properties":{"k":"uz|Sunamganj|Shalla","t":"uz","n":"Shalla","d":"Sunamganj","z":"Shalla","c":"","ce":0,"w":"BNP","wn":"BNP","v":[31085,21721,0,0,0,0],"rest":599,"tt":53405,"mg":17.5,"to":null,"tv":0},"type":"Polygon","arcs":[[10562,10563,10564,10565,10566,10567,10568,10569,10570,10571]],"id":"feature_474"},{"properties":{"k":"uz|Sunamganj|Shantiganj","t":"uz","n":"Shantiganj","d":"Sunamganj","z":"Shantiganj","c":"","ce":0,"w":"BNP","wn":"BNP","v":[35583,5194,28750,0,408,0],"rest":1360,"tt":71295,"mg":9.6,"to":null,"tv":0},"type":"Polygon","arcs":[[10572,10573,10574,10575,10576,-10580,-10586,10577,10578]],"id":"feature_475"},{"properties":{"k":"uz|Sunamganj|Sunamganj Sadar","t":"uz","n":"Sunamganj Sadar","d":"Sunamganj","z":"Sunamganj Sadar","c":"","ce":0,"w":"BNP","wn":"BNP","v":[60326,47239,18025,805,0,0],"rest":1100,"tt":127495,"mg":10.3,"to":null,"tv":0},"type":"Polygon","arcs":[[10579,10580,10581,10582,10583,10584,10585],[10586],[10587,10588,10589],[-10591,10590,10591],[10592,10593],[10594],[10595],[10596],[10597]],"id":"feature_476"},{"properties":{"k":"uz|Sunamganj|Tahirpur","t":"uz","n":"Tahirpur","d":"Sunamganj","z":"Tahirpur","c":"","ce":0,"w":"BNP","wn":"BNP","v":[59192,32555,0,0,0,0],"rest":278,"tt":92025,"mg":28.9,"to":null,"tv":0},"type":"Polygon","arcs":[[10598,10599,10600,10601,10602]],"id":"feature_477"},{"properties":{"k":"uz|Sylhet|Balaganj","t":"uz","n":"Balaganj","d":"Sylhet","z":"Balaganj","c":"","ce":0,"w":"BNP","wn":"BNP","v":[24767,19894,344,636,0,0],"rest":507,"tt":46148,"mg":10.6,"to":null,"tv":0},"type":"Polygon","arcs":[[10603,10604,-10705,-10712,-10643,-10649,10605]],"id":"feature_478"},{"properties":{"k":"uz|Sylhet|Beanibazar","t":"uz","n":"Beanibazar","d":"Sylhet","z":"Beanibazar","c":"","ce":0,"w":"Jamaat","wn":"Jamaat","v":[37818,41825,16557,0,0,653],"rest":488,"tt":97341,"mg":4.1,"to":null,"tv":0},"type":"Polygon","arcs":[[10606,-10653,-10695,-10700,-10727,10607,10608],[10609],[-10611,10610],[-10612,10611],[10612],[10613,-10615,10614],[10615],[10616],[10617],[10618],[10619],[10620],[10621],[10622,10623],[10624],[10625],[10626],[10627],[10628],[10629],[10630],[10631],[10632],[10633],[10634],[10635]],"id":"feature_479"},{"properties":{"k":"uz|Sylhet|Bishwanath","t":"uz","n":"Bishwanath","d":"Sylhet","z":"Bishwanath","c":"","ce":0,"w":"BNP","wn":"BNP","v":[65992,0,0,555,17446,0],"rest":658,"tt":84651,"mg":57.3,"to":null,"tv":0},"type":"Polygon","arcs":[[-10709,10636,10637,-10713,-10723,-10644,-10710]],"id":"feature_480"},{"properties":{"k":"uz|Sylhet|Companiganj","t":"uz","n":"Companiganj","d":"Sylhet","z":"Companiganj","c":"","ce":0,"w":"BNP","wn":"BNP","v":[47799,20246,0,763,0,154],"rest":293,"tt":69255,"mg":39.8,"to":null,"tv":0},"type":"Polygon","arcs":[[-10715,10638,10639,10640,10641,-10689,-10716]],"id":"feature_481"},{"properties":{"k":"uz|Sylhet|Dakkhin Surma","t":"uz","n":"Dakkhin Surma","d":"Sylhet","z":"Dakkhin Surma","c":"","ce":0,"w":"BNP","wn":"BNP","v":[58652,32122,439,547,0,2],"rest":1380,"tt":93142,"mg":28.5,"to":null,"tv":0},"type":"Polygon","arcs":[[10642,-10711,10643,-10722,10644,-10720,-10652,-10650]],"id":"feature_482"},{"properties":{"k":"uz|Sylhet|Fenchuganj","t":"uz","n":"Fenchuganj","d":"Sylhet","z":"Fenchuganj","c":"","ce":0,"w":"BNP","wn":"BNP","v":[25710,16962,3601,114,0,0],"rest":586,"tt":46973,"mg":18.6,"to":null,"tv":0},"type":"Polygon","arcs":[[-10655,10645,10646,10647,10648,10649,-10651,-10656]],"id":"feature_483"},{"properties":{"k":"uz|Sylhet|Golapganj","t":"uz","n":"Golapganj","d":"Sylhet","z":"Golapganj","c":"","ce":0,"w":"BNP","wn":"BNP","v":[70794,55923,7077,0,0,728],"rest":656,"tt":135178,"mg":11.0,"to":null,"tv":0},"type":"Polygon","arcs":[[10650,10651,-10719,-10691,-10696,10652,10653,10654,10655],[10656,10657],[10658],[-10661,10659,10660,10661],[10662],[10663],[10664,10665,10666],[10667],[-10669,10668],[10669],[10670,10671],[10672],[10673],[10674],[10675],[10676],[10677],[-10679,10678],[-10680,10679],[10680],[10681],[10682,10683,10684],[10685],[-10687,10686],[10687]],"id":"feature_484"},{"properties":{"k":"uz|Sylhet|Gowainghat","t":"uz","n":"Gowainghat","d":"Sylhet","z":"Gowainghat","c":"","ce":0,"w":"BNP","wn":"BNP","v":[90637,26333,0,1011,0,258],"rest":706,"tt":118945,"mg":54.1,"to":null,"tv":0},"type":"Polygon","arcs":[[-10692,-10717,10688,10689,-10693]],"id":"feature_485"},{"properties":{"k":"uz|Sylhet|Jaintapur","t":"uz","n":"Jaintapur","d":"Sylhet","z":"Jaintapur","c":"","ce":0,"w":"BNP","wn":"BNP","v":[44191,21987,0,883,0,134],"rest":928,"tt":68123,"mg":32.6,"to":null,"tv":0},"type":"Polygon","arcs":[[-10697,10690,-10718,10691,10692,10693,-10698]],"id":"feature_486"},{"properties":{"k":"uz|Sylhet|Kanaighat","t":"uz","n":"Kanaighat","d":"Sylhet","z":"Kanaighat","c":"","ce":0,"w":"BNP","wn":"BNP","v":[48007,0,31168,0,32024,0],"rest":179,"tt":111378,"mg":14.4,"to":null,"tv":0},"type":"Polygon","arcs":[[10694,10695,10696,10697,10698,-10728,10699],[10700],[10701,10702],[-10704,10703]],"id":"feature_487"},{"properties":{"k":"uz|Sylhet|Osmaninagar","t":"uz","n":"Osmaninagar","d":"Sylhet","z":"Osmaninagar","c":"","ce":0,"w":"BNP","wn":"BNP","v":[48720,0,0,817,19492,0],"rest":1368,"tt":70397,"mg":41.5,"to":null,"tv":0},"type":"Polygon","arcs":[[10704,10705,10706,10707,10708,10709,10710,10711]],"id":"feature_488"},{"properties":{"k":"uz|Sylhet|Sylhet Sadar","t":"uz","n":"Sylhet Sadar","d":"Sylhet","z":"Sylhet Sadar","c":"","ce":0,"w":"BNP","wn":"BNP","v":[77434,53940,0,979,0,155],"rest":1462,"tt":133970,"mg":17.5,"to":null,"tv":0},"type":"Polygon","arcs":[[10712,10713,10714,10715,10716,10717,10718,10719,10720,10721,10722]],"id":"feature_489"},{"properties":{"k":"uz|Sylhet|Zakiganj","t":"uz","n":"Zakiganj","d":"Sylhet","z":"Zakiganj","c":"","ce":0,"w":"KM","wn":"KM","v":[20862,0,25309,0,44197,0],"rest":187,"tt":90555,"mg":20.9,"to":null,"tv":0},"type":"Polygon","arcs":[[10723,10724,10725,10726,10727,10728,10729,10730,10731,10732,-10734,10733,10734],[10735],[-10737,10736,10737],[10738,10739],[10740],[10741,10742],[10743],[10744],[10745],[10746],[10747],[10748],[10749],[10750],[10751,-10754,10752,10753],[10754]],"id":"feature_490"}],"type":"GeometryCollection"}},"bbox":[88.0081693955157,20.590335441918402,92.68005241755812,26.634548092148993],"transform":{"scale":[4.6710420658122266e-05,6.044273092961521e-05],"translate":[88.0081693955157,20.590335441918402]},"arcs":[[[45816,24894],[252,333],[410,-136],[197,-19],[281,63],[261,126]],[[47217,25261],[0,0]],[[47217,25261],[201,277],[27,308],[196,-22]],[[47641,25824],[0,0]],[[47641,25824],[-324,44]],[[48858,24522],[-37,-70]],[[48739,24334],[-113,33],[-63,-27],[23,-53],[252,-75],[-195,-62],[-27,-44],[63,-133],[-244,-218]],[[47416,25269],[0,0]],[[47323,25258],[0,0]],[[47782,25668],[-10,-135]],[[47772,25533],[0,0]],[[47772,25533],[10,135]],[[47782,25668],[-14,116]],[[47768,25784],[0,0]],[[47632,25410],[42,16],[43,21],[-59,-12],[-26,-25]],[[47616,25368],[11,-33],[-11,33]],[[47616,25368],[0,0]],[[47532,25329],[0,0]],[[47480,25364],[0,-8],[21,7],[-21,1]],[[47481,25320],[0,0]],[[43328,26721],[-168,42],[-96,-72],[-64,-110],[-11,-197]],[[42870,23107],[-58,0],[-258,203],[-178,442],[-13,159],[101,42],[517,62],[130,52],[157,138],[134,279],[4,135],[-118,486],[97,353],[638,325],[87,79],[37,99],[-45,141],[-159,153],[-724,262],[-37,36],[49,26],[367,75],[-270,67]],[[43328,26721],[383,64]],[[43711,26785],[434,167]],[[47411,26850],[180,-195],[79,-185],[-299,-425],[-54,-177]],[[47317,25868],[-174,30],[-57,-266],[-116,-262],[-551,48],[-316,-39],[-254,-74],[-138,-102],[-170,-234],[-300,-237],[-524,-253],[-261,-183],[-431,-548],[-106,-254],[-63,-482],[-524,35],[-303,-13],[-159,73]],[[44893,25881],[7,-9],[-4,83],[-3,-74]],[[45092,25976],[47,7],[-78,-11],[31,4]],[[45208,25645],[2,39],[73,-11],[-73,11],[-2,-39]],[[45312,25682],[0,0]],[[45394,25691],[20,-1],[-100,20],[80,-19]],[[45492,25686],[-2,15],[-44,-12],[46,-3]],[[44967,25728],[0,0]],[[45014,25748],[-47,-20]],[[44967,25728],[47,20]],[[45125,25623],[0,0]],[[45072,25751],[0,0]],[[45710,25972],[-35,0],[35,0]],[[45799,25987],[0,0]],[[45807,25722],[0,0]],[[45812,25835],[0,0]],[[45796,25856],[0,0]],[[45494,26009],[-176,6],[187,-8],[-11,2]],[[43370,26395],[189,-104],[-55,-23]],[[43153,26429],[217,-34]],[[45041,27109],[-62,-221],[-74,-13],[-282,29],[-233,-75],[-245,123]],[[44145,26952],[101,68],[91,190],[50,381],[397,380],[138,249],[5,289],[-327,515]],[[45856,30151],[95,-49],[-95,49]],[[45856,30151],[324,200],[66,-51],[-65,52]],[[46070,27410],[-116,-123],[-498,-6],[-250,57],[-91,-14],[-49,-29],[-25,-186]],[[46094,29937],[43,-28],[-2,4],[-41,24]],[[46136,29837],[10,45],[-4,11],[-6,-56]],[[46136,29837],[75,4],[-75,-4]],[[46058,30002],[-10,11],[10,-11]],[[46458,30133],[-12,-12],[-29,-31],[41,43]],[[46423,30062],[0,0]],[[46474,30019],[-14,31],[14,-31]],[[46482,30002],[0,0]],[[46360,29973],[0,0]],[[46363,30322],[0,0]],[[46487,30282],[0,0]],[[42025,23586],[146,-215],[225,-612],[-102,-154],[-169,-98],[-358,-24],[-126,25],[11,32],[-139,39],[-160,111],[-44,200],[-69,69],[-19,94],[45,45],[3,167],[-55,147],[-108,134],[-246,161],[-329,829],[200,597],[27,469],[-99,323]],[[42441,26780],[41,-28],[-6,-62],[31,0],[229,105],[130,150],[191,-10],[32,46],[116,20],[-125,-246],[-168,-55],[69,-103],[-241,-68],[249,-145]],[[42989,26384],[98,-153],[220,-121],[527,-72],[88,-54],[-495,-175],[-375,-269],[-111,-180],[-25,-278],[21,-98],[125,-136],[66,-168],[-92,-124],[-155,-110],[-571,-273],[-54,19]],[[42256,24192],[0,0]],[[42256,24192],[44,-24],[-226,-252],[-46,-152]],[[42028,23764],[-3,-178]],[[41785,24269],[105,-26],[34,-56],[-29,56],[-110,26]],[[41785,24138],[-1,5],[2,-37],[-1,32]],[[41752,24051],[0,0]],[[41736,23908],[0,0]],[[41800,23771],[0,0]],[[41926,23762],[102,2]],[[42028,23764],[-136,1],[34,-3]],[[42023,24224],[41,4],[-41,-4]],[[42010,24223],[0,0]],[[43342,26264],[-218,77],[29,88]],[[43153,26429],[351,-161]],[[43504,26268],[-162,-4]],[[44454,20756],[15,163],[184,203],[75,-3],[16,-80]],[[44968,21603],[-203,-221],[-513,-337],[-218,-14],[-402,86],[-444,289],[-30,383],[85,140],[-61,51],[-1,163],[140,310],[429,106],[310,179],[196,203],[36,183],[-46,261],[133,317],[218,338],[192,149],[555,305],[320,237],[152,163]],[[45816,24894],[104,-196],[176,-138],[215,-110],[55,40],[72,248],[53,-9],[29,-55]],[[46405,23679],[-29,-30],[188,-170],[-116,-44],[-67,-85],[329,-299],[-37,-34],[-332,-68],[-166,109],[-128,10],[-120,-35],[-436,-442],[6,-148],[242,-284],[-480,1],[-127,-31],[-103,-106],[51,-291],[-112,-129]],[[45553,23246],[-112,-30],[0,-2],[112,32]],[[47653,30829],[-40,157],[218,166],[65,114],[-50,43],[-173,5],[-142,-33],[-179,-91],[-53,17],[-16,-53],[-563,66]],[[52341,34051],[-155,-7],[0,-53],[517,54],[129,133]],[[53517,33629],[55,-281],[-55,-258],[-56,-82],[-124,-27],[-202,39],[-356,-8],[14,-119],[469,34],[289,-19],[167,-104],[337,-76],[140,-94]],[[49440,32028],[-9,-9],[14,-5],[-5,14]],[[49505,32076],[-65,-48]],[[49440,32028],[65,48]],[[49468,32146],[0,0]],[[49468,32146],[43,-51],[1,1],[-44,50]],[[49558,32206],[-9,-33],[9,33]],[[49790,32273],[-10,-1],[2,-2],[8,3]],[[49860,32231],[0,0]],[[50014,32211],[0,0]],[[50014,32211],[-117,-4]],[[49897,32207],[0,0]],[[49897,32207],[117,4]],[[50132,32178],[0,0]],[[50144,32172],[0,0]],[[49537,32001],[-74,8],[18,-5],[56,-3]],[[49537,32001],[0,0]],[[49779,32019],[-73,-1]],[[49706,32018],[0,0]],[[49706,32018],[73,1]],[[49976,31889],[-4,13],[-184,-14],[174,7],[14,-6]],[[49994,31881],[9,-4],[67,5],[-76,-1]],[[50325,31925],[-54,-16],[-13,-17],[13,17],[54,16]],[[50092,32007],[180,-27],[-180,27]],[[49586,32246],[0,0]],[[49608,32311],[0,0]],[[49630,32343],[0,0]],[[49940,32308],[0,0]],[[49994,32336],[0,0]],[[49873,32358],[0,0]],[[54307,32792],[-123,82]],[[53863,33203],[82,-23],[27,-106],[128,-193],[-244,4],[7,318]],[[54190,33093],[-1,64],[48,-25]],[[54071,33270],[39,-150],[53,-55]],[[54110,32939],[-137,225],[-124,102],[-15,267]],[[53916,33533],[39,-166],[116,-97]],[[54377,33135],[-105,128],[24,114]],[[54234,33298],[-110,64],[-72,141]],[[54246,33410],[-12,-112]],[[52774,34150],[-110,-91],[-268,-4]],[[46142,36154],[-5,32],[-129,-6],[116,-2],[18,-24]],[[45971,36450],[0,0]],[[46087,36334],[0,0]],[[45947,36385],[-48,-53]],[[45899,36332],[48,53]],[[45922,36291],[-1,-68],[-22,109]],[[45899,36332],[23,-41]],[[45934,36216],[0,0]],[[45971,36450],[-11,-43],[7,13],[4,30]],[[46149,36277],[0,-2],[18,-8],[-18,10]],[[46243,36246],[0,0]],[[47047,39157],[-203,10],[-115,260],[45,133],[-121,130],[-63,-1],[-34,35],[-1,99],[127,17],[10,63],[-66,98],[74,151],[-70,20],[37,98],[-87,37],[33,68],[65,-4],[66,131],[-73,-17],[-15,91],[-79,13],[16,65],[-331,5],[-67,-70],[-177,6],[-12,-52],[-105,3],[-192,68]],[[50333,38550],[-292,-166],[-261,336],[-45,-13],[-111,40],[-166,-52],[-294,-265],[-10,-210],[-67,-41],[-133,-209]],[[47367,38547],[-33,119],[-167,-24],[-5,43]],[[47162,38685],[-138,62],[169,218],[-37,58],[28,57],[-137,77]],[[47292,40042],[0,0]],[[47322,39919],[0,0]],[[47399,39147],[0,0]],[[47494,39130],[0,0]],[[47629,39128],[19,-73],[-19,73]],[[47629,39128],[-129,-10],[129,10]],[[47877,39036],[-27,18],[27,-18]],[[47782,38958],[-71,2],[71,-2]],[[47782,38958],[0,0]],[[47522,38835],[33,12],[-33,-12]],[[47508,38836],[-20,13],[-12,76],[12,-76],[20,-13]],[[47439,38942],[0,0]],[[47363,38992],[-6,49],[6,-49]],[[47363,38992],[0,0]],[[53830,37845],[115,92]],[[53519,38042],[-308,-150]],[[51676,38426],[8,81],[286,126],[89,203],[-28,66]],[[52289,39396],[127,63],[51,78],[76,16],[253,-128],[281,-307],[361,-288],[198,-240],[139,-57],[224,-169],[-35,-157],[-367,-215],[-244,-189]],[[53241,37861],[148,69],[130,112]],[[54052,38420],[-42,-34],[-240,164],[-62,10],[-239,238],[345,-57],[191,-75],[189,-199],[-108,-70],[10,52],[-46,-2],[2,-27]],[[52035,38824],[-117,-207],[-141,-56],[-90,5]],[[51395,38616],[-8,32],[52,19]],[[52017,38888],[18,-64]],[[53740,38947],[-425,221],[-195,187],[-102,105],[-118,339],[-223,-65],[-5,66],[239,248],[245,161],[240,-50],[125,11],[204,142],[198,-239],[-98,-50],[73,-48],[-2,-77],[-111,-67],[-76,34],[-92,-56],[12,-102],[88,-86],[-232,-151],[-163,-179],[114,-139],[326,-166],[134,-111],[-169,6],[13,66]],[[53419,39203],[-40,109],[88,119],[250,154],[13,39],[-91,92],[-8,92],[86,46],[44,-45],[151,83],[0,87],[-68,23],[3,31],[90,24],[170,-268],[159,-173],[202,-155],[283,-120],[169,-112],[309,-315],[80,-140],[117,-83],[-46,-41],[-53,5],[-40,-83],[-191,-83],[-761,-307],[-80,1],[70,201],[-39,226],[-495,396],[-372,197]],[[52366,39572],[21,-33],[-85,-109]],[[51446,39875],[185,36],[-28,18]],[[51647,39973],[129,-29],[261,31],[285,-43],[157,-58],[57,-239],[-150,-44]],[[52170,40091],[-204,-9]],[[52073,40115],[20,7]],[[52489,40078],[-85,-59],[-234,72]],[[53605,40411],[95,-59],[-7,-36],[-168,-131],[-157,-12],[-190,40],[336,210],[91,-12]],[[53841,40473],[-85,239],[44,361],[67,126]],[[54314,41193],[-336,-428],[-40,-154],[33,-130],[-130,-8]],[[54806,37876],[426,-66]],[[55359,37932],[-351,38],[-376,126],[147,60],[-157,-25],[-42,24],[263,117],[408,107],[78,-9],[111,-382],[-81,-56]],[[54783,39623],[-152,-40],[-68,74],[-2,53],[-246,269],[-97,269],[-26,258],[320,479]],[[54747,40790],[-21,-436],[226,-369],[8,-105],[-189,70],[-120,148],[47,-122],[-35,-8],[-181,142],[105,-116],[217,-121],[-62,-19],[34,-34],[-25,-28],[-156,77],[136,-90],[52,-156]],[[55231,40150],[-43,-174],[48,-131],[-30,-85],[-74,50],[-217,404],[-27,-15],[-62,94],[-53,476]],[[55269,40442],[17,-71],[-63,-6],[8,-215]],[[54127,40875],[10,-118],[-118,-153],[-30,51],[138,220]],[[54163,40779],[20,181],[154,233]],[[54438,41073],[-275,-294]],[[57119,38329],[123,39],[76,-13],[45,-130]],[[57197,38218],[-11,29],[-129,-1],[-12,56],[74,27]],[[57461,38361],[89,2],[35,-99]],[[57389,38226],[-46,133],[118,2]],[[56790,38481],[54,20],[10,-73],[140,-34],[-7,-176]],[[56880,38246],[-90,235]],[[57600,38467],[-20,51]],[[57659,38409],[-59,58]],[[56368,38551],[96,366],[144,277],[379,-91]],[[57235,38807],[218,-247],[19,-41],[-45,-63],[-150,-1],[-152,177],[-24,-11],[93,-106],[8,-93],[-167,-48],[-140,69],[-36,136],[-50,-11],[19,-36],[-47,-16],[-10,-53],[53,-212]],[[56651,39386],[40,57],[59,4],[60,-98]],[[56923,39197],[-107,43],[-40,-40],[-154,22],[29,164]],[[56661,39406],[-35,15],[12,86],[75,-43],[-52,-58]],[[56691,39484],[-71,78]],[[56745,39461],[-54,23]],[[55919,39656],[-1,-179],[-18,-17],[-94,41],[49,171],[64,-16]],[[55340,39588],[-61,202],[108,59],[74,-12],[64,-143],[188,-117],[-127,-65],[-157,18],[-89,58]],[[56009,39830],[18,-39],[-16,-29],[-35,37],[33,31]],[[55607,40020],[46,42],[53,-35],[69,-332],[-51,-11],[-154,161],[37,175]],[[55757,39914],[-41,124]],[[55990,39892],[-79,-147],[-69,-28],[-45,187],[-40,10]],[[55364,39873],[49,97],[40,5],[-6,-75],[-83,-27]],[[55691,40064],[-56,10],[9,38]],[[55482,39984],[-52,25],[-5,152],[-40,-219],[-63,-48],[-67,4],[-31,139],[55,201],[-27,107],[48,20],[-5,61]],[[55561,40193],[-79,-209]],[[50021,34139],[-61,39]],[[48432,35471],[202,122],[83,12],[-21,40],[69,-1],[8,27],[78,-16],[-8,47],[63,12],[92,-48],[108,151],[98,6],[29,126],[107,3],[0,48],[40,-6],[4,-43],[154,4],[21,57]],[[49559,36012],[38,7],[-1,75],[272,-80],[271,20],[449,-252],[123,225],[25,123],[-84,176],[-129,79],[-219,288],[7,40]],[[51799,36340],[196,-308],[-18,-89],[-126,-49],[-257,-186],[-106,77],[-41,-91],[240,-81],[255,-186],[20,-58],[-321,-64],[21,-71],[259,47],[116,82],[8,79],[-88,104],[-103,4],[-35,38],[32,107],[139,164],[48,10],[428,-99],[262,-152],[26,-117],[-34,-80],[40,-41]],[[53129,34851],[-3,-156],[-92,-148],[-92,-28],[-68,-69],[-2,-111],[-98,-189]],[[52774,34150],[-28,3]],[[52746,34153],[-43,-35],[-111,-2],[-196,-61]],[[52396,34055],[-55,-4]],[[52341,34051],[-78,-2],[-67,71],[80,77],[-17,60],[-292,78],[-29,-19],[46,-129],[-10,-175],[-60,-22],[-66,20],[-205,215],[-359,198],[-110,-268],[80,-195],[-37,-135],[-40,-16],[-289,92],[-199,-135],[-124,-32],[-127,11]],[[50071,34106],[-50,33]],[[50582,35208],[0,0]],[[50510,35268],[0,0]],[[50466,35271],[44,-3]],[[50510,35268],[-44,3]],[[50568,34937],[26,27],[-19,2],[-7,-29]],[[50654,34998],[0,0]],[[50788,35031],[-26,-55]],[[50762,34976],[0,0]],[[50732,35076],[47,86],[49,53],[-49,-53],[-47,-86]],[[50788,35031],[-56,45]],[[50261,34348],[284,246]],[[50545,34594],[-284,-246]],[[50223,34118],[-1,29],[-1,-9],[2,-20]],[[50128,35122],[0,0]],[[49998,35078],[130,44]],[[50188,35274],[-3,-85],[17,77],[-14,8]],[[50383,35272],[0,0]],[[50384,35278],[0,0]],[[50441,34808],[0,0]],[[50339,34746],[0,0]],[[50192,34699],[22,-55]],[[50214,34644],[42,-4],[-64,59]],[[50214,34644],[0,0]],[[50209,34921],[46,-40]],[[50255,34881],[-46,40]],[[50255,34881],[0,0]],[[49719,34479],[0,0]],[[50255,34822],[-21,-37],[-59,-34],[66,32],[14,39]],[[50255,34822],[84,-26],[-84,26]],[[50192,34699],[0,0]],[[49856,35049],[142,29]],[[49998,35078],[-142,-29]],[[50659,34740],[-114,-146]],[[50545,34594],[114,146]],[[50659,34740],[0,0]],[[50715,34918],[0,0]],[[50809,35325],[-38,34],[3,-40],[35,6]],[[50691,35075],[25,68],[-30,-66],[5,-2]],[[50755,35169],[0,0]],[[53834,33533],[-1,100],[45,27],[38,-127]],[[53916,33533],[-82,0]],[[53793,33810],[3,64],[168,68]],[[53979,33796],[-77,-163],[-4,36],[-65,-15],[-23,27],[-17,129]],[[53964,33958],[-127,-45],[-41,36],[-18,164]],[[52899,33954],[49,98],[-8,120],[-108,6]],[[52832,34178],[101,159],[-21,112],[179,89],[315,-359],[111,-550]],[[53517,33629],[-364,167],[-67,103],[-181,15],[-6,40]],[[53147,34486],[-42,64],[59,175]],[[53452,34472],[-44,-255],[-261,269]],[[52787,35390],[-41,32],[36,57],[-23,61],[36,24],[99,-57]],[[52318,35854],[-114,38],[182,5],[68,-59],[-44,-22],[-92,38]],[[52321,36001],[99,-96],[-362,6],[78,54],[185,36]],[[52791,35816],[-230,200],[-47,-11],[-122,95],[-56,81]],[[52986,35993],[-61,-116]],[[52011,36102],[-98,154],[2,37],[122,9],[182,-154],[21,-99],[-48,-40],[-111,-15],[-70,108]],[[52261,36259],[-56,36]],[[52663,35321],[97,59]],[[52760,35380],[223,-203],[146,-326]],[[53129,34851],[-298,186],[-168,284]],[[52902,35289],[-115,101]],[[52787,35390],[138,53],[-31,64]],[[52894,35507],[524,-447],[20,-170],[-283,-100],[-6,131],[-162,285],[-85,83]],[[52885,35752],[-94,64]],[[52791,35816],[20,51],[114,10]],[[52925,35877],[-40,-125]],[[53202,36227],[42,-232],[-153,-16],[-71,41],[-34,-27]],[[52986,35993],[-37,123],[49,76],[-148,8],[-35,39],[-479,-58]],[[52336,36181],[-75,78]],[[52261,36259],[16,38],[-72,-2]],[[52205,36295],[-96,103],[-84,233],[84,43],[153,-23],[171,-122],[140,-26],[292,10],[337,-286]],[[51791,36371],[8,-31]],[[51799,36340],[-419,146]],[[51416,36537],[375,-166]],[[52499,36553],[-97,31],[-11,52],[337,71],[10,-81],[103,-105],[-285,6],[-57,26]],[[53065,36960],[-13,75],[-34,-172],[61,-166],[-160,136],[42,187],[131,229],[152,149],[199,100],[387,347]],[[53830,37845],[174,42],[-59,50]],[[53945,37937],[100,53],[199,38],[562,-152]],[[54806,37876],[7,-56],[40,-5]],[[54853,37815],[34,-41],[143,-15],[1,-23],[215,-9],[-14,83]],[[55232,37810],[247,-17],[195,-71],[637,-654]],[[55601,36822],[-254,11],[-285,-33],[-511,-165],[-320,-146],[-135,26],[-128,69],[135,11]],[[54103,36595],[0,0]],[[54103,36595],[-147,-6],[-93,37],[27,111],[-28,-106],[-289,22],[-289,-76],[-54,27],[-15,94],[299,104],[28,59],[64,-12],[-62,13],[-79,75],[-92,-8],[-5,57],[-92,25],[77,-29],[10,-42],[-118,-21],[-97,-86],[4,-183],[-67,139],[-20,171]],[[53596,37115],[-24,-86],[24,86]],[[53596,37115],[117,200],[26,-1],[-36,4],[-107,-203]],[[53816,37332],[0,0]],[[53816,37332],[-41,-19],[9,0],[32,19]],[[53942,37173],[-22,-6],[-54,100],[58,-111],[18,17]],[[53948,36856],[0,0]],[[53798,36840],[3,35],[-3,-35]],[[53993,36775],[-69,13],[83,-22],[-14,9]],[[54135,36666],[0,0]],[[53523,36945],[0,0]],[[54402,37130],[-5,-108],[-1,-44],[6,152]],[[54395,36726],[0,0]],[[54323,36708],[0,0]],[[54224,36744],[0,0]],[[54081,36801],[-2,1],[2,-1]],[[53993,36839],[0,0]],[[53954,36855],[0,0]],[[53984,37211],[0,0]],[[54023,37221],[130,-18],[113,-21],[-106,21],[-137,18]],[[51983,36359],[-59,-2],[-175,97],[-382,136]],[[51419,38146],[236,27],[-45,99]],[[51617,38275],[257,64],[339,31],[-52,73],[8,63],[165,53],[581,-127],[193,10],[131,-63],[105,-1],[110,-87],[-27,-51],[-68,-20],[-32,-83],[88,-56],[-208,-119],[-24,-47],[28,-23]],[[53211,37892],[-77,1],[-118,-77],[-50,15],[-81,157],[-448,161],[-171,-13],[-174,-56],[-62,-64],[-3,-103],[40,-52],[300,-259],[-197,-791],[-198,-137],[11,-315]],[[52547,36756],[-133,-17],[-101,51],[-95,3],[168,589],[13,194],[-67,143],[-203,121],[-86,105],[41,102],[303,89],[451,-154],[122,-184],[-162,-112],[-68,-149],[-9,-143],[56,-236],[-52,-323],[-128,-84],[-50,5]],[[52820,37572],[287,14],[-4,-50],[-269,-249],[-58,159],[44,126]],[[51592,38265],[42,-60],[-32,-35],[-144,1]],[[53175,34726],[-11,-1]],[[53164,34725],[30,54],[132,64],[47,2],[104,-71],[-25,-302]],[[53452,34472],[-217,142],[-60,112]],[[53707,35025],[-90,102],[14,84],[-204,255],[-13,137],[69,186],[-68,525],[24,75],[106,75],[179,57],[237,-178],[-175,-391],[-35,-248],[262,-594],[-306,-85]],[[53402,35481],[212,-279],[-10,-47],[-235,253],[-19,90],[52,-17]],[[53389,35842],[59,88],[26,-164],[-71,-157],[4,-119],[-219,210],[201,142]],[[53462,36560],[-74,-5],[34,45],[116,14],[-76,-54]],[[53171,36832],[96,72],[241,-24],[-8,-72],[-247,-86],[-91,13],[9,97]],[[53353,37803],[-254,-111],[-134,65],[276,104]],[[53241,37861],[112,-58]],[[53979,33796],[-15,146]],[[53964,33942],[111,14],[-96,-160]],[[54043,34526],[153,-96],[25,-58],[-1,-267],[-44,-107],[-65,-38],[-147,-2]],[[53964,33958],[41,153],[-77,-5]],[[53928,34106],[-150,7]],[[53778,34113],[29,373],[-53,310],[76,94],[160,105],[540,-119]],[[54495,34966],[101,0]],[[54568,34930],[-73,36]],[[54176,34981],[-25,82],[189,-97],[-51,-3],[-113,18]],[[54076,35083],[-8,-52],[-55,0],[36,37],[27,15]],[[53938,35897],[130,199],[213,200],[691,357],[338,49]],[[54686,35078],[-30,209],[-30,0],[33,-243]],[[54628,35007],[-254,74],[-95,221],[-4,278],[-61,0],[26,-174],[-42,-83],[83,-154],[-136,101],[-237,283],[30,344]],[[56782,37749],[-227,6],[-58,80],[-14,140],[114,-77],[62,32],[115,-31],[104,-94],[-16,-50],[-80,-6]],[[57071,37802],[-25,-31],[-48,21],[-231,146],[-134,4],[-39,-28],[-119,107],[-11,93],[265,6],[116,-45]],[[57046,37873],[25,-71]],[[56759,38199],[34,-27],[-125,69],[4,28],[71,-17],[16,-53]],[[56509,38350],[126,-63],[55,-107],[-98,-13],[-116,40],[-60,131],[93,12]],[[56425,38497],[34,-100],[-62,-4],[-29,158]],[[56368,38551],[164,149],[67,-89]],[[56599,38611],[76,-72],[110,-276]],[[56806,38218],[-249,138],[-97,140],[-35,1]],[[51072,37460],[41,-121],[89,-39],[-104,-49],[146,-214],[-60,-242],[183,-205]],[[51367,36590],[-21,-29],[70,-24]],[[51416,36537],[-36,-51]],[[51380,36486],[-363,182],[-141,171],[-190,-35],[-35,-56],[-191,-65],[-149,30]],[[50311,36713],[29,74],[-200,212],[-66,159],[153,43],[77,-42],[57,156],[-189,231],[-73,158],[-41,261],[122,69],[138,195],[40,125],[-25,196]],[[50333,38550],[-128,199],[-18,134],[-40,38],[-178,1],[-873,148],[-258,189],[39,19],[-42,33],[-23,141]],[[51524,40000],[-224,-55],[-3,-84],[126,-13],[204,-146],[183,-51],[385,-31],[171,-48]],[[52366,39572],[-19,-18]],[[52347,39554],[-45,-124]],[[52302,39430],[-101,-68],[-63,-178],[-280,-151],[21,-58],[138,-87]],[[52017,38888],[-124,-93],[-87,-21]],[[51806,38774],[0,0]],[[51806,38774],[-261,-29],[-15,-60],[-91,-18]],[[51439,38667],[-67,-37],[23,-14]],[[51395,38616],[180,7],[112,-57]],[[51687,38566],[-116,-84],[-34,-77],[55,-140]],[[51592,38265],[-134,-94]],[[51458,38171],[-184,59],[89,-39],[-147,-37],[-51,-46],[-57,-151],[28,-2],[90,186],[193,5]],[[51419,38146],[-408,-440],[62,-28],[-27,-43],[26,-175]],[[51318,38885],[0,0]],[[51449,38865],[59,-4]],[[51508,38861],[0,0]],[[51508,38861],[-59,4]],[[51488,38471],[6,-26],[-6,26]],[[51368,38463],[-21,-22],[-52,-4],[100,5],[8,7],[-35,14]],[[51313,38356],[-60,6],[-60,-9],[60,9],[60,-6]],[[51313,38356],[0,0]],[[51465,38346],[0,0]],[[51485,38312],[0,0]],[[50960,38763],[0,0]],[[51040,38722],[0,0]],[[51234,38669],[-59,-1]],[[51175,38668],[0,0]],[[51175,38668],[59,1]],[[51212,38250],[0,0]],[[51014,38490],[0,0]],[[50986,38499],[0,0]],[[51246,38671],[6,140],[-6,-140]],[[51799,38869],[0,0]],[[51610,38272],[-39,52],[14,127],[91,-25]],[[51676,38426],[73,-56],[-1,-42],[-131,-53]],[[51617,38275],[-7,-3]],[[51676,38426],[-87,38],[99,28],[-12,-66]],[[51964,38956],[-67,29],[-8,55],[205,80],[85,78],[110,198]],[[52289,39396],[-46,-153],[-189,-236],[-23,-105]],[[52031,38902],[-67,54]],[[51957,39652],[-289,70],[-222,153]],[[51446,39875],[427,-7],[269,-49],[-34,-44],[-108,13],[24,-68],[132,-29]],[[52156,39691],[197,46],[67,-16],[26,-58],[-60,-72]],[[52386,39591],[-185,60],[-244,1]],[[51647,39973],[-9,-46],[-35,2]],[[51603,39929],[-76,-7],[120,51]],[[48011,36678],[94,-18],[121,-99],[-19,-176],[-160,-176],[-81,-194],[44,-80],[-159,-29],[107,-112]],[[46895,36319],[122,-5],[44,82],[152,6],[11,227],[171,317],[-178,100],[-233,16],[-55,-7],[-27,-49],[-72,5],[-96,82],[-115,17],[-220,112],[-317,77],[-183,103],[-441,83],[11,58],[-73,15],[-189,-16],[-11,-50],[50,-13],[-39,-234],[-313,61],[-15,-29],[-136,-26],[-27,-114],[9,-36],[46,-4],[4,-69],[-30,-103],[-85,5],[59,95],[-76,-3],[9,83],[-156,-21],[-70,26],[-149,-36],[-37,-115],[-38,5],[61,93],[-67,15],[-10,140],[149,92],[-16,38],[-87,13],[-44,152],[-207,70],[-288,25],[-295,69]],[[43837,38737],[11,-51],[229,-32],[-19,-73],[144,-27],[67,19],[567,-60],[10,25],[822,-39],[-6,52],[117,-7],[122,36],[92,-37],[483,-39],[2,-60],[-45,-1],[-11,-55],[287,-106],[22,55],[58,4],[261,-89],[45,123],[-44,1],[13,30],[184,5],[36,149],[83,-13]],[[47367,38547],[96,-46],[72,-216],[166,-89],[45,13],[20,-94],[65,4],[81,72],[72,-2],[70,-77],[23,34],[121,2],[57,-37],[6,49],[45,14],[648,-204]],[[48954,37970],[-246,-311],[-295,-541],[-275,-312],[-133,-100],[6,-28]],[[47506,37187],[20,4],[-14,4],[-6,-8]],[[47578,37168],[-12,13],[-21,5],[33,-18]],[[47615,37162],[0,0]],[[47668,37161],[0,0]],[[47721,37133],[78,-9],[-92,17],[14,-8]],[[47774,37098],[8,-69],[1,1],[-9,68]],[[47774,37098],[0,0]],[[47632,37027],[0,0]],[[47632,37027],[143,-3],[1,0],[-144,3]],[[47384,37051],[-9,-23],[9,23]],[[47523,36982],[4,-1],[75,23],[-79,-22]],[[47481,37150],[0,0]],[[48018,36924],[8,47],[-73,-161]],[[47953,36810],[-24,0],[24,0]],[[47953,36810],[65,114]],[[47839,36832],[-23,40],[26,65],[-33,-82],[30,-23]],[[47882,36757],[0,0]],[[55174,32760],[130,3],[239,-138]],[[55001,32768],[173,-8]],[[54961,32936],[261,-145],[-235,-11]],[[54644,33063],[317,-127]],[[54456,33476],[190,-217],[273,-120],[270,-167],[131,-176],[-178,51],[-426,223],[-86,6]],[[54554,33141],[-29,79],[-229,157]],[[54296,33377],[83,123],[77,-24]],[[54886,33207],[-112,62],[29,29],[167,-100],[-84,9]],[[55692,33404],[-51,-106],[255,-315],[-37,-239],[94,-148],[-25,-30],[-75,3],[-185,87],[-199,144],[-259,271],[-302,196],[-225,69],[-181,175],[-464,85],[10,129],[58,94],[313,106],[376,48],[184,178],[-11,219],[38,72],[-89,213],[-1,172],[-89,128],[5,74],[120,166],[181,123],[101,-65],[-176,-50],[-53,-72],[130,-87],[181,113],[78,-1],[-12,-415],[52,-29],[147,34],[16,-236],[-50,-85],[0,-110],[146,-131],[135,-365],[-41,-250],[-95,-165]],[[54278,33530],[-32,-120]],[[54246,33410],[-194,93]],[[54052,33503],[55,42],[171,-15]],[[55584,34295],[45,269],[-21,195],[-48,13],[-98,-36],[-45,30],[-10,407],[-93,10],[-136,-79],[-18,-45],[-78,34],[-50,63],[218,82],[6,32],[-135,68],[-220,-164],[-99,-196],[-87,19],[-29,81]],[[54686,35078],[124,151],[46,258],[-35,186],[-100,137],[-101,247],[162,327],[245,9],[132,132],[-20,139],[171,38]],[[55310,36702],[408,-24],[248,-69],[599,-252],[106,-81],[45,-169],[-45,-256],[36,-314],[363,-313],[55,7],[54,-134],[-25,-177],[62,-179],[109,-132],[221,-100]],[[57612,34461],[87,-60],[-16,-78]],[[56972,32300],[-143,167],[-189,96],[-252,81],[-443,60],[13,259],[-101,184],[-114,59],[-51,73],[142,339],[7,331],[-128,255],[-129,91]],[[56718,34751],[-100,19],[-6,-11],[106,-8]],[[56643,34673],[24,49],[-24,-37],[0,-12]],[[56515,34536],[0,0]],[[56492,34539],[-4,-60],[16,-40],[11,97]],[[56515,34536],[-23,3]],[[56834,34157],[-3,-31],[23,32],[-20,-1]],[[56288,34578],[105,-29],[-104,29],[59,74],[-60,-74]],[[56015,34851],[8,-5],[-6,5],[-2,0]],[[56068,34817],[10,-7],[47,-1],[-57,8]],[[56322,34814],[7,-33],[27,30],[-34,3]],[[54084,34695],[33,41],[57,-10],[20,40]],[[54194,34766],[211,-51],[125,161]],[[54530,34876],[294,-2],[26,-56],[-47,-259],[59,-174],[-5,-171],[-115,-198],[-177,30],[-163,-28],[-44,23],[131,185],[-132,-151],[-42,11],[-81,344],[-191,96]],[[54043,34526],[-191,22],[-20,131],[252,16]],[[54596,34966],[91,-14],[-1,-30],[-118,8]],[[54568,34930],[28,36]],[[54628,35007],[31,37]],[[54659,35044],[10,-33],[-41,-4]],[[55880,32462],[213,-33]],[[55772,32460],[108,2]],[[56108,32437],[-24,25],[62,9]],[[55949,32670],[73,-5],[25,-23],[-54,-9],[-44,37]],[[56305,37052],[6,16]],[[56311,37068],[224,-155],[305,-104],[-171,-108],[-245,-24],[-206,27],[-361,106],[-256,12]],[[55601,36822],[104,123],[102,47],[498,60]],[[57469,34932],[-6,74],[80,127]],[[57674,34928],[40,-77],[-245,81]],[[57995,35377],[-10,-23]],[[57562,35243],[-19,34],[141,346]],[[57471,35566],[-32,-148],[-37,-53],[-48,7],[-82,250],[-123,162],[-9,112],[-101,71],[90,141],[94,52],[109,-4],[147,-224],[-44,-221],[36,-145]],[[57696,35661],[45,88],[57,-16],[22,-56]],[[57104,35784],[-90,66],[-12,38],[49,14],[52,-30],[1,-88]],[[57405,36154],[-30,31],[81,133],[96,-63],[22,-106],[-69,-60],[20,-91],[-46,-7],[-74,163]],[[57663,36156],[-86,48],[31,45],[118,-79],[-63,-14]],[[57060,36101],[227,217],[84,-5],[-23,-125],[-76,4],[-212,-91]],[[56824,36238],[-10,67],[51,16],[6,44],[-70,37],[28,26],[-137,30],[-1,44],[-281,79],[-9,63],[350,16],[130,75],[178,-93],[51,-197],[-53,-116],[-109,-125],[-124,34]],[[56816,36725],[-57,-42],[-51,15],[77,59],[111,4],[-80,-36]],[[57713,37649],[-76,-9],[-85,43]],[[57725,37686],[-12,-37]],[[56872,30417],[48,146],[45,-20],[-22,-199],[47,-231]],[[56796,30084],[1,22]],[[56850,30289],[22,128]],[[57068,30164],[-53,245],[53,712],[-144,543],[88,497]],[[58868,32335],[108,-289],[201,-340],[214,-155],[241,-51]],[[59689,31487],[205,-194],[411,-295]],[[57783,31456],[-21,24]],[[57762,31480],[0,0]],[[57805,31411],[0,0]],[[57805,31411],[-22,45]],[[57783,31456],[22,-45]],[[57799,31276],[-25,-17]],[[57774,31259],[0,0]],[[57774,31259],[50,114],[-25,-97]],[[57687,31340],[-38,-22]],[[57567,31357],[-82,22],[29,61]],[[57514,31440],[0,0]],[[57514,31440],[-35,-66],[88,-17]],[[57567,31357],[82,-39]],[[57687,31340],[0,0]],[[58211,31521],[-25,9]],[[58186,31530],[0,0]],[[58186,31530],[24,-64]],[[58210,31466],[1,55]],[[58210,31466],[0,0]],[[58059,31445],[26,8],[-15,1],[-11,-9]],[[58059,31445],[0,0]],[[57907,31414],[0,0]],[[57851,31390],[0,0]],[[58025,31750],[-111,3],[4,-15],[107,12]],[[57946,31679],[14,-31],[8,-10],[-22,41]],[[57987,31611],[8,-11],[1,0],[-9,11]],[[58046,31712],[-20,-57],[24,-2],[-14,8],[10,51]],[[58207,31645],[-132,5],[60,-5],[72,0]],[[56838,30791],[22,70],[-27,161],[92,-23],[54,-58],[-119,-219],[-22,69]],[[57011,30983],[-12,71],[33,-96],[-21,25]],[[56434,31092],[-164,129],[2,23],[224,-54],[-62,-98]],[[56176,31442],[-22,27],[180,7],[-27,-26],[39,-21],[-170,13]],[[56550,31479],[-69,-29],[-153,39],[-210,-3],[-107,153],[22,32],[102,-15],[203,102],[127,21],[48,-34],[37,-266]],[[56225,32158],[226,-246],[41,-120],[-145,-15],[-244,-117],[-50,31],[-53,-36],[-458,539],[230,266]],[[55772,32460],[104,-48],[217,17]],[[56093,32429],[35,-33],[-15,-76],[112,-162]],[[56972,32300],[86,-2]],[[57011,32163],[-39,137]],[[56593,32427],[63,-71],[-4,-74],[-150,-129],[-39,16],[-57,-96],[-275,248],[22,73],[-45,43]],[[56108,32437],[38,34]],[[56146,32471],[234,3],[213,-47]],[[56692,32420],[156,-103],[-57,-84],[-119,-72],[34,92],[-14,167]],[[55589,32572],[70,-83],[-97,-148],[-119,-47],[-170,81]],[[55147,32620],[396,5]],[[55543,32625],[46,-53]],[[56054,21198],[-50,-26],[17,115],[64,-33],[-31,-56]],[[55734,21860],[0,-37],[-40,10],[-84,152],[33,214]],[[55847,22481],[-63,-237],[3,-299],[-53,-85]],[[56036,22377],[200,-14],[57,28],[73,159],[33,88],[-120,-241],[-284,6],[77,334],[225,252],[330,-76],[804,-8],[129,-23],[-27,-103]],[[57533,22779],[-250,-494],[-52,-59],[-316,-156],[24,-35],[-28,-37],[-264,-258],[-298,-109],[-105,26],[-258,-129],[-142,-3],[-39,9],[-23,79],[172,347],[34,385],[48,32]],[[55878,22852],[17,-147]],[[55202,23172],[-12,-61]],[[55948,23223],[-24,-110],[-264,-135]],[[55428,23040],[-183,69],[-18,100]],[[55210,23746],[83,59],[85,-7],[570,-575]],[[55143,23820],[103,83],[49,-4],[-13,-55],[-95,-62]],[[55440,23879],[-12,129],[469,917],[48,254],[228,145],[100,153],[-69,-39],[-88,-127],[-150,-58],[-51,441],[73,426],[-32,131],[462,436],[191,235],[227,484],[108,141]],[[60319,26621],[-272,-647],[-61,-309],[-163,-446],[-126,-64],[-208,-363],[-384,-247],[-86,-103],[-55,-5],[8,-30],[-485,-207],[-557,-496],[-321,-226],[-231,-81],[-660,-141],[-563,-28],[-172,104],[-100,105],[99,184],[125,38],[115,76],[-225,-89],[-133,-208],[-162,126],[-262,315]],[[58628,26890],[39,58],[-43,-45],[9,-64],[-5,51]],[[58886,26984],[0,0]],[[58886,26984],[-129,-29],[129,29]],[[58858,26659],[0,0]],[[59100,26469],[27,1],[-211,-1]],[[58916,26469],[0,0]],[[58916,26469],[184,0]],[[58540,26286],[0,0]],[[58663,26198],[0,0]],[[58788,26197],[0,0]],[[58827,26089],[-38,23],[38,-23]],[[58911,26098],[-18,-17],[18,17]],[[58957,26172],[0,0]],[[59133,26249],[0,0]],[[59133,26249],[-58,-72],[58,72]],[[58613,26560],[0,0]],[[58613,26560],[1,31],[40,26],[-40,-26],[-1,-31]],[[58542,26557],[0,0]],[[59429,26336],[-29,-23],[-105,10],[105,-10],[29,23]],[[59527,26452],[0,0]],[[59527,26452],[-8,-29],[-64,-14],[65,14],[7,29]],[[59242,26527],[-46,-10],[-23,-24],[69,34]],[[59293,26524],[0,0]],[[59242,26527],[51,-3]],[[59484,26506],[-68,-8],[-41,-10],[109,18]],[[59053,26679],[-46,-4],[136,10],[-90,-6]],[[59190,26891],[-20,58],[20,-58]],[[59053,27097],[52,-9],[-2,6],[-50,3]],[[59193,26688],[-4,61],[4,-61]],[[59193,26688],[0,0]],[[54877,25826],[223,92],[181,142],[196,87],[-39,-382],[177,-438],[-103,-28],[-149,-234],[-10,-85],[100,-189],[-2,-87],[-121,-339],[-59,-68],[-219,-107]],[[55023,24320],[-1,32]],[[55429,25145],[98,151],[98,17],[50,-167],[-127,-161],[-63,-162],[-74,29],[-41,119],[59,174]],[[55232,26385],[245,46],[41,-16],[49,-118],[-39,-91],[-406,-258],[-249,-111]],[[55938,27349],[212,-15],[10,-403],[-39,-156],[-141,-126],[-183,-81],[-505,-105]],[[58616,21414],[-100,-110],[20,-66],[-41,-60],[41,-6],[-10,-35],[-217,-122],[-159,-12],[-112,35],[-180,187],[9,52],[89,22],[215,425],[-5,50],[-91,20],[9,25],[185,40],[147,191],[133,68],[174,-34],[175,-132],[-152,-355],[-130,-183]],[[57471,22634],[49,114],[-8,-32],[-41,-82]],[[57564,22883],[37,-12],[-79,-120],[11,28]],[[57533,22779],[31,104]],[[57351,23045],[-119,4],[-15,94],[298,25],[81,-56],[-60,-51],[-143,-37],[0,-34],[-59,19],[17,36]],[[57742,23262],[45,1],[-69,-37],[24,36]],[[58441,23785],[-139,-125],[-222,-64],[182,269],[251,275],[85,63],[157,-7],[45,-53],[-21,-69],[-185,-189],[-153,-100]],[[60461,21553],[109,-14],[-142,-205],[-358,-227],[-68,-10],[-16,-22],[84,7],[-81,-46],[-144,196],[24,41],[101,37],[72,103],[-251,-102],[-37,91],[-12,-133],[-179,-186],[-265,-29],[-116,75],[106,151],[78,0],[-46,90],[190,342],[203,173],[245,14],[177,-46],[326,-300]],[[59873,22020],[52,49],[174,27],[17,-21],[-105,-49],[-138,-6]],[[59345,22075],[-53,21],[57,76],[322,230],[309,290],[263,408],[96,96],[96,-15],[-44,-242],[-267,-344],[-97,-94],[-288,-134],[-273,-348],[-80,-52],[-50,-2],[-35,48],[44,62]],[[60780,22297],[131,-82],[-32,-75],[-166,-36],[-90,20],[-35,89],[192,84]],[[61005,22722],[119,-8],[-115,-277],[-36,-17],[-57,36],[-35,132],[-73,-58],[16,-126],[-48,11],[39,-93],[-244,-55],[-31,161],[-39,1],[2,-132],[-38,-22],[-17,267],[96,-11],[-68,49],[19,197],[186,266],[224,78],[109,-14],[-61,-76],[-37,-167],[89,-142]],[[60664,23220],[-63,126],[33,16],[88,-64],[-58,-78]],[[59034,23314],[89,88],[200,50],[-54,-186],[-73,-66],[-98,-29],[-178,25],[114,118]],[[61100,25953],[-39,-46],[17,-45],[-160,-22],[54,289],[151,282]],[[61237,26412],[-100,-236],[-37,-223]],[[57835,32536],[-205,-162],[-340,-49],[-178,-135],[-100,-29]],[[57012,32161],[-1,2]],[[57011,32163],[47,135]],[[57058,32298],[-11,108],[-228,262],[-104,417],[-5,372],[90,222],[10,269],[101,-28],[427,105],[91,246],[185,62],[69,-10]],[[57683,34323],[-68,-57],[4,-50],[188,-146],[102,-253],[653,-362]],[[58562,33455],[127,-146],[15,37],[88,-132],[68,-409],[-23,-284],[31,-186]],[[58868,32335],[-66,31],[-70,256],[-48,7],[1,-57],[-72,37],[-718,38],[-60,-111]],[[58528,33436],[-65,11],[99,8]],[[58562,33455],[-34,-19]],[[58714,33233],[14,-51],[-25,93],[11,-42]],[[58762,33058],[0,0]],[[58762,33058],[6,18],[-27,50],[-14,-4],[35,-64]],[[58581,33093],[-30,116],[-29,104],[55,-213],[4,-7]],[[57945,33881],[-76,183],[-226,142],[-5,72],[91,79],[140,-102],[-2,-77],[122,-241],[5,-40],[-49,-16]],[[57932,34111],[-43,79],[44,14],[13,-92],[-14,-1]],[[57569,34475],[-23,34]],[[57546,34509],[66,-48]],[[57612,34461],[-43,14]],[[58202,35272],[81,-156],[-158,-297],[-44,-211],[-135,108],[-384,527]],[[57562,35243],[7,52],[97,31],[319,28]],[[57985,35354],[217,-82]],[[57543,35133],[131,-205]],[[57674,34928],[-57,-3],[-85,90],[11,118]],[[57748,35525],[-32,65]],[[57716,35590],[-32,33]],[[57684,35623],[12,38]],[[57696,35661],[96,-21],[28,37]],[[57820,35677],[207,-194],[14,-60],[-46,-46]],[[57995,35377],[-67,98],[-180,50]],[[58265,35745],[37,-31],[-12,-56],[-63,-104],[-55,6],[55,182],[38,3]],[[57965,35671],[-61,12],[-8,46],[38,2],[31,-60]],[[58103,35730],[-37,6],[0,60],[46,10],[-9,-76]],[[58028,35802],[-22,-110],[-86,55],[44,121],[54,13],[32,-32],[-22,-47]],[[58762,34105],[1,-33],[-117,-41],[-484,598],[17,187],[93,147],[162,27],[225,-90],[-33,-212],[-108,-41],[-9,-131],[65,-99],[170,-71],[45,-65],[-51,-76],[-81,5],[105,-105]],[[58347,35008],[-55,-13],[16,138],[-64,114],[-57,56],[-176,55],[61,86],[521,-280],[124,-208],[-146,-10],[-84,55],[-140,7]],[[58374,35510],[31,-64],[-45,-17],[-94,83],[114,169],[91,-66],[40,-139],[-62,-7],[-75,41]],[[59717,32690],[15,-93],[-59,-36],[-124,72],[-66,85],[141,354],[84,52],[59,-33],[101,-200],[-16,-285]],[[59753,32634],[-36,56]],[[59884,32757],[42,42],[45,-16],[-52,-21],[4,-76],[-36,8],[-3,63]],[[61003,32876],[250,-114]],[[60646,32746],[256,113],[24,39],[77,-22]],[[60765,32948],[136,-47],[3,-27],[-230,-75],[-15,171],[106,-22]],[[59337,33558],[23,22],[138,-37],[-104,-9],[-28,-73],[-45,-11],[16,108]],[[59423,33650],[-66,28],[100,90],[92,-188],[-76,21],[-26,-37],[-54,12],[-16,32],[46,42]],[[59157,33813],[-1,-35],[-58,-93],[-47,59],[42,56],[64,13]],[[58526,34530],[9,108],[95,21],[93,-155],[275,-128],[-1,-92],[-105,-26],[-119,111],[-178,63],[-69,98]],[[58763,34572],[-19,46],[-59,5],[-45,54],[87,191],[84,18],[108,-85],[158,-217],[-167,-30],[-55,-40],[-92,58]],[[58428,27615],[-171,-90],[-86,20],[-96,-82],[-20,26],[-137,-4],[-19,-33],[57,-4],[-42,-54],[-55,15],[-152,-48],[-234,82],[-32,-39],[-170,39],[-182,-44],[-90,66],[17,71],[-72,11]],[[56944,27547],[190,304],[157,968],[-68,439],[-8,-68],[-67,2],[-45,45],[-18,245],[83,335],[-100,347]],[[57068,30164],[154,-68],[109,69],[136,2]],[[57467,30167],[88,36],[95,-70],[420,-89],[146,145],[85,187],[70,-15],[16,-98],[-68,-55],[63,-88],[-41,-127],[137,-94],[172,-59],[272,20],[195,118]],[[60494,29013],[-48,-301],[239,-646],[-34,-354],[-222,-625],[-110,-466]],[[60319,26621],[-79,93],[-302,-24],[-47,40],[108,134],[-4,60],[-165,253],[-147,76],[2,44],[125,57],[-1,38],[-315,107],[-64,-60],[-88,10],[-52,59],[37,14],[44,126],[-193,1],[-106,111],[-60,5],[-26,-11],[22,-205],[-155,16],[5,34],[-78,7],[18,-84],[-192,-41],[-77,147],[-86,11],[-15,-24]],[[57950,28890],[-8,20],[1,-10],[7,-10]],[[58016,28983],[67,50],[-67,-50]],[[58016,28983],[0,0]],[[58185,29082],[0,0]],[[58376,29168],[-131,-2]],[[58245,29166],[0,0]],[[58390,29170],[-14,-2]],[[58376,29168],[14,2]],[[58459,28761],[95,21],[0,1],[-95,-22]],[[58269,28718],[0,0]],[[58063,28733],[0,0]],[[57951,28888],[0,0]],[[58783,28626],[-137,3],[137,-3]],[[58703,29144],[55,-12],[2,-35]],[[58760,29097],[-15,-79],[15,79]],[[58616,29169],[0,0]],[[58616,29169],[95,4],[-8,-29]],[[58703,29144],[30,34],[-117,-9]],[[58531,29090],[0,0]],[[57064,28117],[-17,-295],[-85,-119],[47,398],[55,16]],[[57000,28218],[73,276],[20,540],[23,138],[38,1],[44,-44],[-16,-389],[-111,-582],[-51,8],[-20,52]],[[56814,29624],[92,0],[24,-32],[37,-222],[7,-509],[-12,-68],[-52,-27],[-55,7],[47,73],[-51,42]],[[56886,29961],[98,-264],[-25,-26],[-150,29]],[[56790,29927],[5,71],[57,1],[34,-38]],[[57037,29720],[-152,277],[-89,87]],[[56796,30084],[194,29]],[[56990,30113],[93,-259],[-46,-134]],[[61514,26710],[-136,-176],[-48,-6],[-67,77],[-26,-193]],[[61237,26412],[-114,-1]],[[61123,26411],[56,183],[489,622]],[[61677,26879],[-30,-30],[-63,17],[-70,-156]],[[61270,28059],[99,8],[-177,-239],[-28,-124],[-38,19],[64,231],[80,105]],[[61466,28168],[-132,-64],[-52,2],[-52,63],[13,134],[139,239]],[[61681,28541],[-215,-373]],[[60892,28910],[45,70]],[[60990,28749],[-152,54],[54,107]],[[61460,24415],[63,400],[47,41],[63,-4],[128,-125],[93,-233],[-19,-165],[-107,-121],[-193,-3],[-64,70],[-11,140]],[[61729,24944],[45,-108],[-188,67],[106,36],[37,5]],[[61592,25193],[199,159],[-34,-327],[-47,-61],[-79,3],[26,145],[-65,81]],[[61856,26871],[68,15],[-186,-330],[-127,-93],[-52,17],[297,391]],[[61668,27216],[79,160],[38,-34],[-50,-135],[19,-201],[-77,-127]],[[61677,26879],[52,187],[-61,150]],[[61836,26952],[-35,89],[-10,445],[345,715],[43,10],[78,-120],[-48,-33],[-95,-629],[-128,-422],[-150,-55]],[[62464,27338],[36,-16],[-58,-93],[-89,-7],[11,103],[100,13]],[[62424,27612],[-38,237],[185,103],[109,119],[58,-49],[-33,-420],[-86,-187],[-111,-53],[-115,27],[62,217],[-31,6]],[[62377,27939],[61,57],[113,31],[-65,-100],[-87,-25],[-22,37]],[[62500,28197],[41,91],[104,11],[-41,-130],[-62,-38],[-59,6],[17,60]],[[62238,28188],[-69,179],[256,510],[143,156],[94,-49],[13,-88],[-52,-195],[-50,-45],[5,-80],[-128,-186],[-92,-283],[-54,-29],[-30,20],[-36,90]],[[61551,28790],[224,80],[-17,-162],[35,-55],[-96,0],[-16,-112]],[[61681,28541],[-299,1]],[[61382,28542],[169,248]],[[61849,29410],[29,-113],[-240,-264],[-237,-136]],[[63258,23808],[-137,13],[-50,49],[-4,158],[74,71],[53,7],[73,-42],[49,-138],[-58,-118]],[[63506,24629],[16,234],[163,113]],[[63207,25773],[-613,-634],[-286,-546],[-200,-110],[-54,15],[-118,162],[-60,306],[44,376],[441,871],[288,441],[422,510],[390,1082],[19,519],[-55,146],[15,24],[232,10],[168,-45],[14,-354],[216,-491],[-3,-141],[-228,-1253],[-358,-551],[-274,-337]],[[64429,26361],[49,65]],[[64400,26247],[29,114]],[[64391,27370],[-31,-19],[-65,51],[-25,121],[70,226],[140,207],[-6,267],[-68,177],[-146,157],[-35,90],[25,169]],[[64342,28074],[77,68],[-23,-195],[-11,3],[-43,124]],[[64070,28412],[-61,157],[49,96],[346,-388],[-67,-181],[-58,-27],[-209,343]],[[63258,28446],[54,9],[5,-82],[-42,-44],[-17,117]],[[62661,28528],[42,-132],[-35,-66],[-193,-25],[186,223]],[[62616,28561],[-10,100],[43,10],[1,-101],[-34,-9]],[[64016,29484],[16,-66],[-65,-57],[-176,-13],[-56,51],[-131,11],[-247,-29],[-125,26],[-186,211],[-87,262],[34,151],[190,170],[236,130]],[[61047,28937],[-14,53],[-96,-10]],[[60937,28980],[167,163],[53,35],[34,-20],[-47,-340],[-154,-69]],[[60990,28749],[-104,73],[161,115]],[[60494,29013],[-163,34],[-29,-19],[-280,129],[-102,5],[-165,113],[-187,48],[-32,-23],[-36,19],[-83,-91],[-54,16],[-1,61],[-208,111],[-27,78],[-28,125],[59,281],[-41,78]],[[59117,29978],[261,53],[20,65],[96,67],[-10,150],[50,134],[-30,50],[78,154],[304,-57],[22,186],[-59,170],[150,42],[-27,29],[-96,1],[28,71],[68,-7],[63,44],[7,-84],[49,-30],[214,-18]],[[60305,30998],[277,-278],[528,-292],[31,-77],[-66,-283],[-394,-531],[-86,-263],[-84,-125],[-17,-136]],[[61183,29744],[162,142],[27,-20],[-30,-103],[-148,-191],[-373,-248],[-17,49],[52,62],[327,309]],[[60792,31513],[-19,-169],[-55,-7],[-12,93],[50,87],[36,-4]],[[59633,31468],[-1,32]],[[59632,31500],[57,-13]],[[59689,31487],[-56,-19]],[[60890,31510],[-40,5],[42,47],[17,-26],[-19,-26]],[[60966,32209],[99,-3],[336,-255],[353,-209],[202,-228],[-18,-21],[-128,32],[-123,-40],[-263,-12],[-146,16],[-120,60],[-37,41],[-13,222],[-142,397]],[[59804,32561],[-51,73]],[[59753,32634],[71,-48],[28,20]],[[59852,32606],[14,-36],[-62,-9]],[[61565,29131],[-140,-98],[-24,-136]],[[61401,28897],[-70,-19],[-100,110],[-50,275],[395,576],[93,-60],[153,-223],[27,-146]],[[61849,29410],[-83,-23],[-223,-181]],[[61543,29206],[22,-75]],[[62248,30698],[67,0],[67,-61],[-6,-48],[-97,-58],[-78,128],[47,39]],[[62970,30254],[-123,23],[-202,158],[-1,104],[-81,139],[63,111],[127,94],[-24,60],[206,103]],[[63341,30442],[-16,-96],[-355,-92]],[[62191,30844],[-11,-32],[-142,-70],[13,62],[63,49],[77,-9]],[[62032,30813],[-22,-52],[-33,4],[129,143],[-74,-95]],[[61881,30815],[-113,12],[-88,66],[-17,132],[91,25],[315,-5],[-2,-46],[-186,-184]],[[62075,31097],[-320,-14],[-86,84],[81,96],[168,38],[264,-12],[56,-32],[-163,-160]],[[61490,31237],[-79,-10],[-73,-68],[32,138],[112,-16],[8,-44]],[[61349,31350],[-29,131],[181,-21],[287,36],[57,-26],[-307,-124],[-189,4]],[[62562,31523],[-214,5],[-176,141],[-165,53],[-450,282],[-311,257],[-575,394],[-25,91]],[[60646,32746],[607,16]],[[61253,32762],[531,-244]],[[46402,35751],[-22,94],[87,-17],[25,44],[93,36],[32,64],[-130,19],[7,66]],[[46494,36057],[25,88],[110,83],[87,17],[-24,72],[203,2]],[[46895,36319],[142,-231],[143,16],[-19,-53],[159,-9],[-34,-144],[100,-44],[-2,-54],[225,-52],[238,93],[111,-47]],[[47958,35794],[175,6],[207,-198],[3,-102],[89,-29]],[[48432,35471],[53,-35],[36,-214],[-2,-26],[-124,-47],[91,-148],[9,-280]],[[46823,33914],[35,41],[11,44],[-46,-85]],[[46880,33889],[-57,25]],[[46823,33914],[57,-25]],[[47016,33899],[-118,13]],[[46898,33912],[0,0]],[[47015,33871],[1,28]],[[47016,33899],[-1,-28]],[[46589,33808],[-2,-1],[19,-29],[-17,30]],[[46700,33854],[0,0]],[[46768,33900],[-37,-26],[34,21],[3,5]],[[46778,33923],[0,0]],[[44106,28938],[-124,50],[-197,-116],[-56,-1]],[[43411,30717],[34,-50]],[[43848,30813],[30,86]],[[46667,31226],[-151,-147],[-96,-184],[18,-386],[-257,-157]],[[46181,30352],[-325,-201]],[[45856,30151],[-502,-470],[-229,-321],[-364,-200],[-93,-132],[-68,-4]],[[44600,29024],[-117,24],[-175,115],[-39,-4],[-100,-182],[-63,-39]],[[46946,32873],[222,97],[44,131],[-18,104],[102,131],[-71,88],[35,78],[-62,31],[86,87],[11,142],[-77,101],[16,48],[184,18],[-54,92],[80,39],[59,145],[83,61],[256,21],[14,37],[116,12],[92,75],[226,6],[99,196],[-7,81],[113,27]],[[48495,34721],[340,-130],[192,85],[433,-181],[56,-76],[-145,-152],[174,-287],[68,23],[-57,198],[18,54],[252,-23],[134,-54]],[[49960,34178],[111,-72]],[[50071,34106],[193,-48],[151,48],[161,-24],[78,-161],[-12,-70],[-41,-61],[-163,-45]],[[50438,33745],[-271,114],[-193,-208],[16,-25],[341,-16],[442,-233],[83,-88],[-37,-4],[52,-80],[-29,-106],[-143,-25],[-273,97],[-201,195],[-160,88],[-105,-121],[-342,-11],[-12,-140],[66,-23],[16,-86],[167,-144],[-3,-78],[-52,49],[-124,15],[-179,-60],[-52,-62],[-175,46],[-14,-119],[-114,-181],[-62,-9],[-159,96],[-276,-48],[-65,-82],[96,-39],[-40,-180],[-67,-41],[-110,24],[-230,-207],[-192,-116],[-222,-39],[-272,-175],[-460,-115],[-162,-136]],[[48262,33849],[0,0]],[[48420,33914],[0,0]],[[48497,33779],[15,47],[117,-40]],[[48629,33786],[0,0]],[[48629,33786],[-123,43],[-9,-50]],[[48497,33779],[-87,1],[5,74],[-5,-74],[87,-1]],[[48336,33815],[40,-11],[0,6],[-40,5]],[[48336,33815],[0,0]],[[48661,33813],[5,21],[-2,76],[2,-76],[-5,-21]],[[46641,32133],[11,-151],[413,-86],[-126,-356]],[[46939,31540],[-18,-68]],[[46921,31472],[-201,-252]],[[46720,31220],[-53,6]],[[46667,31226],[-157,181],[-169,70],[-57,134],[-130,35],[-15,-34],[-51,2],[-159,96],[-36,61],[-247,-118],[-214,-220]],[[44320,31407],[-41,10],[14,31]],[[45000,33408],[92,-50],[26,14],[16,120],[244,30],[41,50],[-21,92],[54,57],[90,-1],[37,-13],[41,-130],[-30,-100],[43,-49],[222,51],[136,-15],[4,25],[197,-29],[-51,-241],[158,-19],[17,-60],[266,-46],[-13,51]],[[46569,33145],[64,21],[296,-138],[45,-98],[-28,-57]],[[46946,32873],[-305,-740]],[[51788,30929],[92,57],[227,340],[-82,254],[69,159],[357,402],[112,12],[160,-70],[176,15],[316,93],[160,153],[60,6],[83,-33],[23,-185],[144,-8],[244,176],[92,115],[-47,24],[-242,-15],[-60,48],[8,37],[77,52],[263,16],[175,57]],[[54195,32634],[754,-312],[149,-112],[-13,-47],[90,-136],[-12,-119],[63,-222],[96,-101],[51,-155],[203,-159],[28,-59],[-266,-327],[-132,220],[86,-162],[-1,-85],[-89,-242],[-22,-201],[79,-150],[276,-159],[279,-241],[305,-204],[-86,-431],[-192,-421]],[[54365,30311],[149,-63],[69,44],[-93,-29],[-125,48]],[[54291,30330],[-154,27],[228,-46]],[[54365,30311],[-74,19]],[[54455,30048],[0,0]],[[54270,30230],[-117,1],[114,-2],[2,-95],[1,96]],[[54403,30139],[-59,-10],[58,8],[-1,-78],[2,80]],[[54674,30063],[0,0]],[[54769,30198],[21,-7]],[[54790,30191],[0,0]],[[54790,30191],[-1,49],[-20,-42]],[[54674,30063],[-95,10]],[[54579,30073],[0,0]],[[54688,30248],[0,0]],[[54630,30290],[0,0]],[[54163,33065],[213,-234],[-21,-50],[-48,11]],[[54307,32792],[-57,52]],[[54250,32844],[-66,30]],[[54184,32874],[-74,65]],[[54110,32939],[53,126]],[[54204,33060],[-14,33]],[[54190,33093],[47,39]],[[54237,33132],[91,-70],[32,-81],[-29,-10],[-127,89]],[[55499,30234],[-159,63],[0,26],[111,-33],[48,-56]],[[55317,31625],[-84,100],[-63,230],[19,59],[201,-134],[180,-231],[113,-252],[-58,-134],[-202,135],[-106,227]],[[55210,32017],[-103,171],[154,-85],[215,-230],[-266,144]],[[55058,32460],[-424,212],[-139,162],[82,-6],[99,-97],[325,37]],[[55001,32768],[146,-148]],[[55147,32620],[126,-245]],[[55273,32375],[-215,85]],[[54731,32740],[-65,4],[-87,92],[-93,12],[1,178],[157,37]],[[54644,33063],[343,-283]],[[54987,32780],[-256,-40]],[[54377,33135],[177,6]],[[54554,33141],[76,-65]],[[54630,33076],[-165,-36],[-88,95]],[[56228,29243],[156,61],[-35,-282],[-262,-148],[-22,32],[163,337]],[[56696,28906],[118,718]],[[56814,29624],[37,-736]],[[56851,28888],[-38,55],[-44,-8],[-68,-126],[-45,18],[40,79]],[[56364,29451],[21,-92],[-258,-143],[-11,145],[57,185],[86,49],[105,-144]],[[56790,29927],[19,-227]],[[56809,29700],[-19,227]],[[56077,29745],[-106,20],[-8,43],[99,-31],[15,-32]],[[56797,30106],[53,183]],[[56850,30289],[17,-84],[-70,-99]],[[55817,30109],[32,-46],[-198,92],[-207,155],[-99,21],[-52,35],[-12,67],[45,171],[147,212],[387,361],[153,38],[131,-103],[98,-189],[187,-150],[-37,-310],[-87,-212],[-143,106],[-116,185],[83,-191],[195,-159],[74,-550],[-289,220],[-406,393],[-31,-5],[145,-141]],[[55706,31277],[15,-138],[-219,-109],[161,259],[43,-12]],[[55781,31495],[-67,8],[-76,134],[41,10],[102,-152]],[[55492,31826],[29,9],[24,-54],[-22,-5],[-31,50]],[[54116,25518],[75,27],[240,-58],[167,24],[175,115],[104,200]],[[54877,25826],[69,-71],[228,-108]],[[53952,25374],[57,58]],[[54080,25496],[36,22]],[[53217,26149],[65,-139],[-5,-129]],[[54877,25934],[-4,-97]],[[54873,25837],[-142,-222],[-169,-94],[-102,-13],[-264,74],[178,327],[570,452],[288,24]],[[55232,26385],[-105,-126]],[[55127,26259],[-90,-176],[-160,-149]],[[54247,26242],[-106,-26],[-28,19],[-19,124],[99,239],[121,87],[32,-102],[-99,-341]],[[53122,26479],[35,-70]],[[53017,26611],[105,-132]],[[53529,27445],[-226,-305],[-113,13],[-176,110],[-141,-40]],[[53026,29000],[145,29],[34,117],[162,38],[53,58],[86,-10],[116,-69],[202,-15],[92,52],[196,-35],[169,-84],[25,69],[135,-14],[28,-44],[78,-21],[40,38],[156,-27],[41,34],[69,-9],[-41,138],[43,26],[27,165],[36,7],[51,-251],[303,-93],[22,-101],[96,-73],[7,-43],[-78,-1],[-3,-26],[97,-172],[166,41],[56,77],[206,8]],[[55841,28809],[-19,-125],[-210,-456],[-336,-579],[-671,-396],[-583,-432],[-262,-281],[-130,-329],[-230,-138],[-76,95],[181,237],[-187,-230],[-48,-11],[-34,207],[-189,277],[-20,86],[230,54],[120,97],[-28,39],[-639,185],[275,142],[106,-84],[211,-45],[229,281],[56,131],[-58,-89]],[[52848,27028],[493,-150],[-136,-73]],[[54775,26618],[178,133],[95,335],[103,71],[-2,81],[55,23],[46,-179],[-125,-353],[-187,-186],[-172,-73],[9,148]],[[55017,26481],[28,108],[140,119],[139,402],[127,91],[-57,121],[544,27]],[[55938,27349],[-61,-70]],[[55877,27279],[-141,-246],[-444,-570]],[[55292,26463],[-275,18]],[[54925,26964],[103,132],[-98,-339],[-149,-89],[-25,67],[169,229]],[[55145,27202],[-71,-85],[-43,13],[33,66],[60,27],[21,-21]],[[55282,27197],[-16,97],[107,23],[61,-123],[-126,-78],[-26,81]],[[55662,27478],[179,75],[90,-23],[-113,-111],[-174,24],[18,35]],[[55731,27590],[195,251],[203,101],[113,93],[201,279],[74,1],[100,-382],[-230,19],[-327,-278],[-218,-80],[-111,-4]],[[55936,28249],[331,196],[122,42],[56,-110],[-246,-327],[-363,-206],[40,349],[60,56]],[[52200,30869],[20,-135],[152,-273],[-51,-267],[-162,-16],[-182,74],[-416,77]],[[49285,31163],[75,119],[116,5],[132,-70],[-63,-2],[166,-133],[92,-35],[104,17],[109,69],[-16,46],[140,95],[22,148],[184,6],[84,180],[70,6],[580,-293],[207,-29],[184,-71],[166,-111],[151,-181]],[[51788,30929],[115,-29],[-12,-60],[29,-9],[190,73],[90,-35]],[[51553,24641],[171,-58]],[[51212,25511],[108,190],[16,216]],[[51336,25917],[0,0]],[[51336,25917],[-33,148],[49,119],[74,45],[56,-19],[362,94],[116,88],[29,138],[-88,8],[-169,-140],[-499,-170],[-115,-143],[51,-312],[-253,-152],[-591,161],[-245,122],[187,-134],[623,-159],[-192,-279],[-53,-163],[6,-127]],[[50048,25149],[-95,91],[62,201],[-163,142],[39,116],[-52,225],[27,109],[100,129],[304,178],[133,-27],[45,21],[173,144],[25,77],[-128,69],[-57,-52],[-212,-32],[-112,86],[-22,61],[181,5],[155,153],[-102,64],[43,65],[-45,77],[27,64],[-29,32],[-115,-25],[-230,119],[-145,-16],[-25,36],[40,81],[-187,13],[132,279]],[[52419,28855],[-171,139],[2,51],[158,-34],[289,-143]],[[52697,28868],[72,175],[257,-43]],[[53026,29000],[21,-91],[82,-7],[1,-132],[121,-43],[49,-67],[61,-356],[240,10],[-24,-199],[44,-20],[-85,-36],[42,-171],[-88,-54],[-168,151],[-255,80],[-53,-62],[163,-137],[100,-146],[8,-98],[-149,-38],[-98,15],[-43,49],[-50,-27],[-132,35],[-94,-18],[-48,-125],[83,-18],[2,-118],[-46,-8],[163,-146]],[[52873,27223],[-182,-105],[11,-38],[146,-52]],[[52848,27028],[339,-106],[18,-117]],[[53205,26805],[-201,-65],[-121,31],[108,-46],[26,-114]],[[53017,26611],[140,-202]],[[53157,26409],[60,-260]],[[53217,26149],[52,-162]],[[53269,25987],[8,-106]],[[53277,25881],[-152,-203],[-540,-553],[-529,-421],[-150,-82],[-147,70],[-275,11]],[[51197,24769],[-141,39]],[[51007,24840],[-74,194],[11,287],[268,190]],[[51682,26230],[34,-34],[-34,34]],[[51682,26230],[0,0]],[[51818,26088],[21,-16]],[[51839,26072],[-21,16]],[[51839,26072],[0,0]],[[51533,26015],[0,-2],[113,-4],[-1,1],[-112,5]],[[51652,25975],[0,0]],[[50997,25636],[138,28],[-4,-106],[-22,-35],[-159,-31],[47,144]],[[52410,24173],[209,52],[141,-123],[146,-233],[-2,-189]],[[53032,23889],[-64,44],[-33,102],[103,-83],[-6,-63]],[[52932,24420],[-32,-264],[12,-176],[-116,257],[136,183]],[[52510,24226],[-116,-34],[-26,25],[162,87],[18,-58],[-38,-20]],[[52160,24315],[64,11],[12,-36]],[[52502,24348],[-62,-51],[-139,-28],[6,95],[33,16],[142,23],[20,-55]],[[52693,24201],[-51,120],[-39,-33],[-33,53],[17,88],[205,55],[33,-38],[-60,-62],[-33,-176],[-39,-7]],[[53318,25355],[55,8],[21,-49],[-131,-5],[55,46]],[[54741,23109],[120,4]],[[54310,23035],[151,162],[-26,-118]],[[54736,23459],[46,-75],[-36,-111],[-139,-93],[-98,-13],[6,108],[221,184]],[[54792,23191],[65,206],[147,241],[206,108]],[[55210,23746],[151,-355],[-134,-182]],[[55227,23209],[-25,-37]],[[55202,23172],[-18,-49]],[[55077,23120],[-285,71]],[[54807,23494],[33,-6],[-18,-58],[-27,22],[12,42]],[[53148,23334],[-110,197],[0,130],[94,54],[252,35],[120,69],[139,213],[1,140],[139,83],[75,112],[266,-38],[93,40],[87,108],[61,174],[-99,142],[299,225],[-299,-189],[-19,-43],[91,-134],[-50,-154],[-123,-146],[-320,43],[-49,-99],[-175,-120],[-55,-70],[38,-96],[-101,-163],[-191,-74],[-253,-16],[23,137],[-135,215],[106,495],[899,770]],[[53952,25374],[-40,-174],[320,175],[536,85],[263,82],[10,60],[133,45]],[[55174,25647],[-87,-289],[91,-193],[-18,-372],[-56,-135]],[[55104,24658],[-77,-148],[-5,-158]],[[55022,24352],[-50,-73],[-92,48],[-57,90],[5,218],[73,27],[-61,73],[160,147],[13,82],[-206,-241],[5,-316],[28,-74],[125,-63],[5,-153],[-279,-314],[-792,-649]],[[53282,23048],[-12,24]],[[55143,23820],[44,-38]],[[55187,23782],[-79,-20],[35,58]],[[55023,24320],[29,-130]],[[55052,24190],[-53,77],[24,53]],[[54009,25432],[71,64]],[[54080,25496],[0,-49],[-71,-15]],[[53321,25527],[-1,69],[122,16],[-13,-47],[-108,-38]],[[45459,20176],[-353,97],[-243,109],[-232,169],[-177,205]],[[44454,20756],[134,11],[58,60]],[[44646,20827],[98,212]],[[44744,21039],[77,-80],[108,-74],[28,6],[-88,57],[-99,168],[276,228],[133,314],[252,-71],[163,10],[145,-59],[95,0],[61,47],[-31,100],[223,152],[124,-62],[148,8],[205,339],[137,6],[127,81],[45,199],[209,37],[85,109],[429,12],[185,100],[198,-141],[222,8],[115,127],[25,114],[128,179],[328,187],[139,27],[59,-25],[146,-251],[-57,-319],[-83,-109],[-74,-234],[-186,-242],[-161,-368],[-68,-48],[-158,-265],[-25,43],[79,179],[-36,31],[-349,37],[322,-41],[46,-30],[-96,-208],[-13,-213],[-256,-486],[-439,-297],[-64,-128],[-96,-43],[-806,-148],[-107,36],[3,38],[-99,-51],[-234,3]],[[46184,20028],[0,0]],[[46184,20028],[-725,148]],[[45597,20984],[0,0]],[[45597,20984],[-104,-7],[104,7]],[[46075,20943],[-148,6],[132,-7],[16,1]],[[46317,20992],[0,0]],[[46564,20874],[0,0]],[[46564,20874],[32,67],[-32,-67]],[[46734,20622],[3,40],[-3,-40]],[[46827,20530],[0,0]],[[46883,20500],[93,40],[-93,-40]],[[46847,20437],[0,0]],[[46622,20370],[0,0]],[[46516,20311],[89,-3],[-89,3]],[[46278,20327],[79,23],[-79,-23]],[[46254,20239],[6,28],[-6,-28]],[[45196,21731],[-62,219],[40,133],[462,-34],[101,37],[69,81],[8,94],[-227,261],[-13,81],[481,411],[220,-91],[122,-15],[240,51],[214,1],[278,87],[83,-2],[316,-99],[147,-144],[42,-95],[-103,-96],[-132,-34],[-333,0],[-74,-107],[-95,10],[-155,-64],[-40,-191],[-95,-62],[-168,-20],[-46,-32],[-152,-292],[-299,45],[-178,-121],[-47,-67],[3,-84],[-157,43],[-238,7],[-134,82],[-78,7]],[[47689,22894],[-207,126],[-299,73],[-104,-11],[-32,105],[55,272],[276,-223],[169,118],[-178,-104],[-253,235],[-46,-8],[-24,-58],[-48,-253],[24,-93],[-200,-57],[-86,11],[-108,144],[-210,150],[-4,27],[178,121],[-4,40],[-183,170]],[[46405,23679],[528,-47],[17,69],[-82,67],[7,39],[195,-39],[43,19],[-124,202],[128,115],[-290,73],[60,123],[-22,34],[-84,-77],[-89,-17],[-151,158],[37,128],[-58,148]],[[46520,24674],[349,113],[123,-60],[95,-116],[-76,-74],[-51,-10],[-38,36],[-58,-22],[156,-117],[161,20],[110,-152],[73,-17]],[[47364,24275],[80,30],[97,-12],[143,-61],[-278,-190],[13,-33],[357,-1],[11,-23],[-253,-87],[-205,-21],[-32,-27],[22,-47],[452,-4],[39,-31],[-61,-69],[205,-101],[70,154],[87,33],[324,-30]],[[48435,23755],[-9,-113],[252,-323],[37,-120],[-406,-261],[-170,-379],[-315,165],[-135,170]],[[47822,22907],[-99,-6]],[[47723,22901],[-37,9],[18,41],[104,46],[-104,-46],[-18,-41],[37,-9]],[[47862,22892],[0,0]],[[47822,22907],[40,-15]],[[47708,23073],[0,0]],[[47774,23013],[0,0]],[[47439,23182],[-66,43],[66,-43]],[[47718,23125],[-29,42],[1,-18],[28,-24]],[[48713,23980],[-62,144],[179,49],[30,57],[-284,87],[48,37],[176,-41],[58,209]],[[48858,24522],[263,39],[282,107],[-75,121],[272,34],[35,-100],[94,-41],[-4,160],[79,152],[-33,119],[93,51],[184,-15]],[[50048,25149],[92,-46],[93,-121],[57,13],[60,104],[40,10],[261,-67]],[[50651,25042],[67,-220],[-3,-145],[-358,-199],[-370,-142],[-259,-232],[-137,-362],[-124,-182],[-127,-349],[-112,-179],[-66,-6],[-111,152],[-264,56],[-72,166],[-264,309],[262,271]],[[49995,24056],[38,78],[88,28]],[[48739,24334],[54,0],[28,118]],[[48821,24452],[-29,-127],[-53,9]],[[47252,27013],[-106,-40],[-250,129],[-319,63],[-266,165],[-241,80]],[[46070,27410],[-37,93],[-86,52],[46,107],[-158,106],[-27,123],[-86,133],[56,372],[108,12],[113,-42],[68,60],[-34,153],[-47,10],[3,60],[-70,-31],[6,-41],[-65,-15],[-26,110],[-218,106],[-17,124],[135,-40],[107,-97],[291,-22],[203,-93],[49,17],[-194,229],[81,39],[153,-5],[44,53],[58,146],[-51,171],[142,53],[11,49],[10,403],[161,152],[62,185],[179,56],[167,-5],[36,99],[106,79],[143,190],[-51,108],[20,42],[111,21],[81,97]],[[47653,30829],[342,64],[155,65],[147,-28],[285,243],[25,-11],[-31,-73],[97,17],[172,-66],[23,40]],[[48868,31080],[108,-17],[40,111],[74,29],[195,-40]],[[49285,31163],[-206,-484],[-219,-197]],[[47991,27650],[-76,3],[-44,-38],[-24,-96],[-111,-109],[-41,-145],[-248,-67],[29,-88],[137,-42],[-202,-218]],[[47411,26850],[-159,163]],[[47252,27013],[-22,809]],[[47230,27822],[-1,106],[-192,547],[36,157],[277,385],[93,32],[622,-4],[189,62],[53,56],[-40,320],[30,122],[143,233],[140,351],[280,293]],[[48860,30482],[-54,-140],[123,-32],[30,28],[54,-13],[6,-48],[67,-23],[-33,-60],[88,-24],[56,-168],[-177,-238],[31,-43],[166,173],[130,80],[151,298],[284,361],[111,-34],[150,5],[53,-63],[55,-9],[101,73],[53,-8],[36,-51],[94,1],[13,46],[368,50],[-2,-303],[79,-126],[-96,-169],[-135,-101],[29,-211],[94,1],[199,160],[-15,32],[94,106],[19,106],[128,122],[191,68],[160,1]],[[51561,30329],[-7,-43],[89,-88],[28,-96],[112,-4],[94,-137],[-33,-214],[161,-96],[-247,-203],[-13,-69],[78,-115],[12,-123],[101,-124],[218,-27],[-29,-72],[294,-63]],[[52419,28855],[192,-122],[131,-34],[8,-55],[-52,-106],[-224,-215],[-35,-86],[-352,55],[-217,-97],[-371,42],[-198,66],[-58,-210],[-462,134],[-69,-35],[-31,-354],[36,-24],[-7,-167],[-121,7],[-52,-34],[-55,46],[-119,-60],[6,-74],[-83,-3],[-117,184],[-354,-79]],[[49815,27634],[-574,-149],[-172,-155],[-64,22],[-173,-34],[-34,-55],[92,-70],[-95,-37],[-43,21],[-85,221],[113,-36],[-48,96],[76,-2],[32,104],[-52,37],[-66,17],[-10,-46],[-98,-38],[-176,144],[-278,-55],[-169,31]],[[49258,29393],[0,0]],[[49605,29405],[6,-1],[-99,28],[93,-27]],[[49714,29380],[42,-2],[-99,15],[57,-13]],[[49914,29388],[11,4],[-140,-12],[129,8]],[[50046,29078],[0,0]],[[49900,29069],[0,0]],[[49900,29069],[138,7],[6,2],[-144,-9]],[[49311,29021],[-17,28]],[[49294,29049],[0,0]],[[49294,29049],[17,-28]],[[49393,29036],[0,0]],[[49554,29092],[-70,-45]],[[49484,29047],[0,0]],[[49484,29047],[70,45]],[[49755,29125],[-12,-5],[39,-8],[-27,13]],[[49824,29065],[0,0]],[[49235,29128],[0,0]],[[49195,29246],[0,0]],[[49195,29246],[31,-32],[-27,-63],[27,63],[-31,32]],[[49275,29307],[0,0]],[[50180,29200],[0,0]],[[50116,29364],[0,0]],[[50213,29274],[-17,17],[30,-46],[4,4],[-17,25]],[[50650,20651],[-111,39],[-23,41],[163,138],[31,-84],[152,-77],[-37,-40],[-175,-17]],[[50148,20892],[-183,-73],[-190,-15],[-278,44],[-133,105],[-93,477],[198,180],[213,294],[95,245],[58,37],[84,257],[312,319],[58,196],[883,530],[51,-82],[-17,-201],[-153,-114],[-112,-164],[-46,-232],[-285,-258],[-65,-150],[-261,-235],[-37,-81],[4,-134],[211,-376],[197,-170],[24,-72],[-25,-42],[-86,-28],[-255,-14],[-150,127],[116,-128],[244,-1],[68,-30],[-246,-191],[-201,-20]],[[50611,21419],[-301,464],[7,146],[298,208],[604,148],[140,106],[94,179],[-11,253],[132,242],[92,322],[-28,144],[-115,144],[88,81],[207,95],[592,222]],[[52410,24173],[464,-442]],[[52874,23731],[30,-51]],[[52904,23680],[25,-251],[108,-354],[295,-358],[-58,-137],[-272,-301],[-518,-335],[-1146,-371],[-235,-298],[-147,1],[-196,55],[-149,88]],[[50751,22296],[-129,-16],[20,98],[77,112],[199,171],[143,389],[182,137],[21,203],[-54,130],[273,227],[103,-77],[69,-120],[-103,-371],[-117,-209],[-29,-112],[26,-110],[-66,-187],[-121,-137],[-260,-43],[-234,-85]],[[50146,23411],[310,524],[132,69],[220,206],[199,-141],[-20,-43],[-418,-402],[-425,-327],[-189,-99],[2,39],[189,174]],[[51494,24417],[-435,-299],[-144,16],[-53,89],[-50,10],[-301,-100],[-347,-644],[-98,-110],[-94,-17],[-55,187],[48,208],[197,191],[288,375],[411,230],[190,196],[239,-73],[263,-35]],[[51553,24641],[95,-49]],[[51648,24592],[76,-9]],[[51724,24583],[-230,-166]],[[50013,24014],[-18,42]],[[49995,24056],[126,106]],[[50121,24162],[27,-58],[-28,-76],[-58,-29],[-49,15]],[[50720,24154],[-149,-123],[-100,-31],[58,132],[161,52],[30,-30]],[[51906,20672],[51,133],[382,188],[70,8],[47,-37],[24,-270],[-396,-98],[-219,1],[41,75]],[[51827,20994],[-76,8],[-17,39],[40,46],[48,26],[100,-10],[-50,-98],[-45,-11]],[[52766,21228],[96,39],[64,141],[83,53],[60,-223],[-50,-145],[-108,58],[71,-69],[-28,-13],[18,-85],[-59,-49],[-120,1],[-129,-65],[-50,8],[-31,116],[183,233]],[[51693,21374],[-78,51],[61,153],[62,58],[401,105],[273,111],[47,-13],[-74,-213],[-117,-108],[-368,-123],[-207,-21]],[[52236,24290],[-91,-49],[15,74]],[[52160,24315],[76,-25]],[[51484,24703],[-184,16],[-103,50]],[[51197,24769],[287,-66]],[[51056,24808],[-44,0],[-5,32]],[[51007,24840],[49,-32]],[[55167,19707],[-2,-75],[-123,-39],[-13,85],[67,49],[71,-20]],[[53973,20861],[-153,-117],[59,-10],[-7,-53],[38,-25],[-57,-107],[-490,-262],[28,-44],[-314,1],[-114,46],[-87,91],[22,234],[56,108],[419,282],[448,21],[102,-58],[50,-107]],[[53971,21066],[-422,3],[-104,38],[253,245],[271,95],[91,-90],[16,-110],[78,-81],[68,5],[16,-89],[-95,-38],[-172,22]],[[53151,21654],[201,181],[134,-121],[109,-190],[-171,-128],[-229,-106],[-83,151],[39,213]],[[53023,21983],[20,-37],[-76,-135],[-123,-33],[50,115],[129,90]],[[55279,22125],[-123,-255],[-241,-276],[81,-62],[-12,-53],[-152,-56],[-428,-31],[-285,58],[-92,68],[-285,49],[-217,248],[60,364],[422,443],[178,102],[175,-67],[354,53],[177,93],[262,251],[211,-61],[185,-114],[-270,-754]],[[55856,22866],[22,-14]],[[55878,22852],[17,-147]],[[55895,22705],[-48,-224]],[[55847,22481],[-204,-282]],[[55643,22199],[69,546],[144,121]],[[55079,23018],[-229,-230],[-178,-73],[-268,-50],[-197,84],[534,360]],[[54741,23109],[120,4]],[[54861,23113],[273,-61],[-55,-34]],[[53794,22980],[-233,-275],[-108,-42],[-171,385]],[[53282,23048],[554,128],[63,-22]],[[53899,23154],[-105,-174]],[[55660,22978],[-151,3],[-81,59]],[[55428,23040],[232,-62]],[[54314,22993],[-4,42]],[[54310,23035],[125,44]],[[54435,23079],[-121,-86]],[[55190,23111],[-113,9]],[[55077,23120],[107,3]],[[55184,23123],[6,-12]],[[53148,23334],[137,-123]],[[53285,23211],[-15,-139]],[[53270,23072],[-122,262]],[[44003,32062],[50,-157],[-48,-214],[118,1],[14,50],[47,5],[56,-66],[-103,-111],[11,-30],[158,-35],[22,-55],[-35,-2]],[[44293,31448],[-14,-30],[41,-11]],[[44320,31407],[-9,-65],[146,23],[79,72],[-26,45],[35,19],[213,-1],[50,50],[212,-98],[68,30],[-27,100],[118,41],[16,-39],[93,-26],[-11,-147],[155,22]],[[45432,31433],[53,-135],[-165,-114],[-32,-121],[-281,-168],[-78,19],[-121,-251],[-178,5],[-56,-47],[-137,6],[-27,-60],[-58,4],[-99,101],[15,109],[-140,2],[-23,69],[-89,33],[44,69],[-55,48]],[[44005,31002],[-11,23],[11,-23]],[[44005,31002],[-44,-62],[-89,-11],[6,-30]],[[43878,30899],[-30,-86]],[[43848,30813],[113,-50],[-33,-130],[-141,-20],[-342,54]],[[43445,30667],[-7,50],[-44,13]],[[43731,30858],[-337,-128]],[[43394,30730],[17,-13]],[[43411,30717],[-206,-74],[84,-33],[9,-88],[-72,-126],[19,-149],[65,-18],[65,-177],[102,-95],[-40,-53],[-148,-72],[-115,12],[-64,-59]],[[43732,30869],[-25,69]],[[43707,30938],[0,0]],[[43707,30938],[24,-80]],[[43731,30858],[1,11]],[[44065,31355],[68,81]],[[44133,31436],[0,0]],[[44133,31436],[-68,-81]],[[43998,31380],[0,0]],[[43931,31342],[0,0]],[[43886,31350],[0,0]],[[43855,31316],[0,0]],[[43807,31165],[-82,-132],[82,132]],[[43807,31165],[26,67],[3,9],[-29,-76]],[[44038,31079],[38,57]],[[44076,31136],[72,-3],[45,63],[-45,-63],[-72,3]],[[44076,31136],[-38,-57]],[[44480,31236],[-3,-4],[-15,-95],[18,99]],[[44429,31131],[-35,-6],[-81,27],[81,-27],[35,6]],[[43903,32815],[3,-216],[117,-129],[-20,-408]],[[44003,32062],[-90,85],[4,159],[-73,15],[-17,112],[-102,-15],[-125,-105],[-56,-161],[-120,20],[-133,-111],[-33,-119],[38,-42],[-32,-40],[-201,10]],[[44666,34149],[76,-29],[-29,-228],[94,-10],[15,-54],[-70,-121],[48,-62],[37,8],[82,-113],[-17,-52],[98,-80]],[[45000,33408],[-190,-213],[-128,-81],[-438,-68],[-218,132],[-42,-18],[-77,-160],[-105,-92],[101,-93]],[[40287,25974],[10,-55],[-81,122],[21,35],[50,-102]],[[41857,26940],[-30,-209],[132,-253],[-142,-125],[-104,-36],[11,-206],[-361,96],[-83,-155],[-134,-87],[-181,-43],[-306,3]],[[40659,25925],[-108,95],[-230,605],[-179,-34]],[[39827,26932],[-97,103]],[[40498,29598],[248,-35],[240,-147],[91,-101],[69,-1],[102,19],[-36,105],[41,155],[84,105],[150,-1],[158,-27],[121,-241],[145,-8],[100,43],[70,95],[5,74],[-60,123],[-138,80],[-53,71]],[[41835,29907],[1,42],[211,46],[101,-157],[192,-35],[315,42],[-24,108],[153,-117],[66,30],[36,-37],[219,-12],[5,-32]],[[43110,29785],[-6,-154],[-84,-170],[38,-53],[235,-38],[51,-70],[47,9],[12,175],[95,-123],[89,-38],[34,-71],[102,3],[115,-73],[-118,-260],[9,-51]],[[43729,28871],[-44,-9],[102,-183],[0,-165],[-96,-16],[-169,66],[-45,-226],[-162,7],[-44,-32],[10,-90],[-149,-92],[19,-74],[-97,-204],[51,-133],[119,-152],[-166,-274],[-49,-198],[-457,-3],[6,-152],[63,-120],[-156,-6],[-24,-35]],[[42441,26780],[-35,-159],[-40,-15],[-65,29],[-60,99],[-148,-88],[-168,149],[0,162],[-68,-17]],[[41764,28006],[55,-69],[4,4],[-59,65]],[[41764,28006],[0,0]],[[41429,27951],[0,0]],[[41434,28109],[0,0]],[[41624,28118],[0,13],[-90,-33],[90,20]],[[41692,28248],[0,0]],[[41740,28250],[0,0]],[[41761,28202],[56,8]],[[41817,28210],[0,0]],[[41817,28210],[-40,21],[-16,-29]],[[41684,28084],[41,42],[-41,-42]],[[41745,28060],[-3,1],[20,-48],[9,84],[-26,-37]],[[41852,28133],[0,0]],[[41902,28229],[0,0]],[[42058,28159],[0,0]],[[41974,28126],[0,0]],[[41916,28030],[48,30]],[[41964,28060],[0,0]],[[41964,28060],[-48,-30]],[[43033,37693],[365,-22]],[[43398,37671],[0,-539],[-77,-211],[-63,-68],[110,-12],[187,101],[250,56],[-45,-123],[-36,-10],[91,-78],[-105,-69]],[[41701,32560],[105,281]],[[41826,32927],[0,0]],[[41200,34634],[49,83],[100,-61],[253,-34],[10,141],[51,29],[227,-4],[197,-189],[-66,-75],[-92,8],[-39,-79],[120,-28],[136,49],[165,-18],[10,-56],[48,0],[62,126],[50,23],[162,-53],[39,83]],[[43226,34311],[87,-141],[-53,-294],[-62,-210],[-148,-259],[32,-61],[226,-25],[127,-81],[-1,-188],[-163,-183],[-25,-139],[-187,-4],[56,-302],[-52,-554]],[[43063,31870],[-24,-150],[69,-37],[-96,-105],[-158,-29],[-269,62]],[[41666,32484],[0,0]],[[42197,32613],[0,0]],[[42222,32434],[0,0]],[[42076,32439],[-45,1],[45,-1]],[[42076,32439],[0,0]],[[41992,32466],[0,0]],[[41836,32481],[0,0]],[[42180,32912],[0,0]],[[42229,32860],[0,0]],[[42035,32765],[0,0]],[[42114,32664],[0,0]],[[44093,34321],[-137,85],[-76,-5],[-62,-89],[-71,-5],[-46,-103],[-93,52],[-382,55]],[[43226,34311],[-75,-17],[-124,176],[-89,58],[-256,51]],[[42682,34579],[-125,147],[59,216],[216,4],[46,69],[3,157],[224,52],[35,108],[86,47],[86,134],[-3,90],[133,71],[-54,147],[119,105]],[[43507,35926],[-37,70],[75,100],[11,166],[-50,89],[128,42],[-89,80],[98,72],[-45,93],[30,51],[82,29]],[[43710,36718],[273,-77],[112,-88],[50,-149],[120,-123],[70,-17],[230,34],[226,-45],[-56,-102],[175,-33],[42,60],[144,1],[142,-57],[36,-73],[144,-10],[50,-50],[163,23],[9,-145],[37,-29],[191,-16],[-15,95],[40,9],[112,-52],[176,-22],[-39,-121],[35,-62],[120,-11],[21,81],[84,12]],[[46402,35751],[117,-105],[158,-25],[-47,-79],[-111,-11],[-58,-89],[-139,-40],[-11,-59],[-159,-3],[-6,-81],[-59,-46],[-82,-7],[23,-133],[-46,-8],[-31,-100],[-89,-30],[-48,-177],[-92,-49],[-9,-42],[-38,2],[-9,-112],[-83,-33],[10,-71],[-542,-155],[-385,-149]],[[44666,34149],[-153,-17],[-83,-43],[-117,87],[-61,0],[27,72],[-60,24],[-31,-27],[-95,76]],[[44883,35478],[0,0]],[[44795,35490],[14,-47]],[[44809,35443],[-14,47]],[[44809,35443],[0,0]],[[44677,35523],[0,0]],[[44609,35659],[0,0]],[[44652,35648],[0,0]],[[45039,35658],[0,0]],[[45270,35680],[0,0]],[[45270,35680],[-29,-43],[-62,6],[74,-10],[17,47]],[[45005,35494],[0,0]],[[45024,35779],[14,-6],[-11,14],[-3,-8]],[[45062,35762],[17,-7],[123,-17],[-140,24]],[[44913,35895],[-43,-17],[74,12],[-31,5]],[[44981,35922],[0,0]],[[41210,30140],[-712,-542]],[[40498,29598],[-73,1]],[[41525,32267],[146,-110],[60,9],[135,131],[48,-69],[172,1],[8,-74],[116,7],[33,-50],[-38,-44],[38,-159],[121,28],[173,-32],[-15,-79],[63,-215]],[[42585,31611],[-135,-25],[-82,-59],[-16,-276],[-298,-544],[-81,-73],[-488,-246],[-275,-248]],[[97125,13089],[-205,-54],[-203,-109],[-337,111],[-76,-17],[57,-241],[-255,-186],[-56,48],[-212,52],[-180,-54],[-66,10],[-61,119],[-296,118],[-116,-26],[-50,-50],[-68,36],[-136,-23],[-59,122],[-141,17],[1,62],[-48,40],[-13,258],[98,192],[-113,415],[-155,136],[-155,26],[-181,190],[5,61],[-108,54],[-177,181],[-187,130]],[[88749,28425],[0,0]],[[88643,29061],[1,42]],[[90199,28320],[0,0]],[[90306,28205],[0,0]],[[90543,27945],[-98,-35],[100,43],[-2,-8]],[[90008,26906],[0,0]],[[90118,26861],[0,0]],[[89833,26918],[69,-74]],[[89902,26844],[-69,74]],[[89902,26844],[0,0]],[[89858,26810],[0,0]],[[89918,26739],[0,0]],[[90116,26325],[43,8],[92,40],[-67,-28],[-68,-20]],[[90414,26277],[6,-1],[-111,33],[105,-32]],[[90517,26269],[0,0]],[[89749,27066],[-3,1],[-32,-30],[35,29]],[[90095,26321],[-35,-3],[15,-1],[20,4]],[[89917,26300],[-1,-1],[1,1]],[[90208,27865],[0,0]],[[89833,28109],[-164,144],[164,-144]],[[89833,28109],[0,0]],[[89583,28327],[0,0]],[[89482,28387],[-161,50],[-81,14],[81,-14],[161,-50]],[[89022,28435],[38,7],[-38,-7]],[[90320,26753],[131,-26],[54,-9],[-185,35]],[[90575,26473],[-41,103],[41,-103]],[[90570,26401],[5,72]],[[90575,26473],[-5,-72]],[[90744,18282],[-201,-154],[250,-604],[85,-113]],[[89544,19577],[-3,-34]],[[89541,19543],[197,-279]],[[89738,19264],[0,0]],[[89738,19264],[-197,279]],[[89541,19543],[64,52]],[[89857,19759],[-8,-25],[51,35]],[[89471,19892],[78,-23]],[[87788,19824],[-48,97]],[[87288,21178],[42,53],[-70,8]],[[86790,21714],[20,135],[59,12]],[[88999,21857],[154,-240],[53,-109],[-53,109],[-154,240]],[[89994,23021],[186,-48],[303,63],[181,-37],[131,-92],[264,-379],[152,-93],[397,-77],[884,29]],[[93452,20550],[-120,-80],[-310,-116],[-338,-202],[-321,-273],[-183,-261],[-541,-254],[-515,-783],[-260,-232]],[[90864,18349],[0,0]],[[90864,18349],[-120,-67]],[[90744,18282],[0,0]],[[89879,19705],[11,0],[-12,1],[1,-1]],[[90156,19262],[0,0]],[[89992,19094],[0,0]],[[88505,20893],[0,0]],[[88718,20546],[-77,-129],[-98,-143],[98,143],[77,129]],[[88718,20546],[0,0]],[[88381,21063],[0,0]],[[89280,21371],[0,0]],[[89067,21346],[0,0]],[[88320,21350],[0,0]],[[88320,21350],[452,-4],[-452,4]],[[90472,18773],[12,-56]],[[90484,18717],[-12,56]],[[90694,18637],[85,-42],[-85,42]],[[90484,18717],[210,-80]],[[90916,18437],[-16,37],[16,-37]],[[90741,18438],[0,0]],[[90741,18438],[45,14],[67,-18],[-67,18],[-45,-14]],[[90055,19538],[0,0]],[[90043,19527],[12,11]],[[90043,19527],[0,0]],[[90148,19393],[0,0]],[[90263,19320],[-5,10],[-3,-13],[8,3]],[[90279,19522],[63,19],[-10,37]],[[90332,19578],[0,0]],[[90332,19578],[8,-35],[-168,-24],[107,3]],[[90327,19726],[-37,11],[-130,-25],[130,25],[37,-11]],[[90354,19718],[0,0]],[[89699,12071],[8,-173],[242,-341],[-14,-29],[180,-147],[-28,-144],[79,-199],[-78,-39],[-91,-116],[186,-241],[-81,-104],[-134,-56],[11,-49],[-80,-73],[-25,-114],[-126,-147],[-86,12],[-227,-126],[-111,-145],[-88,-27]],[[89310,11234],[-36,53]],[[88339,17009],[123,7],[159,107],[154,-25],[174,47],[57,-33],[119,43],[35,67],[298,33],[80,115],[250,-105],[214,64],[58,-10],[44,-237],[147,4],[174,58],[453,267]],[[90878,17411],[23,-247],[169,-200],[115,-49],[437,-42],[291,-147],[253,7],[507,-335],[516,-735],[52,-153],[240,-244],[-56,-155],[164,-128],[30,-138],[52,-40],[-39,-98]],[[93632,14707],[-43,32],[-147,-58],[-112,34],[-311,-235],[-13,-50],[-185,76],[-63,-256],[-97,-71],[21,-173],[-225,-89],[18,-79],[62,-17],[-9,-98],[-111,-36],[-202,56],[-18,-45],[-82,-20],[-95,30],[-93,80],[-104,-77],[-121,197],[-480,-54],[-10,-227],[-110,-82],[128,-149],[-97,-23],[-191,-125],[-50,-93],[64,-116],[-90,-100],[122,-154],[-67,-24],[-56,-87],[-126,10],[-284,-51],[-83,-84],[-91,4],[23,43],[-42,4],[-39,-53],[-151,-42],[-51,-96],[-337,-198],[15,-140]],[[92066,23342],[-516,1085],[-879,1139]],[[90671,25566],[-394,333],[-39,92],[563,316],[268,313],[70,32],[98,-25],[198,-240],[327,-176],[484,30],[159,69],[68,98],[10,266],[-103,203],[-182,142],[-375,180],[119,200],[44,308],[-41,61],[-233,32],[2,60],[-96,-71],[-54,441],[52,524],[-111,245]],[[93448,28807],[324,22]],[[94806,27707],[152,-54]],[[95893,26679],[83,-160]],[[95975,26437],[9,-13]],[[98345,21210],[24,-80]],[[92609,21903],[-117,484]],[[92492,22387],[-55,159],[-219,349],[-152,447]],[[92066,23342],[76,131],[433,218],[120,142],[59,171],[-37,118],[-67,56],[91,98],[81,24],[-24,40],[36,41],[-64,27],[-13,131],[-156,57],[-35,49],[21,87],[117,89],[-123,167],[19,129]],[[92600,25117],[-64,79],[33,92],[111,112],[490,98],[313,226],[351,-82],[440,36],[1296,645],[414,101]],[[95984,26424],[13,-16]],[[96607,24380],[-5,-162]],[[98412,18755],[-108,-361],[127,-201],[-94,-531],[167,-568],[-18,-659],[136,-253],[97,-635],[-25,-235],[65,-92],[94,-313],[20,-440],[86,-171],[37,-190],[120,-177],[36,-230],[116,-327],[90,-117],[-21,-170],[86,-420],[282,-648],[271,-283],[23,-218],[-530,-148],[-67,53],[-52,-12],[-117,-116],[-168,-5],[-108,-63],[-198,-188],[2,-119],[-551,-96],[-124,568],[-85,123],[-420,1068],[-3,86],[-82,118],[18,133],[-67,154],[-69,66],[-253,-49]],[[97125,13089],[134,401],[-71,39],[-253,613],[-135,141],[-321,729],[-59,494],[18,95],[149,226],[-86,174],[-253,207],[-276,120],[-31,51],[101,709],[-356,656],[-167,124]],[[95519,17868],[-431,182],[-205,153],[-124,621],[-234,207],[-128,184],[-262,450],[-138,338],[-313,375],[-232,172]],[[93452,20550],[-122,121],[-61,146],[-463,511],[-187,460],[-10,115]],[[92609,21903],[500,26],[622,128],[155,-18],[775,175],[95,-39],[261,-363],[78,-235],[296,-561],[1536,27],[1219,53],[223,34]],[[98369,21130],[14,-47]],[[98599,20857],[-28,-107],[64,-148],[-18,-75],[125,-51],[15,-55],[-18,-40],[-236,-96],[-11,-43],[-34,-204],[80,-427],[-83,-328],[-45,-22],[51,-124],[-58,-70],[42,-234],[-33,-78]],[[69132,53332],[-93,-49],[-41,-219],[-88,-83]],[[68221,54060],[58,37]],[[68279,54097],[0,0]],[[69309,54960],[-51,-110],[-310,-136],[18,-274],[175,-114],[62,-185],[160,-178],[135,-235],[-366,-396]],[[68581,53964],[0,0]],[[68594,53913],[0,0]],[[68543,53878],[-56,34],[-74,20],[74,-20],[56,-34]],[[68543,53878],[0,0]],[[68345,53960],[0,0]],[[68588,54485],[-42,-49],[6,-2],[36,51]],[[68588,54485],[0,0]],[[68489,54335],[89,-4],[26,25],[-115,-21]],[[68484,54282],[-24,-49],[23,21]],[[68483,54254],[74,-8],[6,1],[-80,7]],[[68483,54254],[6,81]],[[68489,54335],[-5,-53]],[[68553,54059],[0,0]],[[68553,54059],[17,-25],[-17,25]],[[68453,54080],[-29,8],[29,-8]],[[68690,54306],[32,13]],[[68722,54319],[0,0]],[[68722,54319],[-32,-13]],[[68712,54503],[0,0]],[[68887,54321],[-95,-14],[95,14]],[[68903,54368],[0,0]],[[68834,54395],[0,0]],[[59355,51190],[-173,-7],[-113,76]],[[58923,51442],[-202,-78]],[[59580,52161],[0,0]],[[59647,53105],[-120,51],[-38,6],[-11,-56],[11,56],[158,-57]],[[59647,53105],[0,0]],[[59817,52902],[22,-64],[19,-84],[-12,64],[-29,84]],[[59817,52902],[-40,71],[-15,24],[55,-95]],[[59839,52710],[0,0]],[[59838,52582],[0,0]],[[59794,52447],[0,0]],[[59794,52447],[31,58],[4,23],[-35,-81]],[[59501,52503],[27,109],[-1,-2],[-26,-107]],[[59501,52503],[0,0]],[[59531,52615],[0,0]],[[59394,52270],[84,-38]],[[59478,52232],[-84,38]],[[59478,52232],[0,0]],[[59312,52375],[30,24],[9,15],[-39,-39]],[[59312,52375],[0,0]],[[59519,53053],[0,0]],[[59533,52866],[0,0]],[[59535,52621],[59,53],[-1,5],[-39,-32],[-19,-26]],[[59592,52792],[0,0]],[[60027,52788],[0,0]],[[60027,52788],[-74,130],[74,-130]],[[60164,52688],[16,71]],[[60180,52759],[0,0]],[[60180,52759],[-16,-71]],[[59973,52699],[0,0]],[[60125,52671],[0,0]],[[59992,53034],[0,0]],[[60182,52869],[-12,40],[12,-40]],[[60233,52844],[0,0]],[[69213,55135],[96,-175]],[[69309,54960],[-53,3],[-82,-125],[-200,-45],[-229,37],[-121,-42],[-79,19],[6,-138],[-32,-56],[-80,-29]],[[67325,55862],[-6,87],[-47,43]],[[70161,57979],[152,-2],[9,-44]],[[70322,57933],[-11,-68]],[[70547,56348],[-129,-334],[43,-66],[-255,-69],[-15,101],[-49,48],[11,92],[-323,-370],[-120,-247],[172,-115],[62,-223],[-897,37],[166,-67]],[[67738,56594],[-66,84],[-99,-24],[-184,27],[-11,-34],[-61,36],[-56,-26],[-5,-57],[-78,-70],[-71,56],[-346,108],[-225,-230],[175,-23],[25,58],[133,-46],[-82,-180],[9,-146],[122,-34],[57,-62],[198,21],[99,-60]],[[67272,55992],[57,-51],[-4,-79]],[[67325,55862],[-50,-126],[-62,-44],[67,-114],[166,-134]],[[67446,55444],[0,0]],[[67446,55444],[239,-166],[13,-78],[-31,0],[55,-75],[383,-182],[75,-215],[259,-144]],[[68439,54584],[-143,-139],[9,-95],[68,-115],[32,2],[-13,-50],[-113,-90]],[[68279,54097],[-58,-37]],[[68221,54060],[-101,-113],[-90,-29],[-196,24],[-59,33],[-9,56],[70,108],[-3,77],[-59,37],[-171,12],[-103,-235],[39,-105],[-147,-68],[-139,55],[-115,138],[-111,72],[-134,33],[-496,-4]],[[66546,55476],[0,0]],[[66527,55378],[16,-19],[-16,19]],[[66771,55334],[0,0]],[[66848,55360],[0,0]],[[66363,56010],[0,0]],[[66423,56014],[0,0]],[[66442,55909],[0,0]],[[66338,55594],[0,0]],[[66210,55976],[0,0]],[[66273,55900],[7,0],[-61,-1],[54,1]],[[66781,55780],[-58,-18],[15,-7],[43,25]],[[66914,55934],[-54,-9],[54,9]],[[67246,55981],[-53,-22],[53,22]],[[67201,55508],[0,0]],[[67055,55467],[43,0],[-43,0]],[[66928,55433],[64,14],[-64,-14]],[[66847,55415],[-23,-19],[-3,-6],[26,25]],[[66772,55741],[0,0]],[[66737,55583],[-13,82],[13,-82]],[[66684,55577],[0,0]],[[64897,56178],[-40,-18],[-28,-118],[-185,14]],[[63415,56616],[24,52]],[[64019,57200],[173,104]],[[64192,57304],[73,39]],[[65523,57152],[-29,54],[-54,-4],[7,-108],[94,-66],[-31,-110],[-90,-43],[46,-65],[-51,-127],[-363,-21],[-21,-84],[117,-45],[-86,-25],[5,-52],[84,-56],[1,-35],[-164,-21]],[[64988,56344],[-26,37],[-128,-1],[128,1],[26,-37]],[[64988,56344],[-72,-31],[-19,-135]],[[64897,56178],[-120,8],[-9,38],[-69,21]],[[64699,56245],[-209,11],[209,-11]],[[63781,56559],[63,-7],[-63,7]],[[63924,56639],[31,59],[-31,-59]],[[63924,56639],[0,0]],[[64413,56601],[0,0]],[[64463,56578],[0,0]],[[64491,56542],[0,0]],[[64764,56476],[17,-61],[-17,61]],[[64764,56476],[0,0]],[[64439,56321],[-43,-5],[1,-6],[42,11]],[[64439,56321],[0,0]],[[64391,56369],[-1,33],[-1,-15],[2,-18]],[[64138,57005],[0,0]],[[64169,57059],[28,96],[-28,-96]],[[64169,57059],[-41,-42],[41,42]],[[64324,57245],[0,0]],[[64324,57245],[12,-52],[-108,-21],[109,20],[-13,53]],[[67310,51857],[-80,-213],[100,-381],[863,28],[40,24],[163,-101],[54,9],[-68,-284],[7,-167],[-45,-43],[79,-20],[-56,-17],[46,-62],[-76,-5],[-37,-52],[-168,-1],[42,122],[-211,82],[-52,-43],[-98,33],[-51,-35],[-84,29],[-67,83],[-122,11],[-5,51],[-67,52],[-20,-26]],[[66149,54182],[248,-31]],[[66397,54151],[-66,-438],[236,-126],[7,-65],[150,-10],[69,-108],[131,-1],[224,-94],[138,-21],[47,46],[84,-40],[21,55],[50,10],[18,-44],[60,120],[112,-74],[231,94],[22,-70],[-57,-49],[-6,-237],[-66,-58],[232,80],[298,25],[100,-147],[162,-65],[40,-75],[121,79],[114,-12],[41,55]],[[68910,52981],[77,-151],[2,-283],[-109,-154],[14,-99],[-158,-216],[-163,115],[-33,66],[-301,39],[-214,-5],[-87,-32],[-298,18],[-204,-149],[-126,-273]],[[66985,52576],[60,-14],[-6,14],[-54,0]],[[66985,52576],[0,0]],[[66809,52546],[0,0]],[[66774,52429],[0,0]],[[66893,52365],[7,46],[32,20],[-32,-20],[-7,-46]],[[67114,52404],[38,-31]],[[67152,52373],[-46,38],[-65,-7],[73,0]],[[66346,52436],[9,51],[-2,-2],[-7,-49]],[[66346,52436],[0,0]],[[66301,52334],[0,0]],[[66497,52193],[0,0]],[[66609,52242],[133,15],[-1,12],[-145,4],[13,-31]],[[66609,52242],[1,-54],[-1,54]],[[66609,52425],[-34,92],[-86,3],[86,-3],[34,-92]],[[66547,52397],[-28,-16],[-4,-13],[32,29]],[[66577,52424],[-33,-1],[33,1]],[[66500,52319],[0,0]],[[67152,52373],[0,0]],[[67194,52427],[0,0]],[[67212,52535],[-2,2],[-80,18],[82,-20]],[[61608,52339],[-58,309],[-119,168],[234,98],[-81,395],[-33,17],[-212,-50],[-113,35],[-15,104],[90,235],[-31,48],[-236,2],[-335,-212],[-78,26],[-36,39],[25,46],[65,-5],[59,42],[-9,222],[61,69],[-96,51],[-113,220]],[[63478,55977],[180,-53],[119,-98],[70,-10],[222,69],[325,16],[49,142],[201,13]],[[64644,56056],[-31,-150],[37,-435],[102,-94],[110,98],[186,70],[368,23],[269,112],[-5,-22],[98,-31],[123,-197],[-79,-397],[-127,-195],[36,-211],[63,19]],[[65794,54646],[46,-30],[-88,-44],[99,-184],[101,-107],[197,-99]],[[66149,54182],[-165,-235],[-121,-4],[-27,-73],[-341,-26],[-4,-89],[116,-157],[147,-63],[85,11],[15,-33],[-133,-140],[-8,-69],[-273,-44],[-49,-56],[-144,-33],[-2,-32],[-280,38],[-53,-54],[39,-113],[-53,-16],[-99,37]],[[63354,54823],[42,17]],[[63396,54840],[0,0]],[[63396,54840],[-42,-17]],[[63555,54815],[0,0]],[[63523,54592],[-9,-10],[61,59],[-52,-49]],[[63442,54510],[-5,-34]],[[63437,54476],[5,34]],[[63323,54477],[-58,-4],[172,3]],[[63437,54476],[-114,1]],[[63400,54276],[21,-6],[151,34],[-123,-25],[-49,-3]],[[63342,54294],[0,0]],[[63422,54101],[-6,-24],[100,12],[-84,-10],[-10,22]],[[63422,54101],[0,0]],[[63425,53750],[99,15],[33,8],[-132,-23]],[[63165,53698],[160,2]],[[63325,53700],[0,0]],[[63065,53663],[-37,-41],[137,76]],[[63165,53698],[-100,-35]],[[63043,53593],[0,0]],[[63039,53514],[52,-20],[258,7],[-258,-7],[-52,20]],[[62634,54501],[0,0]],[[62779,54571],[0,0]],[[62877,54623],[0,0]],[[63106,54626],[-58,-13],[114,57],[-56,-44]],[[63233,54394],[-92,27]],[[63141,54421],[-41,-16],[-2,-3],[43,19]],[[63141,54421],[92,-27]],[[63264,54434],[0,0]],[[62640,54437],[0,0]],[[62868,54336],[-50,4],[50,-4]],[[62868,54336],[0,0]],[[62841,54295],[0,0]],[[63046,54299],[-33,-24],[33,24]],[[63305,54761],[49,62]],[[63354,54823],[-49,-62]],[[63577,54068],[0,0]],[[63743,54203],[0,0]],[[63743,54203],[-30,-107],[30,107]],[[63585,54305],[18,-19],[9,20],[-27,-1]],[[63600,53517],[0,0]],[[63678,53510],[0,0]],[[63966,53500],[-21,4],[-57,42],[57,-42],[21,-4]],[[64174,53532],[-14,-12],[-123,6],[123,-6],[14,12]],[[64332,53593],[0,0]],[[63777,53837],[-162,-51],[16,3],[146,48]],[[63844,53870],[-35,13],[-10,-14],[45,1]],[[64137,53792],[-46,-51],[46,51]],[[64238,53783],[0,0]],[[64254,53822],[-16,-39]],[[64343,53776],[-89,46]],[[64254,53822],[89,-46]],[[64343,53776],[24,-46],[14,-77],[-14,77],[-24,46]],[[70143,58319],[-11,-54]],[[69788,57987],[-90,-19],[-9,-44],[63,-39],[-53,-12],[36,-66],[-327,-132],[-7,46],[-63,39]],[[68824,57253],[-330,-157],[-161,28],[-55,-69],[-178,-68],[-22,-59],[-99,-17],[12,-52],[70,6],[11,-88],[-126,-230],[-142,-187],[-48,-10],[-18,244]],[[67738,56594],[36,113],[-71,-15],[-229,221],[-26,88],[-49,12],[44,83],[-68,170],[-201,1],[-71,29],[-197,-22],[-22,-26],[-169,35],[-6,29],[-203,17],[-49,-45],[11,-72],[-62,-4],[-32,-82],[-39,61],[-81,37],[-242,-23],[-43,-59],[-93,13],[-18,-100],[-299,40],[-36,57]],[[65523,57152],[57,170],[-76,119],[-133,17],[-5,-53],[-87,-25],[-103,126],[-307,126]],[[64475,59519],[169,-86],[275,12],[67,-50],[-39,-39],[25,-38],[242,9],[119,-140],[45,2],[53,-58],[67,24],[96,-53],[35,45],[-58,257],[82,29],[38,-17],[-37,-80],[99,12],[17,47],[84,-18],[42,-51],[129,-19],[49,-94],[431,-8],[63,38],[69,-20],[-59,-27],[-5,-86],[-106,-13],[-88,-228],[163,-100],[98,24],[164,-75],[126,37],[157,-31],[29,-77],[-30,-66],[406,-231],[0,-147],[97,-109],[29,-142],[44,-15],[77,7],[270,-113],[141,-20],[117,118],[126,38],[14,35],[-146,82],[2,94],[26,28],[131,-3]],[[68420,58203],[190,64],[64,-58],[-36,-41],[166,19],[347,-58],[164,-130],[23,-239]],[[69338,57760],[-184,-23],[4,-159],[-64,-107],[-190,-79],[-4,-48],[-63,-17],[-13,-74]],[[54915,41969],[309,73]],[[55259,41991],[-7,-28]],[[55068,42883],[81,-38],[19,-83],[-219,-282],[-193,-161]],[[55343,42679],[-145,-129],[-103,-34],[148,264],[202,61],[119,-19],[-3,-83],[-63,-53],[-155,-7]],[[55434,42866],[-104,-4],[106,58],[81,-30],[-83,-24]],[[55191,42898],[-25,-28],[-69,30]],[[55163,42937],[28,-39]],[[55717,43083],[-102,-43],[-65,38],[-172,-12],[-138,-198],[-55,78]],[[55335,43735],[160,-132],[211,-110],[42,-367],[-31,-43]],[[55818,43135],[-34,-14],[-29,360],[-43,49],[-217,95],[-71,119],[27,181],[251,-136],[255,-300],[30,-77],[-169,-277]],[[55438,43803],[-38,-75],[-61,47]],[[55386,43952],[57,-34],[-5,-115]],[[55086,44060],[60,-18]],[[56252,44077],[-172,210],[20,-73],[-546,233],[8,-52],[-272,37],[-55,56],[57,43],[-387,206],[-113,95],[474,128],[156,-23],[101,33],[154,-79],[297,-319],[224,-330],[54,-165]],[[55150,44479],[-40,16],[-73,91],[54,1],[59,-108]],[[54957,44649],[18,26],[84,-68],[-55,6],[-47,36]],[[54883,45183],[130,30],[136,-17],[-12,-32],[-49,1],[-71,-94],[72,72],[63,-33],[290,31],[176,-192],[-116,33],[-91,-34],[-138,23],[-516,-125],[-12,101],[-42,-109],[-155,83]],[[54801,45179],[82,4]],[[55309,45365],[98,-192],[-113,-20],[-207,78],[-265,-32]],[[54948,45317],[196,76],[165,-28]],[[55277,45444],[-165,15]],[[56386,41921],[-17,243],[93,-29],[63,-75],[25,-145]],[[56451,42183],[-91,410],[38,550],[-85,407],[65,11]],[[56470,43564],[78,-10],[-120,111],[-105,29],[172,54],[6,-31],[36,-14],[-25,17],[256,203],[72,160],[57,366],[-194,358],[-332,474]],[[56668,45371],[150,-153],[188,-80],[124,4],[139,92]],[[57441,44958],[-4,-52]],[[56626,41916],[-18,-1]],[[56575,41914],[-10,154],[-114,115]],[[56631,43523],[0,0]],[[56810,43515],[-14,6],[-24,0],[38,-6]],[[56856,43495],[0,0]],[[56931,43910],[75,12],[-113,-24]],[[56893,43898],[0,0]],[[56893,43898],[38,12]],[[56710,43609],[69,12],[-133,-21],[64,9]],[[56871,43594],[-3,13],[-2,-7],[5,-6]],[[56587,43620],[0,0]],[[57054,43868],[-29,-3],[-28,27],[28,-27],[29,3]],[[57267,43874],[-69,-7],[69,7]],[[57239,43936],[0,0]],[[57307,44084],[2,2],[-14,16],[12,-18]],[[57154,44155],[0,0]],[[56316,43653],[104,-9],[50,-80]],[[56470,43564],[-92,-3]],[[56378,43561],[-97,71],[35,21]],[[56356,44798],[-275,263]],[[56220,45069],[200,-319],[-64,48]],[[56355,45039],[67,-86],[-79,-40],[-71,149],[41,12],[42,-35]],[[56828,45277],[-72,81]],[[57230,45229],[-155,-56],[-99,1],[-148,103]],[[57341,42098],[137,-36],[-59,72],[117,171],[76,12],[71,90],[-66,228],[25,72],[-149,37],[44,14],[52,119],[66,-17],[37,66],[6,65],[-96,47],[117,3],[67,35],[87,168],[66,26],[46,-2],[16,-42],[-27,-53],[162,-7],[-5,63],[44,47],[-58,130],[33,33],[-80,31],[217,179],[110,50],[26,-18],[-74,-81],[268,-188],[56,11],[193,290],[37,6],[25,-67],[-40,-165],[140,63],[60,-104],[47,-3],[92,139],[48,-22],[-45,-107],[59,-5],[81,89],[132,-28]],[[58737,42071],[-30,12],[73,-38],[-1,20],[-42,6]],[[58318,41979],[99,31],[103,-22]],[[58520,41988],[12,-17],[84,-56],[-46,34],[-50,39]],[[58594,41866],[-34,-1],[44,-52],[-10,53]],[[58659,41788],[0,0]],[[58772,41737],[-6,32]],[[58766,41769],[0,0]],[[58768,41693],[29,-1]],[[58797,41692],[0,0]],[[58797,41692],[-25,45]],[[58772,41737],[-4,-44]],[[58351,42053],[-33,-74]],[[58318,41979],[33,74]],[[58606,42137],[0,0]],[[58540,42164],[-127,-59]],[[58413,42105],[150,68],[43,-36]],[[58606,42137],[-46,43],[-20,-16]],[[58413,42105],[0,0]],[[58856,41860],[0,0]],[[58893,41781],[17,-37],[5,5],[-22,32]],[[54850,40857],[225,-60],[74,-131],[115,-87],[5,-137]],[[55269,40442],[-496,327]],[[54773,40769],[77,88]],[[55295,40426],[-13,156],[-93,67],[-123,175],[206,115],[12,76],[-222,177],[-61,89],[94,92],[264,30],[21,105],[66,14],[135,-61],[75,-123],[64,-170],[-30,-170],[130,-237],[-120,-322],[-37,-42],[-94,53],[77,-127],[-85,-130]],[[55561,40193],[-266,233]],[[55043,41516],[101,90],[126,37],[75,-151],[-57,-98],[-174,7],[-133,-84],[19,-102],[258,-214],[-10,-53],[-251,-118],[-88,43],[-85,-2],[-77,-81]],[[54747,40790],[-235,195]],[[54512,40985],[148,199],[383,332]],[[54314,41193],[-8,0]],[[54046,41425],[204,85],[143,-48],[68,-90],[44,-206],[-67,-93]],[[54438,41073],[-101,120]],[[54337,41193],[-6,77],[-17,-77]],[[54556,41317],[17,32],[44,-28],[-11,-33],[-50,29]],[[54655,41607],[48,-78],[-66,-68],[-11,-104],[-39,-9],[5,161],[63,98]],[[55186,41727],[-41,-69],[-501,-397],[74,307],[-44,60],[89,131],[77,35],[334,-16],[12,-51]],[[55372,41519],[-74,79],[7,44],[158,75],[100,-204],[-191,6]],[[54989,41850],[-222,-58],[-108,-96],[-106,-180],[-20,-110],[-208,123],[-108,1],[-179,-88]],[[54001,41518],[270,186],[644,265]],[[54915,41969],[139,-88],[43,15],[-11,56]],[[55086,41952],[26,38],[82,-45],[58,18]],[[55252,41963],[-9,-82],[-60,-60],[-80,-22],[-112,20],[-2,31]],[[55276,41717],[-59,-22],[-6,78],[59,111],[178,145],[10,-191],[-43,-73],[-139,-48]],[[55405,42035],[-80,-96],[-38,3],[15,69],[103,24]],[[55224,42042],[56,-4],[-21,-47]],[[55259,41991],[-35,51]],[[56650,39738],[42,315]],[[56822,40076],[20,9]],[[55644,40112],[112,170],[94,50],[140,-440]],[[55990,39892],[-125,16],[-149,130]],[[55716,40038],[-25,26]],[[55691,40064],[-47,48]],[[55931,40295],[119,-27],[59,-112],[-139,67],[-39,72]],[[56853,40120],[-31,-44]],[[56822,40076],[-130,-23]],[[56692,40053],[-92,558],[-18,422],[51,-30],[-45,34],[-139,671],[160,136],[17,72]],[[56626,41916],[189,41],[120,-38],[-3,89],[152,92],[138,-35],[119,33]],[[57341,42098],[-43,-67],[33,-141],[-68,-88],[60,-179],[-161,-39],[5,-99],[190,-151],[-90,-111],[138,-157],[45,-152]],[[56799,40683],[-48,50],[77,-79]],[[56700,40979],[92,-14]],[[56792,40965],[0,0]],[[56792,40965],[-138,26],[46,-12]],[[56828,40804],[-4,25],[4,-25]],[[55818,40568],[-26,-130],[-50,-18],[112,341],[-33,123],[-88,100],[41,152],[116,-161],[65,-384],[-106,37],[-31,-60]],[[56386,41921],[103,-26],[61,20]],[[56550,41915],[-67,-125],[-39,9],[-58,122]],[[56602,41895],[-27,19]],[[56575,41914],[33,1]],[[56608,41915],[-6,-20]],[[60517,43395],[-21,-67],[-104,-27],[-16,85],[-111,-40],[-33,174],[-195,1],[-19,-56],[-192,32],[-132,-109],[-192,121]],[[59502,43509],[43,115],[110,19],[-9,93],[-43,45],[-364,48],[-13,178],[-298,53],[-38,31],[56,49]],[[62528,43351],[69,-57]],[[61348,42651],[-35,93],[-50,19],[33,127],[-158,-14],[-92,77],[-226,24],[-32,106],[-29,-17],[-102,54],[5,82],[-95,45],[-6,136],[-44,12]],[[60653,43680],[18,-86],[-17,96],[-1,-10]],[[60780,43574],[7,11],[-52,15],[45,-26]],[[60678,43920],[0,0]],[[60650,44093],[0,0]],[[60650,44093],[-9,49],[-5,0],[14,-49]],[[60648,43731],[-2,19],[-12,4],[14,-23]],[[60967,43990],[-56,-29],[-15,-9],[71,38]],[[60998,44024],[71,97]],[[61069,44121],[0,0]],[[61069,44121],[-71,-97]],[[61290,44016],[0,0]],[[61297,43971],[7,3],[-7,-3]],[[60942,43668],[0,0]],[[60952,43892],[0,0]],[[61046,44013],[0,0]],[[61172,43888],[-83,-15],[83,15]],[[61264,43953],[0,0]],[[61132,45013],[-460,16],[-91,56],[-122,180],[-87,53],[-89,-50],[-53,2],[-12,52],[-201,-5]],[[62207,44600],[-184,28],[-139,-27],[-40,28],[-3,74],[-111,1],[-46,144],[-269,3],[-7,-45],[-59,-7],[-25,123],[-69,14],[-14,76],[-109,1]],[[61806,45565],[20,1],[2,100],[-4,-86],[-18,-15]],[[61941,45471],[0,0]],[[61908,45444],[0,0]],[[61897,45420],[0,0]],[[61908,45279],[0,0]],[[61559,45287],[6,-3],[145,0],[-151,3]],[[61507,45309],[-14,-8],[19,4],[-5,4]],[[61377,45279],[34,4],[75,16],[-109,-20]],[[61281,45360],[0,0]],[[61514,45444],[29,-95]],[[61611,45409],[-68,-60]],[[61543,45349],[-29,95]],[[61611,45409],[0,0]],[[61443,45448],[0,0]],[[61799,45431],[-111,-3]],[[61688,45428],[0,0]],[[61688,45428],[111,3]],[[61235,45448],[0,0]],[[61806,45565],[0,0]],[[62221,45639],[53,10]],[[62274,45649],[-53,-10]],[[62274,45649],[0,0]],[[61867,45680],[0,0]],[[62189,45577],[0,0]],[[62074,45583],[115,-6]],[[62189,45577],[-115,6]],[[62074,45583],[0,0]],[[57622,44707],[-125,-16],[-30,23],[-51,135],[21,57]],[[57437,44906],[14,70]],[[57737,45047],[46,-75],[21,-20],[-32,40],[-35,55]],[[57737,45047],[-286,-71]],[[57451,44976],[-10,-18]],[[57441,44958],[-79,-10],[-119,100],[1,98],[55,52],[-30,36]],[[57269,45234],[-73,152],[-87,61],[37,-94],[-183,111],[21,77],[178,116],[-17,15]],[[57754,45691],[42,14],[-42,-14]],[[57905,46007],[171,-95]],[[58258,45691],[0,0]],[[59646,47045],[5,-60],[-76,-15],[-9,-122],[194,-399],[-17,-107],[-113,-13],[7,-36],[53,-24],[44,-92],[55,-1],[116,-356],[227,-313],[-65,-7],[-105,49],[-1,-178],[56,-54]],[[60017,45317],[-24,-51],[-320,-65],[-237,17],[-253,116],[-52,-31],[-315,16],[-5,-68],[-83,26],[-57,-24],[62,-206],[73,-33],[-22,-46],[-133,-21],[-47,-46],[-58,46],[-42,-23],[-52,-214],[45,-83],[74,-39],[120,37],[29,-45],[260,-34],[27,-343],[-61,-63]],[[58946,44140],[-157,-17],[-65,67],[-160,44],[2,137],[-402,46],[-113,127],[-93,2],[-2,99],[-52,52],[-180,-109],[-47,87],[32,55],[-57,7],[-30,-30]],[[57823,44901],[0,0]],[[57775,44745],[0,0]],[[57847,45649],[0,0]],[[57907,45566],[0,0]],[[58169,45604],[0,0]],[[57070,45224],[-197,56],[13,44]],[[56985,45399],[159,-80],[86,-90]],[[57230,45229],[-86,2],[-38,32],[-36,-39]],[[57091,45677],[-75,-23]],[[56081,45061],[-34,-3],[-155,204],[-85,206],[222,3],[230,-138],[28,-50],[-52,-35],[74,-109],[-149,78],[-144,153],[-39,-4],[243,-297]],[[56220,45069],[-139,-8]],[[58714,46740],[-108,-225],[145,-48],[45,-90],[-65,-228],[-128,-57],[-66,88],[-118,15],[-96,-22],[-55,-53],[-64,-178],[31,-37],[132,-13],[60,-39],[2,-53],[-171,-109]],[[58258,45691],[-107,-46],[-166,31],[-9,34],[207,76],[-2,43],[-105,83]],[[58076,45912],[-171,95]],[[57905,46007],[-180,22],[-179,-97],[-24,-103],[232,-138]],[[57754,45691],[-204,-64],[-145,57],[-260,-12]],[[57145,45672],[-54,5]],[[57091,45677],[-50,59],[-25,-82]],[[57016,45654],[-86,-104],[-11,-91],[66,-60]],[[56985,45399],[-99,-75]],[[56886,45324],[-130,34]],[[56756,45358],[-89,84],[-103,31],[-266,-26],[-165,179],[-111,196],[-117,73],[-167,39],[-496,-12],[35,-478]],[[55277,45444],[-100,66]],[[55177,45510],[-80,23],[15,-74]],[[55112,45459],[-100,-13]],[[55754,47670],[1,0],[126,14],[-127,-14]],[[56235,47030],[-62,143],[35,99],[-36,-97],[63,-145]],[[56267,46732],[16,-35],[-14,44],[-2,-9]],[[55926,46929],[0,0]],[[55958,46841],[-19,35],[4,-15],[15,-20]],[[55892,47168],[19,-69],[15,-162],[-16,186],[-18,45]],[[56392,46965],[53,-5],[2,0],[-55,5]],[[56023,45485],[-89,-15],[-131,49],[-67,362],[174,-26],[126,-87],[27,-106],[205,-273],[-245,96]],[[56316,45391],[160,59],[192,-79]],[[56668,45371],[-167,-14],[-130,-76]],[[56371,45281],[-55,110]],[[61923,42461],[31,20],[-48,336],[184,117],[-14,151],[112,23],[7,39],[143,-7],[70,74],[153,21],[36,59]],[[62597,43294],[70,5],[-80,-5],[-59,57]],[[62528,43351],[98,47],[-7,33],[-85,6],[-86,-51],[-132,22],[-399,191],[-66,67],[-111,37],[-276,-7],[-112,91],[151,39],[12,48],[155,-22],[19,88],[70,-1],[97,138],[128,-31],[117,23],[21,135],[-41,63],[108,103],[-107,87],[76,9],[49,134]],[[62207,44600],[131,2],[45,-37],[29,-119],[156,-34],[33,31],[138,-14],[62,49],[206,-81],[29,-53],[135,-67],[31,-79],[350,41],[240,-239],[93,50],[174,-23],[59,-131],[165,20],[75,64]],[[62917,43706],[0,0]],[[63024,43682],[88,3],[-88,-3]],[[63024,43682],[0,0]],[[63121,43652],[40,2],[-40,-2]],[[63273,43604],[26,-31],[2,13],[-28,18]],[[63273,43604],[0,0]],[[62974,43405],[0,0]],[[62974,43405],[173,12],[-135,-8],[-38,-4]],[[63172,43419],[46,35]],[[63218,43454],[0,0]],[[63218,43454],[-46,-35]],[[62720,43481],[0,0]],[[62649,43498],[0,0]],[[62753,43625],[-37,-7],[-44,-42],[43,40],[38,9]],[[62774,43263],[0,0]],[[62889,43357],[0,0]],[[62889,43357],[-1,-67],[-93,-10],[93,10],[1,67]],[[62634,43992],[52,-9],[-48,11],[-4,-2]],[[63068,44129],[0,0]],[[62881,43999],[-25,18],[25,-18]],[[62881,43999],[0,0]],[[62799,43992],[0,0]],[[62966,44183],[0,0]],[[82214,25118],[75,65]],[[82778,25415],[179,-29]],[[82201,25794],[121,57],[80,-25],[-83,-171]],[[82297,25524],[-93,126],[-3,144]],[[82643,25937],[129,-209],[89,-56],[272,-65]],[[83065,25428],[-378,112]],[[82488,25679],[15,130],[-106,80],[-148,9],[-123,-40],[-50,-84],[9,-146],[191,-277]],[[82275,25228],[-80,-16],[-91,46],[-277,343],[-329,896],[-33,282],[19,133],[51,43],[-37,124],[356,221],[62,71],[37,-4],[50,130]],[[84255,26322],[-128,20],[-51,-25],[-17,-91]],[[83804,26261],[6,125],[-115,42],[-72,-31],[-28,-136],[-112,-131],[-93,-218]],[[83158,25941],[-471,42],[-44,-46]],[[82854,25957],[-86,-74],[-9,-55],[-59,34],[-27,90],[181,5]],[[83102,25679],[-242,51],[-20,76]],[[83595,26167],[72,170],[32,-41]],[[83494,25958],[101,209]],[[84117,26228],[8,83],[112,-34]],[[83679,20944],[21,75],[-100,499],[-195,510],[-199,267],[43,63],[120,17],[84,-25],[8,26],[-132,23],[-262,208],[-62,124],[13,151],[-264,396],[-8,53],[164,359],[-46,413],[-367,766],[102,273],[-132,218],[-170,164]],[[82297,25524],[22,131]],[[82319,25655],[27,-87],[98,-79],[334,-74]],[[82778,25415],[179,-29]],[[82957,25386],[364,-79],[84,-9],[64,33],[26,66],[-73,163],[-320,119]],[[83102,25679],[-47,61],[-105,25]],[[82950,25765],[-110,41]],[[82840,25806],[122,76],[398,-30],[83,20],[51,86]],[[83494,25958],[147,154],[58,184]],[[83699,26296],[57,-99],[93,-69],[209,-48],[88,62],[-29,86]],[[84117,26228],[112,18]],[[85119,25366],[23,-60]],[[83868,21971],[0,0]],[[83875,21935],[0,0]],[[83914,21903],[86,-16],[-86,16]],[[84088,21950],[0,0]],[[84135,22530],[84,-10],[62,1],[-62,-1],[-84,10]],[[84058,22387],[-109,-82],[24,-60],[-24,60],[109,82]],[[84058,22387],[0,0]],[[84040,22067],[0,0]],[[84013,23310],[61,14]],[[84074,23324],[-61,-14]],[[84074,23324],[0,0]],[[83910,23312],[-11,49],[11,-49]],[[83910,23312],[0,0]],[[83843,23528],[0,0]],[[84049,23651],[-105,2]],[[83944,23653],[0,0]],[[84069,23677],[-20,-26]],[[84049,23651],[20,26]],[[84153,23253],[-39,-11],[93,2]],[[84207,23244],[0,0]],[[84207,23244],[-54,9]],[[84744,23489],[-1,0],[14,-42],[-13,42]],[[84716,23613],[0,0]],[[84716,23613],[48,31],[0,2],[-48,-33]],[[84448,22509],[0,0]],[[84553,22457],[0,0]],[[84532,22447],[0,0]],[[84550,22326],[-38,19],[38,-19]],[[84573,22144],[0,0]],[[84573,22144],[-31,27],[31,-27]],[[84425,22054],[75,32],[-75,-32]],[[84449,21880],[0,0]],[[84246,21925],[0,0]],[[84748,23164],[0,0]],[[84585,23146],[0,0]],[[84560,23103],[0,0]],[[84424,23015],[54,-7],[-123,30],[69,-23]],[[84819,23358],[-1,-31],[1,31]],[[84802,23243],[0,0]],[[84262,23021],[0,0]],[[84243,23039],[-8,7],[8,-7]],[[84600,23585],[0,0]],[[84575,23598],[0,0]],[[84538,23686],[0,0]],[[84415,23663],[48,25],[-53,-24],[5,-1]],[[84022,23221],[0,0]],[[84026,23274],[0,0]],[[84212,23650],[9,1],[-31,4],[22,-5]],[[84243,23652],[13,1],[81,3],[-29,4],[-65,-8]],[[82455,25010],[-96,-68],[-150,33],[5,143]],[[82214,25118],[94,14],[-19,51]],[[82289,25183],[66,19],[88,-95],[12,-97]],[[82275,25228],[1,123]],[[82276,25351],[48,-102],[-49,-21]],[[83144,25548],[-11,59]],[[83133,25607],[218,-92],[83,-87],[-18,-43],[-84,-19],[-267,62]],[[83065,25428],[79,120]],[[82488,25679],[199,-139]],[[82687,25540],[-242,46],[43,93]],[[83191,25943],[199,-31]],[[83390,25912],[-62,-27],[-170,56]],[[83158,25941],[33,2]],[[83791,26236],[13,25]],[[83804,26261],[121,-37],[134,2]],[[84059,26226],[23,-92],[-51,-21],[-202,74],[-38,49]],[[82728,28965],[68,164],[138,96],[37,-13],[1,-74],[-81,-160]],[[83023,29355],[52,384],[55,102],[212,198],[324,152]],[[83666,30191],[0,0]],[[83666,30191],[419,106],[311,13],[92,-18],[252,-156],[421,-15],[4,47]],[[82953,28958],[65,160],[5,237]],[[83164,29811],[0,0]],[[83768,30131],[0,0]],[[83983,30017],[-20,-33]],[[83963,29984],[0,0]],[[83963,29984],[48,22],[-27,58],[-1,-47]],[[83971,29905],[48,-16],[-48,16]],[[83971,29905],[0,0]],[[83927,29820],[0,0]],[[83882,29723],[0,0]],[[83856,29719],[0,0]],[[83848,29658],[0,0]],[[83808,29306],[7,7],[-3,1],[-4,-8]],[[84006,29289],[12,35],[-22,-45],[10,10]],[[83211,29406],[8,17]],[[83219,29423],[55,9],[7,12],[-62,-21]],[[83219,29423],[-19,-17],[46,-31],[-35,31]],[[83299,29539],[0,0]],[[83299,29539],[-9,-81],[14,24],[-5,57]],[[83787,29283],[9,9],[-52,7],[43,-16]],[[83573,29265],[21,9],[-86,-22],[65,13]],[[83397,29247],[0,0]],[[83332,29318],[0,0]],[[83401,29696],[-3,-16],[19,32],[-16,-16]],[[83394,29657],[-1,-7],[2,3],[-1,4]],[[83303,29591],[0,0]],[[83600,29794],[-35,-64],[-39,16],[39,-16],[35,64]],[[84090,29555],[0,0]],[[84159,29515],[0,0]],[[84137,29439],[0,2],[0,-2]],[[84036,29333],[16,8],[-16,-8]],[[84736,30242],[100,-44],[50,-32],[-213,29],[-73,55],[136,-8]],[[85079,26207],[-150,62]],[[84261,26317],[-6,5]],[[84255,26322],[26,170],[223,-3],[20,26],[-96,95],[-13,103],[128,75],[-33,125],[135,64],[48,75]],[[88721,28468],[33,-1],[-5,-42]],[[88749,28425],[-65,-209],[-209,-158],[16,-183],[-104,-66],[37,-92],[75,-41],[49,-152],[-47,-26],[51,-82],[-59,-73],[31,-25],[-64,-121],[220,-222],[-40,-34],[13,-95],[-71,-27],[173,-234],[-9,-52]],[[85156,26018],[39,57],[-116,132]],[[86010,26919],[52,-6],[12,-36],[-12,36],[-52,6]],[[85771,26911],[7,-2],[110,2],[-117,0]],[[85680,26911],[8,-95]],[[85688,26816],[-8,95]],[[85702,26796],[-176,-40],[-22,-17],[-76,-4],[274,61]],[[85688,26816],[14,-20]],[[85811,26487],[56,3],[8,-5],[-9,12],[-55,-10]],[[85811,26487],[0,0]],[[85745,26448],[0,0]],[[85765,26396],[0,0]],[[85724,26368],[0,0]],[[85657,26389],[0,0]],[[85509,26360],[-61,-19],[7,-1],[54,20]],[[85509,26360],[42,-10]],[[85551,26350],[0,0]],[[85307,26473],[7,-31],[45,-39],[-52,70]],[[85430,26691],[0,0]],[[85416,26635],[0,0]],[[86247,26733],[91,-43]],[[86338,26690],[-91,43]],[[86338,26690],[0,0]],[[86269,26479],[0,0]],[[85906,26466],[26,1],[-38,6],[12,-7]],[[86223,26773],[0,0]],[[84935,26135],[59,-46]],[[84943,26247],[226,-178],[-53,-17],[-189,110]],[[84898,26240],[45,7]],[[81476,31040],[-292,-51],[-71,-49],[-256,-25],[-69,21],[-205,-45],[-295,263],[-34,129],[130,18],[75,45],[31,139],[-200,105],[6,190],[-117,113],[-96,196],[-140,82],[-13,96],[-97,124],[-205,-29],[-103,175],[-7,91],[-96,126],[-55,15],[-49,194],[-128,-36],[-89,373],[-176,306],[-185,126],[71,27],[86,3],[21,-25],[129,24],[180,-50],[18,-81],[104,-21],[165,-162],[123,-9],[111,30],[181,-91],[94,18],[49,-58],[158,-54],[185,104],[11,56],[71,24],[-8,32],[52,6],[19,114],[129,18],[33,173],[168,25],[55,47],[121,-161],[128,-52],[57,-117],[132,-65],[53,-96],[145,-97],[-80,-258],[164,-63]],[[81665,32973],[0,0]],[[81665,32973],[116,-109],[-41,-34],[47,-38],[136,1],[75,-121],[110,-43],[30,-47],[-113,-153]],[[82152,32327],[-8,-46]],[[82205,31910],[-120,-56]],[[82281,31641],[-26,-4],[26,4]],[[82847,31673],[8,-45]],[[82721,31509],[74,-11],[17,-41]],[[82812,31457],[-9,-91]],[[82902,31351],[-84,-255],[-56,-9],[-87,75],[-67,-6],[-264,-156],[68,-75],[43,-162],[-42,-11],[53,-1],[258,-255]],[[82724,30496],[162,-115],[-125,-177],[4,-75],[80,-88],[-27,-35],[-239,-53],[-132,41],[-281,-40],[-26,146],[-251,-1],[-49,64],[-182,3],[-69,29],[32,395],[-92,435],[-53,15]],[[82633,30437],[91,59]],[[82724,30496],[-91,-59]],[[81898,31134],[-15,-17],[43,-3],[-28,20]],[[81898,31134],[-5,75]],[[81893,31209],[97,75],[62,-5],[-62,7],[-97,-77]],[[81544,32259],[-33,-33],[57,20],[-24,13]],[[81900,32024],[0,0]],[[81892,31931],[-128,-101],[-7,-41],[7,41],[128,101]],[[81892,31931],[0,0]],[[81499,31529],[0,0]],[[81587,31513],[0,0]],[[80993,31663],[-1,0],[23,-34],[-22,34]],[[81035,31731],[0,0]],[[81114,31757],[0,0]],[[81223,31776],[64,8],[-18,29],[8,-23],[-54,-14]],[[81223,31776],[-68,9],[68,-9]],[[80971,31405],[0,0]],[[80995,31450],[0,0]],[[80979,31561],[0,0]],[[81052,31586],[0,0]],[[81329,31648],[-65,-64]],[[81264,31584],[0,0]],[[81264,31584],[67,33],[-2,31]],[[81420,31644],[0,0]],[[81420,31644],[-47,-29],[47,29]],[[81348,31450],[-37,11]],[[81311,31461],[0,0]],[[81311,31461],[40,-13],[-24,134],[21,-132]],[[81151,31409],[55,12],[-55,-12]],[[81147,31408],[-20,-19],[-70,-12],[70,12],[20,19]],[[81273,32041],[0,0]],[[81515,32086],[-69,-22],[-94,-18],[123,19],[40,21]],[[81515,32086],[0,0]],[[81266,31984],[-3,-24],[3,24]],[[81564,32319],[0,0]],[[81358,32419],[25,-48],[-25,48]],[[81325,32451],[0,0]],[[81358,32419],[-33,32]],[[81256,32591],[31,32]],[[81287,32623],[-47,27],[47,-27]],[[81287,32623],[-31,-32]],[[81108,32674],[0,0]],[[81502,32899],[0,0]],[[81492,32866],[0,0]],[[81417,32862],[0,0]],[[81242,32844],[0,0]],[[81242,32844],[54,3],[-54,-3]],[[81163,32791],[-2,5],[2,-5]],[[81954,31123],[0,0]],[[81979,31064],[0,0]],[[81992,30984],[-17,28],[17,-28]],[[82021,30886],[-4,57],[-1,-52],[5,-5]],[[82089,30833],[0,0]],[[82089,30833],[-46,30],[15,-17],[31,-13]],[[82320,30753],[-41,12],[41,-12]],[[82597,30413],[0,0]],[[82560,30185],[0,0]],[[82236,31470],[0,0]],[[82248,31381],[15,-59],[-35,-10],[42,8],[-22,61]],[[82248,31381],[-12,89]],[[81733,31563],[0,0]],[[81745,31668],[0,0]],[[82580,30899],[-128,-25],[-64,122]],[[82812,31061],[131,49]],[[82963,27631],[-144,-8],[27,-210],[-62,-8],[-16,-77],[-77,-40],[-33,52],[-115,14],[-102,-25],[-50,-56],[-153,136],[-235,88]],[[82003,27497],[48,206],[-85,84],[-134,60],[-359,31],[-253,94],[-69,113],[24,120],[109,132],[468,241],[415,41],[489,127]],[[88751,21801],[-151,14],[-373,-117],[-225,116],[-16,90],[-139,43],[29,92],[70,24],[-64,37],[18,37],[113,42],[-42,47],[-186,-40],[-49,-46],[-2,-69],[-164,-46],[-66,49],[-31,-41],[-71,5],[-52,50],[-94,-20],[-65,-58],[-134,27],[-133,-115],[-41,1],[-14,-62]],[[86869,21861],[-61,-17]],[[86288,22031],[-31,25],[16,66],[-98,107],[11,52],[-69,-8],[-46,36],[-58,197],[-84,-12],[3,45],[-85,88],[-76,311],[43,17],[7,97],[-119,83],[8,72],[-51,12],[-67,101],[0,96],[-146,112]],[[88985,24456],[29,-24],[102,15],[161,-48],[15,-33],[-48,-76],[-154,-101],[28,-34],[-26,-43],[-132,-88],[159,-45],[188,-236],[79,43],[94,-53],[129,-13],[56,-90],[154,-16],[-40,-108],[21,-45],[265,-4],[63,-48],[-63,-44],[-206,-34],[-29,-84],[25,-68],[-38,-45],[63,-3],[110,-74],[4,-36]],[[89994,23021],[-6,-48],[72,-26],[23,-53],[-213,-87],[-126,-97],[-67,4],[-73,-105],[14,-43],[53,-8],[-4,-39],[-184,-21],[-74,-90],[-149,-13],[-20,-33],[-35,2],[-1,64],[-38,18],[-160,2],[-109,-39],[-6,-67],[72,-27],[-7,-116],[71,5],[-25,-104],[31,-62],[121,-103],[92,-23],[-43,-64],[-131,-30],[-73,39]],[[88999,21857],[-248,-56]],[[76508,34689],[-59,-31],[-29,29],[-104,-15],[-8,-30],[-554,-195],[-484,262],[-1174,431]],[[73712,35579],[0,44]],[[73695,35768],[28,126],[-42,369],[-108,113]],[[74029,37392],[111,124],[-24,197]],[[74187,37889],[91,43],[76,92],[15,77],[-71,207],[-53,-14],[50,-121],[-1,-164],[-127,-89]],[[76415,39326],[262,167],[39,-1],[31,-61],[112,49],[76,-68],[90,-1],[-8,-98],[126,-54],[41,-79],[-57,-2],[-109,61],[-108,-96],[45,-19],[106,44],[42,-18],[-30,-85],[106,33],[63,-36],[-69,-52],[160,-93],[-87,-185],[80,-107],[57,2],[-17,-160],[90,-130],[77,-36],[33,-99],[-53,-68],[67,-131],[-59,-264],[-171,-276],[60,-259],[-100,-121],[4,-132],[26,-136],[254,-431],[-106,-57],[-127,9],[-64,-84],[-8,-88],[161,-186],[85,-284],[137,-132],[31,-128],[186,-222],[167,-337],[-172,-24],[-114,-98],[-183,-40],[1,-87],[-77,25],[-21,-26],[-217,-32],[-60,5],[-20,47],[-178,11],[-46,-68],[71,-46],[52,-97],[103,27],[68,-85],[-339,-30],[-36,-51],[-157,249],[-72,-10],[-12,29],[-91,19],[-48,96]],[[75208,38152],[0,0]],[[75208,38152],[17,62],[-1,-1],[-16,-61]],[[75265,38234],[0,0]],[[75467,38188],[17,3],[-7,2],[-10,-5]],[[75311,38181],[116,2],[13,2],[-129,-4]],[[75397,38137],[47,0],[-8,1],[-39,-1]],[[75373,38097],[84,4],[-54,-1],[-6,37]],[[75397,38137],[-24,-40]],[[75401,37970],[0,0]],[[75576,38086],[78,15],[-115,-19],[37,4]],[[75357,35930],[79,-120],[101,-132],[-170,250],[-10,2]],[[75605,35568],[15,1],[-15,4],[0,-5]],[[75604,35504],[10,24],[-9,11],[-1,-35]],[[75394,35461],[36,-9],[34,13],[-70,-4]],[[75122,35591],[21,45],[-52,-72]],[[75091,35564],[-112,-53],[2,-1],[110,54]],[[75091,35564],[31,27]],[[75232,35875],[-28,-80],[-37,-57],[37,57],[28,80]],[[75322,35916],[14,16],[-17,3],[3,-19]],[[75372,35488],[0,0]],[[75251,35527],[-69,-33],[-100,32],[100,-32],[69,33]],[[75169,37927],[1,1],[-4,4],[3,-5]],[[75138,37979],[-34,74],[24,-57],[10,-17]],[[75222,38090],[-20,-14],[43,10],[-23,4]],[[75222,38090],[0,0]],[[75378,37927],[0,2],[-94,21],[94,-23]],[[75659,35717],[0,0]],[[75748,35804],[0,0]],[[75870,35868],[63,-57],[7,3],[-70,54]],[[75922,35669],[6,30],[-6,-30]],[[75826,35660],[0,0]],[[75833,35642],[0,0]],[[75821,35619],[0,0]],[[75692,35558],[0,0]],[[75528,38109],[0,0]],[[75611,38147],[0,0]],[[75536,38174],[9,-33],[38,37],[-47,-4]],[[73599,36121],[48,-76],[-1,-126]],[[74068,37502],[-44,-33]],[[74065,37669],[3,-167]],[[84578,27399],[-356,-13],[-63,152],[-203,-29],[-117,44],[-39,-55],[-133,-1],[-21,-71],[-179,61],[-30,-56],[-203,0],[-50,60],[61,23],[-19,53],[-263,64]],[[82963,27631],[-10,160],[-235,46],[-31,143],[63,8]],[[82750,27988],[93,207],[-115,176],[-36,149],[32,23],[-68,203]],[[82656,28746],[297,212]],[[82953,28958],[68,-19],[23,-43],[149,-34],[120,86],[526,4],[214,70],[268,-18],[291,150],[15,-52],[144,0],[62,-34],[224,3],[99,31],[442,-15],[529,181],[64,-183],[99,-81],[-10,-38],[178,-87],[328,-56],[440,122]],[[87587,28393],[3,-105],[-125,-80],[9,-92],[211,-324],[61,-47],[107,5],[78,-219],[-451,1],[-233,-119],[-85,22],[-58,-19],[-29,32],[-69,-32],[-72,-140],[-234,-16],[-176,-66],[-47,162],[-78,90],[-129,-79],[-109,45],[-90,-5],[-8,55],[84,10],[-45,65],[-129,6],[-45,35],[-48,-28],[-206,-4],[174,-161],[-141,9],[-4,-138],[-63,-79],[-197,-39],[38,-110],[-93,4],[-108,-80],[-57,11],[-14,44],[-121,15],[-93,-40],[-179,66],[-123,4]],[[84693,27052],[69,208],[-46,34],[-99,6],[26,97],[-65,2]],[[84978,28352],[24,32],[-18,-1],[-6,-31]],[[84907,28311],[-10,-56],[12,-2],[-2,58]],[[84907,28311],[0,0]],[[84707,28146],[-31,25],[31,-25]],[[84707,28146],[-84,-32],[62,16],[22,16]],[[84654,28272],[0,0]],[[85463,28089],[0,0]],[[85311,28022],[-60,-4],[-41,-8],[101,12]],[[84665,28092],[0,0]],[[84880,28022],[0,0]],[[84979,27970],[0,0]],[[85121,27989],[25,8],[-35,-7],[10,-1]],[[85331,28204],[4,-27],[0,26],[-4,1]],[[85273,28265],[7,-48],[-9,66],[2,-18]],[[85198,28444],[-28,-5],[28,5]],[[85198,28444],[0,0]],[[85270,28302],[19,44],[-21,-18],[2,-26]],[[82817,28960],[23,32],[51,-14]],[[82891,28978],[-189,-118],[26,105]],[[82728,28965],[89,-5]],[[86825,29453],[18,-49],[-80,-38],[-294,16],[-201,201],[-15,223],[-63,55],[2,67],[-132,13],[-6,91],[-109,9],[-19,34],[81,86],[-63,88],[28,122],[-97,-5],[-353,-192],[-357,-6]],[[85165,30168],[2,22],[-439,109]],[[85854,32451],[-61,50]],[[86196,33525],[-17,44]],[[87693,32664],[-55,-31],[53,-18]],[[87976,32193],[101,-201]],[[88077,31992],[73,-116],[-65,-54]],[[88363,31345],[-71,-80],[40,-31]],[[88373,31173],[-6,-97]],[[87638,30074],[97,-125]],[[88664,29187],[-21,-126]],[[88643,29061],[7,-84],[98,-21],[82,-145],[-48,-31],[-22,-164],[-99,-60],[60,-88]],[[88721,28468],[-82,-12],[-194,65],[-170,-25],[-275,-101],[-15,-83],[-119,27],[-147,-12],[-132,66]],[[87587,28393],[-36,89],[-150,65],[17,87],[-40,127],[-67,33],[-85,151]],[[87226,28945],[-10,138],[-136,124],[-15,94],[-138,95],[-5,53],[-90,29],[-7,-25]],[[86704,31034],[17,-79],[-15,92],[-56,-2]],[[86650,31045],[0,0]],[[86650,31045],[54,-11]],[[86802,30834],[11,25]],[[86813,30859],[-47,17],[36,-42]],[[86813,30859],[0,0]],[[86932,31358],[41,19],[-13,0],[-28,-19]],[[87010,31178],[19,-44],[-37,99],[18,-55]],[[86511,30940],[-21,11],[21,-11]],[[86552,30959],[0,0]],[[86631,31012],[0,0]],[[86064,31136],[60,0],[-60,0]],[[86064,31136],[0,0]],[[86225,30905],[-40,48],[15,-21],[25,-27]],[[86374,30920],[-26,11],[26,-11]],[[86130,31258],[0,0]],[[86406,31382],[27,3],[11,3],[-38,-6]],[[86461,31391],[46,-17]],[[86507,31374],[-46,17]],[[86507,31374],[0,0]],[[86545,31316],[0,0]],[[86567,31326],[99,-8],[-99,8]],[[86545,31316],[22,10]],[[86684,31348],[0,0]],[[86787,31291],[0,0]],[[86858,31284],[0,0]],[[86808,31319],[0,0]],[[86932,31358],[0,0]],[[87148,31013],[0,0]],[[87068,30988],[-66,-27]],[[87002,30961],[66,27]],[[87002,30961],[-57,-48],[57,48]],[[83097,30319],[62,58],[-51,83],[-267,3],[-313,279],[-62,124],[114,33]],[[82580,30899],[70,-27],[1,-122],[40,-27]],[[82691,30723],[60,23],[29,145],[76,88],[-221,41],[-247,-24]],[[82388,30996],[232,139],[43,2],[80,-75],[69,-1]],[[82812,31061],[98,-24]],[[82910,31037],[53,23],[-20,50]],[[82943,31110],[-66,-24],[44,137],[-37,11],[18,117]],[[82902,31351],[-99,15]],[[82803,31366],[9,91]],[[82812,31457],[-3,33],[-88,19]],[[82721,31509],[-25,66],[29,46],[130,7]],[[82855,31628],[46,95],[-54,-50]],[[82847,31673],[-293,-64],[-57,45],[-170,-36],[-46,23]],[[82281,31641],[-21,92],[-53,1],[-54,93],[-68,27]],[[82085,31854],[162,61],[-42,-5]],[[82205,31910],[-147,90],[6,48],[96,21],[16,46],[-65,103],[-60,30],[93,33]],[[82144,32281],[8,46]],[[82152,32327],[-31,58],[-96,44]],[[82025,32429],[110,166],[192,78],[78,106],[122,83],[39,-14],[-41,-276],[139,-23],[75,40],[59,390],[50,41],[27,115],[96,47],[64,-29],[40,25],[3,90],[102,50],[-19,88],[43,29],[30,-66],[120,37],[5,29],[-87,61],[24,25],[107,87],[84,-20],[58,78],[72,1],[-28,74],[-56,-15],[-28,33],[106,16],[-76,58],[120,19],[6,91],[-56,60],[-97,-20],[65,87],[-76,0],[31,116],[171,57],[-40,97],[55,35],[128,-13],[9,-153],[219,-2]],[[85238,31428],[-16,-33],[-164,-7],[-3,-98],[-55,-39],[71,-229],[-104,-37],[14,-42],[71,-28],[-37,-60],[68,-11],[58,-61],[-7,-60],[69,-22],[2,-69],[-131,-27],[-69,64],[-68,-23],[52,-39],[-16,-45],[-43,-3],[-1,42],[-45,9],[-151,-34],[-5,-277]],[[84728,30299],[-373,69],[-600,-38],[-288,-86],[1,-30],[-288,-168],[-53,112],[-143,86],[113,75]],[[83386,32246],[0,0]],[[83361,32159],[48,12],[205,1],[-244,18],[-9,-31]],[[83362,31898],[5,-38],[-5,38]],[[83445,31895],[0,0]],[[83546,31903],[5,57],[-5,-57]],[[83613,32024],[0,0]],[[82916,31838],[38,43]],[[82954,31881],[-38,-43]],[[82916,31838],[0,0]],[[82954,31881],[0,0]],[[83040,31978],[-9,-11],[71,2],[-62,9]],[[83186,31896],[0,0]],[[83266,31887],[-14,-2],[14,2]],[[82950,31749],[0,0]],[[82353,31898],[0,0]],[[82401,31946],[-48,-48]],[[82401,31946],[0,0]],[[82494,31968],[205,44]],[[82699,32012],[-205,-44]],[[82699,32012],[0,0]],[[82895,32076],[48,26]],[[82943,32102],[-48,-26]],[[82943,32102],[0,0]],[[83014,32149],[0,0]],[[83031,32168],[-17,-19]],[[83040,32176],[162,24]],[[83202,32200],[-162,-24]],[[83031,32168],[9,8]],[[83202,32200],[0,0]],[[83289,32349],[0,0]],[[83303,32327],[0,0]],[[82983,30373],[-19,51],[89,-2],[-4,-62],[-65,-49],[-1,62]],[[73708,30857],[-272,302],[-314,825],[126,328],[72,916],[52,87],[197,94],[249,-36],[288,-169],[712,-612],[506,-303],[368,-371],[280,-526],[153,-378],[77,-417],[-16,-492],[-75,-38],[-317,-33],[-533,-163],[-346,-44],[-508,146],[-268,294],[-77,176]],[[74062,30443],[83,-7],[-83,7]],[[74062,30443],[-144,100],[-83,200],[-127,114]],[[73440,31925],[-197,18]],[[73243,31943],[-80,37],[80,-37]],[[73243,31943],[197,-18]],[[73440,31925],[53,-17]],[[73493,31908],[41,5],[-41,-5]],[[73541,31850],[60,-9],[-60,9]],[[73660,31804],[61,10],[-63,-9],[2,-1]],[[73743,31507],[0,0]],[[73742,31338],[0,0]],[[73908,31274],[0,0]],[[73989,31506],[90,-1],[16,-13],[-1,15],[-105,-1]],[[73989,31506],[-19,8]],[[73970,31514],[-79,-6],[79,6]],[[74262,31596],[-27,19]],[[74235,31615],[-19,67],[19,-67]],[[74235,31615],[-18,-26],[45,7]],[[74346,31609],[0,0]],[[74278,31442],[81,4],[-81,-4]],[[74390,31340],[0,0]],[[74530,31324],[203,35],[-203,-35]],[[74530,31324],[-31,14],[31,-14]],[[74909,31329],[-10,29],[10,-29]],[[75015,30735],[-16,135]],[[74999,30870],[0,0]],[[74999,30870],[16,-135]],[[75015,30735],[0,0]],[[75004,30655],[0,0]],[[74999,30615],[5,40]],[[74999,30615],[0,0]],[[75046,30434],[7,86],[-7,-86]],[[74615,30430],[52,4],[204,3],[-204,-3],[-52,-4]],[[74615,30430],[-100,-12],[-71,-21],[-55,6],[226,27]],[[74268,30432],[0,0]],[[74061,31302],[-61,-23],[61,23]],[[74061,31302],[0,0]],[[74104,31302],[13,29],[-13,-29]],[[74976,31061],[0,0]],[[74985,30902],[0,0]],[[74192,31503],[0,0]],[[74290,31858],[-24,-96],[12,33],[12,63]],[[74290,31858],[0,0]],[[73723,31848],[0,0]],[[73969,31860],[-24,-3],[-24,25],[24,-25],[24,3]],[[74007,31865],[0,0]],[[74017,31849],[0,0]],[[74166,31880],[0,0]],[[71107,33271],[235,48],[146,-91],[225,-46],[148,-75],[36,-46],[-15,-52],[-146,-74],[26,-15],[107,53],[64,-16],[16,-156],[50,-60],[-16,-168],[-48,-57],[-107,-43]],[[71539,33317],[6,54],[87,21],[189,-66],[85,-107],[-225,35],[-142,63]],[[72819,34836],[-75,-2],[41,-32],[-43,-131],[12,-165],[-42,-87],[-167,-161],[-13,-180],[-98,-61],[-527,-136],[-531,-56],[-131,34],[8,-51],[-53,-18],[-154,8],[-596,383]],[[72400,35122],[-93,-67],[-101,-162],[-167,-134],[-5,-113],[44,125],[234,200],[15,71],[117,67]],[[72639,35050],[173,-86],[39,-51],[-32,-77]],[[86964,23879],[109,-90],[-12,-65],[33,-32],[-48,-47],[86,-39],[31,-54],[-56,-18],[-158,-13],[-156,195],[-43,-6],[-26,43],[-91,24],[-50,118],[-89,32],[-162,-98],[-88,25],[-197,-62],[16,-166],[-134,3],[-95,-84],[-388,-17]],[[85446,23528],[15,66],[-22,47],[-69,5],[-8,130],[-67,79],[-130,21],[-28,141],[37,89],[-76,0],[15,63],[-50,129],[-34,39],[-122,9],[37,62],[73,-8],[49,115],[86,62],[-249,-25],[-58,-68],[-121,27],[-204,-15],[-58,453],[96,123],[58,-18],[6,24],[104,-10],[87,34],[15,93],[77,-79],[134,16],[0,-72],[125,-130],[183,-37],[-33,97],[45,53],[-137,73],[51,1],[-1,53],[-87,37],[-43,99]],[[85142,25306],[-23,60]],[[85119,25366],[-116,-3],[-109,-67],[38,110],[-68,132],[-111,37],[-26,86],[-145,-21],[-13,-25],[-120,25],[-28,108],[72,28],[-55,14],[4,59],[-118,65],[22,89],[105,-8],[-3,23],[-206,-4],[-135,41],[75,9],[80,135],[-33,47]],[[84229,26246],[8,31]],[[84237,26277],[261,-169],[117,-1],[283,133]],[[84898,26240],[29,-78]],[[84927,26162],[-73,-5],[-70,-71],[60,-194],[175,-112],[383,-111],[18,24],[-61,33],[-319,78],[-160,105],[-57,90],[0,84],[31,41],[81,11]],[[84935,26135],[59,-46]],[[84994,26089],[83,-69],[79,-2]],[[85156,26018],[-39,-85],[124,-19],[105,-62],[43,-106],[99,21],[181,-72],[111,11],[188,56],[40,43],[-34,123],[76,72],[10,158],[146,-37],[78,34],[221,-200],[-40,-246],[139,-29],[47,111],[107,101],[287,114],[144,15],[452,-42],[160,-161],[129,-303],[57,-45],[131,-14],[31,29],[-186,416],[23,224],[126,139],[98,-18],[178,-102],[62,9],[-59,236],[-159,141],[-3,107],[68,75],[149,33],[88,-36],[64,-120],[148,-56]],[[88746,26533],[137,-38],[42,-92],[77,-53],[-58,-58],[36,-64],[-144,-106],[-4,-57],[103,-57],[30,-58],[-40,-103],[37,-24],[-16,-58],[173,-13],[16,-95],[-44,-61],[-88,-19],[-32,-78],[-70,-13],[-1,-36],[66,-46],[-8,-45],[66,-5],[94,-72],[51,-57],[-8,-63],[-37,-10],[-3,-57],[-284,-110],[-49,-88],[-70,-17],[-83,51],[-139,-73],[56,-71],[412,-51],[-6,-84],[-123,-58],[-66,-107],[206,24],[10,-55]],[[88985,24456],[-134,-84],[-76,37],[-195,-9],[-131,154],[-126,-9],[-85,-55],[-182,29],[-29,62],[-113,6],[-83,65],[-34,-30],[82,-54],[-183,-91],[69,-92],[-173,-60],[10,-89],[-72,-40],[-43,-136],[-89,-24],[-46,40],[-19,-49],[-71,-13],[-168,-117],[-77,12],[4,49],[-55,-13]],[[86966,23945],[-2,-66]],[[86966,23945],[0,0]],[[86495,24057],[0,0]],[[86550,24043],[0,0]],[[86694,23939],[0,0]],[[86823,23936],[0,0]],[[86525,24927],[82,-17]],[[86607,24910],[0,0]],[[86607,24910],[-82,17]],[[86446,24906],[0,0]],[[86341,24872],[0,0]],[[86431,24798],[0,0]],[[86393,24711],[-18,-18]],[[86375,24693],[18,18]],[[86534,24308],[41,61]],[[86575,24369],[36,-3],[-26,4],[-10,-1]],[[86575,24369],[-41,-61]],[[86284,24117],[5,-3],[-2,3],[-3,0]],[[86300,24038],[2,54],[-5,8],[3,-62]],[[86300,24038],[0,0]],[[85635,24657],[-21,59],[-66,11]],[[85548,24727],[9,48],[-9,-48]],[[85635,24657],[0,0]],[[85717,24670],[0,0]],[[85750,24717],[1,-3],[-1,3]],[[85871,24853],[0,0]],[[85871,24853],[-75,-7],[75,7]],[[86063,24916],[0,0]],[[86017,24936],[0,0]],[[86011,24941],[6,-5]],[[86011,24941],[0,0]],[[85952,25034],[0,0]],[[85895,25091],[0,0]],[[85928,25106],[0,0]],[[85955,25162],[-43,-14],[43,14]],[[85877,25222],[64,-32],[-8,17],[-56,15]],[[86254,24590],[-23,121],[-38,3],[41,-29],[20,-95]],[[86254,24590],[0,0]],[[86278,24480],[0,0]],[[86193,24295],[0,0]],[[86180,24196],[48,48],[-13,38],[6,-35],[-41,-51]],[[86180,24196],[0,0]],[[86375,24693],[-44,10],[-50,4],[94,-14]],[[85448,25491],[60,13],[-25,9],[-35,-22]],[[86734,24851],[-78,-11],[1,0],[77,11]],[[86734,24851],[0,0]],[[86847,24673],[97,-29],[-97,29]],[[86847,24673],[-31,62],[31,-62]],[[87045,24617],[-8,-1],[0,-71],[8,72]],[[86634,24363],[28,-10],[-10,7],[-18,3]],[[86776,24284],[-2,-1],[2,1]],[[86872,24272],[0,0]],[[86966,24364],[7,67],[-6,-1],[-1,-66]],[[86966,24364],[24,-43]],[[86990,24321],[-4,-31],[4,31]],[[87099,24468],[-26,-27],[29,20],[-3,7]],[[86853,24041],[0,0]],[[86684,24088],[17,-24],[-17,24]],[[86605,24148],[29,-27],[-29,27]],[[86599,24193],[0,0]],[[86599,24193],[-16,54]],[[86583,24247],[-51,27],[-1,-7],[52,-20]],[[87090,24492],[-7,-3],[11,-8],[-4,11]],[[87050,24477],[0,0]],[[86976,24533],[0,0]],[[84546,26142],[-48,-1],[-237,176]],[[84261,26317],[287,46],[93,-34],[169,18],[119,-78]],[[84929,26269],[-383,-127]],[[64653,43651],[-12,58],[-76,31],[-14,116],[48,8],[-28,87],[-213,29]],[[64358,43980],[-9,109],[-39,13],[17,137],[-53,5],[-40,93],[-93,-36],[-216,410],[-178,-37],[-36,-63],[-83,30],[22,151],[-147,58],[12,233],[-55,89],[-131,58],[-79,-1],[-82,141],[-58,18],[47,104],[-57,140]],[[64352,46080],[0,0]],[[64414,46026],[-19,0],[19,0]],[[64429,45973],[0,0]],[[64544,45922],[-112,0],[106,-2],[6,2]],[[64407,46240],[0,0]],[[64598,46323],[-28,-14],[28,14]],[[64620,46241],[0,0]],[[64224,46160],[0,0]],[[64583,46122],[1,-88],[3,-28],[-4,116]],[[64583,46122],[0,0]],[[65272,45988],[0,0]],[[65319,46016],[0,0]],[[65272,45988],[47,28]],[[65393,46054],[0,0]],[[65398,46069],[-5,-15]],[[65393,46054],[5,15]],[[65379,46107],[-26,40]],[[65353,46147],[0,0]],[[65353,46147],[26,-40]],[[65115,46128],[1,-1],[43,2],[-44,-1]],[[65433,52108],[31,-48],[48,49],[71,-1],[-102,-111],[76,-54],[12,50],[57,0],[77,65],[31,-18],[-110,-126],[75,-48],[65,24],[5,44],[46,-32],[25,37],[47,-4],[-61,-92],[-67,-15],[34,-46],[48,26],[55,-66],[130,-12],[99,49],[-6,-43],[214,-15],[44,25],[22,-23],[-50,-58],[-116,-16],[-38,-72],[98,56],[64,-58],[-79,-36],[50,-53],[56,67],[48,-211],[88,19],[-25,43],[121,-45],[-61,-28],[47,-33],[-17,-100],[45,50],[49,-124],[67,51],[40,-31],[-78,-84],[54,-138],[43,24],[52,-17],[26,-60],[60,29],[138,-28],[-3,43],[159,47],[160,-29]],[[67397,50931],[94,-237],[-49,-209],[39,-167],[-47,-40],[-16,-107],[57,-150]],[[65347,49076],[111,4],[120,106],[68,7],[31,-78],[-31,-49],[87,43],[58,-36],[58,50],[4,135]],[[65853,49258],[145,111],[10,64],[194,-6],[252,80],[81,142],[-32,84],[39,26],[14,96],[82,56],[100,36],[153,-2],[26,81],[482,19],[76,-24]],[[67475,50021],[43,-21],[-42,-58],[89,-127],[9,-127],[55,-22],[198,25],[-28,-131],[248,-127],[26,-96],[147,-149],[-12,-260],[88,1],[69,50],[68,-74],[95,10],[73,68],[-3,-85],[-95,-31],[-171,-344],[15,-48]],[[63435,46098],[37,14],[-7,-81],[107,-318],[-93,44],[-303,-15],[-87,-45],[11,-65]],[[63100,45632],[-68,0],[-76,-95],[-63,-1],[-40,59],[-221,13],[-14,138],[-59,46],[-21,78],[78,23],[2,37],[-41,24],[-27,151],[-240,174],[-164,5],[-1,83],[-53,43],[-159,-14],[-72,29],[38,89],[-14,110],[-156,-4],[-188,491],[-8,118],[-88,65],[-26,85],[-267,-23],[-151,109],[-137,0],[16,113],[-78,75]],[[63680,48081],[108,-27]],[[63851,48060],[104,-57]],[[64006,47962],[145,6]],[[64243,48028],[21,-58],[54,-14]],[[64706,47849],[34,-176],[405,-22],[176,-134]],[[65363,47434],[1,-49],[-433,-16],[43,-45],[-45,-17],[24,-34],[135,-94],[-6,-54],[-66,-28],[-97,43],[9,74],[-42,8],[-243,-13],[-19,-81],[-102,-25],[-59,-74],[-96,43],[-3,30],[-115,17]],[[64249,47119],[0,0]],[[64249,47119],[-130,-25],[7,-189],[74,-230],[-478,-88],[-85,98],[-305,-46],[0,-126],[92,-40],[7,-55],[-168,-9],[0,-28],[62,-12],[-54,-128],[34,-44],[-23,-60],[45,-1],[12,30],[82,-12],[14,-56]],[[63681,48047],[0,0]],[[63829,47594],[-4,-33],[3,-6],[1,39]],[[63941,47416],[-58,27]],[[63883,47443],[0,0]],[[63941,47301],[21,-56],[40,-55],[-36,53],[-25,58]],[[63941,47301],[0,115]],[[63941,47416],[0,-115]],[[64532,47632],[-80,33]],[[64452,47665],[80,-33]],[[64532,47632],[0,0]],[[64428,47721],[24,-56]],[[64452,47665],[-39,117],[15,-61]],[[64308,47447],[0,0]],[[64424,47464],[-36,0],[-22,-17],[22,17],[36,0]],[[64705,47473],[0,0]],[[64794,47491],[0,0]],[[64596,47584],[92,13],[25,-57],[-25,57],[-92,-13]],[[64290,47300],[15,-13],[-15,13]],[[64302,47160],[19,34],[-19,-34]],[[64302,47160],[0,0]],[[63870,47788],[0,0]],[[64117,47857],[-61,8],[61,-8]],[[64230,47843],[0,0]],[[64275,47886],[0,0]],[[64410,47793],[1,-5],[5,31],[-6,-26]],[[63935,47872],[-114,-2],[114,2]],[[63935,47872],[0,0]],[[64090,47941],[40,-3],[-40,3]],[[70297,45699],[-14,-19],[205,4],[272,134],[131,4],[-38,-111],[-129,6],[-25,-33],[-2,-149],[-123,10],[-177,-40],[-134,-352],[135,-78],[291,-8],[105,-181],[3,-90],[-174,42],[-145,-124],[45,-111],[307,-80],[-151,-83],[31,-75],[140,-304],[191,-16],[-21,-88],[-148,-34],[6,-85],[101,-40],[23,-1122],[-28,-159],[197,-117],[92,-349],[106,-64],[-11,-153],[115,-1],[9,-289],[477,-515]],[[70264,43678],[0,0]],[[70581,43591],[27,30],[-57,3],[30,-33]],[[70668,43575],[0,0]],[[70662,43527],[-63,-36]],[[70599,43491],[-75,-22],[75,22]],[[70599,43491],[70,38],[-1,46]],[[70668,43575],[-6,-48]],[[70411,43357],[0,0]],[[70302,43440],[-45,2],[69,-39],[-24,37]],[[70235,43586],[0,0]],[[70210,43518],[-29,17],[29,-17]],[[70207,43493],[0,0]],[[70476,43718],[67,20],[62,6],[-62,-6],[-67,-20]],[[70476,43718],[-73,5],[-29,-24],[29,24],[73,-5]],[[70666,43677],[0,0]],[[70632,43627],[24,7],[-24,-7]],[[66881,45702],[-205,261],[-79,233],[-2,269],[-114,107],[-39,107]],[[67875,47306],[360,4]],[[69484,47300],[64,-139],[282,-193],[-133,-99],[262,-151],[83,-615],[171,-21],[111,27],[12,-100],[-187,-6],[31,-133],[165,-26],[-48,-145]],[[70297,45699],[-34,-62],[-359,-3],[-70,60],[-227,-12],[-145,116],[-34,-45],[-62,12],[-73,82],[-562,47],[-109,-41],[-118,65],[-33,-19],[32,-89],[111,-15],[-49,-104],[-124,-34],[-71,11],[-41,68],[-133,9]],[[58126,46937],[-275,117],[13,250],[-229,256],[-80,201],[-220,302]],[[58851,49006],[24,-61]],[[58875,48945],[-29,-21],[29,21]],[[58875,48945],[-6,27]],[[61519,48254],[-28,-52],[-83,80],[-132,4],[-78,-45],[-1,-56],[-92,0],[-8,-65],[-209,-11],[25,-223],[-61,-60],[3,-161],[-53,-12]],[[60802,47653],[-43,36],[-293,-34],[-5,-115],[-323,-10],[-4,-253],[-160,-73],[-128,74],[-84,-15],[-30,-111],[-86,-107]],[[59646,47045],[-162,-4],[-28,24],[123,45],[-190,9],[-30,18],[41,38],[-126,-1],[2,59],[-60,-22],[-43,58],[-46,-6],[-21,-190],[-108,-134],[-67,8],[30,-88],[-116,-46],[-21,-81],[-66,-20],[-44,28]],[[58714,46740],[-68,118],[-302,63],[8,-92],[86,-86],[-16,-27],[-56,6],[-72,55],[-42,110],[-126,50]],[[58411,48883],[8,-7],[9,21],[-17,-14]],[[58457,48834],[10,-1],[-27,19],[17,-18]],[[57675,48663],[0,0]],[[57840,48620],[0,0]],[[57840,48620],[-30,25],[30,-25]],[[57920,48641],[0,0]],[[57888,48741],[-29,15],[-15,-27],[32,12],[14,-56],[-2,56]],[[58828,48848],[0,0]],[[63851,48060],[-63,-6]],[[63788,48054],[-108,27]],[[63680,48081],[-74,16],[-134,-58],[-123,21],[-15,60],[-312,59],[-6,50],[57,29],[-16,48],[-80,-16],[-69,-99],[-74,12],[-85,71],[-39,-8],[-30,-76],[-62,30],[-12,81],[-245,-19],[-94,29],[-60,-73],[-491,3]],[[65097,51578],[139,-76],[5,-158],[66,-116],[-46,-108],[135,-20],[105,-80],[-41,-47],[22,-60],[-413,53],[-180,-131],[61,-98],[74,-27],[263,97],[26,-36],[-115,-305],[128,-22],[32,-224],[-31,-263],[-61,-22],[-12,-149],[14,-52],[169,7],[47,83],[-17,100],[55,10],[26,-214],[39,-10],[13,-85],[-225,-63],[8,-122],[-74,-163],[64,-130],[-26,-71]],[[65347,49076],[-82,27],[-12,46],[-70,-2],[-13,-156],[-86,-60],[81,-82],[-43,-283],[-151,54],[9,-96],[-57,-146],[44,-35],[-64,-156],[82,-45],[3,-66],[-203,-10],[-35,-172],[28,-53],[-72,8]],[[64706,47849],[-100,5],[-288,102]],[[64318,47956],[-75,72]],[[64243,48028],[-94,-2],[2,-58]],[[64151,47968],[-145,-6]],[[64006,47962],[-51,41]],[[63955,48003],[-104,57]],[[63717,50025],[-73,-23],[134,-61],[-78,39],[17,45]],[[63765,49850],[0,0]],[[63807,49750],[0,0]],[[63912,49535],[29,-34],[-62,92],[33,-58]],[[64104,49365],[16,1],[-17,3],[1,-4]],[[63184,49968],[-13,88],[0,-41],[13,-47]],[[63184,49968],[0,0]],[[63196,49802],[-28,1],[28,-1]],[[63389,49858],[0,0]],[[63192,50113],[1,-40],[-1,40]],[[63231,50140],[201,11],[-138,-5],[-63,-6]],[[63472,50104],[-5,39]],[[63467,50143],[0,0]],[[63467,50143],[-11,-42]],[[63456,50101],[16,3]],[[63452,50044],[8,-40],[-8,40]],[[63456,50101],[-4,-57]],[[63486,49975],[0,0]],[[64183,49847],[4,-49],[26,13],[-72,94]],[[64141,49905],[0,0]],[[64141,49905],[42,-58]],[[64367,49815],[-61,-20],[61,20]],[[64477,49778],[0,0]],[[64477,49778],[15,36],[-15,-36]],[[64174,49376],[26,-6],[-54,43],[28,-37]],[[64372,49713],[-65,-6],[0,-1],[65,7]],[[64288,49607],[0,0]],[[64221,49552],[0,0]],[[64072,49847],[-101,22],[-65,37],[65,-37],[101,-22]],[[64072,49847],[0,0]],[[63827,50006],[48,-36],[-48,36]],[[58516,51331],[205,33]],[[58721,51364],[202,78]],[[58923,51442],[81,-11],[65,-172]],[[59069,51259],[85,-69],[192,-21],[8,-37],[1,58]],[[59355,51190],[107,56],[33,76]],[[59495,51322],[0,0]],[[59495,51322],[-67,150],[-165,84],[-30,113],[129,234],[-29,75],[27,42],[146,37]],[[59506,52057],[104,89],[-30,15]],[[59580,52161],[159,205],[41,-2],[27,-339],[90,3],[58,-36],[59,73],[87,-48],[281,-7],[125,-155],[398,10],[111,-58],[148,18],[81,-75],[287,115]],[[59652,51171],[92,44],[75,58],[-81,-61],[-86,-41]],[[59652,51171],[0,0]],[[59506,51246],[0,0]],[[59508,51200],[0,0]],[[58699,50952],[43,22],[-43,-22]],[[58699,50952],[-9,38],[9,-38]],[[58882,51046],[0,0]],[[59021,51110],[-2,-1],[6,1],[-4,0]],[[59094,51040],[20,-4],[-38,81],[23,-51],[-5,-26]],[[59328,51051],[0,0]],[[59214,51028],[-73,2],[195,3]],[[59336,51033],[0,0]],[[59336,51033],[-122,-5]],[[59844,51309],[0,0]],[[59715,51363],[15,-38],[5,-1],[-20,39]],[[66084,47630],[92,6],[45,-46],[55,30],[84,-15],[75,-105],[45,36],[-10,78],[-100,288],[107,9],[63,-27],[37,20],[19,99],[57,-37],[102,28],[36,-25],[-52,-117],[116,25],[130,-22],[128,75],[64,-29],[75,16],[50,41],[-15,56],[49,20],[12,268],[127,51],[-2,194],[145,5],[98,-34],[104,12],[-13,46],[197,-1],[48,-56],[117,17],[9,-26],[169,-35]],[[68347,48475],[148,-129],[333,38],[-113,-250],[128,-37],[249,79],[-31,-91],[57,-37],[-4,-80],[271,1],[62,-140],[-18,-315],[48,-28],[-42,-125],[49,-61]],[[69484,47300],[-56,-5],[60,-176],[-36,-24],[-109,11],[10,-53],[-71,34],[-127,-123],[-78,37],[-35,-37],[-73,6],[-82,-160],[-115,45],[23,114],[-31,32],[-99,-10],[-61,79],[1,214],[-103,-59],[-45,15],[-6,68],[-216,2]],[[68235,47310],[0,0]],[[68235,47310],[-360,-4]],[[67875,47306],[0,0]],[[67875,47306],[-192,-7],[-104,-57],[-144,-12],[-4,52],[-382,-3],[15,-41],[-185,-28],[47,-93],[-377,-3],[27,-191],[-69,-103],[-71,-24],[6,-117]],[[66442,46679],[-52,35],[-85,-7],[-18,-54],[-94,-10],[-88,108],[-4,60],[49,77],[78,4],[14,40],[-178,-34],[-256,64],[-46,258],[-128,29],[26,73],[-63,3],[0,41],[-192,30],[-8,39],[-34,-1]],[[65363,47434],[-44,24],[2,59]],[[65321,47517],[104,54],[97,-18],[9,77],[128,40]],[[65659,47670],[61,12],[-3,76],[186,-5],[153,-47],[28,-76]],[[67768,47704],[0,0]],[[67876,47696],[41,-69],[-6,13],[-35,56]],[[67876,47696],[-108,8]],[[67993,47411],[77,13],[-69,-4],[-8,-9]],[[67993,47411],[0,0]],[[68245,47421],[-73,-5],[73,5]],[[64600,43475],[53,176]],[[64653,43651],[62,1],[2,130],[76,30],[-74,13],[1,53],[132,23],[0,135],[123,-4]],[[64975,44032],[-31,129],[37,212],[57,-5],[227,93],[90,-4],[-5,74],[110,11],[-11,97],[116,85],[-33,113],[51,30],[203,-1],[14,89],[-74,130],[255,18]],[[66576,43884],[0,0]],[[66576,43884],[-11,21],[-21,15],[32,-36]],[[66564,43810],[0,0]],[[66598,43787],[0,0]],[[66590,43747],[-2,-57],[6,2],[-4,55]],[[66182,43587],[-6,-16],[6,16]],[[66112,43644],[11,-6],[-11,6]],[[66091,43653],[0,0]],[[66056,43715],[-9,-6],[9,6]],[[66112,43730],[0,0]],[[66202,43808],[-8,-55],[7,2],[1,53]],[[66229,43629],[0,0]],[[66369,43647],[-52,-15]],[[66317,43632],[0,0]],[[66317,43632],[52,15]],[[66550,43672],[-74,-14]],[[66476,43658],[0,0]],[[66476,43658],[74,14]],[[66345,43895],[-16,22],[16,-22]],[[66350,43887],[0,0]],[[66322,43827],[7,-5],[-7,5]],[[66202,43808],[0,0]],[[68718,44105],[64,-47],[-212,-145],[2,-54]],[[67967,43609],[-12,26],[-135,24],[-11,91],[-82,72],[55,41],[-28,133],[-162,11],[-35,-24],[-114,10],[-27,-43],[-141,11],[-17,100],[-200,7],[82,192],[-287,-35],[-5,83],[-172,0],[-17,-39],[-127,-13],[-19,30],[57,40],[25,191],[-258,-6],[-6,162],[-172,14],[-93,-38],[-58,76],[-133,79],[-7,41],[100,41],[37,80],[65,5],[-3,51],[-86,81]],[[65981,45103],[68,41],[14,171],[101,-53],[111,1],[10,69],[229,45],[-35,210],[343,-30],[209,120],[-44,34],[-73,-36],[-33,27]],[[66881,45702],[328,64],[167,-50],[68,3],[67,47],[121,-45],[96,100]],[[67728,45821],[69,20],[78,-38],[31,51],[46,1],[87,-69],[157,-41]],[[68196,45745],[-45,-31],[12,-98],[80,-16],[78,-131],[125,-36],[5,-59],[-104,-90],[-66,-6],[2,-76],[-54,-48],[100,-123],[-34,-75],[176,-77],[-80,-33],[38,-41],[-9,-89],[121,-118],[-63,-24],[77,-28],[-107,-150],[80,-51],[-34,-114],[304,-29],[-80,-97]],[[63619,42069],[159,102],[251,-6],[194,37],[69,206],[-108,5],[11,97],[-40,30],[34,96],[-67,37],[19,44],[-106,148],[247,68],[-68,38],[-10,56],[160,42],[-47,63],[-10,134],[51,33],[-8,72],[132,27],[118,77]],[[64600,43475],[201,-86],[116,-4],[23,-116],[-55,-71],[215,11],[90,-17],[16,-35],[67,17],[-37,85],[182,107],[45,81],[222,17],[-22,-69],[52,-34],[-48,-76],[125,-34],[-28,-61],[87,-128],[119,-15],[99,-43],[11,-38],[-57,-7],[-20,-55],[-48,-7],[5,-138],[-77,-40],[14,-74],[262,31]],[[66159,42676],[135,14],[45,-23],[109,49],[285,-7],[83,30],[63,-133],[63,0]],[[57670,49127],[-38,-48],[-217,20],[-102,-63]],[[58334,50949],[172,-214],[74,-35],[257,-9],[165,-73],[31,-147],[-38,-82],[-104,-54]],[[57700,49418],[-41,-35],[-25,-165],[36,-91]],[[62193,48967],[-36,-179],[-90,-16],[-8,-94],[-60,-80],[8,-146],[-104,2],[-143,-68],[-44,-145]],[[61716,48241],[-197,13]],[[61519,48254],[-145,94],[21,128],[-163,49],[42,35],[-43,16],[18,34],[98,4],[-38,311],[-40,101],[-138,1]],[[60846,50322],[318,292],[49,174],[206,123],[12,47],[-69,98],[-60,-83],[-168,-47],[-21,-34],[-74,60],[182,194],[299,86],[13,43],[-237,206],[9,72],[-36,37],[-84,-8],[-14,57],[315,108],[46,118]],[[61532,51865],[88,173],[-12,301]],[[61608,52339],[133,55],[35,51],[116,1],[45,109],[268,23],[-1,-44]],[[62204,52534],[22,-16],[709,187],[13,-28],[211,-2],[35,99],[205,46],[623,62],[-86,115],[125,5],[22,-82],[49,-18],[667,129]],[[64799,53031],[46,-121],[55,-37],[-67,-50],[54,-143],[111,82],[62,-82],[0,-63],[-51,-51],[-79,10],[2,-61],[81,-6],[167,90],[4,-35],[-92,-76],[4,-53],[46,-9],[40,72],[109,-3],[-54,-132],[201,57],[-31,-53],[-52,-8],[0,-116],[-75,-37],[106,-51],[75,60],[28,-82],[-56,-25]],[[65433,52108],[-72,-79],[19,-41],[-76,-5],[-67,-197],[-140,-208]],[[65097,51578],[-252,-199],[-36,-1],[-27,57],[-82,-54],[-73,10],[-146,-50],[-32,77],[-129,-113],[-77,-17],[-177,-205],[-36,26],[-131,-55],[-36,22],[-28,-92],[157,-191],[-18,-99],[-36,-11],[-34,82],[-54,-27],[26,-100],[-36,-30],[144,-45],[-53,-26],[-44,-105],[33,-54],[-32,-6],[-26,72],[-116,9],[96,-88],[-142,-18],[-13,-31],[-162,1],[-130,59],[-99,-36],[-34,-165],[-98,3],[-135,-62],[-63,-98],[-40,-5],[22,-91],[-138,-126],[46,-137],[-40,-47],[85,-96],[7,-86],[-197,-5],[-50,-117],[23,-54],[-360,18],[-24,-215],[-107,-90]],[[67174,41171],[-33,218],[-153,-2],[-2,28],[140,4],[-94,88],[76,-8],[-1,21],[-76,1],[-62,110],[-88,9],[-17,172],[-107,7],[-20,93],[-51,12],[-17,101],[-71,95],[113,155],[-3,165],[215,20],[-18,124],[37,22]],[[66942,42606],[-2,150],[443,61],[10,36],[90,8],[78,123],[75,16],[3,68],[109,23],[12,46],[61,0],[47,58],[-16,72],[58,3],[17,36],[-16,106],[56,197]],[[67967,43609],[181,0],[22,29],[101,7],[26,-52],[60,-3],[40,78],[129,56],[-33,90],[79,45]],[[68572,43859],[104,81],[143,46],[34,-85],[127,45],[2,-54],[110,-2],[39,-52],[-50,-25],[-134,31],[-36,-38],[161,-54],[32,35],[88,-37],[-148,-44],[-16,-24],[52,-27],[179,17],[10,67],[87,44],[33,-39],[78,-6],[53,67],[57,1],[6,-39],[-75,-24],[57,-108],[128,56],[100,-46],[-21,-21],[-105,17],[-60,-42],[60,-48],[-145,16],[-113,-113],[70,-41],[48,-109],[160,1],[91,-97],[-28,-34],[-70,22],[-61,62],[-56,-38],[73,-61],[-38,-61],[138,-21],[-14,-87],[50,-32],[105,130],[38,-19],[-130,-169],[-99,47],[-38,-109],[29,-26],[90,8],[9,-49],[-139,10],[-41,-62],[233,-22],[-69,-31],[7,-111],[-140,-55],[-77,-111],[15,-27],[52,15],[68,63],[61,-57],[-122,-89],[127,-34],[9,-88],[-113,-62],[17,-26],[86,22],[30,-25],[-50,-51],[21,-21],[143,22],[54,-22],[-42,-86],[56,-12],[152,53],[71,-61],[-20,-40],[-132,-15],[-19,-32],[125,-40],[11,-46],[-104,-15],[-90,-66],[56,-83],[-178,-56],[-40,-47],[107,-65],[111,-20],[-40,-74],[35,-38],[92,-11],[-77,-108],[268,-14],[105,-74],[-53,-51],[-129,70],[-75,-14],[71,-171],[-35,-112]],[[68346,42696],[20,-75],[-10,-12],[13,11],[-23,76]],[[68181,42847],[-8,-1],[8,-26],[0,27]],[[60147,49083],[-258,-103],[-600,-155],[-206,49],[-214,98]],[[58869,48972],[-18,34]],[[58851,49006],[-245,3],[-170,56],[165,99],[22,54],[-123,429],[-191,-17],[20,-185],[-112,73],[-27,-34],[-54,28],[-118,-154],[-49,-17],[-229,-34],[2,89],[-42,22]],[[57700,49418],[32,60],[200,50],[100,61],[-29,34],[227,80],[125,94],[42,92],[1,247],[76,71],[-60,40],[34,49],[127,55],[316,-16]],[[58891,50335],[143,-123],[420,43],[136,86],[52,133]],[[59642,50474],[130,-11],[6,-65],[-61,-74],[86,-94],[71,30],[7,84],[71,11],[231,-148],[1,-80],[56,-11],[81,28],[10,137],[66,27],[136,37],[86,-23],[90,20],[88,-77],[49,57]],[[60846,50322],[114,-68],[35,9],[40,-50],[13,-217],[-99,-7],[35,-70],[-76,-113],[136,-50],[-30,-191],[135,-18],[-13,-64],[110,-181],[-28,-68],[35,-20],[67,39],[-12,-63],[-177,-163]],[[61131,49027],[-194,10],[16,35],[145,6],[16,28],[-59,81],[-204,47],[-3,-47],[-74,-43],[-196,-60],[-121,20],[21,55],[-61,37],[-60,-54],[-210,-59]],[[85640,16942],[-11,20]],[[85567,17654],[289,16],[127,95],[5,110],[-91,157],[-17,156],[33,70],[153,103],[4,105],[-196,310],[169,-356],[-37,-80],[-143,-87],[-11,-50],[4,-146],[112,-237],[-44,-92],[-68,-33],[-267,-9]],[[84664,17961],[323,96],[121,188],[-32,4],[-73,-148],[-353,-120],[-289,576],[-66,478],[-158,102],[-2,43],[253,127],[25,118],[-90,156],[10,49],[83,28],[39,129],[58,41],[548,8],[174,181],[143,-105],[73,4]],[[85246,20827],[-36,-4]],[[85105,21686],[189,86],[82,-16],[30,53],[45,4],[160,-15],[32,-44],[72,-17],[418,62],[54,-45],[55,44],[-14,90],[108,23],[-48,120]],[[86288,22031],[254,-74],[50,60],[91,12],[35,-237],[90,52]],[[86808,21844],[-18,-130]],[[86790,21714],[206,-41],[96,-123],[88,-28],[-3,-55],[77,-14],[29,-35],[-23,-179]],[[87260,21239],[66,0],[-38,-61]],[[87288,21178],[44,-51],[16,-132],[-59,-13],[-3,-55],[69,-74],[13,-124],[84,-83],[-51,-136],[-128,-18],[-114,-130],[44,-29],[-68,-121],[133,-122],[412,-10],[8,-119],[52,-40]],[[87740,19921],[48,-97]],[[87788,19824],[70,31],[244,3],[107,65],[116,-5],[59,-111],[105,-62],[42,-115],[171,-31],[104,40],[179,-69],[60,89],[126,64],[81,130],[72,4],[96,-57],[-19,-135],[37,-39],[131,-14],[-20,257]],[[89549,19869],[-78,23]],[[89471,19892],[-15,123],[-108,39],[25,78],[-62,47],[-1,168],[-226,258],[50,61],[-20,32],[91,52],[231,-20],[-18,-195],[-62,30],[-23,-31],[118,-51],[19,-168],[78,17],[25,55],[123,24],[152,-125],[-16,-192],[182,-281],[-114,-44]],[[89900,19769],[-43,-10]],[[89857,19759],[-194,23],[-40,-26],[-18,-161]],[[89605,19595],[-61,-18]],[[89544,19577],[-165,52],[-7,176],[-59,12],[-79,-42],[26,-93],[-32,-36],[-287,-154],[-187,-378],[18,-62],[77,12],[18,-34],[-48,-83],[-421,-32],[-26,26],[-267,10],[-181,48],[-57,-38],[117,-49],[-104,-108],[158,-107],[6,-64],[-58,-39],[-189,21],[78,-108],[77,-25],[-11,-86],[-89,20],[-94,-22],[-75,-74],[46,-90],[-246,-130],[63,-57],[122,-11],[62,-131],[-83,-77],[137,26],[107,-84],[1,-32],[-108,-37],[-2,-57],[-136,-55],[292,-50],[1,-63],[-42,-49],[-164,-19],[-33,-58],[-117,-6],[14,-31],[137,3],[141,-135],[254,-36],[210,-132]],[[88339,17009],[165,-46],[101,-117],[-53,-194]],[[86940,16341],[20,63]],[[85877,16773],[0,86],[-64,116],[-139,147],[127,157],[490,268],[34,49],[-22,77],[-156,45],[4,69],[135,113],[-146,153],[120,-146],[-114,-86],[-40,-77],[189,-138],[-468,-255],[-184,-186],[40,-144],[106,-105]],[[86358,19681],[27,11],[-11,25],[-16,-36]],[[86560,19641],[0,0]],[[86775,19433],[29,33],[90,46],[-91,-46],[-28,-33]],[[85052,18636],[0,0]],[[85501,19235],[0,0]],[[85695,19251],[47,-2],[54,28],[-54,-28],[-47,2]],[[85695,19251],[-145,-19],[145,19]],[[86352,19399],[0,0]],[[86352,19399],[-218,3],[218,-3]],[[86412,19495],[-16,-7],[16,7]],[[86633,19432],[0,0]],[[84887,18570],[0,0]],[[84901,18445],[0,0]],[[84819,18055],[0,0]],[[84459,19646],[0,0]],[[84556,19589],[0,0]],[[84636,19520],[0,0]],[[84749,19505],[0,0]],[[84885,19562],[-28,-24],[-38,-69],[38,69],[28,24]],[[84973,19532],[-9,9],[-3,47],[3,-47],[9,-9]],[[85136,19543],[0,0]],[[85089,19447],[0,0]],[[85150,19401],[0,0]],[[85435,19286],[0,0]],[[85435,19286],[-61,7],[-55,28],[55,-28],[61,-7]],[[86325,19666],[0,0]],[[86293,19710],[0,0]],[[86146,19692],[54,31],[-54,-31]],[[86156,19599],[0,0]],[[86199,19526],[-115,57],[-64,-49],[64,49],[115,-57]],[[86199,19526],[0,0]],[[85908,19471],[0,0]],[[85953,19505],[0,0]],[[85900,19526],[0,0]],[[85842,19478],[0,0]],[[85859,19423],[0,0]],[[85693,19457],[0,0]],[[85703,19388],[0,0]],[[85613,19370],[0,0]],[[85568,19391],[0,0]],[[85619,19452],[-39,12],[-39,-59],[39,59],[39,-12]],[[85619,19452],[0,0]],[[87314,19560],[-11,-12],[11,12]],[[87206,19750],[0,0]],[[87156,19811],[-7,2],[-32,-9],[39,7]],[[86953,19498],[36,3],[-1,1],[-35,-4]],[[87126,19602],[-97,56],[97,-56]],[[86710,19620],[11,16],[-11,-16]],[[86974,19539],[10,-18],[-15,73],[5,-55]],[[86988,19756],[0,0]],[[86988,19756],[37,-44],[-37,44]],[[86952,19757],[0,0]],[[86886,19740],[0,0]],[[84266,19346],[64,173],[36,-183],[-199,-88],[33,74]],[[84200,19322],[66,24]],[[84446,19834],[-76,-142]],[[85329,13396],[-249,266],[-364,278],[-348,420],[2,76],[47,52],[123,4],[294,200],[41,-100],[-99,-207],[23,-138],[48,-23],[106,30],[246,-70],[7,35],[-84,27],[-205,38],[-98,-22],[2,116],[97,193],[-25,134],[108,42]],[[85075,14791],[138,130]],[[85582,15268],[57,-52],[-48,-109],[19,-45],[201,-4],[154,-139],[80,-24],[104,11],[28,48],[59,14],[65,-125],[-34,129],[-44,23],[-149,-82],[-75,22],[-175,146],[-186,1],[43,93],[-14,82],[-174,122],[-42,339]],[[86493,15691],[32,1]],[[87094,14880],[33,9],[-25,-111]],[[86780,14107],[26,-23],[9,33],[36,-3]],[[85424,13304],[-95,92]],[[85329,13396],[0,0]],[[85078,13903],[0,0]],[[85039,13991],[-90,32]],[[84975,14079],[-26,-56]],[[84949,14023],[90,-32]],[[85039,13991],[39,-88]],[[85034,14101],[126,-22],[-149,26],[-36,-26]],[[84975,14079],[59,22]],[[85122,13912],[0,0]],[[85130,13837],[75,23],[3,8],[-70,-6],[-8,-25]],[[85240,13775],[0,0]],[[85231,13703],[-57,-32],[92,-106],[-92,106],[57,32]],[[85231,13703],[0,0]],[[85367,13429],[0,0]],[[85255,13975],[-6,53],[22,26],[-22,-26],[6,-53]],[[85458,14052],[0,0]],[[85454,13936],[0,0]],[[85638,13956],[0,0]],[[85638,13956],[-76,-14],[76,14]],[[85511,14123],[17,-11],[-17,11]],[[85546,14242],[0,0]],[[85546,14242],[-116,-29],[116,29]],[[85593,14103],[25,-15],[-25,15]],[[85593,14103],[-20,41],[20,-41]],[[85842,14033],[-72,14],[72,-14]],[[85771,13974],[-31,-25],[31,25]],[[85771,13974],[14,34],[-14,-34]],[[85300,13766],[0,0]],[[85377,13782],[0,0]],[[85382,13862],[0,0]],[[85470,13836],[0,0]],[[85591,13848],[0,0]],[[85665,13831],[0,0]],[[85683,13864],[0,0]],[[86344,14761],[0,0]],[[86261,14614],[0,0]],[[86300,14538],[0,0]],[[86470,14679],[-22,-10],[22,-41],[-22,41],[22,10]],[[86527,14649],[0,0]],[[86632,14650],[0,0]],[[86709,14683],[0,0]],[[86532,15357],[105,223],[-112,112]],[[86525,15692],[38,59]],[[86563,15751],[71,86],[-71,-86]],[[86563,15751],[-70,-60]],[[86493,15691],[-84,-31],[-156,39],[-3,-60],[46,-28],[-122,28]],[[86174,15639],[0,0]],[[86174,15639],[-137,-21],[-155,37],[-38,56],[43,83],[-40,9],[-181,-27],[-103,-59],[-112,1]],[[85678,16662],[143,-72],[249,61],[31,33],[-24,108],[90,62],[149,-64],[76,8],[75,-76],[-16,-43],[81,-9],[50,65],[70,-4],[35,-15],[-29,-35],[121,-46],[19,-52],[71,45],[72,-69],[-41,-73],[60,-82]],[[86960,16404],[-20,-63]],[[86940,16341],[101,-61],[34,57],[35,-40],[164,75],[127,-26],[6,35],[76,14],[5,-30],[85,-11],[26,33],[-26,51],[49,-6],[77,-83]],[[86185,15740],[0,0]],[[86191,15752],[0,0]],[[86017,15799],[-3,32],[3,-32]],[[86017,15799],[0,0]],[[86067,15915],[0,0]],[[86254,16005],[0,0]],[[86412,15978],[0,0]],[[86629,15915],[76,25],[-76,-25]],[[86629,15915],[0,0]],[[86780,16031],[0,0]],[[86835,15978],[0,0]],[[86826,16351],[0,0]],[[86742,16313],[0,0]],[[86742,16313],[-216,17],[216,-17]],[[86399,16353],[-21,-21],[-98,16]],[[86280,16348],[0,0]],[[86280,16348],[104,-18],[15,23]],[[86399,16353],[0,0]],[[86176,16611],[0,0]],[[86192,16652],[0,0]],[[86302,16724],[0,0]],[[86265,16275],[0,0]],[[86207,16277],[-37,17],[-3,69],[3,-69],[37,-17]],[[86037,16427],[53,-39],[-53,39]],[[86037,16427],[30,50],[5,103],[-5,-103],[-30,-50]],[[82542,19726],[-260,-534],[-161,-92],[-96,25],[-102,103],[-8,119],[209,223],[-54,593],[142,154],[53,115],[-64,297],[-145,251],[-10,245],[133,179],[-8,282],[210,103],[151,186],[140,98],[118,-17],[138,-105],[242,-362],[69,-253],[-108,2]],[[83131,21338],[-28,52],[-58,18],[58,-18],[28,-52]],[[83131,21338],[109,-7],[-54,-356],[-306,-508],[-338,-741]],[[82542,19726],[0,0]],[[82290,20043],[72,-18],[30,-17],[-30,17],[-72,18]],[[82290,20043],[-71,6],[71,-6]],[[82447,19783],[0,0]],[[82486,19830],[0,0]],[[82373,19901],[-1,2],[1,-2]],[[83002,21361],[-34,9],[34,-9]],[[82892,21335],[-12,-12],[12,12]],[[82835,21258],[0,0]],[[82609,21276],[0,0]],[[82560,21171],[0,0]],[[82529,21231],[0,0]],[[82417,21335],[-11,16],[11,-16]],[[82264,21408],[0,0]],[[82308,21480],[0,0]],[[82236,21534],[0,0]],[[83932,14866],[26,-17],[-92,-20],[40,39],[26,-2]],[[84708,15117],[-55,-71],[-88,-6],[-106,-59],[-40,-124],[-66,148],[-283,28],[-330,-67],[-289,139],[-16,127],[-88,128],[-44,-2],[104,-156],[-50,-84],[189,-141],[21,-68],[175,-49],[94,12],[16,-23],[-75,-73],[176,55],[-7,-48],[-230,-184],[-511,20],[-181,164],[-699,420],[-107,99],[-186,337],[2,108],[38,-3],[-13,-72],[87,-17],[113,-177],[343,-162],[-61,80],[-269,125],[-80,222],[148,26],[-17,54],[50,14],[191,-55],[204,51],[-21,52],[-85,17],[-27,58],[-41,-31],[-144,5],[95,44],[-115,73],[-93,125],[144,149],[84,-1],[242,-91],[198,-21],[20,29],[-206,25],[-200,80],[-12,42],[103,137],[-42,20],[-100,-31],[-3,160],[112,403],[80,95],[241,84],[122,97],[40,99],[-14,185],[-71,123],[-191,192],[8,143],[81,109],[290,48],[280,155],[106,115],[0,135]],[[84289,18662],[61,-239],[264,-576],[89,-112],[345,-259],[171,-262],[34,-118],[-128,-487],[-130,-1363],[-135,-151],[-186,-29],[34,51]],[[84708,15117],[68,45],[26,21],[-63,-46],[-31,-20]],[[84874,15240],[0,0]],[[84955,15424],[0,0]],[[84551,15625],[0,0]],[[84566,15490],[0,0]],[[84640,15482],[71,3]],[[84711,15485],[17,-18],[42,-14],[-59,32]],[[84711,15485],[-71,-3]],[[84265,15108],[0,0]],[[84413,15319],[-5,-15],[-48,116],[53,-101]],[[84327,15454],[0,0]],[[84194,15507],[33,2],[-36,9],[3,-11]],[[84186,15540],[0,0]],[[84356,15493],[0,0]],[[84307,15524],[-65,8],[12,-6],[53,-2]],[[84307,15524],[49,-31]],[[84444,15553],[0,0]],[[82974,17974],[-20,125],[20,-125]],[[82974,17974],[0,0]],[[83110,18173],[-84,-23],[156,54],[-72,-31]],[[82507,16557],[-48,-86],[-77,21],[-18,238],[-89,99],[6,109],[100,15],[164,108],[39,-67],[-77,-437]],[[82796,17241],[-119,164],[-97,10],[-110,-40],[-45,277],[-27,-308],[-110,-31],[-4,169],[-26,-13],[-17,-296],[-54,-42],[-84,211],[115,273],[193,169],[-24,301],[35,223],[96,60],[255,323],[166,420],[7,229],[94,187]],[[83569,18774],[24,-59],[-128,106],[-11,65],[80,93],[-33,19],[-73,-117],[10,-71],[113,-122],[6,-206],[-151,-114],[-424,-110],[-126,-121],[-34,-163],[253,-364],[4,-117],[-89,-165],[-194,-87]],[[82805,17504],[-53,33],[-134,68],[134,-68],[53,-33]],[[85033,14756],[-32,-9]],[[85001,14747],[74,44]],[[85075,14791],[-42,-35]],[[85468,15327],[51,-1],[63,-58]],[[85582,15268],[-104,-46],[-265,-301]],[[85213,14921],[255,406]],[[85336,16247],[115,-529]],[[85451,15718],[-159,456],[30,175],[209,291],[233,44],[113,89]],[[85877,16773],[-45,-61],[-154,-50]],[[85678,16662],[-174,-85],[-134,-189],[-34,-141]],[[85362,16827],[67,-84],[-150,-131],[-11,75],[94,140]],[[85762,16733],[-140,-6],[48,111],[-30,104]],[[85640,16942],[28,-30],[121,4]],[[85789,16916],[55,-128],[-82,-55]],[[85483,17101],[163,-237],[-40,-116],[-26,7],[-97,346]],[[85351,17412],[-58,-93],[-34,65],[140,234],[168,36]],[[85567,17654],[-76,-429],[138,-263]],[[85629,16962],[-195,231],[-83,219]],[[85157,17644],[170,-9],[-128,-158],[-147,123],[105,44]],[[84962,17679],[-205,102],[-96,97],[-33,66],[36,17]],[[84664,17961],[158,-151],[288,-93],[67,-4],[376,124],[61,-104],[-25,-47]],[[85589,17686],[-220,8],[-359,-55],[-48,40]],[[84411,19814],[-41,-122]],[[84370,19692],[-77,-63],[25,-171],[-29,-79],[-89,-57]],[[84200,19322],[-111,-168],[10,-68],[126,-20],[37,-75],[27,-329]],[[84289,18662],[-119,2],[-72,70],[23,78],[-63,12],[-238,-104],[-91,-2],[-80,-61]],[[83649,18657],[-80,117]],[[83569,18774],[14,305],[73,70],[23,89],[-250,164],[-73,2],[-215,94]],[[83141,19498],[65,39],[16,31],[-16,-31],[-65,-39]],[[83141,19498],[-101,29]],[[83040,19527],[440,650],[162,455],[37,312]],[[83679,20944],[130,-7],[44,41],[9,123],[-58,56],[19,112],[124,54],[153,-34],[73,14],[87,57]],[[84260,21360],[24,79],[156,-50]],[[84440,21389],[0,0]],[[84440,21389],[97,127],[62,-8],[-18,-110],[31,-32],[84,-6],[98,69],[23,63],[-60,4],[-9,28],[100,113],[6,89],[53,13],[198,-53]],[[85105,21686],[160,-79],[-167,-51],[-97,-81],[55,-4],[31,48],[34,1],[-7,-47],[59,19],[20,-23],[-102,-47],[33,-43],[115,-14],[60,-118],[-24,-193],[-149,-40],[24,-26],[64,32],[14,-53],[-77,-25],[-22,-67],[72,29],[21,-22],[-127,-48],[115,-11]],[[85210,20823],[-10,-39],[46,43]],[[85246,20827],[99,50],[35,-22],[-114,-71],[78,-68],[147,51],[-30,-49],[98,40],[17,51],[28,-9],[-37,-77],[-147,-42],[-13,-37]],[[85407,20644],[0,0]],[[85407,20644],[39,-30],[111,25],[-16,-59],[74,-16],[151,57],[11,100],[47,-10],[-25,-121],[152,38],[6,-66],[-10,-33],[-101,-27],[21,-89],[-30,-49],[19,-154],[73,-27],[2,-65],[-138,-36],[-138,80],[-64,-1],[-40,-49],[2,-114],[-102,-82]],[[85451,19916],[-239,122],[-124,-152],[-80,-43],[-416,20],[-146,-29]],[[84446,19834],[-35,-20]],[[84205,20317],[0,0]],[[84343,20361],[0,0]],[[84586,20608],[0,0]],[[84797,20665],[0,0]],[[84204,20010],[0,0]],[[84204,20010],[0,-42],[0,42]],[[84011,19867],[0,0]],[[84011,19867],[-161,-70],[161,70]],[[83772,19778],[0,0]],[[83656,19704],[-38,-12],[38,12]],[[83515,19655],[-46,-12],[46,12]],[[84184,20083],[10,31],[-10,-31]],[[84226,20186],[0,0]],[[84615,20924],[0,0]],[[84705,21001],[0,0]],[[84705,21001],[-21,-43],[21,43]],[[84728,20924],[-3,9],[3,-9]],[[84894,20845],[0,0]],[[84894,20845],[-64,-6],[64,6]],[[84985,20851],[0,0]],[[85056,20818],[-6,-15],[6,15]],[[85190,20784],[-26,-2],[26,2]],[[84520,20956],[0,0]],[[84468,20995],[-7,26],[18,86],[-18,-86],[7,-26]],[[84607,21259],[0,0]],[[84559,21340],[0,0]],[[86466,11716],[87,-64]],[[88372,12990],[176,-435]],[[86730,11567],[-134,42],[-38,80],[-175,162],[-112,243],[-79,2],[-30,278],[-334,483],[-404,447]],[[85424,13304],[114,26],[64,-39],[58,12],[165,103],[71,95],[123,62],[113,200],[51,-7],[56,77],[181,-46],[102,40],[55,-28],[-22,-81],[384,77],[-88,319]],[[86851,14114],[-71,-7]],[[86780,14107],[11,189],[62,60],[-85,29],[17,73]],[[86785,14458],[0,0]],[[86785,14458],[26,114],[-89,-12],[-61,33],[115,72],[4,62],[212,8],[46,-23],[64,66]],[[87102,14778],[26,105],[-34,-3]],[[87094,14880],[-30,-29],[-260,25],[-69,112],[16,123],[-34,29],[-31,-27],[-36,64],[-88,-28],[-174,10],[11,193],[133,5]],[[86532,15357],[90,17],[213,-28],[43,25],[57,-21],[72,33],[128,-5],[162,-40],[6,-75],[151,-29],[206,19],[77,80],[85,-79],[145,-20],[-1,-66],[133,-127],[105,35],[82,78],[13,87],[-98,28],[-31,69],[69,39],[-29,23],[29,58],[-81,38],[16,79],[-49,89],[26,54],[-48,73],[-377,-20],[-310,96],[-77,-3],[184,131],[65,-14],[155,45],[-45,157],[-117,-8]],[[87581,16175],[-19,50],[137,124]],[[87699,16349],[190,-39],[42,69],[-15,61],[48,0],[31,-102],[41,39],[127,14],[126,115],[263,146]],[[88552,16652],[92,-87],[91,11],[189,105],[31,71],[104,5],[155,-119],[-27,-120],[-77,-70],[32,-29],[52,21],[3,-67],[64,-45],[-19,-42],[197,-169],[-131,-210],[-299,-152],[-20,-73],[-139,-52],[48,-161],[188,-190],[36,-83],[-29,-6],[6,-72],[66,-6],[37,-53],[163,95],[58,-177],[31,15],[-31,39],[39,80],[129,32],[20,40],[171,5],[43,-208],[113,60],[162,-10],[18,-79],[155,-94],[-4,-60],[-57,-51],[32,-68],[113,-36],[102,30],[11,-36],[81,-6],[61,-143],[-39,-22],[-15,-177],[56,-66],[-118,-21],[-19,-65],[-127,-32],[98,-99],[-5,-175],[75,3],[102,-62],[-76,-185],[91,-69],[108,-22],[13,-49],[-69,-99],[-70,-35],[-471,55],[-91,-98],[-133,-4],[-124,-54],[-343,619],[-108,-24],[-70,119],[-118,-33],[-291,-5],[-87,-98],[27,-53],[-49,-61],[58,-41],[-10,-37],[-198,-88],[-46,-86],[-51,-28],[-104,80],[-68,-40],[-144,7],[69,-95],[-21,-43],[128,-314]],[[87279,14096],[-47,-62],[47,62]],[[87279,14096],[0,0]],[[87158,14086],[0,0]],[[87115,14026],[33,-29],[-33,29]],[[87115,14026],[0,0]],[[87178,13890],[138,-69],[-138,69]],[[87403,13736],[0,0]],[[87426,13652],[48,29],[-32,25],[-16,-54]],[[87082,13625],[57,-3],[-12,4],[-45,-1]],[[87212,13600],[0,0]],[[87151,13535],[0,0]],[[87153,13506],[0,0]],[[87195,13463],[0,0]],[[87292,13415],[0,0]],[[87449,13058],[15,-9],[22,-33],[-9,30],[-28,12]],[[87449,13058],[-129,233]],[[87320,13291],[0,0]],[[86939,13742],[0,0]],[[86939,13742],[-50,0],[50,0]],[[87083,13646],[2,19],[-2,-19]],[[87348,14121],[-18,11],[18,-11]],[[87137,14199],[0,0]],[[87149,14211],[-53,32],[-6,-41],[6,41],[53,-32]],[[87010,14177],[0,0]],[[86975,14135],[0,0]],[[87009,14264],[0,0]],[[87062,14352],[36,-46]],[[87098,14306],[0,0]],[[86988,14346],[-56,-29],[56,29]],[[87062,14352],[-74,-6]],[[86900,14353],[0,0]],[[87929,13915],[0,0]],[[87888,13909],[0,0]],[[87813,13812],[0,0]],[[87813,13812],[-10,-47],[19,-33],[-19,33],[10,47]],[[87941,13686],[0,0]],[[87941,13686],[-41,-20],[-40,4],[40,-4],[41,20]],[[87750,13505],[0,0]],[[87614,13652],[0,0]],[[87478,13612],[0,0]],[[87848,12983],[0,0]],[[88068,13024],[0,0]],[[88198,13230],[0,0]],[[88113,13410],[0,0]],[[88061,13428],[0,0]],[[88097,13476],[0,0]],[[87974,13564],[0,0]],[[88019,13621],[0,0]],[[88033,13659],[0,0]],[[88005,13811],[0,0]],[[87950,13859],[0,0]],[[92077,4563],[183,-257],[148,-535],[259,-459],[17,-437],[152,-122],[-30,-24],[40,-38],[-27,-69],[-145,-65],[61,-57],[173,4],[76,-89],[97,14],[-13,-48],[-142,2],[-200,58],[-360,218],[-183,152],[-182,218],[-176,413],[-445,666],[-589,720],[-512,524],[-168,249],[-141,311],[-176,197],[-14,137],[-79,117],[-129,355],[-238,402],[-1195,1052]],[[89806,9254],[2,-55],[-107,-134],[69,-235],[131,-84],[224,65],[127,-41],[218,-387],[530,-295],[100,-194],[13,-117],[-147,-171],[-43,-130],[-84,-28],[-20,-118],[10,-139],[157,-313],[21,-300],[84,-128],[-53,-240],[16,-253],[147,-406],[125,-216],[228,-203],[279,-164]],[[91833,4968],[0,0]],[[91833,4968],[244,-405]],[[91670,4415],[105,21],[-9,-1],[-96,-20]],[[91872,4437],[24,-26]],[[92027,4503],[8,-90],[-139,-2]],[[91896,4411],[-28,36],[-48,-6],[52,-4]],[[92035,4521],[-8,-18]],[[92027,4503],[8,18]],[[91826,4840],[0,0]],[[91797,4783],[-76,-52],[-3,-49],[23,63],[56,38]],[[91797,4783],[0,0]],[[91714,4608],[0,0]],[[91670,4415],[0,0]],[[91647,4507],[0,0]],[[91724,4546],[-14,-28],[14,2],[0,26]],[[91724,4546],[-46,12],[46,-12]],[[91677,4618],[0,0]],[[91536,5231],[-173,155],[-85,135],[23,49],[141,-101],[126,-178],[13,-75],[-45,15]],[[91121,6670],[37,-65],[-4,-113],[-56,102],[23,76]],[[92498,359],[6,-86],[68,-101],[-22,-164],[-88,-8],[-85,167],[76,75],[-38,216],[-219,164],[60,105],[248,29],[-61,-267],[55,-130]],[[87502,8935],[244,-203],[54,7],[58,-46],[134,-9],[72,-41],[-35,-31],[113,-128],[255,-134],[11,-135],[-74,-7],[-12,-29],[-108,19],[-75,-26]],[[88139,8172],[-557,475],[-429,453],[-194,133],[-313,293],[-183,324],[-38,847],[65,630],[-19,204],[-128,218],[123,-33]],[[86466,11716],[87,-64]],[[86553,11652],[46,-75],[131,-10]],[[86730,11567],[326,65],[-9,103],[69,-9],[16,47],[147,-15],[26,24],[-41,77],[48,27],[99,-13],[8,34],[132,49],[150,149],[92,32],[-33,42],[45,31],[63,12],[115,-37],[55,26],[-16,92],[101,47],[81,92],[344,113]],[[88548,12555],[112,-138],[2,-148],[55,-158],[103,-112],[9,-91],[133,-153],[125,-55],[4,-87],[129,-127],[-22,-61],[51,-35],[25,-103]],[[89274,11287],[35,-53],[-53,-32],[54,32]],[[89310,11234],[199,21],[51,-77],[-42,-15],[14,-72],[-133,-120],[-67,-20],[18,-65],[-84,-146],[30,-65],[-213,-142],[-28,-99],[-39,-11],[20,-63],[-40,-28],[60,-22],[56,-228],[65,-29],[-85,-123],[70,-17],[18,-80],[56,-20]],[[89236,9813],[-64,-58],[-2,-118],[73,-217],[108,-13],[235,75],[149,-32],[71,-196]],[[89806,9254],[-81,11],[-264,-55],[-56,-77],[84,-15],[-16,-40],[-96,5],[-25,-45],[-94,59],[-3,100],[-121,-14],[-12,-76],[-43,-8],[-15,84],[-38,-60],[-35,31],[-128,1],[-31,-45],[-184,55],[-34,32],[26,27],[-43,23],[-208,-3],[-18,83],[-70,-5],[-81,53],[-300,9],[-256,-59],[-36,-78],[-267,-194],[141,-118]],[[87530,11268],[6,-5],[-9,76],[3,-71]],[[88394,11120],[0,0]],[[88298,11094],[0,0]],[[88337,11129],[0,0]],[[88335,11155],[0,0]],[[88409,11250],[0,0]],[[88408,11320],[0,0]],[[88232,11295],[33,-18],[-33,18]],[[88232,11295],[-49,-20],[49,20]],[[88128,11209],[0,0]],[[87765,11204],[-69,-9],[69,9]],[[87588,11253],[-36,-3],[15,-13],[21,16]],[[89139,11197],[85,-28],[-85,28]],[[89139,11197],[-47,6],[47,-6]],[[88878,11270],[45,-25],[-45,25]],[[88878,11270],[-113,5],[113,-5]],[[88716,11245],[-2,-13],[2,13]],[[88630,11188],[-3,-3],[3,3]],[[88914,11664],[0,0]],[[88789,11651],[-72,13],[72,-13]],[[88463,11711],[0,0]],[[88463,11711],[-50,-17],[-24,7],[24,-7],[50,17]],[[88212,11654],[0,0]],[[88218,11626],[0,0]],[[88190,11595],[0,0]],[[88084,11461],[0,0]],[[87937,11402],[0,0]],[[87730,11417],[0,0]],[[87638,11444],[0,0]],[[87583,11436],[0,0]],[[87568,11345],[0,0]],[[75016,41682],[-16,-87],[241,-4],[-70,-162],[231,-45],[6,-88],[-105,-53],[204,-325],[-191,-57],[-20,-72],[244,-19],[-129,-258],[416,-9],[-178,-240],[-72,-68],[-64,-8]],[[75513,40187],[0,0]],[[75513,40187],[267,-3],[-115,-337],[89,-64],[221,20],[-15,-284],[455,-193]],[[76415,39326],[29,-39],[-197,-93],[-41,-33],[6,-74],[-50,-16],[-78,89],[-65,14],[-146,-37],[-87,46],[-218,-205],[-163,102],[-56,-17],[-57,-102],[216,-46],[80,-98],[-13,-59],[-157,-47],[57,-120],[-13,-58],[-374,-149],[-22,-80],[-79,-18],[-124,-9],[-226,78]],[[74645,40412],[52,41],[-27,12],[-25,-53]],[[74645,40412],[0,0]],[[74715,40301],[94,7],[-95,-4],[1,-3]],[[75356,40993],[0,0]],[[75265,41008],[0,0]],[[75076,40991],[0,0]],[[74861,40982],[0,0]],[[75050,40699],[-8,-42],[1,1],[7,41]],[[75050,40699],[-17,44],[-15,18],[32,-62]],[[74289,40810],[36,100]],[[74325,40910],[0,0]],[[74325,40910],[-36,-100]],[[74289,40810],[0,0]],[[74345,40740],[0,0]],[[74380,40642],[13,-44],[-13,44]],[[74380,40642],[-34,41],[34,-41]],[[74508,40607],[0,0]],[[74633,40482],[9,112],[-45,-8],[44,5],[-8,-109]],[[74931,40657],[-210,-5],[11,60],[-24,-81],[223,26]],[[74931,40657],[0,0]],[[74715,40864],[-44,15]],[[74671,40879],[44,-15]],[[74715,40864],[-4,-88],[4,88]],[[74623,40882],[48,-3]],[[74671,40879],[-48,3]],[[75035,40330],[0,0]],[[75005,40309],[-79,3],[-40,-2],[119,-1]],[[75005,40309],[30,21]],[[75187,40363],[0,0]],[[75193,40367],[0,0]],[[75351,40173],[62,-19],[-62,19]],[[75351,40173],[-34,48],[34,-48]],[[69600,40792],[135,-21],[123,35],[13,-34],[86,96],[68,9],[84,-89],[65,-7]],[[70174,40781],[67,-51],[86,27]],[[70327,40757],[162,-58],[163,26],[117,-33],[3,26]],[[71167,38495],[-22,-22]],[[70485,38154],[-107,-8]],[[70797,38841],[0,0]],[[70648,38803],[-33,-8],[9,-24],[24,32]],[[70648,38803],[0,0]],[[70605,38697],[0,0]],[[70628,38620],[27,54]],[[70655,38674],[0,0]],[[70623,38616],[54,-7]],[[70677,38609],[0,0]],[[70677,38609],[-49,11]],[[70628,38620],[-5,-4]],[[71042,38695],[0,0]],[[71042,38695],[-26,74]],[[71016,38769],[-1,54],[-33,117],[33,-117],[1,-54]],[[71016,38769],[26,-74]],[[70902,38594],[-54,26],[-32,-8],[57,-28],[29,10]],[[70964,38629],[0,0]],[[70846,38974],[-14,-5],[134,-4],[-52,11],[-68,-2]],[[71651,39056],[-3,107],[63,100],[-43,110],[54,33],[198,-49],[26,54],[-157,78],[102,92],[7,75],[-92,43],[-12,88],[-99,33],[-319,-15],[32,111],[-301,41],[-145,155],[170,37],[49,49],[-10,53],[-154,-10],[-114,58],[-75,-123],[-213,-34],[-30,41],[24,36],[199,75],[-27,129],[178,57],[-121,103],[-66,135]],[[70772,40718],[18,91],[327,160],[49,-33],[129,52],[197,-11],[467,52]],[[71959,41029],[532,-226],[72,-5],[23,35],[361,79]],[[73427,40577],[8,-57],[-144,-48],[23,-54],[108,0],[4,-58],[96,10],[0,55],[97,34],[0,-48],[59,-26],[-223,-267],[51,-50],[111,-4],[-51,57],[501,-23],[187,58],[45,-37]],[[74299,40119],[303,-56],[-28,-253],[113,-77],[77,-8],[40,-74],[93,-7],[65,-134],[-25,-86],[-205,-225],[145,-261],[-93,-115],[105,-73],[157,-306],[-47,-43],[-203,47],[-159,-93]],[[74637,38355],[-346,-24]],[[72725,40313],[0,0]],[[72725,40313],[32,33],[-5,-2],[-27,-31]],[[72561,40158],[64,-35],[257,-137],[-256,137],[-65,35]],[[72589,39989],[39,11],[-39,-11]],[[72571,39953],[0,0]],[[72589,39989],[-18,-36]],[[72522,39933],[0,0]],[[72601,39895],[0,0]],[[72663,39831],[0,0]],[[72776,39710],[-32,-25],[32,25]],[[72776,39710],[0,0]],[[72705,39617],[0,0]],[[72606,39607],[10,1],[32,11],[-42,-12]],[[72627,39803],[0,0]],[[72215,40026],[0,0]],[[72273,40091],[0,0]],[[72442,40135],[-90,-3],[90,3]],[[72432,40150],[0,0]],[[72492,39916],[0,0]],[[72497,39596],[45,4],[-44,25],[-1,-29]],[[72501,39673],[18,71]],[[72519,39744],[0,0]],[[72519,39744],[-18,-71]],[[72165,40272],[0,0]],[[72098,40158],[0,0]],[[72184,40160],[0,0]],[[72232,40140],[0,0]],[[72734,39849],[-10,27],[10,-27]],[[72773,39805],[0,0]],[[72783,39870],[-10,-65]],[[72773,39805],[10,65]],[[72878,39892],[0,0]],[[72895,40194],[-2,-98],[4,15],[-2,83]],[[72741,40079],[0,0]],[[72893,40381],[0,0]],[[73675,40904],[-69,17],[-46,-22],[-71,-84],[-18,-32],[68,-131],[-31,-65],[-81,-10]],[[73427,40577],[-145,-19],[92,85],[-232,140],[-38,40],[18,42],[-50,27],[-75,-22],[-50,42]],[[72947,40912],[7,33],[-113,16],[121,270],[-192,18],[-61,70],[21,150],[-124,-5],[56,281],[-129,69],[8,178],[-97,150],[-90,257],[-92,52],[2,314]],[[74561,42477],[71,-90],[276,34],[5,-21],[-260,-98],[97,-78],[216,-34],[-2,42],[118,33],[-8,-104],[-237,-136],[3,-50],[296,-30],[-70,-45],[17,-85],[83,2],[24,-55],[-167,-24],[-7,-56]],[[75016,41682],[-320,-44],[-110,47],[-89,-4],[-44,-108],[-345,-10],[73,-75],[-38,-83],[45,-77],[-26,-47],[28,-109],[130,-9],[22,-62],[-225,-37],[-105,71],[-18,-138],[-161,-1],[-158,-92]],[[73403,42764],[-49,-28],[-367,-13],[-30,-41],[-266,-44],[-45,-51],[1,119],[-39,22],[44,47],[-48,42],[44,56],[-59,22],[-138,-19],[-86,-47],[12,-69],[-113,5]],[[72264,42765],[-66,6],[20,150],[-65,2],[32,116],[78,3],[43,271],[-138,5],[237,190],[-101,125],[277,30],[-2,99],[-151,187],[335,17],[-144,135],[-67,5],[0,147],[55,12],[119,-155],[95,-10],[-30,476],[151,-56],[89,-133],[-26,-56],[-52,-12],[27,-25],[-38,-89],[48,-51],[37,-20],[39,67],[81,-62],[138,72],[488,-36],[7,-52],[-181,-122],[36,-90],[139,15]],[[73774,43926],[0,0]],[[73774,43926],[79,14],[265,-304],[-355,-58],[-69,-66],[167,-74],[42,-118]],[[73903,43320],[-31,79],[355,116],[194,-184],[-27,-111]],[[74394,43220],[-95,-4],[95,4]],[[74394,43220],[-16,-68],[-249,-34],[131,-59]],[[74260,43059],[0,0]],[[74260,43059],[172,-76],[75,65],[80,-54],[236,53],[22,-46],[-70,-67],[139,-26],[-16,-62],[-203,-2],[-119,-37],[16,-93],[125,-5],[-73,-161],[-83,-71]],[[74561,42477],[-140,-45],[-9,-106],[-61,-34],[18,-118],[-117,-9],[-19,-52],[-348,-49],[-26,135],[-141,40],[-6,66],[-150,47],[-94,85],[10,47],[88,48],[3,68],[-58,171],[-108,-7]],[[73826,43823],[0,0]],[[73752,43599],[0,0]],[[73871,43219],[0,0]],[[73871,43219],[4,48]],[[73875,43267],[-4,-48]],[[73875,43267],[28,53]],[[73711,43065],[-25,34]],[[73686,43099],[0,0]],[[73662,43038],[49,27]],[[73711,43065],[-49,-27]],[[73450,42981],[0,0]],[[73310,43512],[-12,-42]],[[73298,43470],[12,42]],[[73282,43420],[0,0]],[[73298,43470],[-16,-50]],[[73246,43359],[-1,14],[1,-14]],[[73248,43342],[0,0]],[[73179,43228],[0,0]],[[73257,43132],[0,0]],[[73307,43131],[0,0]],[[73257,43132],[50,-1]],[[73436,43536],[67,-51],[10,-1],[-77,52]],[[73645,43498],[-20,3],[-33,-25],[53,22]],[[73360,43051],[0,0]],[[73436,43536],[0,0]],[[74242,43233],[0,0]],[[74097,43002],[104,26],[-107,-18],[3,-8]],[[71126,36838],[-63,-341]],[[72742,36869],[-108,-162],[235,-160],[220,-38],[-2,-34],[-81,-47],[25,-115],[229,-63],[-35,-248],[-124,-148]],[[72553,35998],[-95,95],[-345,184]],[[71455,36375],[-240,80],[-62,82],[188,670],[-23,108],[-60,38]],[[71257,37673],[109,113]],[[71125,37857],[31,40],[153,18]],[[71393,37950],[226,78],[57,66],[-265,261],[-19,57],[-197,50],[-28,33]],[[71167,38495],[83,117],[-145,71],[103,93],[152,-18],[48,75],[181,50],[-46,18],[28,21],[-41,74],[121,60]],[[71651,39056],[120,-136],[105,-4],[35,20],[-40,80],[51,201],[84,-38],[238,-17],[14,-217],[57,-17]],[[72315,38928],[110,35],[24,-248],[69,-72],[-1,-101],[82,19],[38,-73],[105,21],[24,33],[-37,52],[91,5],[54,-52],[63,17],[81,-37],[-14,-135],[52,40],[79,-11],[71,34],[44,-21],[11,96],[173,133],[-23,132],[115,43],[168,-155],[95,-21],[32,26],[-22,45],[73,-23],[111,-112],[69,-12],[-19,-51],[85,-31],[-54,-51],[36,-48],[66,30],[125,-104]],[[74291,38331],[-398,-24],[117,-92],[-92,-75],[17,-219],[130,28],[102,-29]],[[74167,37920],[-182,-98],[-7,-69],[87,-84]],[[74065,37669],[-41,-200]],[[74024,37469],[-36,-32],[9,146],[-47,-137],[-163,-176],[-97,-265],[-193,19],[-8,136],[-257,62],[-111,-63],[-30,-193],[-349,-97]],[[72608,37187],[0,0]],[[72200,37514],[0,0]],[[72251,37323],[105,31],[-162,-43]],[[72194,37311],[4,45],[-20,77],[16,-122]],[[72194,37311],[57,12]],[[72352,37413],[-37,48],[-6,4],[43,-52]],[[72352,37413],[0,0]],[[72443,37311],[0,0]],[[72248,37532],[-5,7],[-11,-7],[16,0]],[[72267,37495],[0,0]],[[72557,37385],[155,14],[66,32],[-87,-33],[-134,-13]],[[72677,37234],[9,18],[-16,-23],[7,5]],[[70925,37323],[39,19]],[[70964,37342],[83,-71],[202,-68],[-94,-312]],[[71514,38037],[-135,-68]],[[71604,38141],[26,-68],[-116,-36]],[[71167,38450],[135,-39]],[[71130,38366],[-71,22],[86,85]],[[71145,38473],[22,-23]],[[73711,35524],[1,55]],[[73712,35579],[3,-35]],[[73712,35623],[-34,26],[17,119]],[[73695,35768],[17,-145]],[[73610,35807],[-50,-67],[-72,32],[-3,35],[125,0]],[[73500,35854],[-144,46],[32,122],[76,115],[105,17],[30,-33]],[[73599,36121],[47,-202]],[[73646,35919],[-146,-65]],[[73043,36384],[29,41],[142,53],[150,-63],[32,-97],[-65,-46],[-256,69],[-32,43]],[[73059,36679],[-107,150],[171,4],[134,85],[23,255],[159,-39],[-26,-80],[60,-68],[219,-23],[58,25],[0,116],[81,137],[198,151]],[[74029,37392],[-119,-335],[-313,-277],[-47,-175],[23,-229]],[[73573,36376],[-514,303]],[[74199,37823],[-83,-110]],[[74116,37713],[-101,57],[30,60],[142,59]],[[74187,37889],[12,-66]],[[89171,42558],[142,-180]],[[89375,42293],[195,-255]],[[84744,47624],[-62,474],[141,57],[9,36],[-179,257],[-57,-3],[-66,57],[-3,122],[168,68],[-8,60],[-141,236],[-10,129],[56,63],[-53,58],[19,93],[-52,64],[-79,406],[26,133],[-41,126],[-119,112],[-6,83],[-89,112],[116,63],[-4,122],[-143,218],[38,171],[-154,272],[147,51],[23,82],[332,18],[-31,57],[-112,21],[-44,251],[109,70],[-63,43],[-4,68],[61,3],[62,133],[57,14],[162,-17],[0,-66],[228,68],[72,-163],[50,-5],[24,-47],[18,-124],[202,-358],[125,-333],[127,-27],[42,-97],[109,-14],[31,-63],[91,59],[69,-2],[52,-21],[-50,-39],[27,-30],[129,17],[69,-72],[131,-40],[34,-55],[167,-18],[159,23],[137,-53],[338,39]],[[86419,45106],[-5,54],[114,64],[-114,-64],[5,-54]],[[86418,45101],[0,0]],[[86402,45033],[62,-57],[-5,-55],[5,55],[-62,57]],[[86540,44850],[0,0]],[[86411,44893],[0,0]],[[86358,44866],[0,0]],[[86444,44827],[0,0]],[[86441,44791],[0,0]],[[86426,44686],[91,-47],[-20,-93],[20,93],[-91,47]],[[86426,44686],[0,0]],[[86530,44478],[0,0]],[[86541,44502],[0,0]],[[86650,44435],[0,0]],[[86680,44338],[31,-44],[152,29],[-152,-29],[-31,44]],[[88273,45175],[-56,-2],[56,2]],[[88026,45105],[0,0]],[[88026,45105],[-558,-196],[558,196]],[[87409,44866],[0,0]],[[87335,44655],[0,0]],[[87096,44437],[-9,-9],[9,9]],[[87941,45640],[0,0]],[[87941,45640],[-282,81],[-100,9],[100,-9],[282,-81]],[[87443,45727],[-333,-25],[333,25]],[[86945,45707],[-54,-15],[-43,-48],[43,48],[54,15]],[[86968,45452],[-3,-17],[-127,-113],[127,113],[3,17]],[[82651,40370],[17,-4]],[[84990,40537],[-13,23]],[[85777,44518],[165,-584],[272,-554],[730,-1065],[407,-873]],[[85000,41282],[-76,-8],[-83,-11],[159,19]],[[84963,41939],[-14,22],[-25,-20],[39,-2]],[[85279,41891],[1,17],[-12,4],[11,-21]],[[85187,41766],[-54,-11],[87,33],[-33,-22]],[[85115,41646],[53,17],[66,5],[-50,8],[-69,-30]],[[85064,41636],[3,5],[-17,31],[14,-36]],[[85025,41749],[52,14],[-23,16],[-32,-32],[38,-38],[-35,40]],[[85402,41786],[19,13],[-18,14],[-1,-27]],[[83920,34715],[42,70],[-117,101],[-227,-47],[-82,42],[-150,-91],[-92,-12],[-130,85],[-170,10],[-130,254],[-9,108],[191,491],[103,8],[83,-55],[45,43],[-139,81],[-7,123],[-144,12],[-105,68],[-89,0],[-230,-150],[-95,23],[-46,-57],[-41,11],[13,57],[129,99],[-53,60],[9,73],[-61,12]],[[83416,37791],[52,34],[34,-216],[408,241],[251,80],[226,34],[451,-34]],[[85128,37375],[-47,-3],[4,112],[-125,127],[-12,269],[-110,50]],[[84838,37930],[360,399],[267,402],[-35,596],[-170,288]],[[85260,39615],[-69,28],[-24,54],[-38,529],[-139,311]],[[84990,40537],[625,92],[-13,122],[-47,24]],[[85555,40775],[530,94],[766,308],[562,129]],[[88132,39931],[-36,-2],[36,2]],[[88262,39436],[-24,-131],[-62,-43]],[[86693,39743],[156,90],[105,12],[-105,-12],[-156,-90]],[[86693,39743],[0,0]],[[86775,38473],[0,0]],[[86656,38492],[0,0]],[[86588,38519],[0,0]],[[86588,38519],[-26,-2],[26,2]],[[86477,38622],[0,0]],[[86477,38622],[-22,-11],[22,11]],[[86421,38539],[-38,18],[38,-18]],[[86252,38685],[0,0]],[[86221,38795],[0,0]],[[86300,38817],[16,13],[-16,-13]],[[86388,39003],[22,10],[-22,-10]],[[86359,39142],[-8,5],[8,-5]],[[86440,39213],[0,0]],[[81386,36386],[-126,-193],[-111,-40],[19,-88],[-74,-59],[-41,7],[32,75],[-132,88],[48,78],[-202,61],[-125,136],[25,36],[-73,172],[-49,19],[-61,127],[-94,48],[27,251],[-189,147],[7,115],[39,17],[-54,169],[-151,77],[-46,84],[-55,15]],[[81692,38617],[317,-173],[80,-115],[77,-40]],[[82166,38289],[2,-70],[-2,70]],[[82166,38289],[266,61],[467,248],[179,-368],[226,-139]],[[83304,38091],[-28,-36],[-78,-72],[78,72],[28,36]],[[83304,38091],[122,-212],[-10,-88]],[[83416,37791],[-65,-183],[-225,-238],[-73,-260],[-169,-80],[-55,-64],[-273,-440],[-67,-234],[70,-24],[-141,-134]],[[82418,36134],[-99,-112],[-244,137],[-19,46],[-55,-78],[-61,-23],[-61,82],[10,59],[92,59],[1,57],[-243,-24],[-160,62],[-193,-13]],[[81388,37118],[0,0]],[[82099,37082],[170,-126],[-170,126]],[[82099,37082],[0,0]],[[82622,37358],[0,0]],[[82994,37725],[0,0]],[[82102,37917],[15,81],[27,22],[-27,-22],[-15,-81]],[[82102,37917],[0,0]],[[82057,37815],[-39,-24],[39,24]],[[81870,37750],[0,-44],[0,44]],[[81827,37607],[0,-2],[0,2]],[[81752,37545],[-72,-28],[72,28]],[[81466,37491],[0,0]],[[81424,37457],[-14,-12],[14,12]],[[81277,37476],[0,0]],[[81195,37457],[0,0]],[[81195,37457],[2,24],[-2,-24]],[[81059,37463],[0,0]],[[81003,37450],[0,0]],[[82363,40026],[-81,-32],[-173,-217],[-147,-111]],[[80642,40329],[97,38],[-2,116],[39,-34],[47,57],[-43,158],[-93,121],[42,51],[-133,143],[62,50],[178,23],[241,-50],[-8,-95],[89,43],[146,-22],[-6,52],[119,-6],[17,99],[104,16],[7,53],[-56,60],[68,48],[67,-27],[53,29],[-32,34],[34,30],[143,77],[40,-9],[37,45],[-180,67],[-283,-5],[100,84],[2,46],[-45,197],[-104,63],[59,200],[-121,7],[18,100],[99,92],[-141,177],[49,143],[-77,37],[16,97],[-62,60],[46,46],[-233,121],[78,117],[-214,180],[-10,43],[64,16],[-6,66],[-69,66],[76,46],[-35,118],[-118,105],[2,117],[-50,23],[-48,-26],[-71,51],[75,163],[-94,62],[43,58],[-10,130],[-115,20],[-135,74],[-83,129],[-17,113],[116,93],[17,94],[-89,60],[-354,14],[-36,48],[81,86],[873,461],[-72,179],[24,46],[147,67],[111,103],[-158,567],[197,-21],[149,-120],[146,-64],[44,196],[88,60],[134,-2],[64,-397],[-42,-169],[-120,-115],[217,-5]],[[83661,43631],[33,-77],[-99,-115],[-69,-12],[51,-106],[-32,-39],[248,-402],[529,-479],[140,-202],[95,-291],[22,-536],[207,-553],[191,-259]],[[84977,40560],[-645,-267],[-203,-33],[-401,62],[-300,170],[-83,-31],[-26,-121],[-101,-23],[-105,-119],[-159,-66],[-24,-49],[-209,-74],[1,-46],[-40,13],[26,70],[96,76],[-111,126],[108,30],[-2,83],[-131,5]],[[82668,40366],[34,30]],[[82702,40396],[0,0]],[[82702,40396],[-29,13],[-22,-39]],[[82651,40370],[-273,9],[-59,-260],[44,-93]],[[81835,41119],[0,0]],[[81872,41081],[0,0]],[[81909,41046],[51,-18],[71,28],[57,-16],[-57,16],[-71,-28],[-51,18]],[[81909,41046],[0,0]],[[82262,41033],[0,0]],[[82402,41059],[0,0]],[[82438,41061],[0,0]],[[82402,41059],[36,2]],[[82575,41028],[18,29]],[[82593,41057],[-18,-29]],[[82622,41073],[0,0]],[[82593,41057],[29,16]],[[82854,40964],[12,14],[-12,-14]],[[82842,40904],[0,0]],[[82777,40831],[-12,-54],[20,-11],[-19,11],[11,54]],[[82777,40831],[0,0]],[[82717,40574],[34,-14],[-29,-76],[29,76],[-34,14]],[[82802,40501],[0,0]],[[82927,40488],[0,0]],[[82856,40445],[0,0]],[[81795,41017],[0,0]],[[81923,40818],[-30,21],[-6,55],[6,-55],[30,-21]],[[81969,40805],[0,0]],[[82276,40638],[0,0]],[[82424,40597],[-20,29],[20,-29]],[[82655,40579],[0,0]],[[82888,40642],[34,-54]],[[82963,40602],[-41,-14]],[[82922,40588],[-34,54]],[[82888,40642],[22,23],[54,-26],[-55,65]],[[82909,40704],[0,0]],[[82982,40578],[104,0],[-104,0]],[[82963,40602],[19,-24]],[[83182,40513],[121,17],[-194,9],[73,-26]],[[83290,40894],[0,0]],[[83290,40856],[35,8],[-35,30]],[[83290,40894],[0,-38]],[[83438,40997],[0,0]],[[83438,40997],[40,-13],[20,-25],[-20,25],[-40,13]],[[83251,41009],[33,-7],[34,4],[-34,-4],[-33,7]],[[83006,41149],[19,-13],[21,-54],[-21,54],[-19,13]],[[82815,41238],[-22,-37],[22,37]],[[82815,41238],[0,0]],[[82727,41182],[0,0]],[[82298,44315],[-61,255]],[[82237,44570],[86,-30],[-86,30]],[[82237,44570],[-19,275],[-145,661],[-231,307]],[[81842,45813],[133,17],[46,51],[63,448],[75,108],[667,340],[342,242],[365,166]],[[83533,47185],[6,-69],[-6,69]],[[83533,47185],[265,183],[124,2],[248,-58],[226,246],[230,-32],[89,39],[29,59]],[[84744,47624],[181,-232],[126,-246],[308,-918],[124,-589],[197,-578],[97,-543]],[[85777,44518],[-868,-373],[-237,4],[-368,-71],[-176,-108],[-22,-67],[-122,-8],[-125,71],[-58,-59],[-94,-21],[-19,-69],[69,-105],[-64,-14],[-32,-67]],[[83661,43631],[-35,69],[-46,-6],[-47,-81],[-43,-7],[-104,68],[-112,7],[49,26],[-20,22],[-152,22],[-183,-95],[-465,377],[-205,282]],[[82427,44516],[0,0]],[[82623,44592],[0,0]],[[82713,44663],[0,0]],[[82839,44660],[0,0]],[[82902,44706],[0,0]],[[82982,44711],[0,0]],[[83167,44755],[0,0]],[[83196,44734],[49,-1],[-59,89],[40,-67],[-30,-21]],[[83167,44755],[29,-21]],[[83481,44382],[34,33],[47,5],[-48,-2],[-33,-36]],[[83595,44456],[0,0]],[[83725,44493],[4,44],[58,9],[-58,-9],[-4,-44]],[[83825,44525],[0,0]],[[83936,44552],[51,48],[-51,-48]],[[84245,44592],[0,0]],[[84246,44776],[28,-44]],[[84274,44732],[0,0]],[[84346,44836],[21,6],[-21,-6]],[[84246,44776],[100,60]],[[84453,44896],[0,0]],[[84704,45130],[0,0]],[[84738,45288],[0,0]],[[84988,45519],[0,0]],[[85198,45584],[0,0]],[[85225,45691],[0,0]],[[85271,45798],[56,2],[76,30],[-76,-30],[-56,-2]],[[85271,45798],[0,0]],[[82485,44067],[61,18],[-61,-18]],[[82714,44072],[0,0]],[[82908,44053],[-75,-21],[75,21]],[[82908,44053],[0,0]],[[83043,44095],[25,-2],[-25,2]],[[83100,44069],[0,0]],[[83289,43960],[-129,77],[129,-77]],[[83289,43960],[80,-30],[-80,30]],[[83499,43921],[0,0]],[[83698,43917],[-42,-1],[42,1]],[[83698,43917],[16,48],[-16,-48]],[[83608,44010],[0,0]],[[83572,44052],[0,0]],[[83711,44112],[0,0]],[[83711,44112],[-74,53],[74,-53]],[[83572,44187],[0,0]],[[83549,44241],[-50,24],[50,-24]],[[82951,46274],[21,22],[-21,-22]],[[83045,46324],[5,56],[-5,-56]],[[83089,46416],[0,0]],[[83207,46481],[0,0]],[[83207,46483],[-4,74],[4,-74]],[[83269,46667],[-5,-58],[5,58]],[[83269,46667],[167,96],[-167,-96]],[[83538,46923],[21,72],[-21,-72]],[[83166,44838],[0,0]],[[83197,44989],[5,18],[-5,-18]],[[83127,45074],[0,0]],[[83193,45141],[0,0]],[[83247,45162],[0,0]],[[83248,45359],[33,-58],[-33,58]],[[83274,45377],[39,19],[-65,-37]],[[83248,45359],[26,18]],[[83308,45420],[-4,23],[4,-23]],[[83266,45564],[22,28],[-22,-28]],[[83273,45608],[0,0]],[[83187,45619],[0,0]],[[83174,45646],[0,0]],[[83205,45774],[7,1],[-7,-1]],[[83257,45882],[54,14],[-54,-14]],[[83325,45935],[-30,37],[30,-37]],[[83241,46004],[0,0]],[[83078,46035],[0,0]],[[83072,46043],[4,54],[-4,-54]],[[79572,39344],[-61,40],[-49,200],[-186,7],[45,18],[-29,47],[62,52],[59,-50],[77,49],[68,124],[345,132],[195,188]],[[80098,40151],[0,0]],[[80098,40151],[112,116],[108,25],[29,80],[135,65],[72,1],[-74,70],[42,51],[102,-38],[-25,-100],[43,-92]],[[80642,40329],[78,-29],[-14,-93],[135,-37],[26,-40],[58,-6],[61,39],[174,-140],[196,-70],[20,-168],[65,-68],[13,-111],[102,-76],[84,22],[-33,60],[165,29],[58,66],[120,9],[12,-50]],[[81962,39666],[48,-84],[-62,-26],[25,-33],[95,-18],[-35,-35],[23,-25],[46,18],[102,-52],[-97,-68],[196,-17],[96,-70],[-16,-70],[46,-67],[71,-7],[71,-61],[-325,-208],[-448,-154],[-106,-72]],[[81692,38617],[-121,6],[-118,-34],[-441,-183],[-180,-145],[-276,-341],[-275,100],[-134,-19],[-65,-50],[-82,-223]],[[80000,37728],[-128,25],[-80,-31],[-95,37],[-28,24],[27,33],[-216,136],[-58,117],[206,250],[-40,-9],[-58,137],[52,92],[-27,60],[52,168],[76,70],[48,-2],[-9,43],[-67,13],[25,64],[-36,26],[4,102],[47,37],[-101,22],[-92,170],[16,63],[54,-31]],[[79572,39344],[54,-1]],[[79626,39343],[0,0]],[[80144,39413],[80,104],[-26,-31],[-54,-73]],[[80007,39324],[0,0]],[[80389,39626],[-45,-47],[45,47]],[[80152,39720],[0,0]],[[80054,39780],[17,-10],[-46,36],[29,-26]],[[80022,39869],[0,0]],[[80224,39882],[61,8],[-61,-8]],[[80224,39882],[-132,-1],[132,1]],[[80332,39952],[0,0]],[[80263,39977],[20,-12],[-20,12]],[[80143,40129],[0,0]],[[60542,34746],[-227,197],[-134,392]],[[60181,35335],[116,8],[-116,-8]],[[60181,35335],[-90,339],[-168,386],[-113,180],[-358,387]],[[62258,35277],[-22,35]],[[62236,35312],[0,0]],[[62236,35312],[25,-39],[-109,-110]],[[61687,35045],[-17,63],[4,-42]],[[60647,35286],[0,0]],[[60679,35380],[0,0]],[[60818,35666],[0,0]],[[60763,35759],[0,0]],[[60831,35888],[0,0]],[[60865,36023],[-3,5],[-6,-67],[9,62]],[[60918,35966],[16,44],[186,-17],[-186,17],[-16,-44]],[[61332,35987],[-69,37],[69,-37]],[[61474,35960],[176,-66],[-45,18],[-131,48]],[[61332,35987],[142,-27]],[[61579,35237],[0,0]],[[61482,35273],[-85,82],[49,-53],[36,-29]],[[61482,35273],[97,-36]],[[61293,35459],[39,-68],[-39,68]],[[61185,35554],[-81,67],[81,-67]],[[61185,35554],[43,-26],[-43,26]],[[61049,35726],[0,0]],[[60975,35834],[0,0]],[[60918,35965],[16,-84],[-16,84]],[[61657,35753],[0,0]],[[61924,35631],[0,0]],[[61924,35631],[-18,61],[18,-61]],[[62059,35549],[-61,19],[61,-19]],[[62059,35549],[0,0]],[[62109,35409],[-2,63],[2,-63]],[[61702,35201],[0,0]],[[60274,36069],[0,0]],[[60360,35900],[0,0]],[[60441,36038],[-40,-52],[40,52]],[[60777,36090],[77,-46],[-5,9],[-72,37]],[[60777,36090],[-34,1],[34,-1]],[[59277,36948],[-54,-103],[-42,-9],[-242,108],[-182,164],[212,47],[293,-133],[15,-74]],[[59029,37278],[260,-231],[-299,99],[-49,47],[-77,-42],[-124,-3],[-294,423],[-6,29],[99,45],[24,66],[255,55],[65,-83],[-3,-165],[52,-128],[97,-112]],[[58128,37806],[54,-26],[46,-95],[-122,-81],[-45,5],[-91,82],[-20,90],[115,-13],[63,38]],[[57383,37861],[217,-87],[125,-88]],[[57725,37686],[-173,-3]],[[57552,37683],[-183,84],[14,94]],[[58022,37806],[77,12],[-42,-35],[-35,23]],[[58404,37653],[-70,226],[31,68],[129,68],[268,-191],[1,-37],[-133,-67],[-47,25],[-43,-17],[-45,-97],[-91,22]],[[58067,37867],[0,-27],[-112,-22],[-31,108],[143,-59]],[[57493,37927],[-35,106],[40,159],[31,9],[204,-120],[23,-161],[107,-118],[23,-83],[-70,7],[-279,142],[-44,59]],[[56919,38019],[-11,-52],[138,-94]],[[57046,37873],[-103,59],[-117,17],[19,126]],[[56845,38075],[74,-56]],[[56944,38006],[32,-15],[-5,-35],[-40,9],[13,41]],[[57813,37947],[-59,54],[16,48],[37,-65],[6,-37]],[[57477,38209],[-64,-252],[25,-43],[-45,-18],[-91,108],[6,80],[95,63],[-14,79]],[[57389,38226],[196,38]],[[57585,38264],[-23,-57],[-85,2]],[[57091,38168],[34,5],[46,-58],[-21,-8],[-59,61]],[[56950,38114],[-41,15],[-29,117]],[[56880,38246],[107,-28]],[[56987,38218],[70,-156],[-107,52]],[[57211,38164],[-14,54]],[[57197,38218],[166,7]],[[57363,38225],[21,-67],[-43,-34],[-84,-19],[-46,59]],[[57780,38090],[-163,90],[5,127],[170,-101],[-12,-116]],[[56806,38218],[-21,45]],[[56785,38263],[39,-12]],[[56824,38251],[-18,-33]],[[58172,38510],[-23,-113],[287,-304],[-42,-79],[-172,-127],[-130,1],[-204,154],[-25,149],[-202,216]],[[58004,38629],[81,-87],[87,-32]],[[61198,37098],[-605,254],[-112,-81],[97,-65],[-324,-1],[15,-217],[-27,10],[-346,-393],[-134,30],[-310,-8]],[[59452,36627],[-36,42],[3,363],[-55,143],[-329,242],[-90,296],[-599,563],[-33,115],[-217,271]],[[61743,36737],[-121,69],[-165,169],[-259,123]],[[59989,38795],[0,0]],[[59911,38825],[78,-30]],[[59883,38871],[47,26],[-47,-26]],[[59911,38825],[-28,46]],[[60061,38809],[0,0]],[[60275,38845],[0,0]],[[60582,38870],[0,27],[-95,-64],[95,37]],[[60510,38603],[0,0]],[[60569,38550],[0,0]],[[60419,38530],[0,0]],[[60238,38653],[0,0]],[[60314,38561],[0,0]],[[60324,38725],[-54,6],[101,-19],[-47,13]],[[60028,39136],[36,23],[7,75],[-7,-75],[-36,-23]],[[60281,39196],[-32,15],[97,-41],[-65,26]],[[60494,39109],[-20,61],[-17,-7],[37,-54]],[[60494,39109],[0,0]],[[59954,38986],[0,0]],[[60479,38990],[21,-24],[-21,24]],[[60013,39094],[0,0]],[[60512,39060],[-26,-3],[26,3]],[[59329,36888],[-52,12],[3,113],[50,-4],[-1,-121]],[[57990,38901],[-115,-59],[-3,-35],[132,-178]],[[58004,38629],[-279,-100],[-64,-122]],[[57661,38407],[-2,2]],[[57659,38409],[-79,109]],[[57580,38518],[-513,616],[-57,118],[-178,99],[-87,110]],[[56745,39461],[-125,101]],[[56620,39562],[30,176]],[[56650,39738],[211,267],[-19,80]],[[56842,40085],[11,35]],[[56853,40120],[176,24],[16,33],[-263,92],[181,150],[-135,235]],[[56828,40654],[-29,29]],[[56799,40683],[88,28],[25,44],[96,-1],[310,148],[132,12]],[[57450,40914],[326,-67],[512,-303],[312,185],[3,45],[209,92],[-86,44]],[[58726,40910],[9,46],[148,33],[259,127],[332,2]],[[60471,40591],[-46,40],[-42,-30],[10,-141],[-193,-32],[-150,-124],[-123,-315],[-160,-181],[-89,17],[-39,-120],[-219,39],[-80,-33],[-153,16],[-173,-141],[-118,20],[-43,78],[-119,-17],[149,-193],[-54,-73],[-172,119],[-77,-187],[-73,-36],[-107,12],[5,-43],[176,-99],[98,7],[145,-153],[101,-6],[-35,-249],[-174,1],[-352,-92],[-268,-13]],[[58096,38662],[-186,155],[140,104],[-14,45],[-308,112],[-7,68],[137,13],[-16,17],[-139,-4],[11,-107],[288,-112],[-12,-52]],[[58707,40665],[12,34],[-6,19],[-1,-1],[-5,-52]],[[58704,40624],[0,0]],[[58707,40665],[-3,-41]],[[58754,40763],[0,0]],[[58842,40722],[-1,2],[-73,38],[74,-40]],[[58857,40629],[0,0]],[[58836,40559],[35,-10]],[[58871,40549],[-35,10]],[[58961,40565],[0,0]],[[58871,40549],[90,16]],[[59010,40312],[-9,51]],[[59001,40363],[9,-51]],[[59042,40409],[0,0]],[[59001,40363],[41,46]],[[59026,40248],[44,3],[-1,29],[-43,-32]],[[58890,40223],[-125,-3],[3,-3],[122,6]],[[58890,40223],[0,0]],[[58749,40320],[23,10],[62,43],[-85,-53]],[[58724,40253],[0,0]],[[58818,40385],[0,0]],[[58756,40384],[0,0]],[[58670,40479],[-5,-32],[5,32]],[[59481,40495],[0,0]],[[59128,40708],[-2,-11],[18,13],[-16,-2]],[[59391,40717],[14,-64],[3,-8],[1,26],[-18,46]],[[59481,40519],[0,23],[0,-23]],[[59029,40555],[37,-17],[-37,17]],[[59237,40703],[154,14]],[[59391,40717],[-154,-14]],[[59158,40712],[29,-16],[23,4],[-25,14],[-27,-2]],[[57058,39077],[125,-130],[52,-140]],[[57235,38807],[-125,106],[-123,190]],[[56987,39103],[71,-26]],[[56923,39197],[-113,152]],[[56810,39349],[170,-83],[23,-80],[-80,11]],[[60970,40300],[-206,-6],[-44,61],[102,83],[-59,62],[-109,95],[-183,-4]],[[60471,40591],[-88,141],[-266,100],[-139,91],[-181,27],[-168,127],[-155,41]],[[59474,41118],[41,22],[74,-22],[-29,50],[34,30],[-11,81],[54,56],[-30,61],[50,241],[82,88],[-48,59],[480,66],[-6,94],[50,47],[137,10],[195,71],[4,85],[56,19],[5,40],[190,67],[47,59],[-93,53],[5,133],[176,46],[37,-16],[240,90],[134,3]],[[61348,42651],[121,-17],[25,-52],[222,30],[207,-151]],[[61923,42461],[47,-113],[158,8],[21,49],[60,-12],[-46,-112],[232,8],[102,-53],[98,17],[185,-43]],[[62780,42210],[305,37],[83,-92],[67,-4],[14,-119]],[[61653,40295],[-26,-82],[-49,-11],[-125,61],[-62,-5],[-26,-120],[-90,-66],[-43,23],[-200,-18],[-14,63],[77,101],[-125,59]],[[60842,41892],[-20,-13],[20,13]],[[60842,41892],[58,-5],[90,24],[-58,-14],[-90,-5]],[[61061,41913],[30,80]],[[61091,41993],[-3,21],[3,-21]],[[61091,41993],[-30,-80]],[[61129,41688],[109,56]],[[61238,41744],[66,15],[33,30],[-33,-30],[-66,-15]],[[61238,41744],[-109,-56]],[[61078,41510],[116,16]],[[61194,41526],[0,0]],[[61194,41526],[-121,5],[5,-21]],[[61078,41510],[0,0]],[[61243,41430],[106,-36]],[[61453,41339],[71,-25],[17,0],[-88,25]],[[61453,41339],[-104,55]],[[61349,41394],[-106,36]],[[61141,41120],[0,0]],[[61040,41064],[-67,29],[42,-25],[25,-4]],[[61040,41064],[0,0]],[[60813,41173],[0,0]],[[60888,41204],[63,56],[-18,-9],[-45,-47]],[[60888,41204],[-75,-31]],[[61006,41244],[0,0]],[[60986,41296],[0,0]],[[61049,41313],[-3,-13],[3,13]],[[61092,41343],[0,0]],[[61169,41202],[-22,41],[22,-41]],[[60760,41115],[-4,-12],[4,12]],[[60862,41038],[0,0]],[[61206,42054],[-6,5],[-33,-1],[39,-4]],[[61247,41518],[115,-16]],[[61389,41516],[-27,-14]],[[61362,41502],[-115,16]],[[61395,41556],[-6,-40]],[[61389,41516],[6,40]],[[61506,41505],[0,0]],[[61556,41375],[-3,-60],[1,0],[2,60]],[[61556,41375],[45,6],[-45,-6]],[[61265,42017],[0,0]],[[61265,42017],[66,-85],[-66,85]],[[61829,33635],[115,-46],[133,-111],[-94,-39],[-182,31],[-23,-21],[298,-66],[122,-56],[82,-63],[-16,-20],[-475,15],[-397,274],[-125,237],[347,52],[49,-110],[-91,-7],[112,5],[102,-80],[43,5]],[[62167,33996],[-229,81],[-179,153],[-230,111],[-480,57],[-507,348]],[[60542,34746],[544,216],[275,70],[145,-20],[80,27]],[[61586,35039],[88,27]],[[61674,35066],[13,-21]],[[61687,35045],[60,-14],[96,34],[23,51],[101,-35],[64,102],[121,-20]],[[62152,35163],[106,114]],[[62258,35277],[13,47],[184,75],[126,-48],[92,8],[144,73],[38,58],[17,-132],[237,-58],[107,62],[322,-150]],[[63963,33605],[-39,-32],[17,-87],[-17,87],[39,32]],[[64086,33417],[0,0]],[[64195,32978],[-56,-53],[-31,22],[-89,-14],[-171,64],[-383,272],[106,11]],[[63571,33280],[60,-19],[-60,19]],[[63571,33280],[-113,-7],[-132,51],[-298,161],[-372,296],[-489,215]],[[62246,34685],[40,-2],[100,-10],[-99,16],[-41,-4]],[[62451,34596],[153,-50],[-153,50]],[[62628,34440],[-26,-16],[27,0],[-1,16]],[[62628,34440],[0,0]],[[62413,34236],[8,-11],[44,3],[-52,8]],[[62490,33997],[81,23],[-1,0],[-80,-23]],[[62242,34060],[9,-36],[-9,36]],[[62128,34204],[-20,-65],[20,65]],[[62043,34215],[15,-16],[-15,16]],[[62138,34340],[2,29],[-2,-29]],[[62290,34460],[-74,12],[-81,-2],[77,0],[78,-10]],[[62183,34210],[50,3],[-50,-3]],[[62153,34274],[0,0]],[[62167,34677],[-103,0],[103,0]],[[62066,34617],[0,0]],[[62132,34574],[0,0]],[[63988,33386],[0,0]],[[64016,33254],[0,0]],[[64036,33162],[0,0]],[[64048,32975],[0,0]],[[64048,32975],[-31,67],[31,-67]],[[62685,34228],[0,0]],[[62715,34054],[-8,-44],[8,44]],[[62715,34054],[-29,73],[11,61],[-11,-61],[29,-73]],[[62773,31570],[-211,-47]],[[62562,31523],[-24,41]],[[62538,31564],[-754,954]],[[61784,32518],[563,-136],[668,-69],[357,-201],[218,-225]],[[64395,32786],[-73,35],[76,12]],[[64398,32833],[-3,-47]],[[63806,37887],[-20,111],[-109,112],[117,147],[88,1],[1,52],[-123,38],[-90,104],[129,26],[-14,41],[-90,-17],[-11,35],[153,128],[-17,91],[73,23],[-34,21],[45,39],[-20,36],[-67,6],[-10,30],[190,91],[49,104],[-41,21],[29,21],[-22,58],[80,30],[-129,37],[84,41],[-53,86],[34,91]],[[66631,38684],[-17,36],[-9,17],[26,-53]],[[66564,38711],[16,21],[-3,1],[-13,-22]],[[66349,39002],[21,52]],[[66370,39054],[-21,-52]],[[66352,39136],[18,-82]],[[66370,39054],[-18,82]],[[66199,38811],[-102,16],[103,-17],[32,139],[-33,-138]],[[66303,39003],[-8,1],[-1,-53],[9,52]],[[67487,38815],[-10,3],[-102,4],[56,-8],[56,1]],[[66803,39220],[0,0]],[[63207,39576],[-22,77],[-147,2],[-5,66],[46,25],[-28,33],[-190,57],[-13,-79],[-227,-106],[-3,128],[-143,86],[3,103],[-69,40],[-140,13],[4,32],[57,-10],[-14,69],[-109,-14],[-208,48],[-146,-69],[-128,65],[12,114],[-84,39]],[[61653,40295],[111,178],[60,-4],[20,57],[156,-63],[60,48],[-32,64],[245,-28],[34,26],[-30,78],[-83,-9],[-57,106],[11,72],[-206,87],[-52,135],[141,27],[177,-97],[110,-9],[2,56],[-81,116],[-81,34],[98,8],[13,43],[111,7],[28,-64],[155,68],[26,125],[183,-92],[100,33],[0,172],[-84,26],[7,63],[65,26],[6,55],[84,4],[5,96],[105,18],[5,154],[-36,29],[90,46],[7,41],[123,5]],[[63249,42032],[50,-22],[73,35],[247,24]],[[63619,42069],[128,-104],[-33,-131],[25,-54],[253,36],[50,-11],[28,-70],[271,23],[18,-35],[104,-10],[66,-112],[56,-7],[88,57],[-4,45],[148,43],[70,-210]],[[64050,39540],[-22,-49]],[[64028,39491],[-139,32],[-100,-15],[-35,-103],[-181,121],[-16,74],[-70,19],[-106,-91],[-174,48]],[[63366,41045],[28,-26]],[[63394,41019],[1,31],[-29,-5]],[[63407,40987],[0,0]],[[63394,41019],[13,-32]],[[63352,40901],[0,0]],[[63426,40877],[5,19],[-2,0],[-3,-19]],[[63212,40889],[8,-2],[108,-16],[-116,18]],[[63223,40790],[33,5]],[[63300,40743],[106,7],[-5,-58],[16,60],[-117,-9]],[[63300,40743],[-44,52]],[[63256,40795],[-33,-5]],[[63345,40608],[0,0]],[[63366,40535],[0,0]],[[63252,40570],[-66,-3],[9,-16],[57,19]],[[63252,40570],[57,-34]],[[63309,40536],[0,0]],[[63236,40630],[0,0]],[[63060,40943],[3,79]],[[63063,41022],[23,-106],[-26,27]],[[63069,41123],[-14,16]],[[63055,41139],[19,-50],[-5,34]],[[63004,41138],[0,0]],[[63055,41139],[-51,-1]],[[63063,41022],[0,0]],[[63170,41071],[0,0]],[[63573,40859],[0,0]],[[63772,40807],[-12,23],[-71,15],[71,-15],[12,-23]],[[63720,40914],[0,0]],[[63644,40944],[0,0]],[[63639,40996],[-1,32],[-14,3],[15,-35]],[[63602,41035],[-17,3],[0,-7],[17,4]],[[69853,35273],[-141,-368],[-52,-50],[-141,-44],[-60,18],[-168,168],[-25,-7],[72,-93],[-46,1],[-222,142],[-42,78],[-64,33],[-203,-45],[-227,9],[-27,180],[-110,42],[-21,-24],[75,-53],[23,-168],[51,-76],[153,60],[173,5],[-11,-36],[154,-45],[359,-276],[11,-114],[-100,-49],[-146,-17],[-99,37],[63,-55],[196,10],[232,91],[105,-5],[68,-54],[401,-531],[40,-182]],[[69638,38038],[42,-28],[-5,-51],[46,36],[80,-35],[81,141],[115,-13],[47,48],[3,103],[187,-29],[144,-64]],[[70378,38146],[107,8]],[[70485,38154],[155,98],[42,76],[63,13],[47,-81],[142,19],[196,87]],[[71130,38366],[150,-24],[22,69]],[[71302,38411],[59,-12],[38,-97],[205,-161]],[[71604,38141],[-36,-37],[-181,40],[-8,-175]],[[71379,37969],[-90,-38],[-109,18],[-109,-33],[-32,-104],[115,-101],[-82,-137],[-68,-40],[32,-63],[-72,-129]],[[70964,37342],[-39,-19]],[[70925,37323],[-231,-22],[-31,-76],[47,-34],[293,-39]],[[71003,37152],[11,-165],[79,-90],[62,-6]],[[71155,36891],[-29,-53]],[[71126,36838],[-327,69],[-108,-76],[35,-120],[337,-214]],[[71063,36497],[0,-117],[41,-63],[335,-64],[427,-218],[292,-47],[49,-116],[-412,-35],[-746,60],[-302,-46],[-200,-67],[-458,-253],[-236,-258]],[[70343,38102],[-61,-17],[61,17]],[[70343,38102],[0,0]],[[70194,38036],[-15,-19]],[[70179,38017],[0,0]],[[70179,38017],[35,39],[-20,-20]],[[69992,37855],[0,0]],[[70349,37589],[0,0]],[[70425,37566],[-76,23]],[[70349,37589],[76,-23]],[[70494,37580],[0,0]],[[69746,37584],[0,0]],[[69867,37578],[55,-28],[-3,15],[-52,13]],[[69867,37578],[0,0]],[[69964,37753],[-66,-39]],[[69898,37714],[66,39]],[[70003,37772],[2,-20]],[[70005,37752],[0,0]],[[70005,37752],[-2,20]],[[70260,37644],[34,1],[-34,-1]],[[70225,37529],[0,0]],[[70120,37565],[0,0]],[[69997,37547],[0,0]],[[69714,37633],[106,74],[24,12],[-27,-10],[-103,-76]],[[69893,37737],[5,-23]],[[69898,37714],[-5,23]],[[69985,37822],[7,33]],[[69992,37855],[3,-60],[-10,27]],[[70597,37506],[23,-7],[-6,4],[-17,3]],[[71380,34938],[-105,-199],[-239,-285],[-337,-190],[-249,-83]],[[70450,34181],[-280,260],[-111,257],[155,501],[211,251],[282,81],[182,14],[659,-60],[622,-196],[276,-142],[-46,-25]],[[72400,35122],[-872,274],[-148,-458]],[[72495,35127],[144,-77]],[[72639,35050],[-195,59]],[[72444,35109],[51,18]],[[73770,35386],[-59,138]],[[73711,35524],[4,20]],[[73715,35544],[104,-52],[277,-352]],[[74096,35140],[-326,246]],[[72951,35782],[-398,216]],[[72553,35998],[407,-76],[141,-68]],[[73101,35854],[-45,-80],[-105,8]],[[71826,36207],[-50,53],[-321,115]],[[71455,36375],[383,111],[67,75],[109,-67],[99,-217]],[[72113,36277],[-138,-10],[-62,-49],[-87,-11]],[[71578,37417],[-89,-2],[-185,143],[-46,-205]],[[71258,37353],[-87,14],[-28,65],[40,73],[80,11],[-12,65],[-80,50],[53,86],[-39,49],[-70,17],[10,74]],[[71125,37857],[114,-66],[143,26],[-16,-31]],[[71366,37786],[-109,-113]],[[71257,37673],[-5,-74],[32,-10],[149,11],[133,50],[15,-38],[-98,-109],[95,-86]],[[71309,37915],[84,35]],[[71393,37950],[34,-61],[-39,-13],[-79,39]],[[63902,25050],[246,-79],[449,-246],[397,5],[34,-22],[50,-147],[-359,-610],[-83,14],[-70,-54],[-139,-21],[-208,-92],[-211,-3],[-182,-79],[-106,31],[-215,201],[1,681]],[[63506,24629],[179,347]],[[63685,24976],[217,74]],[[64646,26522],[-122,-293],[-116,-53],[-8,71]],[[64400,26247],[78,179]],[[64478,26426],[114,110],[38,13],[16,-27]],[[64489,27995],[68,196],[-23,165],[-217,276],[-67,184]],[[64250,28816],[140,17],[397,-173],[149,-162],[-51,-173],[-169,-286],[-26,-147],[-299,-522]],[[64391,27370],[-18,202],[60,205]],[[64433,27777],[56,218]],[[64525,29142],[263,272],[107,60],[86,-19],[147,-252],[-316,-289],[-261,140],[-26,88]],[[63926,29608],[-78,158],[-429,565]],[[63419,30331],[49,11],[200,-115],[348,-743]],[[64016,29484],[-90,124]],[[64653,29882],[-107,-442],[-182,-111],[-111,-12],[-112,141],[-54,222],[-169,355],[-54,45],[-13,144],[168,117],[-15,85],[342,-19],[6,-68],[133,-48],[49,-163],[80,-77],[39,-169]],[[64666,29874],[-25,201],[120,-73],[2,-128],[-16,-103],[-146,-281],[-29,51],[94,333]],[[63896,29920],[40,15],[-4,-88],[-36,73]],[[63831,30016],[33,33],[12,-81],[-29,9],[-16,39]],[[64569,30125],[-32,138],[-148,87],[-15,66],[-402,21],[33,-74],[-137,-93],[-39,10],[-87,422],[148,169],[-70,67],[-74,9],[-4,31],[206,27],[267,-33],[559,-206],[88,-61],[121,-165],[-9,-283],[-186,-199],[-219,67]],[[63760,30607],[-9,-114],[48,-101],[-31,-100],[-338,78],[-34,60],[10,237],[139,257],[55,-13],[27,-54],[119,78],[118,-39],[-155,-225],[51,-64]],[[63260,31080],[220,-17],[-131,-330],[-8,-291]],[[63341,30442],[-406,604]],[[62935,31046],[325,34]],[[63689,31722],[96,111],[39,-187],[-76,-189],[-162,-12],[-99,73],[-12,50],[42,69],[172,85]],[[63665,31760],[-100,-75],[-162,-59],[-297,-47],[-333,-9]],[[62773,31570],[817,317]],[[63590,31887],[75,-127]],[[65445,24170],[-19,47],[104,103],[194,43],[110,-30],[-6,-46],[-206,-109],[-177,-8]],[[66973,25564],[-62,-69],[-229,10],[-158,-61],[-221,-140],[-511,-420],[-165,-54],[-316,-182],[-198,124],[-473,108],[-189,83],[-270,154],[-72,85],[1,43],[620,495],[434,634],[226,496],[174,644],[-28,149],[89,471],[3,129],[-157,461],[235,748],[-103,465],[1190,-464],[337,-47],[183,-152],[55,-109],[12,-111],[-78,-222],[44,-101],[94,-106],[566,-435],[91,-433],[-25,-198],[31,-199],[-64,-77],[9,-111],[-365,-629],[-90,-402],[-207,-113],[-70,-94],[-346,-175],[-18,-91],[56,-63],[-35,-41]],[[67010,28600],[76,1]],[[67086,28601],[61,12],[-61,-12]],[[67086,28601],[-76,-1]],[[66781,28585],[0,0]],[[66582,28560],[-28,-56],[28,56]],[[66534,28346],[0,0]],[[66531,28287],[59,-2],[-1,7],[-58,-5]],[[66727,28146],[124,6],[114,-20],[-114,20],[-124,-6]],[[66728,28118],[51,-56],[-51,56]],[[66728,28118],[0,0]],[[66843,27945],[0,0]],[[66721,27692],[0,0]],[[66719,27627],[2,-36],[0,5],[-2,31]],[[66719,27627],[36,23]],[[66755,27650],[0,0]],[[66444,27614],[0,-14],[60,-15],[-60,29]],[[67071,27855],[-9,189],[-3,91],[5,-190],[7,-90]],[[67111,27854],[-40,1]],[[67136,27867],[0,0]],[[67111,27854],[25,13]],[[67482,27871],[0,0]],[[67494,28212],[-18,0],[0,-19],[18,19]],[[67561,28357],[-2,-48],[2,48]],[[67585,28388],[0,0]],[[67371,28479],[0,0]],[[64945,27486],[218,59],[-181,-251],[-167,-52],[-30,24],[54,179],[106,41]],[[65053,27511],[-191,-26],[3,208],[84,182],[201,127],[89,-145],[0,-138],[-76,-129],[-110,-79]],[[64978,29049],[153,137],[52,-33],[18,-57],[-89,-97],[25,-21],[-276,-45],[117,116]],[[64979,29488],[80,80],[97,-55],[95,-144],[-30,-91],[-83,3],[-159,207]],[[65506,29532],[51,41],[13,-48],[-64,7]],[[66135,31995],[216,56],[168,176],[266,38],[145,98],[4,-120],[97,-17],[-36,-106],[45,-22],[99,22],[102,131],[53,8],[26,-36],[52,-235],[-108,-71],[6,-50],[129,-107],[57,-136],[-836,-126],[-207,-111],[-180,-150],[-336,382],[93,293],[145,83]],[[65803,31713],[-494,515],[-348,253],[-564,297],[1,55]],[[65588,32852],[85,-48],[211,-30],[42,-65],[122,-52],[153,-10],[27,48],[55,13],[274,-35],[70,-25],[75,-100],[259,-39],[-54,-84],[-134,-96],[-264,-55],[-156,-140],[-404,-185],[-146,-236]],[[65900,32786],[-280,70]],[[67898,32010],[-470,-66],[19,90],[-77,98],[-6,141],[-83,35],[-191,-156],[-1,98],[-79,-9],[-49,30],[-7,151],[54,100],[-53,37],[-195,2],[-175,124],[-316,43],[-133,-71],[-77,12],[-95,41],[-64,76]],[[67398,28860],[105,112],[38,-4],[159,-292],[-14,-51],[-184,60],[-95,77],[-9,98]],[[72450,29037],[-70,-13],[-130,79],[-106,-46],[-209,97],[-191,22],[-118,101],[-8,67],[456,284],[329,119],[336,176],[235,62],[377,-319],[-113,-160],[-1,-86],[-296,-252],[-379,-6],[-112,-125]],[[67215,30690],[-453,0],[-505,507],[206,188],[210,93],[827,109],[-32,170],[-72,73],[26,29],[262,73],[235,6]],[[68131,31145],[-25,-38],[33,-28],[-4,-104],[-149,-168],[-96,-47],[-253,-42],[-422,-28]],[[68739,31064],[73,32],[59,-20],[52,-84],[-31,-247],[-139,-85],[-144,37],[0,110],[130,257]],[[68128,31106],[6,15],[80,44],[-48,-107],[-38,48]],[[67599,35959],[-147,167],[-256,119]],[[67606,37907],[52,46],[78,-6],[45,51],[62,-48]],[[69104,37831],[14,-267],[54,-59],[1,-109],[54,-70],[75,-12],[-20,-95],[32,-94],[-203,-602],[169,-147],[-24,-36],[124,7],[-70,-76],[90,-30],[-32,-42],[192,-136],[-291,-133],[-94,-148],[154,-10],[233,-322],[-829,163],[-581,43],[-108,148],[-311,64],[-134,91]],[[68441,37283],[0,0]],[[68441,37283],[180,59]],[[68621,37342],[-180,-59]],[[68390,37145],[0,0]],[[68269,37067],[0,0]],[[68522,36904],[-16,-44]],[[68506,36860],[28,51],[-58,-5],[46,-2]],[[68482,36811],[34,-18],[-34,18]],[[68506,36860],[-24,-49]],[[68539,36722],[44,5],[-110,-6],[66,1]],[[68186,37153],[0,0]],[[68094,37089],[0,0]],[[68223,36949],[46,30],[-49,-30],[12,-53]],[[68232,36896],[-9,53]],[[68232,36896],[0,0]],[[68285,36885],[141,12],[13,5],[-154,-17]],[[68168,37047],[0,0]],[[68138,37091],[20,0],[-20,0]],[[68662,36940],[0,0]],[[68672,36992],[0,0]],[[68599,37002],[26,30]],[[68625,37032],[-26,-30]],[[68728,37137],[-39,7],[39,-7]],[[68728,37137],[-15,-53],[4,0],[11,53]],[[68611,37197],[10,-3],[-12,20],[2,-17]],[[68851,37094],[31,-31],[-31,31]],[[68851,37094],[0,0]],[[68842,36891],[4,32],[-4,-32]],[[68838,36855],[0,0]],[[68749,36935],[-2,-9],[2,9]],[[68625,37032],[0,0]],[[68636,37297],[-15,45]],[[68621,37342],[15,-45]],[[69451,38126],[123,12],[84,-84],[-20,-16]],[[69638,38038],[-246,-16],[-189,-181],[-99,-10]],[[69104,37831],[-231,162],[-219,-58],[-53,33],[-63,-44],[-63,16],[-101,-63],[12,-64],[-142,-27],[-28,57],[-148,-25],[-89,35],[-18,-45],[-93,11],[-25,131]],[[67843,37950],[127,11],[124,68],[126,-3],[20,110],[153,97],[14,116],[128,32],[40,127],[-26,61],[-53,-12],[12,49],[143,148],[-33,83],[-65,35],[-35,-17],[-100,54],[-230,11],[43,129],[-44,26],[-159,-9],[26,203],[106,-1],[40,94],[-171,17],[-2,83],[252,77],[-106,97]],[[67020,41071],[46,-2],[-11,66],[119,36]],[[67174,41171],[212,7],[188,57],[47,-58],[-17,-48],[101,-73],[12,-62],[102,16],[137,-34],[76,-108],[54,-10],[255,23],[111,32],[49,61]],[[68501,40974],[210,-4],[35,-96],[110,-14],[-5,77],[43,30],[58,-26],[158,31],[42,-122],[448,-58]],[[69600,40792],[-60,-116],[14,-87],[162,-54],[7,-29],[-78,-37],[78,-180],[-53,-110],[-72,-39],[33,-222],[-55,-159],[2,-272],[-51,-45],[5,-152],[-75,-38],[153,-60],[-20,-212],[70,-25],[1,-30],[-46,-358],[67,-163],[-116,-21],[-29,-59],[-115,44],[-21,-32],[36,-36],[-52,-29],[66,-145]],[[68853,39887],[0,0]],[[69016,39620],[0,0]],[[68665,39712],[0,0]],[[68672,39730],[-7,-18]],[[68665,39712],[7,18]],[[68656,39839],[8,22],[-11,-1],[3,-21]],[[68759,39870],[38,-1],[18,5],[-56,-4]],[[69263,39802],[-25,3],[25,-3]],[[69049,39928],[0,0]],[[69149,39902],[0,0]],[[69283,39969],[0,0]],[[69425,39923],[-61,-5],[61,5]],[[64916,39490],[-68,-78],[-59,20],[-41,86],[-92,37],[-49,73],[-26,-60],[-70,-27],[19,-128],[-66,-7],[-151,89],[-263,45]],[[64050,39540],[23,31],[-70,81],[21,73],[121,-2],[-5,278],[-74,28],[-2,71],[-74,11],[-74,68],[112,63],[52,2],[-10,-42],[63,17],[-158,205],[57,75],[-45,97],[97,-19],[49,24],[-38,71],[-96,8],[-17,29],[127,103],[-5,29],[-83,18],[-38,68],[87,58],[202,-20],[3,45],[-66,59],[7,58],[176,36],[79,118],[-8,68],[152,-3],[130,134],[142,49]],[[64887,41529],[61,-50],[-26,-73],[203,-189],[257,-35],[46,-60],[261,0]],[[65689,41122],[99,-44],[-49,-74],[104,-24],[122,25],[125,-15],[206,49],[121,-13],[95,57],[207,-15],[16,24],[181,11],[104,-32]],[[67020,41071],[-34,-128],[-112,-25],[-51,-55],[-93,3],[-41,-87],[126,-199],[-20,-99],[398,13],[73,-133],[194,-7],[39,-66],[56,-1],[78,-67],[120,5],[83,-311],[132,-18],[21,-67],[152,1],[12,-40],[214,-137],[-194,-17]],[[68173,39636],[-236,23],[-177,-30],[-365,53],[-101,-78],[-7,-154],[-447,-12],[-75,8],[3,158],[-268,-59],[-172,16],[-29,-43],[-115,-21],[-49,126],[-250,-19],[-218,23],[-47,42],[-558,48],[-74,-171],[-72,-56]],[[66067,40659],[20,-24],[-15,22],[-5,2]],[[66099,40544],[1,-4],[-4,30],[3,-26]],[[66121,40475],[0,2],[-11,32],[11,-34]],[[66101,40298],[-92,-8],[69,0],[13,-28],[10,36]],[[66101,40298],[0,0]],[[65750,40316],[-164,1],[6,135],[-6,-135],[164,-1]],[[65781,40323],[0,0]],[[65852,40298],[50,4]],[[65902,40302],[80,-24],[-32,18],[-48,6]],[[65902,40302],[-104,0],[54,-4]],[[65618,40493],[0,0]],[[65713,40495],[0,0]],[[65850,40552],[-20,-39],[-76,-5],[106,0],[-10,44]],[[65847,40686],[90,23],[-90,-23]],[[64679,32841],[-281,-8]],[[64398,32833],[-192,24],[-20,57],[155,3],[75,56],[115,18],[382,162],[447,79],[-72,-136],[-129,-13],[3,-29],[63,-44],[40,-101],[189,9],[118,56],[16,-122]],[[65588,32852],[-909,-11]],[[67627,32545],[-21,-18],[-92,76],[-104,2],[33,-105],[-54,-3],[-56,201],[-613,52],[12,46],[-83,27],[-459,58],[-570,-25]],[[65620,32856],[-14,133],[-162,-51],[-176,0],[-34,100],[123,114],[27,93],[-467,-72],[-367,-156],[-161,-28],[-46,-53],[-153,1],[5,41]],[[64195,32978],[-30,269],[-79,170]],[[64086,33417],[-123,188]],[[63963,33605],[-202,204],[-112,66],[287,423],[383,251],[-7,155],[-162,311],[-93,44],[-522,86],[3,67]],[[63538,35212],[16,487]],[[67176,35406],[93,-82],[210,-99],[655,-508],[352,-84],[253,-120],[412,-66],[371,-276],[225,-221],[-40,-40],[417,-55]],[[70124,33855],[31,-103],[-43,-52],[45,-41],[14,-103],[-97,-201],[-301,-258],[-158,-86],[-49,12],[-399,-527],[-107,-76],[-256,-301],[-209,33],[-46,-54],[8,-61],[-46,-28],[-56,41],[-302,-79],[-255,39]],[[67898,32010],[-35,109],[379,105],[308,207],[-339,128],[-205,-12],[86,54],[-349,131],[-116,-187]],[[69337,30447],[234,72],[135,-142],[-15,-112],[-217,-101],[-198,204],[61,79]],[[69954,30680],[0,-39],[-77,-27],[-10,63],[38,39],[49,-36]],[[69516,30697],[-141,-73],[-40,-83],[-49,-8],[-246,276],[-36,281],[-73,85],[59,93],[149,-21],[408,-280],[47,-155],[-78,-115]],[[70340,31358],[104,-220],[-70,-142],[-70,-18],[-249,123],[-322,239],[-87,97],[-42,147],[-2,-169],[-267,72],[-77,219],[41,54],[145,64],[62,95],[132,37],[204,-103],[271,-83],[106,-136],[121,-276]],[[67983,31717],[-64,221]],[[67919,31938],[641,-107],[-190,-433],[-105,-151],[-134,-102]],[[68131,31145],[-148,572]],[[71284,33071],[124,-98]],[[71408,32973],[33,-312],[101,-24],[73,-127],[213,-37]],[[71828,32473],[-39,-48],[83,-95],[-16,-221],[-68,-80],[-125,-8],[75,-41],[0,-33],[-111,-180],[-100,-32],[-30,-92],[-124,-62],[-171,-165],[-208,-66],[-63,65],[-25,-44],[64,-80],[83,-31],[13,-74],[-192,-71],[-316,36],[-434,636],[-282,105],[-163,115],[-70,114],[-3,189],[65,100],[251,215],[554,393],[334,174],[297,79]],[[71107,33271],[177,-200]],[[64944,35408],[-447,118],[20,62],[-101,-67],[-61,26],[-38,-17],[-52,87],[-555,-6],[-156,88]],[[63554,35699],[10,93],[-146,51],[-362,250],[-891,397],[-315,83],[-180,145],[73,19]],[[61743,36737],[391,72],[303,-23],[143,245],[166,51],[-32,73],[26,43],[48,-43],[61,28],[-5,222],[-86,76],[-5,49],[57,68],[55,15],[26,-42],[139,22],[60,-23],[-3,80],[200,33],[115,-30],[153,139],[115,-3],[136,98]],[[63806,37887],[101,-45],[104,41],[81,-79],[203,-54],[176,11],[129,74],[74,-52],[53,34],[48,-45],[124,97],[76,4],[29,-57],[119,-14],[88,47],[61,-26],[53,51],[46,11],[58,-37],[49,34],[95,-113],[-3,147],[103,16],[-25,62],[52,84],[120,39],[31,-60],[67,-30],[258,56],[69,44],[55,-52],[104,8],[12,-39],[46,-5],[20,-56],[55,-20],[-26,-81],[40,-17]],[[66551,37865],[338,41],[110,-14],[134,55],[85,-55],[295,53],[93,-38]],[[67606,37907],[-20,-96],[132,-382],[-190,-4],[-47,60],[-117,-20],[-10,35],[-49,-3],[31,-33],[-25,-12],[-89,-9],[91,-162],[27,10],[-15,-107],[70,-100],[-28,-71],[-44,49],[-64,4],[-99,-71],[31,-33],[-26,-62],[-59,-24],[-25,-118],[43,-66],[-78,-40],[-30,-192],[-52,78],[-44,-95],[94,-116],[182,-82]],[[67196,36245],[-59,-68],[-30,-188],[149,-267],[-31,-20],[-58,31],[-24,-27],[-8,-70],[46,-50],[-88,-86],[83,-94]],[[67176,35406],[-320,-218],[-501,143],[-541,61],[-117,-23],[-220,-142],[-119,1],[-55,26],[-31,79],[-328,75]],[[66127,37721],[111,4]],[[66238,37725],[-111,-4]],[[66241,37638],[0,0]],[[66277,37603],[-36,35]],[[66356,37593],[7,132],[11,67],[-11,-67],[-7,-132]],[[66277,37603],[79,-10]],[[66455,37909],[0,0]],[[66302,37954],[0,0]],[[66376,37899],[0,0]],[[66360,37831],[0,0]],[[66249,37765],[19,20],[-19,-20]],[[66249,37765],[-11,-40]],[[89666,41915],[-96,123]],[[89570,42038],[-195,255]],[[89375,42293],[-62,85]],[[89313,42378],[-142,180]],[[89171,42558],[-188,259],[-86,387],[-103,196]],[[88794,43400],[-259,614],[-228,1624],[-278,204],[-867,361],[-298,199],[58,91],[287,155],[1280,555],[94,177],[-336,1606],[-204,400],[-143,394],[-454,727],[-101,69],[-214,10]],[[87131,50586],[35,9],[-28,100],[46,111],[-75,102],[102,117],[30,98],[326,-75],[107,73],[-2,79],[80,70],[104,13],[30,65],[41,2],[14,-39],[105,30],[67,191],[121,72],[208,205],[140,204],[103,32],[106,-17],[155,73],[209,-48],[-35,-81],[22,-86],[-46,-61],[61,-77],[98,-30],[-11,-136],[89,-16],[114,53],[145,-61],[179,-3],[218,-237],[-12,-48],[60,-89],[-147,-121],[-20,-67],[21,-167],[96,-63],[24,-101],[140,-7],[137,42],[153,207],[-40,115],[68,122],[-28,63],[90,101],[127,70],[-117,251],[70,146],[258,87],[276,4],[18,-43],[179,-45],[84,-163],[118,-17],[108,-133],[40,-250],[-49,-196],[-295,-369],[-33,-123],[166,-71],[-90,-113],[28,-108],[43,-15],[-8,107],[78,-7],[144,-37],[134,-106],[-146,-17],[-54,-60],[-30,-352],[65,27],[84,-57],[35,-102],[54,3],[42,83],[36,-5],[143,-259],[-36,-91],[71,-45],[-45,-101],[121,-108],[8,-47],[-52,4],[-32,-58],[34,-46],[-66,-234],[105,7],[107,-120],[-69,-80],[-10,-88],[63,25],[36,-34],[-45,-36],[51,-23],[-5,-160],[47,-127],[-51,-37],[92,-58],[-95,-36],[-4,-29],[96,-53],[-5,-35],[80,-25],[-43,-23],[14,-69],[-73,-10],[-52,-61],[236,-66],[1,-65],[-91,-29],[73,-86],[60,9],[10,-25],[-109,-103],[55,-75],[8,-237],[49,-16],[24,56],[120,42],[104,-13],[65,-336],[32,-27],[128,10],[31,-45],[-39,-100],[-57,28],[71,-246],[75,14],[6,-27],[-92,-114],[23,-33],[203,-2],[-155,-84],[22,-88],[105,-45],[117,92],[34,-17],[-10,-72],[198,-75],[-52,-95],[69,-17],[26,-75],[-98,-93],[-55,-215],[-178,-132],[4,-34],[39,-53],[45,2],[-11,69],[102,-72],[71,22],[26,-141],[179,-109],[-60,-81],[16,-111],[-57,-124],[133,-95],[93,-250],[-129,-7],[24,-74],[131,-91],[-42,-96],[107,-124],[73,-29],[-5,-50],[-39,-12],[-1030,-20],[3,-88],[82,-130],[12,-150],[-48,-197],[17,-275],[132,-28],[7,-37],[-94,-1],[101,-300],[76,-104],[-99,-111],[29,-22],[-40,-28],[46,-30],[-87,-169],[223,-127],[-202,-322],[109,-146],[126,-13],[77,-167],[143,-9],[110,-159],[-8,-80]],[[92249,41121],[-166,-81]],[[91654,40931],[-48,-13],[-5,-194]],[[91221,40167],[-473,-226]],[[89709,41814],[-43,101]],[[89666,41915],[94,-4]],[[89760,41911],[0,0]],[[89803,41956],[0,0]],[[89688,43330],[11,65],[-11,-65]],[[89685,43161],[0,0]],[[89696,43065],[-66,0],[66,0]],[[89696,43065],[0,0]],[[89591,43042],[0,0]],[[89507,42925],[0,0]],[[89433,42927],[0,0]],[[89424,42897],[0,0]],[[89434,42835],[27,-57],[-23,47],[31,40],[-35,-30]],[[89933,42204],[0,0]],[[89933,42204],[68,-35],[-26,18],[-42,17]],[[89400,42603],[0,0]],[[89478,42703],[0,0]],[[90057,43392],[0,0]],[[90057,43392],[225,0],[-225,0]],[[90331,41685],[-16,21],[0,-1],[16,-20]],[[90331,41685],[0,0]],[[90321,41740],[0,0]],[[90326,41796],[0,0]],[[90317,41804],[0,0]],[[90446,41873],[0,0]],[[90446,41873],[-74,-12],[74,12]],[[90575,41925],[-17,-55],[17,55]],[[90662,42022],[-55,-20],[55,20]],[[90772,42072],[13,33],[61,34],[68,92],[-129,-126],[-13,-33]],[[90772,42072],[-88,-67],[88,67]],[[90686,42382],[0,0]],[[90686,42382],[59,-40],[-59,40]],[[90676,42403],[0,0]],[[91096,42725],[-131,-107],[131,107]],[[91852,42432],[0,0]],[[91852,42432],[-146,114],[146,-114]],[[92083,42189],[-21,48],[21,-48]],[[92109,41980],[-13,41],[13,-41]],[[92182,41561],[70,-205],[-70,205]],[[92182,41561],[-45,117],[45,-117]],[[90542,40791],[0,0]],[[90543,40897],[0,0]],[[90657,40944],[3,1],[-5,8],[2,-9]],[[90631,41048],[0,0]],[[90622,41080],[-14,5],[-38,-22],[38,22],[14,-5]],[[90380,41238],[9,-3],[-9,3]],[[90319,41378],[26,-12],[-26,12]],[[90236,41427],[0,0]],[[90172,41466],[-3,-18],[3,18]],[[90145,41533],[0,0]],[[90228,41610],[0,0]],[[90192,42353],[0,0]],[[90134,42275],[0,0]],[[90067,42221],[0,0]],[[90499,42656],[2,24],[26,-64],[-28,40]],[[90524,42615],[0,0]],[[90423,42548],[0,0]],[[90273,42450],[0,0]],[[90465,42693],[6,35],[-6,-35]],[[90465,42693],[0,0]],[[90398,42987],[-59,-26],[59,26]],[[90407,42991],[43,99],[29,233],[-29,-233],[-43,-99]],[[89726,36849],[-26,57]],[[92171,41080],[78,41]],[[92249,41121],[106,335],[213,293],[803,-549],[304,-138]],[[93675,41062],[186,-329],[-77,-53],[-29,-136],[-99,-43],[31,-156],[-102,-280],[65,-27],[25,-70],[-35,-84],[70,-132],[-63,-55],[1,-50],[43,-58],[-111,-67],[47,-36],[-28,-38],[-45,15],[-80,-65],[66,-399],[-51,-9],[-45,-65],[45,-104],[-66,-26],[74,-45],[16,-51],[449,19],[78,-71],[-81,-175],[67,-47],[58,-9],[8,73],[60,23],[173,-51],[146,71],[19,-234],[232,-226],[30,-95],[240,199],[35,-24],[43,-130],[-22,-158],[41,-52],[210,-74],[-105,-83],[46,-96],[92,12],[1,-45],[70,-31],[-7,-35],[-111,-21],[-3,-35],[50,-1],[-12,-92],[85,-54],[-230,18],[182,-187],[-142,-85],[66,-64],[-62,-47],[78,-24],[50,-187],[64,50],[33,-45],[-35,-81],[115,-69],[-16,-238],[78,-51],[46,-157],[-36,-46],[19,-131],[91,-118],[-18,-62]],[[85864,32433],[59,-13],[18,-149],[134,-118],[-34,-73],[-189,-80],[21,-84],[70,-64],[-122,-73],[5,-108],[-138,4],[-90,-38],[-18,-139],[-179,-56],[-106,25],[-57,-39]],[[85238,31428],[-251,25],[-28,-33],[-129,84],[83,172],[71,24],[2,81],[-51,92],[-77,44],[37,58],[-114,338],[5,138],[-42,27],[-46,180],[-44,17],[33,112],[-81,32],[-67,171],[16,47],[-101,66],[6,91],[-244,191],[81,48],[-2,38],[-127,202],[38,30],[-64,118],[47,8],[-27,43],[27,135],[-116,128],[-3,72]],[[84070,34207],[173,150],[6,41],[-102,49],[-34,104],[-212,22],[19,142]],[[83920,34715],[189,-17],[551,59],[85,441],[499,23],[92,22],[153,104]],[[88093,33003],[-346,-101]],[[87699,32881],[-75,96],[-254,92],[-109,105],[-33,67],[130,115],[-9,35],[-102,-34],[1,117],[-142,-11],[-47,20],[-5,71],[-80,11],[-143,-14],[-99,-56],[-66,27],[-155,-91],[-5,56],[-113,19],[12,127],[-50,61],[-75,-33],[20,-44],[-109,-13],[-12,-35]],[[86179,33569],[-35,42],[35,-42]],[[86179,33569],[17,-44]],[[86196,33525],[-80,-57],[-74,25],[-259,-95],[-161,-293],[10,-78],[101,-58],[73,-84],[-23,-46],[64,-40],[-54,-298]],[[85793,32501],[61,-50]],[[85854,32451],[10,-18]],[[84895,32644],[0,0]],[[84899,33007],[-3,138],[3,-138]],[[84899,33007],[0,0]],[[85026,33742],[0,0]],[[85358,33749],[0,0]],[[85611,33741],[0,0]],[[85593,32580],[-57,4],[57,-4]],[[85326,32534],[75,30],[-75,-30]],[[85326,32534],[0,0]],[[85133,32592],[0,0]],[[85133,32592],[-72,-7],[72,7]],[[97434,29483],[51,14],[36,-51],[48,-2],[37,-164],[66,-18],[68,-184],[-9,-87],[43,-44],[-9,-214],[84,-43],[-16,-53],[50,-58],[-4,-114],[-50,-15],[72,-48],[-38,-24],[56,-44],[-25,-32],[30,-47],[-96,-176],[64,-27],[-79,-43],[85,-50],[-39,-27],[36,-49],[-102,-38],[64,-52],[-31,-32],[96,-26],[86,-70],[-45,-59],[69,-7],[73,-134],[-23,-42],[39,-132],[-78,-178],[27,-119],[-25,-93],[118,-165],[56,-276],[-28,-94],[36,-112],[-35,-27],[18,-30],[235,-31],[29,-51],[-19,-197],[65,-347],[-75,-14],[-8,-148],[-141,-37],[-99,24],[-98,76],[10,172],[-258,49],[-139,-103],[-162,-37],[-71,-108],[265,-211],[31,-123],[129,-188],[-3,-101],[159,-140],[47,-254],[176,-101],[-27,-155],[-127,-189],[21,-85],[133,-106],[19,-136],[-55,-195],[23,-46],[170,-99],[88,-117],[5,-108],[-137,-70],[2,-46],[167,-418],[-31,-124],[116,-162],[-31,-82],[183,-312],[189,-600],[-11,-223],[-26,-25],[-208,-10],[-74,-118],[-73,-44]],[[98599,20857],[-216,226]],[[98383,21083],[-38,127]],[[98345,21210],[-70,331],[-283,344],[-100,210],[-6,109],[-77,110],[-96,41],[-6,48],[-110,73],[-25,138],[-106,41],[-7,142],[-137,27],[-137,223],[-108,57],[-32,84],[-85,29],[-47,209]],[[96913,23426],[-15,48],[164,298],[-18,164],[-183,172],[-165,31],[-94,79]],[[96602,24218],[5,162]],[[96607,24380],[-25,59],[-151,50],[-167,125],[71,140],[-37,234],[118,209],[-119,203],[2,297],[-47,148],[-260,246],[42,141],[-37,176]],[[95997,26408],[-22,29]],[[95975,26437],[1,82]],[[95976,26519],[-83,160]],[[95893,26679],[-208,84],[-45,53],[-22,110],[31,98],[-53,150],[-178,236],[-187,145],[-147,11],[-126,87]],[[94958,27653],[-152,54]],[[94806,27707],[-179,91],[-223,197],[-425,562],[-59,157],[-148,115]],[[93772,28829],[-324,-22]],[[93448,28807],[-260,47]],[[92364,30173],[0,0]],[[92942,30265],[0,0]],[[93134,30202],[55,-28],[-55,28]],[[93134,30202],[0,0]],[[93242,30190],[130,126],[-130,-126]],[[93568,30420],[0,0]],[[93800,30415],[0,0]],[[93898,30413],[150,39],[45,23],[-45,-23],[-150,-39]],[[93898,30413],[0,0]],[[94254,30646],[0,0]],[[88018,30318],[-16,124],[154,-5],[38,99],[219,29],[35,65],[97,46],[-55,24],[10,191],[-249,130],[116,55]],[[88367,31076],[55,16]],[[88422,31092],[111,49],[-111,-49]],[[88422,31092],[-45,-11],[-4,92]],[[88373,31173],[-41,61]],[[88332,31234],[-46,20],[77,91]],[[88363,31345],[-55,14],[-56,206],[-111,109],[-56,148]],[[88085,31822],[63,58],[-71,112]],[[88077,31992],[-101,201]],[[87976,32193],[-154,-25],[6,121],[-53,96],[66,38],[-26,139],[-41,62],[-83,-9]],[[87691,32615],[-60,13],[62,36]],[[87693,32664],[72,73],[-66,144]],[[87699,32881],[48,21]],[[87747,32902],[515,157]],[[89537,31701],[38,-87]],[[89575,31614],[-7,47]],[[91621,31933],[99,-100],[206,-120],[-2,-100],[69,-25],[115,-141],[34,-129],[-40,-127],[-297,-344],[-49,-147],[63,-116]],[[88575,31242],[0,0]],[[88366,31496],[63,82],[-63,-82]],[[88366,31496],[0,0]],[[88625,31734],[0,0]],[[89099,31589],[0,0]],[[89498,31467],[0,0]],[[89519,31473],[0,0]],[[89683,31574],[-11,7],[-44,-32],[55,25]],[[89575,31614],[78,-21],[-6,3],[-72,18]],[[94179,31034],[63,43],[-11,58],[-85,74],[18,73],[-343,379]],[[92359,33999],[56,394],[-69,104],[87,144],[94,307],[285,-167],[157,5],[376,50],[473,246]],[[93818,35082],[39,89],[302,92],[234,-89],[208,14],[134,-44],[145,-191],[125,-330],[510,993],[173,117]],[[95688,35733],[147,-107],[336,-101],[96,29],[44,-20],[39,-96],[75,-2],[-62,-48],[150,-117],[18,-73],[-76,-159],[59,-74],[127,-477],[65,-26],[21,-138],[50,2],[-45,-69],[21,-39],[-81,0],[-2,-66],[57,-17],[5,-50],[-54,-3],[17,-171],[58,-64],[-14,-47],[114,0],[-1,-78],[-99,-121],[48,-23],[-21,-73],[140,-69],[-36,-46],[-49,18],[-26,-81],[94,-74],[57,-106],[-51,-35],[18,-34],[59,1],[-57,-33],[-54,15],[-10,-44],[95,-7],[-16,-113],[31,-31],[-11,-36],[-96,-43],[-124,11],[21,-108],[-131,-92],[203,-135],[11,-130],[115,5],[4,-55],[45,-18],[-23,-98],[58,-12],[-34,-92],[39,-108],[48,-11],[40,-63],[-49,-54],[30,-19],[47,34],[57,-7],[20,-44],[-73,-27],[89,-16],[-10,-37],[-53,6],[1,-104],[-121,-60],[70,-40],[-53,-26],[38,-123],[-23,-152],[49,-26],[-30,-68],[21,-122],[91,-101],[-38,-40],[64,-111],[-28,-193],[90,-102],[0,-118],[-73,-61],[73,-56],[-36,-139],[80,23],[27,-22],[-51,-60],[93,-25],[5,-39],[-69,-29],[71,-52],[-10,-102],[46,-4],[-47,-142],[63,-77],[-67,-63]],[[97434,29483],[-6,-39],[-169,-22],[-94,-104],[-265,-65],[-22,-57]],[[96878,29196],[-165,-69],[-12,31],[-108,35],[27,153],[-75,211],[-281,-132],[-223,-54],[-515,33],[-224,102],[-370,267],[-451,768],[-262,318],[-40,175]],[[92348,38925],[6,-220],[-58,-47],[-193,-10],[-68,-37],[-31,-85],[72,-645],[115,-205],[225,-237],[56,-163],[-43,-44],[-183,-20],[-432,96],[-150,-6],[-317,-161],[-307,-69],[-39,21],[-40,195],[-54,57],[-114,28],[-131,-35],[-348,-303],[-614,-129]],[[89700,36906],[-131,221]],[[88241,39318],[21,118]],[[88262,39436],[-130,495]],[[88132,39931],[-112,300],[-372,607],[-235,468]],[[87413,41306],[-62,136]],[[87351,41442],[814,143],[898,203],[646,26]],[[89709,41814],[510,-780]],[[90219,41034],[0,0]],[[90219,41034],[315,-354],[38,-529],[37,-96],[139,-114]],[[90748,39941],[-99,-34]],[[90649,39907],[0,0]],[[90649,39907],[572,260]],[[91221,40167],[341,115],[75,191],[-36,251]],[[91601,40724],[-7,175],[60,32]],[[91654,40931],[249,-26],[28,55],[152,80]],[[92083,41040],[88,40]],[[92171,41080],[-78,-232],[14,-276],[179,-485],[304,-396],[-27,-246],[-215,-520]],[[89560,40765],[0,0]],[[89646,40658],[0,0]],[[89744,40603],[-22,30],[22,-30]],[[89673,40428],[21,13],[-21,-13]],[[89673,40428],[-105,-19],[105,19]],[[89626,40324],[4,14],[-4,-14]],[[89497,40276],[0,0]],[[89497,40276],[70,-1],[-70,1]],[[89541,40231],[0,0]],[[89526,40163],[0,0]],[[89615,40119],[0,0]],[[89503,40103],[0,0]],[[89531,40032],[0,0]],[[89531,40032],[-39,45],[39,-45]],[[89732,39727],[-86,52],[86,-52]],[[89888,39721],[0,-5],[0,5]],[[89767,39845],[60,28],[-60,-28]],[[89767,39845],[3,-28],[-3,28]],[[90268,39861],[-53,-9],[53,9]],[[90439,39840],[-40,4],[-11,36],[8,-39],[43,-1]],[[90079,40990],[0,0]],[[85608,35192],[-119,155]],[[85489,35347],[-172,377]],[[85317,35724],[-338,522],[-58,194],[50,517],[157,418]],[[85128,37375],[394,44],[283,83],[-472,466],[81,204],[93,98],[221,1],[480,-97],[-56,-28],[129,-34],[133,-5],[222,80],[191,224]],[[86827,38411],[272,228],[731,450],[346,173]],[[88176,39262],[65,56]],[[88241,39318],[161,-546],[675,-1021],[435,-551]],[[89908,29326],[243,-76],[78,24],[56,68]],[[90285,29342],[120,255],[241,226],[281,186],[505,234],[387,341]],[[91819,30584],[115,-126],[430,-285]],[[92364,30173],[55,-292],[123,-207],[129,-76],[-70,-99],[171,-291],[225,-66],[7,-53],[229,-139],[-45,-96]],[[93188,28854],[-582,5],[-539,182],[-562,-42]],[[91505,28999],[-290,-84],[-866,-396],[-251,-57],[-79,41],[-69,241],[-108,187],[-83,100],[-155,66]],[[89604,29097],[0,0]],[[89604,29097],[-398,36],[-562,-30]],[[88644,29103],[20,84]],[[88664,29187],[-75,47],[-217,18],[-22,26],[43,54],[102,9],[-36,118],[58,72],[-165,42],[-240,-62],[-281,418],[-99,-16],[3,36]],[[87735,29949],[-97,125]],[[87638,30074],[380,244]],[[88018,30318],[358,-324],[869,-180],[663,-488]],[[89756,29372],[0,0]],[[89633,29212],[0,0]],[[88022,33662],[-324,480],[-164,74],[-286,25],[-296,283],[-220,69],[-235,137],[-619,207],[-270,255]],[[85608,35192],[241,75],[977,155],[756,475]],[[87582,35897],[269,129],[196,-45],[100,14],[42,48],[-40,158],[32,40],[197,66],[133,158],[-12,225],[115,167],[230,165],[124,49],[544,129]],[[89512,37200],[57,-73]],[[89569,37127],[157,-278]],[[89726,36849],[342,-961],[262,-465],[14,-214],[68,-131],[134,-95],[30,-65],[-21,-264],[143,-66],[264,-27],[579,-282],[818,-280]],[[92359,33999],[72,-298],[381,-263],[37,-217],[210,-220],[112,-254],[57,-12],[164,-224],[-20,-132],[449,-718]],[[93821,31661],[-395,65],[-156,56],[-505,383],[-143,70],[-262,62],[-190,-11],[-413,-155],[-94,-63],[38,-39],[-22,-72],[-58,-24]],[[91621,31933],[-107,-9],[-60,-46],[41,-153],[77,-81],[-71,-64],[-137,58],[-362,-123],[-198,26],[-210,-29],[-201,50],[11,103],[-190,80],[-479,57],[-95,-15],[-24,-98],[-48,-28]],[[89568,31661],[-31,40]],[[89537,31701],[-126,-63],[-291,165],[-45,54],[-6,128],[-192,215],[-234,376],[-381,483]],[[88262,33059],[-169,-56]],[[88093,33003],[-189,133],[264,103],[13,139],[-159,284]],[[89411,33288],[0,0]],[[89323,33174],[71,62],[0,1],[-71,-63]],[[88758,33745],[-3,-2],[25,-47],[-22,49]],[[89463,34466],[-11,30],[-7,7],[18,-37]],[[89466,34428],[137,71],[-129,-64],[-10,26],[2,-33]],[[89309,34443],[97,-18],[82,-15],[-31,12],[-148,21]],[[88834,33813],[-60,-53],[9,2],[51,51]],[[88902,33909],[-24,24],[-44,-120]],[[88834,33813],[68,96]],[[88695,34363],[-73,-41],[-14,-13],[87,54]],[[89891,34018],[-63,125],[126,-262],[-63,137]],[[47482,55098],[89,-265]],[[46965,54947],[0,0]],[[46963,54984],[30,17],[105,18],[-113,-12],[-22,-23]],[[46963,54984],[2,-37]],[[47084,55090],[0,0]],[[47137,55176],[30,-112],[1,0],[-31,112]],[[47236,55069],[-3,-2],[11,-49],[-8,51]],[[47401,55017],[-115,7],[115,-7]],[[47119,54886],[0,0]],[[47119,54886],[185,4],[-53,-2],[-132,-2]],[[47368,54843],[-54,-10],[54,10]],[[47457,54815],[-7,18],[-53,-5],[53,5],[7,-18]],[[47267,55134],[0,0]],[[45494,49904],[-16,72],[16,-72]],[[44774,50238],[1,-6],[37,-4],[-38,10]],[[45082,50075],[-15,-10],[15,10]],[[45160,50072],[0,0]],[[44870,50251],[-96,-13]],[[44938,50292],[0,0]],[[44870,50251],[68,41]],[[45153,50220],[0,0]],[[45162,50158],[7,-12],[-7,12]],[[45675,49724],[0,0]],[[45906,49757],[46,-106]],[[45952,49651],[-45,109],[-54,10]],[[45853,49770],[0,0]],[[45853,49770],[53,-13]],[[45952,49651],[0,0]],[[45750,49587],[0,0]],[[45476,49750],[0,0]],[[45598,49765],[0,0]],[[45676,49830],[86,28],[46,20],[-132,-48]],[[45863,49997],[0,0]],[[45872,50069],[-3,20],[-6,-92]],[[45863,49997],[9,72]],[[45837,50142],[28,-30],[-3,18],[-25,12]],[[45759,50118],[45,0],[-45,0]],[[45745,50077],[0,0]],[[45682,50028],[0,0]],[[50009,52205],[125,-113],[41,17],[98,-115],[33,-64],[-61,-18],[69,-33],[51,-222],[77,-72],[373,-12],[263,67],[125,-13],[315,-140],[739,-549]],[[45854,50284],[-99,66],[26,37],[71,8],[-17,21],[-62,10],[-15,-45],[-45,3],[-63,41],[-72,-12],[-10,33],[-186,11],[-25,-70],[-94,8],[30,153],[-439,-9],[-107,63],[-233,-34],[-210,54],[-78,71],[-85,5],[-266,-102],[-45,14],[15,52],[-72,95],[-152,14],[-23,-103],[-55,-48],[-43,96],[-155,29],[-77,141],[-105,-35],[-42,68],[-40,-56]],[[48145,51679],[365,-352],[126,-202],[139,-113]],[[47052,49330],[-15,-43],[-58,8],[-96,114],[-128,10],[-23,51],[-213,25],[33,25],[-11,121],[-102,112],[68,40],[-46,72],[-168,53],[-41,146],[26,26],[-106,25],[-106,144],[-212,25]],[[47889,53712],[-102,345],[-145,194],[0,162],[-71,134],[33,132],[-71,45],[38,109]],[[47571,54833],[-89,265]],[[47482,55098],[-42,112],[80,41],[-14,81],[76,15],[-3,122],[-92,72],[-381,164],[-86,150],[-146,16],[61,109],[-39,37],[-191,22],[10,142],[-77,22],[-41,126],[28,113],[-28,10]],[[47715,56948],[94,-11]],[[48182,56641],[8,-87],[-148,-111],[-1,-60],[60,-46],[149,-289],[12,-54],[-82,-71],[219,-55],[-15,-53],[40,-41],[205,84],[21,-38],[317,-59],[39,-18],[75,-181],[274,10],[99,34],[-29,88],[265,-28],[37,-84],[71,-32],[120,20],[-2,45],[-81,40],[118,55],[113,-154],[34,-420],[-32,-191],[-63,-116],[17,-68],[94,-91],[-22,-60],[45,-152],[54,-13],[-22,-45],[30,-14],[-55,-210],[-120,-118],[112,-36],[-25,-48],[-110,25],[-151,-125],[93,-92],[-74,-54],[-6,-132],[104,-42],[-131,-107],[28,-39],[67,-9],[-48,-120],[90,-128],[-16,-61],[-49,-19],[-1,-124],[-95,-139],[53,-52],[-75,-44],[12,-38],[183,-44],[11,-33],[-315,-314],[42,-26],[228,-9],[56,-43]],[[50009,52205],[-196,-79],[-222,0],[-207,218],[-55,143],[9,111],[-124,20],[-351,-78],[-71,-295],[-108,29],[-94,-82],[-303,-23],[-188,139],[36,119],[-31,51],[-244,215],[-134,26]],[[48598,55063],[14,-65],[-14,65]],[[48584,55103],[0,0]],[[48590,55172],[0,0]],[[48485,55166],[0,0]],[[48212,55132],[0,0]],[[48175,54979],[0,0]],[[48303,54773],[0,0]],[[48378,54729],[0,0]],[[48439,54697],[0,0]],[[48629,54802],[5,7],[-71,-31],[66,24]],[[48365,53888],[45,58],[-37,-37],[-8,-21]],[[48413,53721],[0,0]],[[47964,53872],[0,0]],[[48027,53763],[0,0]],[[48469,53609],[0,0]],[[48546,53661],[0,0]],[[48603,53689],[0,0]],[[48786,53913],[0,0]],[[48792,53985],[0,0]],[[48630,54041],[0,0]],[[48621,53969],[0,0]],[[48562,53967],[-34,-12],[34,12]],[[48562,53967],[0,0]],[[48711,53855],[0,0]],[[36131,44881],[0,0]],[[36210,44813],[141,-34],[-155,-59],[16,-28],[141,86]],[[36413,44730],[0,0]],[[36413,44730],[121,-41]],[[36771,44809],[229,-156]],[[35881,44843],[22,9]],[[35903,44852],[0,0]],[[35851,44772],[30,71]],[[35881,44843],[-30,-71]],[[35893,44751],[53,2],[-94,18],[41,-20]],[[36211,44691],[0,0]],[[36155,44625],[45,41],[9,19],[-54,-60]],[[36235,44502],[0,0]],[[36143,44491],[27,-4],[31,23],[-58,-19]],[[36076,44508],[0,0]],[[36143,44491],[-67,17]],[[35931,44705],[0,0]],[[35880,44684],[0,0]],[[35938,44644],[-24,-19],[44,22],[-27,23]],[[35931,44670],[0,0]],[[35931,44670],[7,-26]],[[35870,44623],[0,0]],[[35840,44572],[0,0]],[[35847,44510],[0,0]],[[36340,44565],[0,0]],[[36470,44610],[0,0]],[[36466,44622],[0,0]],[[36688,44621],[-40,7],[40,-7]],[[36749,44622],[-2,16],[-31,-22],[33,6]],[[36968,44642],[-46,1],[46,-1]],[[41540,46253],[14,127],[38,3]],[[41592,46383],[-52,-1]],[[42216,46028],[-52,124]],[[42164,46152],[0,0]],[[42164,46152],[52,-124]],[[42257,45836],[0,0]],[[42257,45836],[-24,145],[-5,15],[29,-160]],[[42295,45640],[128,36]],[[42423,45676],[-127,-29],[4,58],[-5,-65]],[[42812,45764],[6,71],[-6,-71]],[[42423,45676],[389,88]],[[42730,45982],[0,0]],[[42653,45973],[0,0]],[[42386,46076],[0,0]],[[41592,46383],[0,0]],[[42284,46252],[-20,8],[53,-66],[-33,58]],[[41563,46225],[42,26],[-44,-23],[2,-3]],[[41749,46205],[0,0]],[[41905,46176],[0,0]],[[41989,46134],[-39,-6],[39,6]],[[42319,46135],[0,0]],[[42175,46457],[-40,5],[-52,-110],[-80,15],[80,-15],[52,110],[40,-5]],[[42304,46426],[22,-6],[6,11],[-28,-5]],[[42293,46367],[0,0]],[[41854,46462],[0,0]],[[41852,46508],[-57,-2],[-72,15],[72,-15],[57,2]],[[42766,45926],[0,0]],[[35616,45724],[-278,-32],[-26,50],[-74,31],[-143,-21],[-13,35],[-80,2],[-17,92],[-83,38],[-36,-35],[-59,3],[-40,108],[-47,6],[-14,-49],[-38,7],[-360,249]],[[36896,44724],[-125,85]],[[36771,44809],[-170,-8],[-67,-112]],[[36534,44689],[-121,41]],[[36413,44730],[-60,48]],[[36353,44778],[-143,35]],[[36210,44813],[-79,68]],[[36131,44881],[59,112],[278,-12],[49,27],[-15,69],[-556,297],[24,101],[-67,78],[-131,-41],[-104,11],[-52,201]],[[35936,46185],[-51,6]],[[35885,46191],[-66,37],[66,-37]],[[35885,46191],[40,-46],[11,40]],[[35936,46185],[82,4],[58,-57]],[[36076,46132],[-58,58],[-82,-5]],[[35866,46067],[148,-53]],[[36014,46014],[-148,53]],[[35560,46303],[4,50],[-4,-50]],[[35577,46237],[-1,0],[1,0]],[[35703,46455],[41,-18],[8,2],[-49,16]],[[35785,46449],[0,0]],[[35846,46407],[0,0]],[[35845,46467],[12,32],[-40,-10],[28,-22]],[[35845,46467],[1,-60]],[[35671,46502],[32,-47]],[[35703,46455],[-32,47]],[[36076,46132],[0,0]],[[36211,46083],[15,34],[-15,1],[0,-35]],[[36211,46083],[0,0]],[[36045,46009],[66,13],[-66,-13]],[[36045,46009],[-31,5]],[[43572,49391],[570,-103],[180,-103]],[[42805,50249],[385,38],[290,-14],[126,-260],[-198,-64],[57,-216],[347,-165],[-310,-161],[70,-16]],[[36900,47706],[-264,-26],[-195,30],[42,65],[-7,214],[-173,-37],[-202,43],[17,51],[124,85]],[[41225,50490],[-173,-143],[-2,-46],[-127,-81],[-192,21],[-45,31],[-108,-99],[-130,-42],[-33,-184],[-56,-80],[125,-81],[59,-121],[115,-47],[-15,-77],[72,-78],[59,-6],[65,-128],[-32,-36],[74,-16],[109,-153],[-116,-17]],[[39047,49828],[3,-21],[3,11],[-6,10]],[[39027,49737],[0,0]],[[38869,49577],[0,0]],[[38791,49623],[-1,51],[1,-51]],[[38869,49577],[0,40],[-5,0],[5,-40]],[[38881,49861],[7,2]],[[38888,49863],[-7,-2]],[[38888,49863],[0,0]],[[38847,49801],[0,0]],[[38878,49771],[-31,30]],[[38847,49801],[4,-45],[27,15]],[[39103,49761],[-14,80],[73,50]],[[39162,49891],[-94,-61],[35,-69]],[[39139,49752],[0,22],[-36,-13]],[[39103,49761],[36,-9]],[[39201,49883],[-5,-58],[2,67],[-36,-1]],[[39162,49891],[39,-8]],[[39422,49973],[-12,-5],[22,1],[-10,4]],[[39467,49958],[-15,5],[5,-25],[10,20]],[[39683,49769],[0,0]],[[39354,49573],[1,-2],[6,21],[-17,-8],[10,-11]],[[39174,49662],[-1,0],[-60,-7],[61,7]],[[39231,49632],[5,13],[-38,10],[33,-23]],[[39297,49585],[25,-32],[1,1],[-26,31]],[[39206,49949],[0,0]],[[39383,50019],[77,36],[-26,1],[-51,-37]],[[34652,48039],[-48,-4],[-135,-211],[5,-76],[90,-76],[-47,-82],[10,-83],[-163,19],[-132,-33]],[[36188,49639],[200,-139],[17,-88],[-165,-121],[-186,-223],[-13,-112],[371,-3],[254,-200],[90,-13],[124,-61],[-2,-45],[284,-117],[-37,-59],[-162,-29],[-138,-179],[-126,14],[-97,-126],[-214,62],[-146,-69]],[[36242,48131],[-12,48],[-124,-63],[-8,49],[-68,21],[-61,-19],[-137,76],[-157,-7],[-44,-32],[26,-7],[-39,-124],[112,-135],[-142,-44],[-286,141],[-176,-21],[-31,65],[-89,-20],[-58,-146],[-83,21],[7,53],[-100,-2],[-98,73],[-22,-19]],[[34601,49078],[0,0]],[[34742,49167],[-94,0],[-47,-89]],[[34551,48867],[49,-6],[-4,69],[-45,-63]],[[34803,48862],[-87,8],[-20,-1],[107,-7]],[[34740,48803],[188,-10]],[[34928,48793],[-188,10]],[[34681,48766],[0,0]],[[34742,48667],[34,-25],[160,80]],[[34928,48793],[8,-71]],[[34936,48722],[-150,-66],[-21,29],[-23,-18]],[[34849,48916],[-32,-18],[32,18]],[[34849,48916],[0,0]],[[34742,49167],[0,0]],[[39344,48204],[33,45],[-25,87],[324,10],[40,57],[129,10],[-66,122],[31,67],[351,159],[65,90],[369,251],[279,5]],[[40874,49107],[136,-49],[152,-258]],[[41262,47525],[264,-183],[195,-217],[-25,-73],[-101,-50],[-221,80],[-201,-68],[-73,-74],[-6,-115],[84,-112],[255,-97],[48,-72],[-6,-117],[65,-45]],[[41540,46382],[0,-129]],[[41540,46253],[-226,-23],[-40,139],[-274,121],[-35,-124],[-130,-69],[-49,-95],[52,-45],[77,-348],[95,-169],[48,12],[-1,32],[495,18]],[[40426,47078],[52,-2],[-16,-46],[20,53],[-56,-5]],[[40400,46999],[0,0]],[[40478,46888],[0,0]],[[40383,46853],[10,-2],[-2,7],[-8,-5]],[[40412,46789],[42,-18],[2,7],[-44,11]],[[40162,46868],[-52,-18],[8,-7],[44,25]],[[40119,46842],[0,0]],[[40256,46781],[-18,0],[7,-3],[11,3]],[[40275,46786],[8,2],[80,53],[-55,-33],[-33,-22]],[[40268,46856],[32,13],[6,10],[-38,-23]],[[40379,47104],[0,0]],[[40361,47087],[-4,-23],[-48,-24],[48,24],[4,23]],[[40244,46956],[67,-68],[1,3],[-68,65]],[[40244,46956],[13,34],[-13,-34]],[[40478,46812],[-1,-7],[33,2],[-32,5]],[[40594,46813],[-23,-3],[26,2],[-3,1]],[[40736,46872],[-11,-82],[-85,3],[87,-7],[9,86]],[[40693,46905],[0,0]],[[44271,46195],[-133,10],[11,31],[-146,26],[-75,-18],[-86,96],[131,88],[310,106],[77,83],[14,229],[-127,168],[43,32],[-1,86],[-71,48],[-179,-10],[-102,80],[-92,16],[-201,-66],[-71,70],[53,29],[50,-16],[40,42],[-59,44],[0,84],[-111,19],[-83,-83],[-157,-55],[-75,-103],[-194,15],[-172,79],[-119,103],[16,205],[-164,-15],[-160,117],[-138,17],[5,-39],[-62,7],[-133,-75],[-226,-6],[-37,-66],[-163,21],[-40,-20],[-118,49],[-100,-66],[-31,17],[-133,-49]],[[41262,47525],[-201,188],[-122,284],[-51,12],[-21,60],[36,23],[-6,82],[134,87],[-2,358],[72,125],[-32,32],[93,24]],[[41162,48800],[159,-153],[223,222],[222,23],[8,34],[229,140],[222,-57],[80,53],[177,-12],[167,-101],[12,66],[126,66],[150,-60],[119,49],[1340,-67],[99,59],[-173,123]],[[44322,49185],[413,111],[636,-41]],[[45371,49255],[149,-109],[33,-90],[132,-147],[147,-90],[70,-122],[275,-116]],[[44626,46130],[-355,65]],[[38119,45048],[105,44],[-83,325],[-55,142],[-113,35],[17,103],[-190,182],[135,155],[-99,18],[-138,-32],[-198,89],[-21,43],[93,52],[-64,35],[-35,117],[-158,23],[-12,68],[-172,91],[18,39],[-36,27],[-189,60],[-24,24],[73,75],[-182,107],[307,185],[-50,29],[2,70],[-181,27],[7,37],[128,16],[-25,163],[-46,32],[43,35],[-76,60],[57,21],[-57,161]],[[36900,47706],[-3,97],[63,67],[-48,30],[16,35],[38,-21],[14,60],[92,-33],[11,-55],[51,-4],[98,78]],[[37232,47960],[108,135],[128,93],[64,7],[207,-84],[-5,-148],[330,-45],[-8,-52],[49,-6],[50,40],[-44,55],[157,-17],[77,59],[4,26],[-65,18],[19,43],[84,-5],[64,123],[62,20],[117,12],[88,-115],[122,3],[76,-81],[79,41],[99,-1],[35,42],[65,-25],[40,29],[57,-11],[53,88]],[[39344,48204],[112,-139],[-17,-105],[-446,-383],[41,-58],[134,6],[186,-48],[105,16],[-86,-222],[89,-46],[-98,-149],[-9,-79],[72,-108],[-18,-67],[40,-70],[261,-22],[9,-199],[-109,-126],[-80,61],[-72,10],[53,-135],[-155,-199],[-17,-147],[-108,5],[-12,-61],[-61,-11],[18,-92],[28,-42],[85,-18],[103,66],[198,-16],[87,-32],[31,-48],[225,-38],[51,-114]],[[39984,45594],[44,3],[141,-188]],[[39990,45308],[-64,-109]],[[39887,45177],[-24,7]],[[39863,45184],[-147,137]],[[39373,45455],[-53,-86]],[[53196,55404],[-128,102],[-95,-27],[-119,70],[151,134],[-66,54],[-74,-7],[-11,132],[-111,-14],[-15,-36],[51,-44],[-59,-24],[-176,-20],[-34,20],[32,117],[100,81],[-76,106],[-235,72],[-20,222],[-90,163],[-90,39],[-106,147],[47,149],[170,93]],[[52238,58040],[26,-174],[-99,-20]],[[51707,57810],[-3,73],[-190,103]],[[51514,57986],[0,0]],[[51514,57986],[-203,94],[-130,15],[-285,-84],[-148,24],[-90,-45],[-23,-104],[-106,0],[-41,-143],[-83,-67],[-132,-17],[-33,-51],[83,-68],[-12,-34],[-150,-80],[-84,42],[19,41],[-73,135],[-64,16]],[[49875,58064],[82,28],[-80,-25],[31,77]],[[50308,59028],[-12,82]],[[51105,58934],[84,-31],[36,28],[-24,22]],[[51566,59351],[59,-2]],[[52234,58051],[-72,-24],[76,13]],[[52147,58089],[0,0]],[[51861,58054],[0,0]],[[51944,58055],[0,0]],[[52037,58093],[20,21],[90,-25]],[[52147,58089],[-97,27],[-13,-23]],[[52037,58093],[0,0]],[[47715,56948],[-44,-67],[67,-101],[-30,-14],[48,-204],[-434,18],[-122,-72],[-75,-4],[-66,68],[-58,8],[-35,-60],[-77,-18],[-14,65],[-97,13],[-238,-89],[57,-39]],[[46597,56452],[-275,-19],[-105,114],[10,55],[-81,47],[18,68],[-80,62],[-272,71],[8,150]],[[50278,59062],[30,-34]],[[50308,59028],[30,-116],[-61,-32],[18,-38],[-80,-82],[20,-90],[-65,-17],[8,-76],[-45,-25],[-17,-109],[-190,-180],[-18,-119]],[[49908,58144],[-33,-80]],[[49875,58064],[-102,-48],[-5,-39],[180,-125],[-103,-96],[27,-53],[87,-43]],[[49959,57660],[-22,-29],[-80,-3],[1,-113],[129,-98],[-155,-57],[10,-153],[62,-107],[-212,-76],[-39,-63],[-44,-7],[-46,11],[27,30],[-60,4],[-1,26],[-127,35],[-124,83],[-162,-21],[65,-117],[-24,-32],[171,-67],[14,-69],[-31,-180],[-108,-18],[-91,-122],[-51,-5],[-39,81],[-129,46],[-241,-78],[-12,62],[-326,38],[-132,-20]],[[48182,56641],[-153,43],[-57,59],[47,87],[-210,107]],[[47809,56937],[61,2],[-155,9]],[[47704,57177],[57,-14],[2,0],[-59,14]],[[47676,57027],[0,0]],[[47647,57018],[0,0]],[[47892,57184],[0,0]],[[47892,57184],[-127,-21],[46,2],[81,19]],[[47977,57257],[0,0]],[[47977,57257],[26,-47],[-26,47]],[[47978,57287],[0,0]],[[48063,57280],[0,0]],[[48221,57174],[-6,-1],[76,-21],[-70,22]],[[48480,56701],[-52,19],[-7,-1],[59,-18]],[[52775,53906],[23,153],[-42,18],[13,123],[-37,61],[-224,158],[72,102],[149,78],[106,124],[141,60],[22,161],[197,105],[26,41],[-109,87],[42,49],[-26,124],[68,54]],[[53196,55404],[197,2],[181,-47],[105,48],[-47,185],[21,148],[-411,42],[-104,-33],[19,43],[117,40],[216,2],[50,-52],[119,85],[-83,152],[-89,0],[-158,170],[-111,9],[178,119],[-71,45],[-78,178],[-45,-5],[-50,49],[-24,71],[102,5],[-20,22]],[[53210,56682],[-39,127]],[[56328,56466],[-64,-215]],[[56264,56251],[-156,-238]],[[55852,55645],[0,-93]],[[55847,55441],[-28,-120]],[[55758,55232],[-125,-45]],[[55378,55112],[-142,-26]],[[54709,55479],[-3,-23],[15,21],[-12,2]],[[54857,55404],[0,0]],[[54967,55365],[0,0]],[[54882,55317],[-69,32],[69,-32]],[[54882,55317],[0,0]],[[54673,55355],[0,0]],[[54651,55258],[9,-49]],[[54660,55209],[-9,49]],[[54657,55199],[39,-39],[-36,49]],[[54660,55209],[-3,-10]],[[54799,55210],[55,14],[-32,-3],[-23,-11]],[[54785,55090],[0,0]],[[54285,55317],[9,34],[-27,-20],[18,-14]],[[54321,55208],[-18,37],[-7,26],[7,-36],[18,-27]],[[54459,55142],[-23,16],[47,-39],[-24,23]],[[54568,55083],[0,0]],[[54568,55083],[50,-69],[56,33],[-57,-28],[-49,64]],[[54333,55381],[0,0]],[[54350,55464],[0,0]],[[54604,55496],[-34,-6],[34,6]],[[55438,55410],[38,6],[-37,-31],[-1,25]],[[55618,55546],[-65,-4],[65,-2],[0,6]],[[55157,55324],[1,-77],[2,0],[-3,77]],[[55081,56996],[-84,-66],[-108,14],[-104,-87],[-23,58],[-87,9],[-24,67],[-56,9],[-112,110],[-212,-4],[-1,-91],[-187,54],[-78,-64],[-171,-47],[-55,14],[21,169],[-170,-14],[-56,-72],[-69,34],[-99,-18],[-83,-54]],[[57340,58933],[69,-138]],[[57409,58795],[136,-53]],[[57557,58705],[-53,-74],[-66,-26]],[[56579,56995],[-47,-1],[-139,121],[-348,-29],[-281,62],[-277,-162],[-289,93],[-117,-83]],[[52149,59253],[-79,3],[-129,72],[-316,21]],[[51625,59349],[-25,19],[70,30],[-31,-4],[-73,-43]],[[51566,59351],[-185,-210],[9,-45],[-189,-143]],[[51201,58953],[-3,-23],[-93,4]],[[51105,58934],[-122,154],[-225,-36],[-126,23],[-16,29],[-111,-20],[-146,49],[-63,-23]],[[50296,59110],[-18,-48]],[[50278,59062],[-38,-17],[-35,42],[-76,-5],[-43,87],[-114,61],[3,51],[-52,29],[-39,-27],[-84,63],[-6,141],[-120,89],[93,74],[-16,50],[-131,48],[-15,76],[-82,24],[18,76],[-43,12],[-21,74],[42,34],[-131,65],[28,80],[-88,44],[39,47],[-30,55],[-172,104],[2,37],[-72,1],[-8,68]],[[54300,60856],[-331,-202],[-83,-208],[71,-81],[293,-33],[24,-131],[111,-118],[21,-73],[-100,-69],[-87,-216],[42,-187],[-41,-109],[19,-47],[179,-92],[58,-67],[18,-131],[-56,-109],[-194,-155],[46,-95],[-69,-91],[-83,-51],[-278,-8],[-162,-41],[125,-307],[-45,-97],[-65,1],[-48,-40],[69,-159],[86,-25],[-152,-82],[-115,30],[-65,-21],[-85,-87],[6,-54],[-95,-35],[-41,-68],[-1,-98],[89,-75],[-44,-25],[-20,-95],[26,-288]],[[53323,57017],[-22,-74],[-122,-53],[-8,-81]],[[53171,56809],[-67,-167],[-94,9],[-53,-34],[-213,51],[-61,99],[-181,-46],[-150,170],[-110,42]],[[52242,56933],[26,36],[-58,26],[36,30],[17,172],[-62,99],[-9,104],[-179,-3],[-16,38],[-141,9],[-64,49],[-132,26],[50,91],[-33,51],[51,100],[-21,49]],[[51707,57810],[285,-6],[173,42]],[[52165,57846],[118,17],[-49,188]],[[52234,58051],[-10,33],[23,31],[40,-8],[37,97],[97,-39],[101,38],[-3,37],[-130,76],[32,192],[18,50],[225,71],[-201,143],[102,57],[46,172],[-95,78],[-3,49],[-280,162],[-84,-37]],[[52713,59968],[0,0]],[[52705,59860],[-15,-57],[38,-57],[-38,57],[15,57]],[[52705,59860],[0,0]],[[52421,59569],[59,-8],[-48,29],[-11,-21]],[[52170,59448],[157,42],[1,1],[-158,-43]],[[52107,59825],[-13,-77],[3,5],[10,72]],[[52588,59966],[-90,12],[66,-13],[24,1]],[[50983,60005],[0,0]],[[51664,60020],[-10,41],[-2,-39],[247,-62],[-235,60]],[[52074,59448],[0,0]],[[51276,60174],[-38,-10],[52,-7],[-14,17]],[[52994,59542],[-38,-6],[38,6]],[[52798,59728],[0,0]],[[52771,59600],[0,0]],[[39010,40068],[22,23],[-1,0],[-21,-23]],[[39096,40086],[49,12],[5,15],[-54,-27]],[[39097,40022],[0,0]],[[39079,39961],[155,-30],[-112,32],[-43,-2]],[[39206,39778],[8,42],[-8,-42]],[[38992,39772],[0,0]],[[38900,39727],[7,-5],[83,-23],[-90,28]],[[38851,39842],[37,4],[-24,33],[-13,-37]],[[38914,39963],[0,0]],[[38971,39941],[0,0]],[[39456,39893],[0,0]],[[39456,39893],[33,65]],[[39489,39958],[0,0]],[[39318,39897],[0,0]],[[37895,42084],[-519,-76],[-89,-44],[-19,38],[-188,44]],[[35974,43359],[242,101],[190,195],[152,28],[31,75],[-49,96],[39,25]],[[36579,43879],[288,74],[63,56],[-68,130],[251,72],[50,145],[144,72],[-115,165],[-192,60]],[[37000,44653],[-104,71]],[[36896,44724],[32,40],[-54,49],[84,11],[-162,92],[312,-114],[-30,-36],[47,-80],[101,26],[16,50],[-42,28],[52,78],[65,-10],[-1,-34],[56,-20],[31,-83],[37,-7],[-15,-36],[113,-9],[40,25],[-37,58],[96,9],[55,124],[122,-8],[71,-48],[23,72],[54,1],[-18,93],[-41,16],[216,37]],[[38119,45048],[24,-30],[113,11]],[[41027,42732],[-149,-227],[32,-254],[-154,-20],[-105,-185],[-472,-54],[-124,-58],[-203,-36],[-300,-11],[-23,76],[-78,20],[-59,-51],[-171,-33],[-4,-192],[-90,-75],[-43,-16],[-54,61],[-52,6],[-107,-73],[20,-195],[-171,-71],[-54,-69],[-190,44],[-68,-101],[-207,22],[-70,64],[-93,8],[-31,116],[-58,20],[22,202],[87,181],[-103,133],[-1,145],[-59,-25]],[[43372,38684],[-27,-171],[-229,-320],[41,-29],[-21,-79],[-94,-63],[28,-74],[-55,-83],[18,-172]],[[43033,37693],[-161,-36],[-350,-10],[-36,-29],[-106,27],[-25,-53],[-85,-46],[-150,-41],[-128,29],[-24,-34]],[[40931,39785],[-13,104],[79,95],[219,13],[113,125],[338,7],[121,143],[-22,184],[44,279],[42,13],[11,72],[-29,314],[65,101],[-10,232],[46,224]],[[45544,40690],[161,-7],[4,-69]],[[45709,40614],[-147,-13],[-194,-302],[50,-33],[-57,-303],[-704,13],[-143,-296],[-54,-13],[-45,-75],[21,-48],[-140,40],[-176,-253],[-244,48],[-16,-136],[34,-100],[-33,-151],[89,-70],[-113,-185]],[[43837,38737],[-451,38],[-14,-91]],[[42756,39685],[-6,-22],[-22,24],[28,-2]],[[42761,39580],[0,0]],[[42696,39420],[66,-12],[7,0],[-73,12]],[[42616,39402],[0,0]],[[42696,39420],[-80,-18]],[[42582,39633],[56,4],[30,53],[-24,-40],[-62,-17]],[[42558,39499],[30,37]],[[42588,39536],[-56,-65]],[[42532,39471],[0,0]],[[42532,39471],[26,28]],[[42537,39440],[0,0]],[[42588,39536],[0,0]],[[42799,39533],[29,14]],[[42828,39547],[0,0]],[[42828,39547],[-29,-14]],[[42797,39502],[0,0]],[[42825,39407],[0,0]],[[39617,43154],[-20,45],[-135,-34],[-140,20],[-67,90],[17,170],[-89,156],[-18,204],[-98,98],[-138,27],[-88,77],[-18,61],[51,77],[-89,89],[51,160],[-78,11],[-14,-68],[-101,21],[-68,192],[-62,-4],[-21,75],[-137,37],[8,70],[-56,26],[22,79],[-43,28],[-30,168]],[[38256,45029],[300,283],[96,43]],[[38652,45355],[260,250],[71,-7],[45,-159],[215,-98],[77,28]],[[39320,45369],[41,-42],[-34,49],[46,79]],[[39373,45455],[96,38],[221,-13],[44,-38],[-18,-121]],[[39716,45321],[147,-137]],[[39863,45184],[24,-7]],[[39887,45177],[39,22]],[[39926,45199],[64,109]],[[39990,45308],[179,101]],[[40169,45409],[222,100],[203,8],[45,-62],[145,-34],[65,-63],[-118,-78],[-132,-233],[191,-70],[256,8],[8,106],[63,76],[302,29],[213,-31],[82,110],[137,49],[48,124],[-31,29],[-143,82],[-41,-3],[-13,-67],[-46,-18],[-68,33],[-5,198]],[[41552,45702],[48,125],[94,5],[55,-84],[344,-93],[128,-156],[-3,-92]],[[42218,45407],[90,-2],[153,-144],[405,-35],[205,48],[17,-102],[-64,-90],[-258,-149],[-10,-34],[174,-80],[146,-194],[65,6]],[[42086,42853],[-88,111],[-188,-2],[-78,135],[85,149],[-233,-151],[2,-58],[-404,-168],[-145,-16],[26,-61],[-36,-60]],[[41027,42732],[-71,30],[-96,-64],[-99,5],[-209,138],[-229,22],[35,84],[-20,177],[-32,-58],[-121,12],[-53,-139],[-183,24],[-140,-35],[-192,226]],[[40197,45338],[103,44]],[[40300,45382],[0,0]],[[40300,45382],[-103,-44]],[[40330,45361],[0,0]],[[40337,45335],[0,0]],[[40470,45292],[0,0]],[[40458,45196],[4,-13],[9,43],[-13,-30]],[[40375,45166],[81,-11],[1,3],[-82,8]],[[39263,45099],[-78,-77],[46,38],[32,39]],[[39911,45125],[-13,28],[-1,-9],[14,-19]],[[39911,45125],[0,0]],[[39950,44962],[-6,72]],[[39944,45034],[0,0]],[[39944,45034],[6,-72]],[[40186,45035],[-50,-59],[50,59]],[[40260,45086],[0,0]],[[40245,45206],[-9,-36],[9,36]],[[39376,44940],[-204,-15],[204,15]],[[39544,44971],[0,0]],[[39376,44940],[168,31]],[[39591,44891],[0,0]],[[39704,44817],[0,0]],[[39823,44789],[0,0]],[[39323,45267],[-20,-78]],[[39303,45189],[0,0]],[[39303,45189],[20,78]],[[39206,38543],[3,119],[-121,127],[-29,107],[-2,259],[40,97]],[[39097,39252],[413,-74],[173,5],[3,60],[114,87],[217,-153],[154,-21],[155,116],[222,0],[-18,110],[-179,64],[-76,66],[-78,-16],[-41,71],[-176,6],[287,259],[20,88],[259,-51],[130,-79],[255,-5]],[[40931,39785],[242,-44],[99,-79],[45,-127],[145,-88],[-131,-270],[-54,-38],[13,-65],[-127,-27],[-150,-109],[61,-93],[-29,-54],[123,-24],[2,-192],[140,25],[31,-50],[59,-14],[0,-42],[67,14],[68,-56],[316,329],[122,5],[30,-32],[17,-291],[-207,-57],[-138,-215],[80,-85],[-57,-97],[20,-52],[138,-119],[156,-74],[20,-78],[-102,-101],[38,-85]],[[41968,37500],[-32,-47],[-90,-20],[-212,8],[12,38],[-59,-4],[-28,64],[-56,-14],[-37,65],[-63,-2],[-51,43],[-52,-24],[20,-45],[58,4],[50,-86],[-21,-162]],[[40455,37977],[-12,81],[-75,12]],[[40368,38070],[-50,19],[79,-29],[58,-83]],[[40342,38125],[0,0]],[[40368,38070],[-26,55]],[[40416,38262],[-74,42],[-5,-3],[79,-39]],[[40456,38253],[43,-34],[-83,43]],[[40416,38262],[40,-9]],[[40481,38462],[31,-33],[-54,-6],[76,3],[-53,36]],[[40481,38462],[-85,-7],[85,7]],[[40303,38418],[0,0]],[[40264,38473],[31,-29],[-70,35],[78,-61]],[[40303,38418],[-39,55]],[[40624,38317],[0,39],[-8,4],[8,-43]],[[40624,38317],[0,0]],[[40590,38211],[0,0]],[[40414,38336],[14,6],[3,2],[-17,-8]],[[40594,38371],[-12,6],[-30,-4],[11,-2],[31,0]],[[67324,60631],[-66,-89],[-220,-89],[-652,-58],[-154,18],[-363,-25],[-77,-58],[-56,-145],[221,-126],[47,-143],[-542,62],[-469,-12]],[[67803,60804],[-479,-173]],[[61040,59671],[-16,4]],[[60614,60018],[-43,-32]],[[64380,61209],[181,-7],[28,44],[163,12],[139,-43],[-24,-122],[50,-10],[-31,-99],[36,-157],[199,-189],[42,-143],[-13,-72],[-159,-221],[54,-14],[-62,-126],[-76,-72],[86,-24]],[[64993,59966],[-106,-18],[-412,-429]],[[64475,59519],[-196,-131],[-416,-159],[-145,-144]],[[62404,59567],[97,57]],[[62501,59624],[-117,-67]],[[62578,59654],[-77,-30]],[[62501,59624],[93,32],[-42,33]],[[62552,59689],[60,44],[6,67],[-6,-67],[-60,-44]],[[62552,59689],[26,-35]],[[62828,60000],[0,-38],[0,38]],[[62828,60000],[-22,58],[19,24],[-19,-24],[22,-58]],[[62885,60047],[0,0]],[[62142,60003],[0,0]],[[62226,60003],[0,0]],[[62290,59952],[0,0]],[[62290,59952],[-8,47],[-32,11],[32,-12],[8,-46]],[[62283,59861],[-24,30],[15,-38],[9,8]],[[62825,59903],[91,19],[-132,-21],[41,2]],[[62101,59756],[-29,-17],[162,-6],[-133,23]],[[62141,59845],[0,0]],[[63055,59904],[27,8],[-83,-1],[56,-7]],[[63204,59946],[0,0]],[[63336,59877],[0,0]],[[63336,59877],[-63,6],[63,-6]],[[63347,59925],[0,0]],[[63389,60012],[-42,-10],[42,10]],[[63678,59963],[-16,-7],[16,7]],[[63710,60044],[-4,-3],[4,3]],[[63829,59948],[-61,52],[61,-52]],[[63829,59948],[10,-26]],[[63839,59922],[0,0]],[[63921,59869],[0,0]],[[64111,59762],[20,41]],[[64177,59977],[-46,-174]],[[64131,59803],[-26,-39],[-129,2],[135,-4]],[[64207,60032],[0,0]],[[64177,59977],[30,55]],[[63059,60017],[-53,24],[-16,1],[69,-25]],[[63059,60017],[0,0]],[[63269,60010],[13,1],[0,5],[-13,-6]],[[63286,60070],[-7,-2],[5,-27],[2,29]],[[63647,57037],[-44,2]],[[63182,57196],[89,163]],[[63271,57359],[0,0]],[[62585,58622],[-7,149]],[[62597,58839],[85,122]],[[63217,59066],[189,90],[-72,186],[95,-4],[73,-152],[81,-68],[135,-33]],[[63718,59085],[39,-102],[236,-208],[155,-85],[632,-223],[146,-88],[140,-158],[72,-138],[-6,-161],[-263,-290]],[[64869,57632],[-395,-216],[-209,-73]],[[64265,57343],[-73,-39]],[[64192,57304],[-173,-104]],[[64019,57200],[-99,-63]],[[63920,57137],[0,0]],[[63920,57137],[-155,-141]],[[63765,56996],[-118,41]],[[63539,57770],[0,0]],[[63542,57692],[0,0]],[[63619,57602],[67,-112],[-67,112]],[[63619,57602],[0,0]],[[63465,57279],[-31,37],[31,-37]],[[63527,57246],[0,0]],[[63577,57439],[-12,-11],[53,22],[-41,-11]],[[63701,57338],[0,0]],[[63940,57362],[0,0]],[[63586,57835],[0,0]],[[63677,57760],[0,0]],[[63811,57634],[-11,42],[11,-42]],[[63799,57553],[0,0]],[[63861,57452],[0,0]],[[63894,57463],[0,0]],[[56751,63694],[0,0]],[[56715,63677],[-9,-52],[-1,-58],[10,110]],[[56680,63496],[1,0],[0,2],[-1,-2]],[[56891,63341],[0,0]],[[56891,63341],[1,77],[-1,-77]],[[56801,63190],[-42,-16],[37,-22],[5,38]],[[56801,63190],[42,31],[7,77]],[[56850,63298],[0,0]],[[56675,63210],[-66,10]],[[56609,63220],[146,-22],[-80,12]],[[56607,63411],[0,0]],[[56607,63411],[2,-191]],[[56609,63220],[-2,191]],[[56988,63521],[15,-28],[-73,-34],[90,26],[-32,36]],[[56888,63575],[0,-4],[58,1],[-58,3]],[[56762,63666],[122,-52]],[[56884,63614],[-122,52]],[[56884,63614],[0,0]],[[60144,63804],[-60,5]],[[62971,64696],[93,-131],[79,-26],[235,80],[192,-88],[-10,-64],[68,-55],[117,-210],[231,0],[160,63],[79,-16],[-51,-38],[11,-43],[117,-51],[14,-38]],[[61455,64328],[-42,-2],[22,-5],[20,7]],[[61455,64328],[73,67],[17,-11],[-41,-41],[24,52],[-73,-67]],[[61319,64352],[-1,-2],[39,-10],[-38,12]],[[61308,64257],[0,0]],[[61340,64155],[42,-5],[-27,12],[-15,-7]],[[61340,64155],[0,0]],[[61318,64051],[0,0]],[[61397,64078],[17,13],[-19,-14],[2,1]],[[61434,63988],[102,23]],[[61536,64011],[113,-7],[-113,7]],[[61536,64011],[-102,-23]],[[61452,63910],[-34,-17]],[[61418,63893],[34,17]],[[61452,63910],[-18,78]],[[61055,64011],[-73,19],[-37,35],[28,-41],[82,-13]],[[61203,64215],[22,-46]],[[61225,64169],[-22,46]],[[61225,64169],[0,0]],[[61244,64076],[9,-64],[1,14],[-10,50]],[[61244,64076],[-32,25],[-1,-56],[33,31]],[[61356,63909],[0,0]],[[61418,63893],[-62,16]],[[61172,64009],[0,0]],[[60987,64298],[0,0]],[[61068,64268],[0,0]],[[61119,64223],[0,0]],[[60895,64068],[0,0]],[[60899,64319],[0,0]],[[61637,64038],[-39,21],[39,-21]],[[61491,64164],[0,0]],[[61535,64222],[6,-21],[-6,21]],[[60289,60202],[-31,-91],[56,-99],[131,-63],[106,2],[20,35]],[[60571,59986],[97,-132]],[[60279,59445],[-71,-168]],[[59366,60245],[-4,8]],[[59396,60345],[-43,100]],[[61301,62578],[93,92],[144,44],[276,14]],[[61396,61002],[-29,41],[-213,-64],[47,-61],[-56,-10],[140,-187],[-190,-27],[39,-131],[-172,3],[-9,36],[-145,2],[-81,53],[-75,-64],[-180,-20],[-59,-40],[-39,-166],[-120,-30],[35,-135]],[[59743,60870],[0,0]],[[59743,60870],[58,-30]],[[59801,60840],[-10,33],[-48,-3]],[[59889,60806],[-88,34]],[[59801,60840],[88,-34]],[[59969,60682],[-42,19]],[[59927,60701],[12,80],[-1,1],[-11,-81]],[[59967,60646],[0,0]],[[59969,60682],[-2,-36]],[[60119,60612],[0,0]],[[60111,60600],[0,0]],[[60137,60563],[0,0]],[[60073,60485],[-39,-24],[39,24]],[[60073,60485],[0,0]],[[60036,60432],[0,0]],[[59642,60463],[0,0]],[[59651,60550],[14,20]],[[59665,60570],[-30,-1],[16,-19]],[[59651,60550],[-9,-87]],[[59704,60583],[0,0]],[[59665,60570],[39,13]],[[59901,60532],[0,0]],[[59901,60532],[-92,-53],[92,53]],[[59816,60453],[0,0]],[[60081,60403],[0,0]],[[59745,60630],[0,0]],[[59745,60630],[-12,43],[-8,6],[20,-49]],[[59500,62502],[-110,98],[-83,-34],[-20,-78],[-167,-139],[20,-140],[-297,-13]],[[57921,62815],[150,143],[-92,176],[16,85],[363,262],[-107,21],[9,98],[-73,-4],[-10,48],[-41,9],[-27,181],[-140,31],[36,26],[193,-60],[22,94],[44,29],[-14,67],[-195,98],[45,76]],[[60098,64749],[-35,-126],[-46,-36],[-85,7],[-63,-49],[-149,-189],[117,-18],[25,-37],[-3,-98],[104,-298],[-21,-77],[142,-19]],[[60084,63809],[60,-5]],[[60144,63804],[122,-11],[-14,-67],[108,-71],[-10,-29],[91,-2],[14,-117],[231,62],[149,3],[37,50],[15,-81],[84,-9],[97,-118],[2,-81],[-85,-19],[24,-95]],[[61009,63219],[-116,-304],[-75,-15],[17,-63],[78,-7],[-49,-35],[11,-57],[75,-51],[18,-68],[220,20],[113,-61]],[[61301,62578],[-303,-140],[-73,23],[-121,-26],[-160,34],[-64,-85],[-93,-23],[-166,-151],[-56,87],[-73,-18],[-34,80],[-125,93],[-116,9],[-67,-53],[-348,-50],[-27,17],[25,127]],[[59262,63716],[7,-22],[47,-37],[-25,21],[-29,38]],[[59412,63538],[53,24],[-31,-3],[-22,-21]],[[59446,63420],[65,5],[-62,-3],[-3,-2]],[[59210,63333],[80,15],[70,21],[-150,-36]],[[58975,63584],[-41,-2],[41,2]],[[58985,63542],[0,0]],[[59045,63507],[0,0]],[[59116,63478],[-1,0],[1,-1],[0,1]],[[59138,63437],[0,0]],[[59033,63734],[31,5],[70,25],[-101,-30]],[[59193,63753],[0,0]],[[59920,63743],[-46,-20],[46,20]],[[59694,63459],[0,0]],[[59565,63399],[0,0]],[[59532,63390],[0,0]],[[60080,63702],[0,0]],[[59934,63610],[0,0]],[[59934,63610],[55,7],[-55,-7]],[[59756,63563],[0,0]],[[59689,63743],[-52,39],[52,-39]],[[59576,63754],[0,0]],[[59521,63691],[0,0]],[[60712,58818],[-56,48],[-48,-40]],[[60206,59189],[73,256]],[[60279,59445],[214,219],[158,108],[17,82]],[[60668,59854],[-78,128],[24,36]],[[60614,60018],[309,-202],[101,-141]],[[61024,59675],[-19,-46],[35,42]],[[61040,59671],[159,55],[56,-64],[299,61],[-6,-134],[123,-31],[-6,24],[119,32],[68,73],[224,5],[54,-64],[77,-32],[98,9],[79,-48]],[[62384,59557],[20,10]],[[62404,59567],[17,-22],[-61,-66],[28,-50],[-23,-73],[64,-50],[203,4],[71,-35],[30,97],[130,32],[37,50],[23,-34],[-45,-30],[189,-54],[28,-84],[33,-3],[-15,-66],[104,-117]],[[63217,59066],[-222,29],[-186,-46],[-127,-88]],[[62682,58961],[0,0]],[[62682,58961],[-85,-122]],[[62597,58839],[-19,-68]],[[62578,58771],[7,-149]],[[62585,58622],[120,-128],[121,-297],[-218,-8],[24,119],[-58,8],[-125,-162],[36,-19],[-10,-119],[-555,21],[-140,-17],[-35,-39]],[[60705,58870],[0,0]],[[61173,58916],[0,0]],[[61127,58995],[0,0]],[[61181,59021],[0,0]],[[61148,59122],[0,0]],[[61132,59481],[0,0]],[[62353,58819],[0,0]],[[62424,58644],[0,0]],[[62438,59007],[1,-67]],[[62439,58940],[-1,67]],[[62487,58946],[0,0]],[[62439,58940],[48,6]],[[62634,59058],[11,-14]],[[62645,59044],[-11,14]],[[62682,59016],[0,0]],[[62645,59044],[37,-28]],[[62638,59114],[-41,6]],[[62597,59120],[-96,39],[-68,-26],[68,26],[96,-39]],[[62597,59120],[41,-6]],[[68252,63453],[-53,-9],[-4,29],[-167,-54],[-125,-211],[-393,-252],[-129,-128],[-95,-178],[-125,126],[-129,32],[-71,-56],[-41,32],[-93,-17],[-7,-39],[-191,2],[32,-158],[-35,-158],[-112,-31],[-145,-6],[-60,43],[-162,-12],[-106,128],[-1,138],[-49,31],[-133,-61],[-95,-254],[-153,-38],[-449,344],[-49,-50],[-54,7],[-40,-67]],[[64036,63754],[22,14],[-95,153],[26,54],[180,94],[137,10]],[[64306,64079],[92,-9],[109,56],[57,73],[50,5],[113,-149],[-93,-161],[24,-36],[82,-13],[233,241],[73,-5],[210,-111],[153,255],[95,11],[-244,97],[-94,124],[60,69],[84,-41],[75,30],[8,78],[428,-34],[133,41],[47,-7],[51,-74],[230,-12],[158,-54],[163,121],[31,-19],[-17,-72],[60,21],[157,-165],[313,-85],[10,26],[196,-13],[-1,20]],[[68706,63580],[-264,-19],[-104,-59],[-79,29],[-7,-78]],[[63489,60605],[-107,23],[-104,-35],[-174,112],[-136,-51],[-186,6],[-184,59],[-145,-23],[100,142],[-41,90],[-38,9],[-9,-47],[-200,-116],[-149,-137],[-196,-65],[-27,13],[108,111],[-245,6],[12,93],[-48,137],[-313,37],[-11,33]],[[61396,61002],[42,7],[21,180],[43,27],[125,-17],[33,-84],[76,27],[-33,35],[22,75],[-47,266],[-24,17],[-85,-33],[-32,42],[347,44],[152,160],[78,5],[90,79],[8,83],[-46,76],[59,251],[-195,117],[-18,96],[-67,68],[-142,18],[31,75],[-20,112]],[[61814,62728],[76,88],[228,39],[153,79],[123,12],[69,69],[221,49],[48,-52],[32,28],[77,-12],[41,-96],[65,31],[102,-76],[56,45],[-5,136],[-168,-15],[-41,64],[149,54],[149,-50],[75,75],[94,33],[-72,42],[25,179],[59,8],[10,-38],[102,-32],[75,65],[-98,123],[34,24],[210,4],[-8,106],[-60,93],[17,48],[384,-97]],[[64036,63754],[13,-178],[58,-108],[-92,-107],[152,-63],[187,20],[-7,-94],[-46,-12],[29,-36],[125,83],[86,-41],[36,44],[55,-22],[-5,-44],[-70,-43],[190,-78],[-42,-134],[-155,-186],[85,-32],[238,29],[45,-58],[-101,-26],[10,-65],[50,2],[78,-78],[63,59]],[[65018,62586],[-1,-61],[-103,-34],[4,-41],[-157,1],[-46,-30],[9,-106],[-58,-100],[-137,2],[-207,62],[-51,40],[-9,80],[-170,33],[-257,-290],[-35,-100],[288,-40],[50,18],[98,-158],[144,-117],[8,-51],[-174,-96],[-19,-56],[37,-65],[166,-13],[-18,-255]],[[64380,61209],[-40,-95],[-97,35],[-98,-25],[-161,-122],[217,-90],[-6,-85],[-92,-82],[-380,-1]],[[63723,60744],[-234,-139]],[[63723,60744],[-44,44],[-117,40],[-124,60],[285,-144]],[[63652,60946],[-21,84],[21,-84]],[[63705,60778],[0,0]],[[63652,60946],[53,-168]],[[63786,61165],[-23,-40],[-69,-65],[69,65],[23,40]],[[63786,61165],[-46,4],[46,-4]],[[63647,61217],[0,0]],[[63497,61271],[0,0]],[[63497,61271],[-20,52],[20,-52]],[[63407,61368],[-65,-21],[65,21]],[[63224,61266],[-8,-20],[8,20]],[[63187,61052],[0,0]],[[63187,61052],[20,-38],[-20,38]],[[57253,60448],[-267,50],[-297,108],[-68,44],[-35,78]],[[56396,62942],[175,-75],[252,64],[96,-12],[41,-67],[166,85],[108,-27],[61,27],[238,-13],[116,-66],[272,-43]],[[57921,62815],[-6,-95],[45,-18],[290,116],[78,4],[137,-57],[61,-96],[7,-107],[-45,-33],[25,-102],[-97,-7],[38,-59],[80,-15],[29,-112],[136,-59],[144,21]],[[58843,62196],[167,-43],[-51,-247],[53,-93],[-49,-25],[8,-366],[-102,-146],[67,-22],[-49,-89],[-133,-33],[-109,-81],[-91,77],[-98,10],[-78,-83],[20,-54],[-81,-57],[-82,-24],[-58,28],[-54,-13],[-4,-148],[42,-11],[-13,-63],[92,-115],[-66,-11],[-108,-108],[-28,-62],[44,-51]],[[57030,62036],[-80,-15],[-1,-5],[81,20]],[[57030,62036],[197,7]],[[57227,62043],[-197,-7]],[[57408,62035],[-181,8]],[[57227,62043],[181,-8]],[[57258,61892],[0,0]],[[57297,61881],[0,0]],[[57367,61839],[0,0]],[[57459,61875],[48,40],[-1,4],[-47,-44]],[[57459,61875],[-29,-51],[29,51]],[[57028,61929],[-44,-12],[-50,5],[50,-5],[44,12]],[[57125,61860],[55,-38],[3,3],[-58,35]],[[62497,64525],[-96,17],[-103,-40],[-180,30],[-43,-28],[-104,65],[73,52],[15,58],[-407,1],[-18,94],[-89,50],[30,205],[-94,36],[-108,149],[-97,37],[-266,-103],[-110,32],[-215,-107],[-23,-73],[-83,24],[17,125],[-133,-24],[3,-31],[57,-16],[17,-102],[-151,-200],[0,-70],[-248,-26],[-43,69]],[[60098,64749],[-61,20],[-11,225],[-201,43],[-46,117]],[[62890,66449],[-46,-117],[72,-45],[15,-73],[-140,-125],[98,-83],[84,15],[44,-44],[34,-157],[-55,-91],[117,-2],[21,-61],[115,-80],[41,33],[110,-19],[52,-102],[64,-29],[-15,-89],[76,21],[56,-35],[-120,-55],[-39,-72],[-221,72],[-151,-152],[-233,-81],[183,-249],[-81,-133]],[[62971,64696],[-474,-171]],[[45567,40744],[-23,-54]],[[45544,40690],[-43,2],[-16,-53],[60,-34],[-202,-294],[-126,10],[-118,113],[30,149],[-108,216],[0,175],[289,-34],[60,73],[94,31],[-135,33],[-93,67],[-50,6],[-19,-51],[-118,-6],[-78,43],[40,443],[66,22],[17,48],[94,12],[1,48]],[[47081,41036],[-60,-44],[-29,-85],[-78,-49],[-99,4],[-72,44],[-122,-3],[-141,39],[-5,35],[-350,56],[-131,-67],[25,-69],[-97,-123],[-171,10],[-184,-40]],[[48228,39342],[-85,-36],[-30,39],[56,126],[-161,42],[-140,-40],[-136,-138],[-1,-83],[-49,58],[-132,317],[-9,117],[84,228],[-14,392],[123,262],[-55,74],[-181,85],[-138,223],[-129,90],[-150,-62]],[[47081,41036],[-13,93],[-54,3],[-10,71],[36,20],[-72,90],[-96,39],[59,11],[-36,25],[161,11],[74,-31],[59,152],[165,47],[100,65],[-77,88]],[[50125,40797],[-400,20],[-400,-69],[-34,-57],[22,-252],[217,-239],[144,-97],[31,-192],[-42,-155],[-100,-120],[-53,-2],[-98,-74],[-600,-108]],[[48812,39452],[-283,23],[-301,-133]],[[46855,41973],[-103,14],[14,110],[-78,121],[-45,8],[-71,-101],[-91,2],[-202,20],[-15,86],[-80,27],[-85,-33],[-12,-135],[-174,-9],[-65,-41],[90,-65],[1,-139],[-269,22],[-11,-61],[-452,-23],[-18,-67]],[[45189,41709],[-197,13],[-8,88],[-92,4],[-7,-36],[-175,-35],[-377,-3],[3,104],[66,104]],[[48802,42690],[-62,-20],[-171,-184],[-235,26],[-81,-27],[151,-45],[-67,-159],[-157,107],[-85,-107],[-152,-1],[20,-173],[-56,-41],[137,-53],[26,-59],[-72,-82],[-157,61],[-198,-1],[-69,-84],[11,-39],[-208,-89]],[[47377,41720],[-55,40],[-56,-6],[-24,63],[47,81],[-222,-16],[-103,53],[-22,67],[-87,-29]],[[43976,41848],[-268,-233],[-156,-6],[-37,87],[22,131],[59,7],[-15,44],[-618,112],[-10,135],[-38,35],[-325,-126],[-90,13],[-195,-359],[-370,3]],[[41935,41691],[-146,84],[-170,14],[-22,-22],[-83,41],[-260,30],[34,111],[64,-2],[49,216],[-44,50],[77,78],[-21,175],[107,9],[1,80],[267,-35],[109,78],[22,149],[66,35],[18,83],[83,-12]],[[42086,42853],[75,-1],[-24,239],[126,76],[-13,178],[77,19],[-13,90],[100,17],[171,-30],[102,162],[160,67],[-14,76],[68,3],[154,-66],[104,142],[-38,109],[55,19],[-49,119],[195,146],[-16,41],[-90,8],[-39,116],[-52,20],[44,32],[37,151],[-65,45]],[[43141,44631],[47,319],[165,150],[32,100],[6,114],[-62,167],[28,63],[185,-55],[198,-153],[238,-224],[121,-187],[164,74],[65,-117]],[[44699,44437],[94,-77],[1,-44],[-120,-43],[-125,3],[71,-97],[138,-74],[-7,-36],[-68,-24],[6,-58],[101,-18],[60,59],[163,-73],[32,-117],[-107,-75],[46,-64],[59,-55],[166,31],[92,-92],[-70,-30],[-37,24],[-273,-111],[-41,-60],[-132,-22],[48,-97],[11,-218],[-49,-117],[-90,-19],[-30,-66],[184,-145],[89,24],[41,-18],[-65,-69],[-60,-10],[5,-210],[-124,-41],[-156,4],[-37,-109],[31,-7],[-144,-338]],[[44402,41948],[-43,2],[-102,-108],[-281,6]],[[43403,43522],[71,-23],[-8,6],[-63,17]],[[43557,43426],[35,-32],[-38,46],[3,-14]],[[43510,43186],[0,0]],[[43552,43156],[14,-8],[-56,37],[42,-29]],[[43639,43107],[62,-26],[-98,46],[36,-20]],[[43712,43077],[73,-2],[-75,2],[2,0]],[[43410,43361],[0,0]],[[43403,43268],[0,0]],[[43695,43370],[0,0]],[[43648,43223],[11,-2],[-19,40],[8,-38]],[[43758,43170],[0,0]],[[43652,43306],[0,0]],[[45383,44319],[-69,-26],[-35,30],[99,73],[-91,32],[-340,-15],[-228,53],[-20,-29]],[[44699,44437],[-53,55],[-129,4],[53,163],[-84,113],[-158,110]],[[44328,44882],[39,81],[128,0],[139,66],[-9,270],[72,-3],[10,74],[94,-1],[26,42],[-47,146],[-127,21],[-12,95],[-121,-11],[-26,80],[104,163],[-56,66],[84,159]],[[44626,46130],[56,-5],[13,50],[137,59],[-107,62],[52,253],[-36,25],[288,202],[-400,18],[301,214],[91,103],[-100,153],[51,31],[-43,72],[59,105],[55,53],[247,24],[246,94],[154,169],[175,-126],[151,-35],[115,135],[79,265],[132,-23],[173,99]],[[47867,46019],[-42,-93]],[[47709,45394],[49,-41]],[[47657,44345],[-241,-68],[-92,10],[-30,-44],[-190,-47],[-33,-57],[-151,70],[-68,99],[-179,23],[-59,-189],[-99,-102],[-67,-19],[-76,11],[-12,40],[-90,29],[-20,184],[-190,-82],[0,-53],[-425,284],[-252,-115]],[[45996,45816],[0,0]],[[45996,45816],[110,23],[19,-34],[-17,42],[-112,-31]],[[46089,45716],[-58,-32],[97,36],[-1,32],[-38,-36]],[[46010,45582],[119,-21],[-108,20],[-5,27],[-6,-26]],[[46192,45569],[0,0]],[[46233,45584],[-4,39],[-10,17],[-19,-5],[33,-51]],[[45917,45518],[272,4],[161,10],[-64,0],[-369,-14]],[[45791,45526],[-70,64],[70,-64]],[[45791,45526],[28,-17],[39,-5],[-67,22]],[[45939,45674],[0,0]],[[45936,45691],[0,0]],[[45923,45771],[9,-41],[-9,41]],[[46311,45591],[0,0]],[[46376,45599],[0,0]],[[46497,45560],[4,12],[-8,2],[4,-14]],[[46497,45560],[0,0]],[[46356,45496],[0,0]],[[38831,54714],[178,-40],[203,59],[43,150],[-60,6],[-32,62],[59,40],[2,137],[218,248],[196,19],[50,-38],[131,-20],[42,106],[301,4],[179,-16],[14,-98],[153,18],[177,-65],[54,33],[170,-73],[248,55],[30,-81],[205,30]],[[41289,50526],[-64,-36]],[[41225,50490],[-181,4],[-7,57],[-173,222],[-541,444],[-378,217],[-520,235]],[[41025,53111],[265,11],[-15,-44],[210,6],[63,-54],[-33,-51],[-101,-24],[13,-21],[131,18],[37,-39],[49,23],[117,-44],[109,34],[349,-67]],[[43524,51661],[57,-107],[-69,-19],[1,-87],[-72,-3],[50,-32],[0,-67],[-58,7],[21,-93],[-60,-45],[56,-28],[-1,-34],[-143,-44],[-26,-95],[-156,-2],[-95,-73],[52,-76]],[[43081,50863],[7,-114],[-48,-105],[-94,-72],[-176,-44],[35,-279]],[[42805,50249],[-328,-14],[-287,150],[-303,-55],[24,66],[-622,130]],[[42347,53216],[-36,125],[-77,-30],[-195,-4],[-225,38],[85,47],[30,65]],[[41929,53457],[-19,145],[85,-15],[46,49],[-119,39],[-13,73],[96,67],[-278,20],[35,179],[53,33],[-12,158],[-45,4],[-6,-25],[-52,13],[-4,46],[-105,13],[-7,241],[84,16],[-151,380],[-68,-31],[-46,67],[116,96]],[[44435,54957],[78,-4],[128,-98],[-1,-46],[212,-47],[121,-80],[112,-226],[282,-234]],[[44473,51894],[-67,-35],[-29,-145],[-30,-5],[-4,42],[-77,1],[-21,49],[-97,14],[-3,36],[-242,-19],[-72,32],[-97,-22],[29,-105],[-69,-102],[-170,26]],[[43524,51661],[-281,79],[67,92],[249,37],[-21,94],[-266,120],[-137,188],[-161,13],[-108,72],[145,121],[-39,162],[-119,57],[-157,-101],[-87,-7],[-160,141],[-189,42],[-41,88]],[[42219,52859],[126,124],[-11,109],[48,106],[-35,18]],[[42655,54114],[110,-8],[-110,9],[0,-1]],[[42859,54072],[12,18],[-32,-11],[20,-7]],[[42937,54112],[0,0]],[[43000,54107],[0,0]],[[43039,53921],[-45,-27],[46,27],[-6,43],[5,-43]],[[42136,53992],[0,0]],[[42474,53877],[148,-4],[-4,0],[-144,4]],[[42474,53877],[-109,24]],[[42365,53901],[-95,39],[95,-39]],[[42717,53927],[-24,116]],[[42693,54043],[24,-116]],[[42693,54043],[0,0]],[[42966,53861],[0,0]],[[42112,53965],[0,0]],[[42351,53784],[0,0]],[[42351,53784],[-10,69],[-47,13],[47,-13],[10,-69]],[[42366,53764],[0,0]],[[42479,53810],[-19,-30],[19,30]],[[42539,53825],[0,0]],[[42660,53801],[0,0]],[[42742,53789],[4,-2],[48,24],[-52,-22]],[[42739,53863],[0,0]],[[42761,53916],[0,0]],[[42830,53891],[0,0]],[[44080,55322],[-95,-61],[60,-70],[216,14],[-15,-56],[-234,-105],[47,-130],[155,-66],[99,15],[70,100],[52,-6]],[[44435,54957],[-13,-188],[-94,-60],[-88,-3],[13,-100],[-474,-68],[-54,21],[105,124],[-40,41],[-525,37],[-65,74],[-145,-9],[-89,47],[-112,-4],[-48,102],[-270,183],[-43,4],[7,-52],[-119,-17],[-29,47],[-99,5],[-12,-170],[-57,23],[14,57],[-51,9],[-117,-54],[-148,0],[-8,40],[-63,21],[-51,-70],[-84,6],[-37,39],[-120,-17]],[[41519,55025],[-23,113],[-39,-1],[-65,113]],[[41392,55250],[115,30],[-39,155],[54,40],[-75,2],[-69,134],[11,33],[103,2],[-38,167],[40,96],[-12,127],[101,91],[-123,30],[-144,-42],[-26,-94],[-203,22],[22,67],[-30,16],[-187,2],[55,61],[-20,46],[-101,32],[-9,45]],[[42822,56597],[100,-56],[-9,87],[172,-33],[-11,81],[65,3],[4,-137],[84,-64],[71,-1],[31,38],[211,-20],[53,-24],[1,-101],[272,44],[14,-27],[-67,-29],[-68,-107],[-290,-121],[38,-121],[66,-35],[-99,-20],[17,-41],[120,-20],[37,-128],[84,-32],[142,24],[205,-35],[173,35],[5,-58],[-50,-35],[-201,-35],[-19,-34],[109,-114],[-2,-159]],[[42480,55562],[22,-77],[46,-87],[-46,87],[-22,77]],[[42480,55562],[-64,36],[-26,26],[23,-27],[67,-35]],[[42456,55689],[0,0]],[[42516,55792],[0,0]],[[42494,55831],[0,0]],[[42610,55829],[0,0]],[[42696,55841],[0,0]],[[42696,55841],[80,46],[47,9],[-47,-9],[-80,-46]],[[42960,55903],[101,-4],[-163,-7],[62,11]],[[43161,55844],[0,0]],[[43321,55669],[0,0]],[[42597,55294],[-15,2],[15,-2]],[[42817,55330],[0,0]],[[42817,55330],[-49,-20],[49,20]],[[43097,55457],[31,8],[36,61],[-36,-61],[-31,-8]],[[43097,55457],[0,0]],[[39528,52569],[-13,-37],[64,-24],[184,38],[51,-110],[-275,-150],[-353,-308]],[[36226,55003],[160,-43],[119,-88],[376,14],[52,-40],[238,13],[267,-53],[161,18],[29,-63],[69,53],[108,13],[-17,57],[53,38],[129,-61],[49,83],[85,-26],[10,-41],[-86,-47],[-20,-62],[82,37],[84,-25],[34,33],[48,-17],[27,35],[33,-41],[57,-1],[41,82],[294,4],[114,-72],[9,-89]],[[38831,54714],[-70,-123],[33,-97],[-101,1],[-23,-45],[44,-93],[-16,-85],[114,-45],[48,31],[62,-38],[-164,-191],[34,-94],[210,2],[153,41],[55,-33],[131,-6],[77,38],[59,133],[109,19],[8,-75],[142,91],[96,-12],[0,57],[134,26],[111,121],[111,-72],[80,32],[26,-81],[83,-59],[-117,-67],[6,-111],[-67,-22],[53,-62],[146,13],[26,-183],[107,33],[89,-64],[228,67],[28,-60],[-89,-32],[-11,-83],[90,-47],[53,-80],[39,0],[29,63],[111,16],[-131,-149],[85,-27],[-3,-72],[103,-93],[-108,-40],[-19,-46]],[[41025,53111],[-488,-38],[-104,-60],[-281,115],[-378,-186],[-188,-29],[-159,-110],[4,-103],[51,-27],[46,-104]],[[45242,51833],[-105,-26],[28,-68],[-42,-47],[-57,1],[-160,33],[-8,166],[-138,36],[-287,-34]],[[44473,51894],[-24,29],[-42,-25],[-193,41],[93,178],[0,121],[-32,118],[-101,51],[89,34],[-80,165],[-83,4],[-55,66],[-309,-55],[2,201],[90,32],[39,77],[85,14],[-1,77],[-56,8],[35,110],[119,94],[57,7],[13,61],[84,17],[-10,43],[-52,9],[-2,77],[-80,58],[52,15],[24,60],[480,93],[55,105],[119,18],[192,115],[82,-64],[4,99],[41,25],[67,-83],[64,5],[-69,134],[109,37],[45,92],[-36,72],[79,-7]],[[45367,54222],[486,-420],[29,-236],[94,-1],[2,25],[381,-38],[96,57],[253,53],[285,49],[92,-38],[201,68]],[[47286,53741],[431,-130],[80,8],[92,93]],[[47889,53712],[53,-118]],[[47942,53594],[-28,-421],[-188,-454]],[[47726,52719],[-75,-9],[-52,-56],[-290,-447],[90,-139],[323,-62],[332,-196],[91,-131]],[[48145,51679],[-426,-4],[-222,-106],[-226,73],[-117,160],[-89,37],[-81,-51],[-85,22],[-102,-37],[-76,11],[-18,-83],[-30,0],[-48,83],[-71,0],[-106,61],[-199,19],[-147,-24],[-79,31],[-51,116],[70,53],[-47,142],[-237,40],[-62,-45],[-100,21],[-162,-187],[-139,-26],[-53,-152]],[[45398,53437],[28,-1],[6,32],[-15,-1],[-19,-30]],[[45779,53392],[0,0]],[[45591,53232],[76,5],[145,10],[-221,-15]],[[45744,53136],[0,0]],[[45744,53136],[45,-23],[-2,5],[-43,18]],[[45803,53062],[0,0]],[[45847,52997],[26,9],[-26,-9]],[[45317,53251],[0,0]],[[45349,53314],[4,-57],[9,1],[-13,56]],[[45591,53232],[0,0]],[[45266,53138],[0,0]],[[45555,53103],[-53,5],[-116,32],[116,-32],[53,-5]],[[45460,53470],[46,-4],[-31,6],[-15,-2]],[[45597,53449],[-35,6],[83,-21],[-48,15]],[[45387,53397],[-5,-15],[5,15]],[[46063,53185],[-3,-8],[29,-10],[-26,18]],[[46061,53096],[11,19],[-40,-45],[29,26]],[[46144,53302],[-73,-92],[-4,-10],[77,102]],[[46172,53337],[-170,12],[170,-12]],[[45913,53374],[0,0]],[[57689,48538],[94,-78],[-15,-157],[-88,-90],[-345,-150]],[[57335,48063],[-146,-33],[-309,32],[-429,146],[-230,-36],[-139,-139],[-196,-57],[-121,-4],[-113,78],[-74,11],[-208,-56],[-228,6],[-70,25],[2,31],[-67,1]],[[56027,50111],[331,-77],[224,61],[271,-440],[-60,-47],[-253,16],[-105,-114],[10,-99],[145,-88],[339,-4],[324,-178],[60,-105]],[[57313,49036],[30,-109],[216,-306],[130,-83]],[[48792,47175],[-404,241],[-514,168],[-493,216]],[[54733,48737],[51,-41],[3,-133],[216,-275],[4,-220]],[[55007,48068],[-28,-38],[28,-126],[141,-34],[-52,-192],[-86,-20],[-2,-299],[-168,-273],[-224,-192],[-352,-387],[-93,-180],[5,-178]],[[53167,49233],[-76,-11],[76,11]],[[53147,49280],[0,0]],[[47916,50296],[57,49],[16,101],[-46,137],[29,115],[339,4],[88,-26],[43,25],[12,96],[141,61],[180,154]],[[48775,51012],[69,-77],[286,-78],[601,-325],[317,-80],[163,12],[82,38],[217,177]],[[50510,50679],[490,-19],[69,-31],[73,-107],[278,-153],[438,-347]],[[51699,48634],[-212,-8],[-28,28],[-75,-66],[29,-23],[-62,-100],[-7,173],[-295,-41],[-43,-430],[-121,-35],[-126,46],[-41,-24],[-111,24],[-41,33],[-200,-29],[1,111],[72,96],[50,-10],[55,38],[45,-33],[25,92],[-86,90],[-92,-15]],[[47555,48000],[-174,-200]],[[47381,47800],[-38,-66],[-828,393]],[[46515,48127],[-471,373],[50,12],[-35,37],[118,32]],[[46177,48581],[134,61],[128,-54],[80,121],[15,168],[-40,98],[-54,25],[7,73],[71,-3],[110,106],[127,-45],[314,111],[28,52],[-45,36]],[[47052,49330],[-13,130],[66,163],[247,79],[109,87],[14,210],[214,130],[88,195],[56,16],[65,-69],[18,25]],[[47916,50296],[77,-302],[38,-23],[172,36],[104,65],[91,-12],[6,-49],[-54,4],[24,-97],[74,-49],[38,24],[115,-34],[99,66],[270,-10],[53,77],[80,8],[76,-59],[74,-2],[101,-90],[9,-72],[110,-40],[30,-165],[46,-21],[109,1],[105,66],[-12,92],[101,25],[-5,34],[90,-48],[132,-240],[-147,19],[-104,-36],[-88,-102],[27,-109],[-142,-47],[-19,-60],[47,40],[120,-57],[-7,-33],[137,-89],[4,69],[112,-119],[39,22],[272,-38]],[[50320,48941],[54,27],[29,-51],[102,-48],[-6,-83],[-127,-46],[-32,-70],[52,-102],[44,-17]],[[50436,48551],[-68,-13],[-121,47],[-54,-30],[3,-62],[-69,-15],[3,-199],[-100,-22],[-59,-68],[6,-45],[87,-33],[-52,-73],[-208,1],[-5,53],[-82,15],[-45,64],[-192,-47],[-1,-61],[-91,-31],[-84,14],[-16,75],[-330,-51],[-52,56],[-223,-113],[-125,95],[-422,-39],[-94,9],[-100,59],[-129,1],[-258,-138]],[[51577,46633],[24,66],[98,55],[-140,86],[-13,111],[-97,27],[5,95],[113,148],[158,17],[16,-32],[104,0],[-116,124],[65,105],[69,17],[9,111],[-611,140],[-19,-46],[-80,-6],[-62,-64],[-68,8],[76,145],[291,321],[80,43],[41,146],[-43,85],[90,61],[-9,119],[64,3],[77,116]],[[51699,48634],[16,77],[148,143],[70,9],[-10,41],[100,3],[27,146]],[[52655,49103],[-15,-44],[-114,-35],[29,-65],[253,89],[40,-38],[-110,-292],[-66,-11],[-16,-69],[6,-186],[197,4],[21,-22],[-36,-137],[37,-29],[-61,-83],[65,-38],[278,22],[30,-66],[-94,-1],[-1,-82],[63,7],[46,-32],[90,56],[80,1],[-20,-109],[-60,5],[-22,-167],[44,-1],[-13,-48],[186,8],[21,-37],[10,-52],[-201,-27],[-76,-282],[-122,-175],[8,-181],[-76,10],[-24,-75],[48,-64],[-28,-209],[156,-110],[92,0]],[[56860,53880],[-11,-56]],[[56406,53341],[0,-63],[5,60],[50,-43]],[[56461,53295],[54,-222],[11,56]],[[57377,53259],[23,-5]],[[57400,53254],[0,0]],[[57400,53254],[5,29],[-23,-11]],[[57479,53469],[28,6]],[[57507,53475],[231,-105]],[[57653,53290],[64,19],[21,61]],[[57902,53150],[-5,-67],[54,54]],[[58350,52471],[-222,-235],[-39,-249],[86,-188],[234,-196],[107,-272]],[[58516,51331],[-56,-181],[-126,-201]],[[58334,50949],[-229,-83],[-198,6],[-379,112],[-335,181],[-242,-50]],[[57669,53230],[0,0]],[[57653,53290],[16,-60]],[[57560,52889],[28,45]],[[57588,52934],[0,0]],[[57588,52934],[-28,-45]],[[56267,52941],[-45,-19],[51,21],[-88,21],[82,-23]],[[56441,52916],[-11,-1],[11,1]],[[56396,52969],[-29,-12],[29,12]],[[56484,53027],[-54,-44],[50,38],[4,6]],[[56198,52895],[0,0]],[[56156,52808],[0,0]],[[56378,52781],[0,0]],[[56531,52718],[-120,-4],[120,4]],[[56546,52857],[38,-17],[-64,33],[26,-16]],[[56553,52727],[0,0]],[[56673,52839],[0,0]],[[56673,52839],[6,-27],[-6,27]],[[57787,52919],[-35,-30]],[[57752,52889],[39,-6],[-4,36]],[[57697,52903],[0,0]],[[57752,52889],[-55,14]],[[57550,53082],[-78,60],[-57,51],[59,-54],[76,-57]],[[57550,53082],[51,-28],[17,13],[-29,16],[-39,-1]],[[57615,53116],[31,3],[-28,0],[-3,-3]],[[57729,53117],[-35,1],[58,-3],[-44,36],[21,-34]],[[57471,53346],[0,0]],[[58014,53204],[-85,-74],[-27,20]],[[57902,53150],[-69,95],[42,68]],[[54711,49597],[7,-93],[48,0],[80,-88],[197,-223],[50,-111],[-4,-44],[-122,-66],[49,-149],[-180,-23],[-103,-63]],[[54733,48737],[-277,310],[-212,132],[-287,102],[15,42]],[[53603,51628],[-12,12]],[[55110,52502],[1,-50],[35,-6],[238,73],[159,-26],[149,-142],[402,-156],[5,-45],[306,-43],[30,-171],[49,-4],[47,48],[65,-17],[-37,-71],[58,-33],[123,43]],[[56740,51902],[30,-18],[-24,-102],[171,-47],[-55,-45],[6,-80],[271,-160],[-188,-335]],[[56951,51115],[-104,-87],[-291,50],[-114,-32],[-176,-602],[-95,-187],[-144,-146]],[[56027,50111],[-109,-108],[-227,-96],[-376,-45],[-366,-135],[-223,-47],[-15,-83]],[[53972,49323],[-147,52],[-157,106]],[[53743,50434],[31,207]],[[53767,50740],[81,127]],[[54028,51018],[-57,125]],[[53899,51238],[152,76],[101,-2],[61,148],[90,-16],[65,65],[48,-3],[45,74],[67,11],[57,-42],[85,-6],[-9,-63],[-87,-13],[-43,-68],[82,-15],[2,-48],[50,-27],[131,-37],[126,27],[18,-73],[99,-20],[-198,-444],[-77,-59],[-56,-263],[-182,-228],[-20,-121],[-155,-150],[-30,-85],[-18,-189],[135,-106],[-44,-104],[168,-48],[-62,-36],[-249,5],[-160,-35],[-105,19],[-14,-39]],[[53544,49633],[124,-152]],[[53668,49481],[-187,-29],[38,-57],[-53,-21],[-194,14],[-344,-60],[-64,-42],[-50,-112],[24,-30],[-86,-106],[-97,65]],[[52655,49103],[-40,24],[-145,-121],[-108,-34],[-180,10],[-132,71]],[[52050,49053],[-174,272],[220,213],[17,179],[-143,192],[-130,37],[18,76]],[[51858,50022],[331,239],[162,10],[379,94],[31,56],[-93,149],[-411,368]],[[52257,50938],[251,156],[-33,58],[152,87],[16,42],[30,-49],[83,2],[163,147],[499,171],[-24,26],[150,14],[59,36]],[[53603,51628],[211,-221],[85,-169]],[[53899,51238],[72,-95]],[[53971,51143],[57,-125]],[[54028,51018],[-49,-78],[-131,-73]],[[53848,50867],[-81,-127]],[[53767,50740],[7,-99]],[[53774,50641],[-31,-207]],[[53743,50434],[0,0]],[[53743,50434],[-50,-122],[-194,-231],[-9,-277],[54,-171]],[[52945,51286],[0,0]],[[52933,51345],[556,51],[6,2],[-562,-53]],[[52933,51345],[12,-59]],[[53454,50864],[137,-12],[-137,12]],[[53460,50835],[0,0]],[[53321,50684],[0,0]],[[53571,50420],[39,77]],[[53610,50497],[-39,-77]],[[53580,50405],[22,24],[-31,-9]],[[53571,50420],[9,-15]],[[53639,50547],[-7,41],[7,-41]],[[53610,50497],[29,50]],[[53151,51145],[5,-60],[0,1],[-5,59]],[[53151,51145],[0,0]],[[53147,51063],[7,16],[-60,-5],[53,-11]],[[53093,51028],[0,0]],[[52967,50896],[0,0]],[[52910,50822],[0,0]],[[52992,50742],[-13,18],[13,-18]],[[53058,50684],[0,0]],[[53122,50662],[124,7],[-11,3],[-113,-10]],[[53122,50662],[0,0]],[[53127,51179],[0,0]],[[53125,51280],[0,0]],[[53639,50635],[22,181],[-22,-181]],[[53646,51262],[-28,71],[60,-155],[-32,84]],[[53476,51692],[-112,63],[-33,83],[31,84],[-185,109],[51,142],[-98,21],[-81,64],[60,93],[-104,51],[-37,135],[18,94],[-263,185],[9,36],[215,132],[82,222],[-2,128],[113,42],[-79,23],[33,109],[-34,117],[-88,-16],[-85,52],[-127,142],[15,103]],[[52775,53906],[44,22],[173,-47],[101,25],[91,81],[255,93],[44,259],[308,27],[31,64],[-39,75]],[[53783,54505],[-48,56],[37,31],[74,19],[83,-22],[58,62],[42,-92],[395,-19],[3,-25],[92,11],[35,76],[95,59],[211,24]],[[55688,53652],[-134,11],[-263,-157],[80,-77],[-52,-41],[86,-29],[-46,-39],[58,-32],[-36,-45],[-133,-35],[98,-124],[-89,-108],[36,-136],[128,-43],[-149,-102],[-4,-38],[-128,-65],[-30,-90]],[[55110,52502],[-146,-2],[-144,-68],[-21,-79],[-109,-110],[98,-41],[-34,-28],[-125,-28],[-77,23],[-155,-94],[-206,13],[-156,-76],[26,-106],[-76,-11],[-81,-169],[-155,0],[-158,-86]],[[53591,51640],[-115,52]],[[53476,51692],[22,5],[44,49],[-44,-49],[-22,-5]],[[54285,53848],[83,43],[-82,-42],[-1,-1]],[[54294,53750],[0,0]],[[53581,51947],[-54,17],[54,-17]],[[53691,52053],[-7,19],[7,-19]],[[53626,52238],[0,0]],[[53702,52277],[0,0]],[[53836,52246],[0,0]],[[53895,52196],[1,32],[-1,-32]],[[53999,52210],[0,0]],[[53999,52210],[-43,4],[43,-4]],[[53671,51969],[-73,-28],[99,31],[-26,-3]],[[53704,51973],[16,-7],[5,9],[-21,-2]],[[53658,51827],[0,-20],[0,20]],[[53612,51869],[-18,-18],[63,-5],[-45,23]],[[53612,51869],[0,0]],[[53817,52122],[0,0]],[[54526,54209],[84,54],[-70,-43],[-14,-11]],[[54454,54144],[0,0]],[[54440,54000],[0,0]],[[54411,53800],[0,0]],[[54791,53858],[10,51],[-1,5],[-9,-56]],[[54797,53929],[-11,73],[-9,-7],[20,-66]],[[54802,54231],[0,0]],[[54916,54160],[0,0]],[[54909,54043],[0,0]],[[54909,54043],[10,45],[-10,-45]],[[61745,57981],[350,-239],[132,-47],[179,5],[327,135],[112,12],[165,-123],[67,-160],[213,-74],[-19,-131]],[[63271,57359],[-1,-1]],[[59870,59529],[25,57],[120,-185],[117,-33],[76,-91]],[[60208,59277],[-2,-88]],[[60206,59189],[1,-86],[93,-126],[308,-151]],[[60608,58826],[42,46],[62,-54]],[[60712,58818],[129,-38],[351,36],[130,-102],[-35,-135],[-111,-105],[-308,-85],[-112,-76],[-12,-51],[162,-57],[76,-82]],[[60982,58123],[370,-28],[393,-114]],[[56288,57615],[77,94],[-5,316],[37,143],[30,3],[81,-138],[190,-93],[261,96],[277,13],[236,-27],[186,42],[77,105],[-94,112],[-115,28],[-187,-69],[-174,25],[-19,31],[14,61],[156,177],[122,71]],[[57438,58605],[80,35],[39,65]],[[57557,58705],[-12,37]],[[57545,58742],[-136,53]],[[57409,58795],[-63,66],[-6,72]],[[57340,58933],[15,101],[-47,75],[99,330],[-73,154],[-283,214],[-18,138],[28,180],[251,165],[-59,158]],[[57253,60448],[240,-29]],[[57493,60419],[273,-98],[316,45]],[[58082,60366],[343,24],[296,153],[358,50],[274,-148]],[[59353,60445],[43,-100]],[[59396,60345],[-34,-92]],[[59362,60253],[-27,-16],[31,8]],[[59366,60245],[227,-138],[-13,-200],[-107,-169],[2,-68],[235,-133],[160,-8]],[[59870,59529],[18,-82],[-72,-76],[56,-32],[-103,-45],[1,-62],[70,-1],[-12,-29],[-365,-43],[-14,-95],[-128,76],[-34,-30],[-93,171],[-28,-2],[10,-99],[-75,-28],[39,-59],[-42,-147],[174,-114],[-11,-109],[106,-292],[-30,-66],[103,-80],[116,45],[104,-86],[-76,-84],[33,-66]],[[58000,59118],[-9,-45],[83,64],[-16,8],[-58,-27]],[[57839,58808],[32,-10]],[[57871,58798],[-30,48],[-2,-38]],[[57871,58798],[0,0]],[[57818,58675],[-12,-41],[27,61],[-15,-20]],[[57865,58585],[-32,-13],[-65,10],[77,-15],[50,47],[-30,-29]],[[57638,58993],[0,0]],[[58758,60216],[-78,-46],[125,55],[-47,-9]],[[57288,53421],[94,-149]],[[57382,53272],[-5,-13]],[[57377,53259],[-14,-51],[53,-107],[-120,-10],[-29,-55],[-76,27],[-172,-4],[-48,-33],[-75,15],[-45,25],[50,35],[-53,69],[-89,-65],[-57,19],[-29,-44],[-147,49]],[[56526,53129],[-65,166]],[[56461,53295],[-55,46]],[[56406,53341],[-82,59],[-56,121],[141,176],[67,62],[104,23],[142,11],[47,-40],[80,71]],[[56849,53824],[11,56]],[[56860,53880],[-44,15],[-103,-47],[-198,118],[0,52],[149,42],[35,48],[-70,11],[1,107],[-111,12],[-26,91],[-145,-41],[-106,35],[-221,-141],[-123,-187],[75,-105],[-14,-92],[-66,-63],[-98,1],[-107,-84]],[[55688,53652],[-62,44],[20,40],[-191,106],[23,42],[-88,132],[52,75],[207,-14],[60,282],[67,-11],[-46,57],[38,92],[-47,71]],[[60684,54247],[-107,-49]],[[60577,54198],[-157,-35],[-392,34],[-800,-9],[-234,-62],[-96,-158],[0,-84],[153,-365],[5,-313],[-152,-222],[-261,-188],[-293,-325]],[[58350,52471],[-55,35],[-19,114],[239,303],[-143,31],[0,39],[-69,9],[-16,35],[-55,-11],[-62,80],[-219,31]],[[57951,53137],[63,67]],[[58014,53204],[-139,109]],[[57875,53313],[-137,57]],[[57738,53370],[-231,105]],[[57507,53475],[-28,-6]],[[57479,53469],[-137,40],[-51,81],[-54,2],[-52,-96],[103,-75]],[[57594,54872],[9,20],[18,27],[-21,-10],[-6,-37]],[[57564,54812],[88,-8],[-82,15],[-6,-7]],[[57217,53956],[-27,-5],[27,5]],[[57217,53956],[51,-102],[-20,64],[-31,38]],[[57193,53809],[0,0]],[[57081,53712],[8,-6],[18,21],[-26,-15]],[[56862,54110],[0,0]],[[56970,54055],[-5,-37]],[[56965,54018],[5,37]],[[56921,53961],[-33,-73],[77,130]],[[56965,54018],[-44,-57]],[[57007,54111],[22,-1],[19,9],[-41,-8]],[[57170,54090],[-63,19],[-35,7],[27,-24],[71,-2]],[[57083,53935],[42,-18]],[[57125,53917],[0,0]],[[57125,53917],[-55,36],[-16,-37]],[[57054,53916],[29,19]],[[57054,53916],[0,0]],[[57053,53881],[0,0]],[[56935,53790],[-1,3],[-14,5],[15,-8]],[[57174,53878],[0,0]],[[57170,54090],[0,-49],[4,18],[-4,31]],[[56888,54128],[45,-14],[30,-1],[-75,15]],[[57816,55170],[26,39],[-28,-72],[2,33]],[[57845,55090],[26,-38],[-72,-139],[50,94],[49,15],[-53,68]],[[57845,55090],[0,0]],[[57902,54906],[111,71],[-37,-21],[-74,-50]],[[57902,54906],[0,0]],[[58075,55013],[-27,-16],[88,45],[-61,-29]],[[58247,55086],[-55,-33],[58,31],[-3,2]],[[57826,54821],[-20,-36],[20,36]],[[57653,54934],[0,0]],[[58113,55179],[3,-5],[20,47],[-23,-42]],[[58125,55158],[8,-16],[40,-25],[-48,41]],[[57929,55211],[0,0]],[[58050,55296],[45,-13],[-45,13]],[[58190,55245],[0,0]],[[56033,55017],[2,-74],[-238,-50],[17,-111],[-128,-28],[85,-150],[-50,-36]],[[55721,54568],[-75,-24],[-35,93],[-81,6],[-45,-125],[-120,2],[-107,99],[-255,20],[-143,46]],[[54860,54685],[47,24],[-188,120],[-58,138],[138,62],[437,57]],[[55236,55086],[142,26]],[[55378,55112],[255,75]],[[55633,55187],[125,45]],[[55758,55232],[47,49]],[[55938,55222],[117,-2],[15,35]],[[56070,55255],[-14,-30],[-118,-3]],[[55938,55222],[-133,59]],[[55805,55281],[14,40]],[[55819,55321],[28,120]],[[55847,55441],[5,111]],[[55852,55552],[199,-20],[-199,22],[0,91]],[[55852,55645],[8,200],[115,108]],[[55975,55953],[0,0]],[[55975,55953],[133,60]],[[56108,56013],[156,238]],[[56264,56251],[64,215]],[[56328,56466],[339,111],[80,60],[19,61],[-51,125],[-136,172]],[[56579,56995],[48,8],[-185,273]],[[57502,55416],[-114,-28],[-75,-123],[-199,-85],[-65,79],[-80,-67],[-80,23],[-120,-119],[-91,70],[-138,3],[-56,-74],[-441,-29],[-10,-49]],[[56057,55888],[0,0]],[[56096,55865],[0,0]],[[56312,55858],[-19,3],[-25,-2],[44,-1]],[[56374,55841],[-3,7],[-26,4],[29,-11]],[[56473,55738],[77,-26],[-77,26]],[[56473,55738],[0,0]],[[56651,55686],[0,0]],[[56238,55650],[0,0]],[[56238,55650],[150,-14],[-150,14]],[[56341,55519],[0,0]],[[56291,55446],[0,0]],[[56245,55321],[1,-30],[7,-9],[-8,39]],[[56245,55321],[0,0]],[[56070,55255],[0,0]],[[56196,55386],[-189,28],[189,-28]],[[56102,55513],[0,0]],[[56037,55639],[0,0]],[[56682,55832],[-22,-2],[22,2]],[[56611,55923],[59,-38],[-59,38]],[[56623,56015],[0,0]],[[56746,56108],[-61,-3],[-6,-5],[67,8]],[[56728,56173],[0,0]],[[56766,56282],[27,-16],[-27,16]],[[56731,56368],[-4,-5],[4,5]],[[56691,56446],[0,0]],[[56691,56446],[-73,4],[-18,-23],[18,23],[73,-4]],[[56373,56447],[27,-12],[-27,12]],[[61068,54402],[-144,-34],[-240,-121]],[[60684,54247],[-57,119],[-137,-39],[-249,164],[-180,278],[43,165],[-168,50],[-176,21],[-134,-53],[-229,-185],[-133,-231],[-70,-31],[-114,-26],[-230,24],[-243,125],[-65,145],[-8,239],[211,147],[18,159],[99,106],[172,-6],[22,96],[-79,34]],[[59501,56085],[0,0]],[[59581,56084],[283,21]],[[60011,56053],[82,0],[12,-25],[-9,25]],[[60334,56610],[63,-34],[-63,34]],[[60509,57323],[579,-211],[54,5],[-12,66],[91,-17],[47,-31],[-6,-157],[51,-26],[343,125],[55,117],[206,63],[122,97],[51,-26],[-4,-43],[142,6],[-44,-89],[96,-33],[52,123],[190,64],[8,107],[285,-98],[255,90],[107,-28],[93,-69]],[[63270,57358],[-88,-162]],[[63182,57196],[18,-108],[63,-51],[340,2]],[[63603,57039],[162,-43]],[[63765,56996],[-326,-328]],[[63439,56668],[-24,-52]],[[63415,56616],[-28,-162],[105,-335],[-14,-142]],[[63478,55977],[-68,-83],[-337,-160],[-67,-477],[-54,-64],[-248,-109],[-127,-105],[-296,-565],[-224,-177],[-242,-68],[-747,233]],[[61385,56134],[113,63]],[[61498,56197],[0,0]],[[61498,56197],[-113,-63]],[[61338,56092],[0,0]],[[61327,56045],[7,1],[-3,17],[-4,-18]],[[61428,56058],[0,0]],[[61898,56059],[-20,2],[-134,9],[154,-11]],[[62064,56039],[-67,11],[-21,2],[88,-13]],[[62064,56039],[53,3],[-53,-3]],[[59332,55620],[-2,41],[2,-41]],[[59360,55569],[-26,10],[16,-37],[10,27]],[[59628,55668],[-117,-8],[-14,-11],[31,7],[100,12]],[[59796,55788],[-8,-37],[8,37]],[[60053,55879],[-76,4],[76,-4]],[[60086,55928],[0,0]],[[60683,56593],[-36,-33],[36,33]],[[60769,56607],[47,23],[3,5],[-50,-28]],[[61148,57046],[0,0]],[[60898,56917],[0,0]],[[60898,56917],[116,-2],[-116,2]],[[60850,56909],[0,0]],[[60849,56697],[-1,27],[-81,102],[81,-102],[1,-27]],[[60849,56689],[0,0]],[[61661,56243],[-67,-12],[106,11],[-39,1]],[[61764,56242],[0,0]],[[61943,56288],[0,0]],[[62024,56324],[0,0]],[[58446,55758],[-211,-303],[-284,-54],[-418,-13],[-31,28]],[[57502,55416],[29,47],[253,100],[34,213],[113,209],[-38,304],[21,35],[178,43],[-22,47],[-173,51],[-156,-69],[-60,-52],[-8,-257],[-51,-32],[-376,29],[-114,114],[2,47],[148,142],[280,133],[3,114],[-33,44],[-147,33],[-142,-42],[-128,-114],[-61,21],[-97,108],[0,119],[-115,161],[-58,-8],[-63,113],[-279,207]],[[56442,57276],[-145,241],[-9,98]],[[56288,57615],[155,-39],[216,67],[241,13],[120,-56],[122,81],[122,-11],[159,38],[22,-61],[48,-4],[86,34]],[[57579,57677],[93,-2],[341,-146],[89,5],[126,-46],[57,129],[-63,229],[110,16],[85,-77],[181,-21],[64,56],[-155,18],[-51,63],[-20,57],[62,119],[-83,17],[-67,114],[165,-17],[13,-81],[50,-13],[13,-108],[296,-46],[25,-104],[71,-68],[150,23],[21,58],[86,24],[171,138],[-13,70],[221,10]],[[59617,58094],[2,-56],[76,-30],[316,12],[58,27],[110,-49],[-10,-94],[-56,7],[-14,-33],[102,-199],[-16,-100],[64,-97],[168,-115],[67,-3],[25,-41]],[[60509,57323],[-137,-78],[29,-50],[-125,-47],[-43,-81],[-4,-34],[49,-45],[54,3],[26,-48],[-40,-32],[52,-78],[-36,-223]],[[60334,56610],[-62,-1],[-1,-62],[59,-40],[-74,-369],[-160,-85]],[[60096,56053],[-85,0]],[[60011,56053],[-147,52]],[[59864,56105],[-283,-21]],[[59581,56084],[-80,1]],[[59501,56085],[-215,22],[-46,-169],[-81,-93],[-176,-109],[-6,-188]],[[58977,55548],[-465,-128],[-45,69],[80,177],[-15,62],[-86,30]],[[58538,56739],[-19,107]],[[58519,56846],[0,0]],[[58519,56846],[19,-107]],[[58523,56602],[17,55],[-1,14],[-16,-69]],[[58537,56559],[-72,-10],[75,8],[-17,45]],[[58523,56602],[14,-43]],[[58405,57332],[76,-15],[33,13],[-37,-4],[-72,6]],[[58405,57332],[0,0]],[[58473,57049],[64,-96]],[[58537,56953],[-3,49],[-61,47]],[[58473,57049],[-13,-38],[3,-10],[10,48]],[[58485,56933],[0,0]],[[58249,56609],[0,0]],[[58366,56767],[-71,1]],[[58295,56768],[0,0]],[[58295,56768],[71,-1]],[[58340,56858],[0,0]],[[58405,56958],[0,0]],[[58382,56575],[0,0]],[[58393,57056],[33,36],[-72,-65],[39,29]],[[58449,57117],[3,4],[-1,5],[-2,-9]],[[58731,57007],[28,16],[-28,-16]],[[58731,57007],[-57,2],[-4,-3],[61,1]],[[58811,57021],[0,0]],[[58909,57007],[42,58]],[[58951,57065],[-9,81],[9,-81]],[[58951,57065],[-42,-58]],[[58909,57007],[-69,-46],[69,46]],[[58537,56953],[0,0]],[[58714,57255],[-24,23],[24,-23]],[[58714,57255],[0,0]],[[59048,57267],[-94,-12]],[[58954,57255],[0,0]],[[58954,57255],[94,12]],[[59013,57229],[30,10],[3,16],[-33,-26]],[[58604,57393],[0,0]],[[32955,49542],[-134,-76],[32,-84],[-53,-13],[67,-30],[168,17],[26,-65],[-180,-129],[-79,70],[-5,81],[-99,8],[-43,36],[-19,-37],[-87,5],[-125,172],[-99,32],[24,80],[-277,48],[-28,-68],[-152,-113]],[[35504,49961],[-272,11],[-84,-68],[-82,-233],[-337,2],[14,-40],[-49,-13],[-129,83],[11,-63],[-264,53],[-44,57],[-74,8],[-43,124],[-112,81],[-76,-18],[-23,-48],[137,-87],[-73,-58],[-169,-33],[-205,59],[-166,120],[-167,-6],[-43,-12],[36,-124],[-48,-63],[-281,-11],[-6,-140]],[[36976,53697],[195,-40],[569,-8],[98,-398],[113,-160],[587,-367],[218,-254],[336,-163],[94,-329]],[[39186,51978],[-52,-38],[291,-271]],[[39425,51669],[-111,-22],[64,-85],[10,-106],[-126,109],[4,35],[-492,95],[-112,101],[-423,-153],[-27,-370],[46,-32],[-95,-25],[10,-45],[-116,-17],[-33,27],[-149,-49],[-258,18],[-180,-68]],[[37357,51758],[194,-18],[-13,-35],[27,43],[-267,25],[43,-37],[16,22]],[[37220,51821],[0,0]],[[37487,51959],[43,-30]],[[37530,51929],[75,-38],[25,-11],[-100,49]],[[37530,51929],[-43,30]],[[37651,51844],[0,0]],[[37672,51765],[37,58],[-37,-58]],[[37672,51765],[0,0]],[[30871,50804],[-158,-84]],[[33818,52019],[-199,-127],[-172,84],[-73,-69],[-75,0],[-365,106],[-25,-35],[-90,48],[-63,97],[-46,-89],[-121,-21],[-126,19],[-37,-24],[-48,39],[-116,-24],[107,-172],[10,-97],[-147,1],[-15,-84],[-218,-20],[47,-40],[-52,-37],[90,-39],[-41,-34],[-1,-102],[-144,-92],[-49,5],[-53,-62],[-127,-8],[12,-90],[-137,9],[-49,-88],[-135,3],[12,-37],[-144,-35],[-159,27],[-198,-227]],[[29074,51346],[-58,-48],[52,-226],[263,-56],[45,19]],[[29335,54884],[118,-16]],[[31930,53546],[-479,-261],[143,-8],[-12,-109],[-52,-57],[-449,179],[-660,-55],[-89,-38],[136,-55],[-7,-64],[63,-23],[133,-202],[-40,-34],[-16,-135],[-139,-27],[-20,-100],[-51,-27],[-93,2],[-35,-162],[59,35],[44,-41],[115,17],[102,-109],[218,5],[22,-54],[-53,-28],[-1,-254],[95,-50],[-29,-64],[-91,-52],[-81,33],[-71,-10],[-72,-29],[-68,-118],[-116,14],[46,-83],[72,-9],[21,-87],[-49,-34],[-46,59],[-349,-60],[-62,27],[15,128],[-59,22],[-120,-61],[-35,-64],[-329,84],[-9,-42],[-95,27],[-43,-100],[-214,-21],[55,-103],[-61,-2]],[[30119,52988],[0,0]],[[30136,52948],[0,0]],[[30042,52981],[0,0]],[[29885,52882],[0,0]],[[30148,52798],[-45,-28],[45,28]],[[30148,52798],[0,0]],[[29933,52708],[0,0]],[[30138,52873],[0,0]],[[30291,52871],[-101,22],[-50,47],[-13,-35],[164,-34]],[[30291,52871],[0,0]],[[30402,52925],[0,0]],[[30291,52952],[0,0]],[[30291,52952],[88,6],[-4,10],[-84,-16]],[[29928,52528],[0,0]],[[30094,52577],[0,0]],[[30127,52577],[0,0]],[[35083,50580],[-133,-46],[-131,138],[-113,-22],[-46,44],[-56,-14],[-304,105],[8,133],[99,20],[-6,170],[-91,27],[-123,-11],[-51,62],[-27,154],[-80,17],[-2,78],[80,13],[-32,83],[-125,112],[-14,217],[42,65],[-82,109],[-78,-15]],[[33818,52019],[29,79],[-163,-23],[-117,67],[19,144],[-107,10],[-109,-75],[-52,81],[-75,-18],[-167,33],[3,56],[-122,106],[-55,-4],[-94,73],[8,32],[-90,41],[-232,19],[11,117],[-35,-11],[-48,46],[-20,81],[63,17],[36,53],[48,-18],[51,22],[-96,57],[172,49],[59,170],[-202,64],[70,70]],[[35806,53293],[10,-34],[158,-63],[321,-55],[154,-112],[-5,-75],[126,-3],[-72,-17],[66,-25],[-28,-53],[-72,-24],[-68,25],[40,-62],[171,-94],[205,-20],[-189,-348],[-54,-197],[57,-200],[-27,-73],[80,-6],[142,-166],[-14,-24],[-110,52],[-75,-12],[58,-45],[3,-67],[-46,-33],[105,-3]],[[36742,51559],[156,-91],[44,42],[295,-167],[40,-151],[52,-24],[34,-76],[74,-10]],[[37437,51082],[11,-173],[-373,7],[-107,170],[-47,13],[-119,-85],[-115,5],[150,-88],[66,-193],[45,-303],[-129,-121],[46,-55],[11,-155],[337,-149],[132,-92],[88,-152],[-13,-40],[-57,-49],[-97,9],[-138,-37],[16,-91],[-184,-24],[-123,22],[-157,84],[-38,142],[-116,21],[-3,-121],[-45,-10],[-73,32],[-71,-36],[-74,38],[-72,-12]],[[36188,49639],[-298,-83],[-206,1],[-31,36],[-66,-5],[52,177],[-135,196]],[[35504,49961],[-14,99],[45,114],[-198,81],[-33,173],[-149,71],[17,85],[-89,-4]],[[35150,52611],[0,0]],[[35180,52566],[0,0]],[[35286,52456],[0,0]],[[35119,52473],[-66,18],[49,-16],[17,-2]],[[52200,42917],[-88,51],[-68,-19]],[[51973,42689],[-26,-32]],[[53386,44767],[903,-398],[18,-96],[-76,-177],[126,-260],[-125,-375]],[[54232,43461],[-44,-47],[-81,-31],[81,31],[44,47]],[[54232,43461],[34,-204],[83,-53],[47,-3],[16,41]],[[54412,43242],[65,42],[33,-60],[-98,18]],[[54412,43242],[104,-30],[-8,-128],[170,-118],[96,-28],[37,20],[-10,66],[98,10],[102,-128],[67,-23]],[[55068,42883],[-11,-142],[-98,-75]],[[54959,42666],[-194,-72],[-38,-68]],[[54124,44296],[84,-22],[-68,23],[-16,-1]],[[54073,44293],[0,0]],[[54060,44232],[-69,-39],[69,39]],[[54060,44232],[0,0]],[[53903,44167],[-120,79],[120,-79]],[[53903,44167],[0,0]],[[53540,44142],[7,-103],[-7,103]],[[53547,43961],[0,0]],[[53475,43862],[0,0]],[[53426,43772],[0,-16],[10,52],[-10,-36]],[[53426,43699],[0,0]],[[53574,43755],[0,0]],[[53652,43582],[0,0]],[[53744,43543],[74,-17],[-74,17]],[[53744,43543],[0,0]],[[53796,43441],[0,0]],[[53867,43421],[120,-43]],[[53987,43378],[0,0]],[[53987,43378],[-191,63]],[[53796,43441],[71,-20]],[[52129,43170],[8,-4],[28,57],[-28,-56],[-8,3]],[[52046,43165],[36,17],[-10,3],[-26,-20]],[[52036,43080],[58,15],[-48,70]],[[52046,43165],[-10,-85]],[[52039,43060],[206,32]],[[52245,43092],[0,-59],[1,2],[-1,57]],[[52245,43092],[-206,-32]],[[52039,43060],[-6,17],[-22,-32],[28,15]],[[52324,43104],[0,0]],[[52398,43012],[-6,8],[6,-9],[0,1]],[[52246,42973],[0,0]],[[52394,42969],[0,0]],[[54253,44187],[-23,13],[23,-13]],[[55097,42900],[-98,41],[-110,113],[-117,-43],[15,-52],[-99,23],[-124,69],[-27,157]],[[54537,43208],[0,0]],[[54537,43208],[-61,88],[-83,-49],[-28,14],[1,88],[-5,-92],[-38,-14],[-53,50],[-1,137],[81,99]],[[54350,43529],[58,18],[10,-9],[-6,13],[-62,-22]],[[54350,43529],[-38,9],[74,313],[-10,70],[-98,121],[21,116]],[[54299,44158],[0,0]],[[54299,44158],[55,182],[471,-191],[262,-255],[-21,-106],[42,98],[75,-12],[152,-139]],[[55335,43735],[-17,-118],[59,-323],[-110,-184],[-26,-118],[-56,-46]],[[55185,42946],[-152,99],[130,-108]],[[55163,42937],[-66,-37]],[[54724,43908],[9,47],[-9,-47]],[[54710,43838],[0,0]],[[54968,43919],[0,0]],[[54883,43350],[-75,-70],[-40,-60],[40,60],[75,70]],[[54895,43355],[139,54],[-139,-54]],[[55191,43580],[-8,73],[8,-73]],[[55093,43674],[-2,108],[2,-108]],[[55339,43775],[-130,116],[-112,16],[-159,187],[148,-34]],[[55086,44060],[60,-18]],[[55146,44042],[240,-90]],[[55386,43952],[-47,-177]],[[53537,44974],[-86,-11],[323,-117],[73,-90],[-42,-27],[-59,12],[-190,95],[-176,26]],[[53410,45013],[123,8],[4,-47]],[[54709,45158],[92,21]],[[54801,45179],[-139,-207],[9,-68],[-123,17]],[[54548,44921],[-62,51],[24,65],[94,96],[105,25]],[[54860,45397],[-247,-67],[-42,-51],[12,-135],[-130,-109],[-184,46],[-430,259],[112,83],[256,3],[262,-44],[391,15]],[[54595,45287],[370,107],[17,-33],[-131,-72],[32,-12],[65,40]],[[54948,45317],[-126,-118]],[[54822,45199],[-193,-31],[-34,119]],[[54658,45816],[213,-139],[76,-224],[65,-7]],[[55012,45446],[-334,0],[-192,-41],[-359,76],[-223,145],[-463,-234]],[[53586,46416],[590,-267]],[[54176,46149],[63,-23],[230,-244],[189,-66]],[[50191,41604],[-79,0],[57,209],[-97,-4],[-53,49],[75,95],[-24,81],[176,106]],[[51145,42864],[85,-9],[50,-81],[51,11],[5,-49],[90,-54],[32,-67],[104,22],[47,-30],[56,59],[282,-9]],[[51947,42657],[26,32]],[[51973,42689],[-5,43],[82,79],[-6,138]],[[52044,42949],[79,19],[77,-51]],[[52200,42917],[182,-37],[40,-159]],[[52422,42721],[-21,-40],[-1,-36],[1,36],[21,40]],[[52422,42721],[176,22],[28,-71],[292,-53],[192,-77]],[[52048,42629],[0,0]],[[52130,42560],[23,-41],[-28,60],[5,-19]],[[52078,42332],[1,-1],[12,1],[-13,0]],[[51968,42323],[16,-23],[21,31],[-37,-8]],[[51983,42163],[3,29],[-3,-29]],[[51955,42107],[-10,-98]],[[51966,41977],[-21,32]],[[51945,42009],[10,98]],[[51949,41943],[0,0]],[[51966,41977],[-17,-34]],[[51683,42085],[0,0]],[[51831,42098],[0,0]],[[51714,42251],[-21,-6]],[[51693,42245],[-36,-58],[36,58]],[[51693,42245],[21,6]],[[51968,42323],[-48,-24]],[[51768,42302],[-30,-19],[-1,-10],[31,29]],[[51768,42302],[152,-3]],[[51920,42299],[48,24]],[[52310,42326],[-43,-57]],[[52267,42269],[43,57]],[[52211,42225],[56,44]],[[52267,42269],[-56,-44]],[[52090,42199],[0,0]],[[52101,42167],[0,0]],[[52093,42332],[83,4],[-33,3],[-50,-7]],[[52416,42604],[0,0]],[[52429,42520],[0,0]],[[52283,42522],[0,0]],[[52073,40115],[-107,-33]],[[51966,40082],[107,33]],[[52529,40183],[-40,-105]],[[52489,40078],[-66,3],[-73,88],[-257,-47]],[[52093,40122],[-569,-122]],[[51524,40000],[-70,221],[155,147],[176,107],[-27,75],[-271,76],[-68,-32],[-393,142],[-138,-11],[-14,61],[-132,-18],[-191,71],[-268,-56],[-158,14]],[[50125,40797],[-286,232],[122,55],[92,238],[126,126],[12,156]],[[50191,41604],[41,64],[182,-20],[166,41],[68,-10],[-47,-63],[0,-34],[46,-10],[332,29],[-2,22],[146,38],[115,-37],[209,23],[22,-73],[236,40],[-14,22],[102,-11],[56,52],[81,9],[61,-42],[171,0],[7,-49]],[[52169,41595],[23,-79],[215,17],[-4,79],[86,23],[97,86],[127,-4],[201,191],[191,114],[130,18],[-63,55],[244,72],[-43,155],[-186,92],[-72,71],[-5,57]],[[53110,42542],[79,55],[340,-7],[-110,-62],[74,-75],[170,-48],[201,2],[72,-37]],[[53936,42370],[97,8],[69,-74],[371,62],[39,60],[3,294],[212,-194]],[[54727,42526],[36,-34],[-7,-173]],[[54756,42319],[-162,-141],[-525,-278],[-373,-259],[-311,-165],[-16,161],[43,106],[-47,-55],[-5,-223],[-108,-291],[-186,44],[-39,-28],[0,-93],[-310,-40],[-300,-107],[-311,97],[-62,-8],[49,-327],[389,-420],[47,-109]],[[51964,41140],[-2,-63]],[[51962,41077],[0,0]],[[51962,41077],[30,54],[-28,9]],[[51964,41140],[0,0]],[[51904,41274],[0,0]],[[51790,41293],[114,-19]],[[51904,41274],[-114,19]],[[51790,41293],[0,0]],[[51655,41238],[32,-1],[-32,1]],[[51582,41228],[-43,-24],[43,24]],[[51588,41180],[17,24],[-17,-24]],[[51525,40952],[103,20],[-105,-16],[17,-131],[-15,127]],[[51650,40955],[0,0]],[[51813,41041],[0,0]],[[51896,40950],[-10,61],[-2,2],[12,-63]],[[51896,40950],[0,0]],[[52047,40892],[12,22],[-27,-33],[15,11]],[[51807,40691],[0,0]],[[51884,40817],[0,0]],[[51884,41096],[0,0]],[[52095,41020],[145,-26],[110,-62],[111,7],[238,94],[303,41],[65,30],[-16,79],[77,10],[123,-61],[7,-589],[-132,-140],[-272,-163],[-116,-26],[-49,-75],[-83,-26],[-50,24],[5,91],[-56,121],[-378,366],[-32,305]],[[54046,41425],[260,-232]],[[54306,41193],[-439,6]],[[53867,41199],[179,226]],[[53441,41411],[83,41],[22,-29],[-54,-102],[-104,24],[53,66]],[[53899,41441],[102,77]],[[54001,41518],[37,-76]],[[54038,41442],[-74,-56],[-65,55]],[[51850,46629],[33,95],[151,6],[109,-90],[122,-12],[140,46]],[[52405,46674],[53,-42],[156,2],[-12,-38],[89,-40],[66,-8],[106,41],[6,-74],[55,-25],[154,-12],[199,27],[23,33]],[[53300,46538],[43,0]],[[53343,46538],[243,-122]],[[53586,46416],[-294,-160],[-140,-289],[-82,-28],[19,-276],[-40,-89],[87,-40],[-9,-63],[50,-6],[97,3],[92,56],[206,0],[-6,-58],[-119,-14],[-6,-60]],[[53441,45392],[-672,-339],[215,-140],[402,-146]],[[53386,44767],[11,-139],[-38,-48],[-30,56],[-208,12],[-147,-77],[14,-371],[62,-78],[-42,-98],[98,-25],[-51,-29],[-138,53],[-51,-70],[-311,-89],[-62,-78],[-226,-103],[-7,-158],[-317,8],[-121,-52],[-8,-48],[-88,-7],[-170,50],[-19,60],[-231,26],[-59,-45],[-150,-11]],[[51551,44872],[86,43],[-68,-24],[-18,-19]],[[51657,44769],[0,0]],[[51675,44684],[-39,-79],[30,46],[9,33]],[[51675,44684],[0,0]],[[51541,44539],[0,0]],[[51546,44512],[-32,-12],[32,12]],[[51546,44512],[0,0]],[[51179,44594],[-156,47],[160,-50],[-4,3]],[[51442,44730],[160,8],[-160,-8]],[[51203,44576],[19,-23],[-3,11],[-16,12]],[[51277,44447],[0,0]],[[51316,44441],[0,0]],[[51426,44440],[0,0]],[[51113,44808],[-14,-24],[-20,-85],[20,85],[14,24]],[[51185,44788],[3,42],[-19,33],[19,-33],[-3,-42]],[[51337,44780],[84,26],[21,-76]],[[51442,44730],[-13,82],[-92,-32]],[[51229,44779],[35,-6],[-35,6]],[[51860,44811],[-30,75],[-73,-2]],[[51757,44884],[0,0]],[[51860,44811],[0,0]],[[51836,44705],[0,0]],[[52982,44952],[-29,34],[32,60],[425,-33]],[[53410,45013],[-30,-151]],[[53380,44862],[-398,90]],[[49616,42161],[-212,41],[-156,-61],[-19,191],[-248,-21],[-13,33],[-38,-16],[-39,25],[-41,260],[-53,32],[41,26],[-36,19]],[[48802,42690],[49,32],[9,61],[-129,139],[-12,77],[43,93],[-45,88],[-185,37],[-24,-54],[-186,219],[-220,21],[-162,124],[-16,116],[72,159],[-179,-44],[11,253],[-173,162],[11,29]],[[49353,44859],[146,-69],[94,-115],[-20,-43],[89,-9],[-41,-30],[220,-114],[188,-284],[94,-33],[-42,-168],[54,-27],[14,-67],[78,-11],[284,60],[-26,-31],[63,-79],[82,-17],[20,-89],[110,4],[39,-105],[-26,-78],[81,-36],[23,41],[74,5],[20,30]],[[50971,43594],[116,-19],[10,-69]],[[51097,43506],[12,-50],[-34,-33],[-59,3],[-6,-107],[-222,-88],[69,-235],[95,2],[76,-81],[106,-20],[11,-33]],[[51145,42864],[-45,-40],[-100,32],[-259,-25],[-83,-158],[42,-42],[-183,-38],[3,-39],[146,-5],[-21,-79],[-276,-190],[-32,-146],[-91,6]],[[50246,42140],[-24,83],[-50,-22],[-211,23],[-1,-32],[-57,-2],[16,-61],[-121,49],[-162,8],[-20,-25]],[[49914,43390],[55,10]],[[49969,43400],[0,0]],[[49969,43400],[-55,-10]],[[49928,43278],[111,-11],[13,0],[-142,21],[18,-10]],[[50207,43321],[0,0]],[[50176,43338],[31,-17]],[[50207,43321],[-31,17]],[[50185,43424],[0,0]],[[50325,43473],[-20,40],[31,-81],[-11,41]],[[50001,43455],[0,0]],[[50129,43649],[-18,-117],[18,117]],[[50252,43675],[0,0]],[[50306,43567],[-45,3],[45,-3]],[[49473,44959],[-91,-40],[-29,-60]],[[49353,44859],[-19,-53],[-134,-23],[-84,56],[-121,-62],[-16,63],[-58,16],[-48,-48],[-7,-103],[-456,-140],[-181,-7],[-42,83],[-71,-67],[36,-178],[-201,18],[-113,-166],[-86,6],[-86,-52]],[[47666,44202],[-31,33],[22,110]],[[47657,44345],[158,331],[68,66],[-13,160],[94,67],[38,211],[-112,165],[-132,8]],[[47758,45353],[-49,41]],[[47709,45394],[-17,38],[407,183],[15,76],[-91,-7],[-17,88],[-205,34],[-24,50],[48,70]],[[47825,45926],[42,93]],[[47867,46019],[212,108],[363,27],[-161,128],[-289,94],[-306,18],[-100,67],[-7,205],[145,12],[18,38],[187,30],[64,57],[-21,54],[113,51],[179,18],[88,-37],[227,1],[42,19],[-9,85],[75,40],[105,141]],[[48792,47175],[74,-50],[169,81],[187,41],[27,-57],[327,-154],[98,0],[-69,66],[96,5],[83,-82],[122,-17],[77,30],[139,-42],[117,43],[66,-63],[164,-15]],[[50469,46961],[188,-97],[55,-95],[231,-113],[200,49],[434,-72]],[[51577,46633],[96,-43],[177,39]],[[51850,46629],[21,-47],[-83,-51],[-96,7],[-9,-94],[-198,-107],[-9,-34],[125,-82],[-207,-379],[509,-108],[124,-56],[-518,-480],[-88,22],[-52,68],[-17,-31],[-320,76],[-117,-234],[-152,-32],[-30,-51],[-324,18],[-91,143],[-213,-34],[-129,38],[-298,-99],[-58,13],[-56,-148],[-91,12]],[[49506,45481],[80,77]],[[49586,45558],[-80,-77]],[[49586,45558],[0,0]],[[49735,45468],[0,0]],[[49539,45327],[0,0]],[[49759,45249],[0,0]],[[49791,45307],[-8,14],[8,-14]],[[49574,45404],[27,-55],[-27,55]],[[49546,45412],[0,0]],[[43843,60459],[29,13]],[[43872,60472],[27,35],[-27,-35]],[[43872,60472],[-29,-13]],[[43844,60411],[0,0]],[[43786,60302],[0,0]],[[43915,60124],[0,10],[-6,-3],[6,-7]],[[43930,60063],[2,0],[17,17],[-19,-17]],[[43878,60058],[0,0]],[[43571,59898],[39,5],[-36,15],[-3,-20]],[[43510,59849],[-44,-9],[96,1],[-52,8]],[[43318,60031],[76,36],[-76,-36]],[[43318,60031],[-7,-65],[1,-3],[6,68]],[[43437,60205],[-27,-38],[27,38]],[[43313,60203],[0,0]],[[43376,60277],[-5,-5],[81,32],[-76,-27]],[[43487,60289],[-1,-2],[1,2]],[[43315,59910],[0,0]],[[44224,60239],[4,40],[-39,-91],[35,51]],[[43821,59932],[11,31],[-11,-31]],[[43783,59889],[3,1],[-3,-1]],[[44018,60146],[-67,4],[-9,-4],[76,0]],[[43990,60494],[-2,-1],[23,-14],[-21,15]],[[44049,60416],[0,0]],[[44113,60371],[0,0]],[[39989,64158],[-125,4],[144,-6],[21,-28]],[[39700,64316],[4,-13],[3,5],[-7,8]],[[39748,64195],[0,0]],[[39635,64128],[0,0]],[[39500,64085],[43,-25]],[[39543,64060],[-43,25]],[[39533,64015],[23,-27]],[[39556,63988],[-13,72]],[[39543,64060],[-10,-45]],[[39716,63981],[0,0]],[[39716,63981],[-25,27],[13,33],[-14,-32],[26,-28]],[[39797,63860],[0,0]],[[39798,63815],[0,0]],[[39604,63841],[5,-27],[35,-10],[-40,37]],[[39556,63988],[-40,-27],[40,27]],[[39640,64349],[0,0]],[[39640,64349],[48,-21],[-10,12],[-38,9]],[[39599,64182],[12,-39],[-12,39]],[[39568,64207],[0,0]],[[39511,64242],[0,0]],[[39532,64274],[-47,-19],[47,19]],[[39813,64095],[0,0]],[[39813,64095],[-48,-35],[48,35]],[[39875,64010],[0,0]],[[39964,64028],[-54,-13],[34,6],[20,7]],[[39964,64028],[0,0]],[[42087,59819],[48,-131],[120,-17],[67,29],[19,-52],[-121,-39],[-30,-43],[-9,-181],[47,-25],[139,49],[103,80],[84,-32],[19,-62],[60,-34],[107,-12],[-15,78],[187,-37],[-34,37],[62,27],[130,-72],[95,-110],[30,7]],[[41301,67949],[12,-4],[22,-1],[-34,5]],[[41282,67732],[38,-38]],[[41320,67694],[0,0]],[[41320,67694],[-1,36],[-37,2]],[[41338,67544],[0,0]],[[41153,67665],[-29,-6],[-43,6],[43,-6],[29,6]],[[41282,67732],[0,0]],[[41128,67774],[0,0]],[[41141,67919],[53,-4],[-53,4]],[[41141,67919],[0,0]],[[41188,67954],[0,0]],[[41222,67972],[0,0]],[[41444,67933],[16,-71]],[[41460,67862],[-16,71]],[[41519,67835],[0,0]],[[41460,67862],[59,-27]],[[41531,67687],[7,-1],[-21,40],[14,-39]],[[41622,67669],[-8,-2],[7,-2],[1,4]],[[41802,67624],[24,30]],[[41826,67654],[-59,-8],[35,-22]],[[41895,67669],[0,0]],[[41826,67654],[69,15]],[[42000,67759],[-33,-83],[33,83]],[[42028,67875],[0,0]],[[42064,67924],[0,0]],[[41817,67622],[22,-3],[94,14],[-116,-11]],[[41894,67552],[0,0]],[[41865,67525],[0,0]],[[41803,67529],[0,0]],[[41607,67553],[0,0]],[[41747,67896],[-63,-39],[89,90]],[[41773,67947],[-26,-51]],[[41773,67947],[0,0]],[[41974,67965],[-57,15],[-45,-8],[45,8],[57,-15]],[[42002,67999],[99,-8],[-93,15],[-6,-7]],[[41666,67815],[13,14],[-13,-14]],[[41644,67752],[3,44],[-11,-77],[8,33]],[[40193,63517],[-10,58],[180,37],[17,85],[-157,126],[-92,232],[-91,20],[-11,53]],[[40029,64128],[-40,30]],[[39989,64158],[47,59],[-100,139],[2,115],[140,-3]],[[42736,62972],[-85,36]],[[42386,64435],[0,0]],[[42386,64435],[59,-110]],[[42445,64325],[-59,110]],[[42151,64346],[15,-21],[20,-1],[-29,20],[-6,2]],[[42214,64265],[20,25],[-33,24],[13,-49]],[[42445,64325],[-29,-45],[29,45]],[[42283,64504],[-38,32],[58,-41],[-20,9]],[[42101,64364],[17,48],[-7,-9],[-10,-39]],[[42156,64461],[0,0]],[[41670,64993],[33,-13],[-22,-35],[-92,36],[-45,-19],[-2,-114],[-109,-19],[-22,-42],[13,-149],[-106,-31],[-98,-87],[-304,11],[-195,-62],[-269,35],[-367,-154],[36,53],[-43,65]],[[40078,64468],[85,21],[53,127],[121,4],[-15,88],[49,128],[-83,-16],[-107,25],[-44,111],[-134,21],[-4,76],[61,33],[108,-38],[44,38],[22,188],[119,57],[-13,40],[-212,45],[1,-146],[-237,-5],[-61,-45],[-127,73],[-59,-50],[11,-66],[-122,137],[-57,-6],[72,-158],[-35,-39],[-400,79],[26,39],[-96,263],[-76,43],[-61,-18],[46,225],[92,147],[-43,73],[-256,63]],[[39340,67045],[219,-10],[144,-98],[12,53],[71,-12],[83,67],[57,-15],[-31,-90],[154,-77],[106,51],[104,-81],[30,23],[99,-12],[60,39],[137,-42],[29,53],[-35,92]],[[40579,66986],[-73,77],[19,112],[151,91],[75,-25],[12,-79],[190,-47],[81,-10],[103,52],[-63,-93],[225,26],[146,-32],[21,-92],[-100,-57],[11,-31],[117,-23],[-9,-153]],[[42372,65833],[-118,-137],[-118,-10],[-27,-45],[83,-31],[-84,-72],[-23,-92],[-61,-28],[-125,34],[22,-40],[-119,-28],[-21,-50],[44,-85],[-140,-104],[57,-39],[-147,-30],[75,-83]],[[41046,65249],[44,-1],[-115,6],[71,-5]],[[41118,65846],[26,5],[-18,-1],[-8,-4]],[[41068,65822],[0,0]],[[41057,65761],[0,0]],[[41159,65702],[0,0]],[[41276,65647],[61,21],[-23,40],[-6,-41],[-32,-20]],[[41276,65647],[0,0]],[[41089,65540],[10,1],[5,-3],[-4,5],[-11,-3]],[[41029,65523],[-19,-14]],[[41010,65509],[-17,-55],[3,0],[14,55]],[[41010,65509],[19,14]],[[40872,65473],[0,-2]],[[40872,65471],[58,-8],[-58,10]],[[40832,65435],[0,0]],[[40872,65471],[-40,-36]],[[40762,65316],[21,-50],[-21,50]],[[40797,65142],[34,-20],[-34,20]],[[40797,65142],[0,0]],[[41303,65497],[49,-2],[48,-36],[-48,36],[-49,2]],[[41166,65367],[-20,-51],[9,13],[11,38]],[[41166,65367],[0,0]],[[41343,65400],[0,0]],[[41098,65273],[-5,-21],[37,45],[-32,-24]],[[41351,65845],[0,0]],[[41176,65854],[75,-15],[-60,17],[-15,-2]],[[41136,61394],[-17,62]],[[41119,61456],[-37,106],[12,-37]],[[40766,61774],[-19,24]],[[40352,61902],[49,23]],[[37852,62946],[202,18],[73,42],[150,-90],[55,-99],[125,-14],[47,51],[88,21],[164,-10],[26,117],[62,24],[-2,88],[279,32],[128,-114]],[[39249,63012],[128,-22],[107,42],[55,-13],[6,-51],[115,-6],[114,25],[20,57],[53,23],[185,7],[2,-68],[141,-56],[39,20],[-40,112],[-180,146],[120,41],[29,108],[-37,96],[87,44]],[[40193,63517],[106,-153],[143,43],[15,-66],[324,-58],[37,5],[2,39],[137,31],[58,-114],[-10,-131],[119,3],[13,-35],[144,38],[114,75],[63,-20],[118,-113],[-39,-28],[45,-96],[241,47],[107,-106],[67,-16],[41,76],[66,-1],[67,-73],[92,-9],[73,45],[15,74]],[[42351,62974],[74,-32],[21,17],[42,-45],[37,19],[-12,100],[138,-25]],[[42651,63008],[75,-62]],[[42726,62946],[0,0]],[[42726,62946],[10,26]],[[42736,62972],[62,10],[-34,70],[35,44],[100,-2],[47,-164],[75,-6],[255,116],[87,-50],[-12,196],[154,13],[58,-111],[203,33],[71,-15],[58,-90],[87,18],[12,-39],[140,-17],[170,148],[3,91],[-57,49],[34,84],[106,-8],[52,29],[39,-21],[77,41],[41,-22],[258,50]],[[43897,61422],[-21,50],[-145,73],[-88,-76],[-51,1],[-76,-175],[-119,-59],[-341,158],[-186,29],[-75,-23],[-14,-115],[-237,-124],[-112,-17],[-36,53],[-170,76],[-216,-57]],[[41241,61664],[51,-5],[39,-2],[-2,4],[-88,3]],[[41342,61641],[0,0]],[[41127,61654],[0,0]],[[41181,61414],[0,0]],[[40816,61863],[0,0]],[[40640,61932],[80,28]],[[40720,61960],[-80,-28]],[[40720,61960],[0,0]],[[42454,62756],[15,-42],[16,-7],[-31,49]],[[42545,62701],[0,0]],[[42733,62763],[-152,-17],[35,0],[117,17]],[[42442,62815],[51,56]],[[42493,62871],[0,0]],[[42493,62871],[-51,-56]],[[42750,62801],[-17,-38]],[[42733,62763],[17,38]],[[42787,62814],[0,0]],[[42846,62868],[0,0]],[[42782,62905],[0,0]],[[43796,65447],[-76,10],[-94,95],[-60,-108],[-115,36],[-29,-28],[-127,6],[-120,-68],[-97,4],[-229,107],[23,115],[142,74],[-24,20],[-228,23],[-57,-78],[-333,178]],[[42372,65833],[-84,35],[180,241],[-209,12],[3,120],[-41,39],[-253,18],[-15,-23],[-124,122],[-130,-23],[-45,-37],[32,-30],[-26,-36],[-36,26],[-165,-27],[-82,65],[-43,100],[37,44],[81,-2],[-53,133],[23,82],[63,10]],[[41485,66702],[55,-29],[56,63],[139,-13],[51,62],[96,11],[1,-51],[48,-12],[138,7],[73,43],[89,-47],[141,20],[1,39],[-58,30],[-132,13],[91,51],[-12,24],[-142,7],[-46,142],[51,82],[42,14],[39,-26],[127,121],[102,-18],[-18,39],[79,59],[98,-1],[54,-41],[47,51],[-4,129],[-66,37],[-45,-109],[-105,21],[-137,-28],[-44,22],[130,29],[-6,24],[-154,52],[-37,-43],[-44,13],[45,59],[184,59],[180,13],[17,-33],[78,0],[114,80],[98,16],[-160,192],[-152,26],[-71,139],[-30,415],[-45,33]],[[46016,65508],[-324,-166],[-268,-80],[-363,-235],[67,78],[-46,218],[40,70],[-143,109],[-93,148],[-412,-55],[-20,-70],[-46,-19],[-100,28],[-26,-117],[-92,-24],[-113,13],[-173,99],[-108,-58]],[[43505,66986],[-7,-6],[62,7],[-55,-1]],[[43408,66955],[-43,12],[82,-27],[-39,15]],[[43156,67045],[-6,-6],[28,1],[-22,5]],[[43124,67011],[-36,-13],[36,13]],[[43066,66960],[0,0]],[[43084,66921],[0,0]],[[43288,66845],[0,0]],[[43216,66603],[0,0]],[[43476,66636],[10,7],[-63,1],[53,-8]],[[43340,66511],[0,0]],[[43264,66437],[-70,17],[61,-29],[82,41],[-73,-29]],[[43096,66509],[8,-50],[15,-1],[-23,51]],[[43096,66509],[0,0]],[[43638,66989],[-24,0],[52,-23],[-28,23]],[[43699,66880],[-48,39],[48,-39]],[[43652,66842],[0,0]],[[43660,66805],[5,-19],[17,3],[-22,16]],[[43538,66786],[0,0]],[[43436,66845],[0,0]],[[44240,57120],[-21,-134],[-82,-36],[-46,1],[-39,80],[-42,-9],[-2,-78],[-40,-14],[-424,-31],[-343,-111],[-97,41],[-14,89],[68,-21],[103,60],[-29,54],[-179,15],[-28,102],[31,37],[-140,-30],[-95,-87]],[[42108,57589],[43,115],[113,27],[3,77],[-133,8],[-44,61],[60,136]],[[42150,58013],[-30,44],[-214,-4],[-73,27],[182,38],[15,61],[141,94],[44,51],[-24,135],[235,-25],[55,46],[66,-4],[56,78],[116,-3],[16,144],[66,43],[-46,53],[29,134],[-48,44],[61,43],[199,-40],[162,67],[53,-11],[136,152],[-33,85],[-119,14]],[[43195,59279],[8,63],[56,36],[64,-8],[2,-63],[91,13],[226,78],[-11,56]],[[43631,59454],[-8,126],[160,29],[94,-141],[-31,-88],[61,-152],[53,3],[3,113],[64,47],[120,24],[22,-24],[204,1],[21,-93],[105,-61],[44,-83],[85,-11],[164,66],[70,69],[98,-52],[141,41],[75,60],[-54,59],[55,25],[55,-24],[63,62],[-184,-13],[8,62]],[[48047,59583],[-7,-63],[-134,-51],[-402,-355],[9,-175],[-144,-157],[-36,-219],[33,-77],[241,-166],[32,-132],[-49,-40],[-305,-46],[-100,-44],[-18,-57],[-194,-14],[-133,106],[-188,-41],[-144,156],[-98,7],[-26,-176],[128,-103],[-26,-217],[-29,-45],[-64,25],[-42,-54],[-119,-24],[-16,-57],[-167,-53],[92,-153],[-256,-68],[15,-92],[-69,-37],[20,-132],[-31,-29]],[[45820,57000],[-414,-10],[-90,-70],[-54,3],[-16,-57],[-230,23],[-29,-142],[-32,-8],[-115,18],[-177,143],[-94,129],[-124,12],[-45,74],[-160,5]],[[44581,58247],[33,-50],[76,-14]],[[44690,58183],[-79,21],[-30,43]],[[44677,58163],[13,20]],[[44690,58183],[-13,-20]],[[44627,58101],[82,25]],[[44709,58126],[0,0]],[[44709,58126],[-52,11],[-30,-36]],[[44628,58054],[0,0]],[[44710,58023],[-46,-7],[67,2],[14,32],[-35,-27]],[[44418,58123],[0,0]],[[44456,58069],[-16,8],[16,-8]],[[44488,58055],[0,0]],[[44530,58027],[-28,-3],[4,-8],[24,11]],[[44609,58010],[0,0]],[[44581,58247],[-119,-3],[-32,-62],[32,62],[119,3]],[[44816,58156],[0,0]],[[44786,58153],[0,0]],[[39199,56057],[-220,30],[-36,46],[-145,24],[-57,-18],[-8,-48],[-94,-7],[1,-94]],[[38640,55990],[-152,12],[8,74],[-98,31],[-177,-22],[14,126],[-127,15],[-69,-51],[-13,-80],[-157,-98],[-65,-24],[-60,50],[-125,8],[-7,35],[228,126],[49,69],[-55,15],[213,305],[64,305],[-40,103]],[[39521,59015],[-55,-183],[64,-92],[-51,-27],[20,-25],[387,15],[108,-93],[80,8],[22,-39],[-291,-60],[-43,-50],[334,-157],[101,62],[100,-35],[94,-175],[398,-75],[-35,-241],[107,-33],[-11,-62],[239,-43],[-92,-189],[29,-116],[121,31],[78,-16],[2,-86],[103,189],[47,-69],[22,52],[116,5],[86,55],[95,3],[15,31],[245,26],[-33,-254],[185,217]],[[42108,57589],[82,-3],[-6,-137],[65,-37],[13,-97],[52,11],[108,-72],[57,5],[38,100],[86,4],[176,-227],[-27,-67],[69,-21]],[[42821,57048],[-8,-73],[144,-9],[58,-93],[-57,-143],[-209,-33],[73,-100]],[[42822,56597],[-26,-30],[63,-107],[-177,-33],[-111,14],[-59,-38],[-44,33],[50,17],[-101,95],[-249,45],[-19,85],[189,14],[-10,61],[-110,82],[6,97],[-164,67],[-28,-31],[54,-15],[-11,-47],[-112,-2],[-19,-270],[-162,10],[-96,69],[-3,41],[-99,34],[-29,98],[-39,-35],[15,-170],[-94,19],[-84,-89],[3,-36],[181,-86],[-34,-22],[-122,19],[-111,-148],[-86,-1],[136,152],[-138,9],[-129,-31],[-84,-73],[-68,11],[-84,-93]],[[40817,56312],[-120,4],[15,62],[-41,3],[-49,-94],[16,-74],[-239,-37],[3,-69],[-88,-31],[-4,-47],[93,-51],[-5,-56],[-239,22],[-83,118],[-8,61],[43,41],[-84,35],[-10,131],[-66,13],[-52,-52],[-104,2],[0,-89],[78,-48],[-17,-87],[-51,-25],[70,-75],[-139,-99],[-90,15],[-106,-28],[-111,111],[-66,-1],[-13,-62],[-48,-2],[-36,21],[12,70],[-59,10],[-20,53]],[[44857,60271],[-154,149],[71,-5],[17,-65],[112,79],[-68,50],[-34,140],[-108,-50],[91,96],[-14,34],[-119,-77],[-91,34],[-71,-80],[-28,5],[59,81],[-20,67],[-227,45],[-1,25],[146,0],[138,56],[-41,17],[-177,-45],[57,51],[-3,110],[72,-26],[55,86],[-137,-25],[72,80],[-70,78],[-132,-16],[16,-57],[-138,-9],[-47,55],[37,49],[132,32],[6,81],[-95,-7],[0,41],[-64,31],[-16,-76],[69,-40],[-41,-29],[-90,36],[-68,-65],[-45,66],[79,48],[-7,58],[-103,-7],[20,50]],[[43897,61422],[123,32],[30,38],[-57,99],[160,30],[-32,93],[87,13],[-18,75],[-119,-3],[-57,77],[-173,36],[-3,114],[234,13],[-1,43],[-148,52],[19,21],[51,-17],[39,60],[108,-29],[34,33],[33,107],[-62,32],[10,40],[351,-29],[243,56],[-73,76],[9,79],[-101,82],[83,65],[82,176],[-11,75],[47,33],[-35,113],[163,47],[-13,41],[168,-15],[60,42],[-136,38],[-107,166],[-28,-7]],[[44857,63419],[124,34],[299,-161],[19,25],[-59,51],[444,72],[427,-90],[186,47],[-15,52],[63,56],[100,-12],[258,46],[67,-23],[194,51],[65,-96],[255,-72],[18,-44],[317,11]],[[48926,61016],[49,-63],[88,-29],[9,-78],[67,4],[25,-36],[-74,-70],[61,-106],[-64,-93]],[[49087,60545],[-195,-165],[20,-270],[-210,-95],[-276,-63],[-31,-92],[-105,-45],[-115,-122],[-141,-39],[13,-71]],[[48047,59583],[-173,-62],[-69,-111],[-74,186],[31,48],[-26,103],[-118,-22],[-126,71],[-121,-6],[-57,33],[3,72],[-41,12],[9,27],[79,-10],[59,88],[-207,30],[-56,-35],[-99,57],[-42,-28],[-21,-117],[-199,11],[-189,-55],[-332,11],[-349,-135],[-180,30],[-254,-23],[-134,-64],[-125,-145],[-117,-50]],[[45119,59499],[-16,42],[46,37],[-63,1],[-82,92],[-55,-32],[-49,18],[123,103],[64,11],[-53,44],[-37,-51],[-39,18],[32,59],[-69,6],[26,46],[-113,29],[26,22],[-43,32],[-9,-38],[-63,-12],[12,93],[-151,-52],[-17,38],[126,70],[-130,6],[61,54],[108,6],[5,31],[-52,33],[-77,-67],[-34,25],[39,48],[-72,31],[87,21],[-18,31],[95,-11],[18,28],[112,-40]],[[46202,62154],[0,0]],[[46391,62175],[0,0]],[[46416,62064],[9,-83],[-9,83]],[[46416,62064],[0,0]],[[46535,61900],[0,0]],[[46562,61879],[-10,-70]],[[46552,61809],[10,70]],[[46535,61900],[27,-21]],[[46489,61780],[-72,-23],[23,-66],[-23,66],[72,23]],[[46552,61809],[-63,-29]],[[46271,61707],[13,-94],[-12,92],[-1,2]],[[46274,61524],[110,21],[-110,-21]],[[46274,61524],[0,0]],[[46185,62080],[0,0]],[[46188,61844],[0,0]],[[46234,61871],[28,1],[7,8],[-35,-9]],[[46221,61774],[0,0]],[[46298,61914],[26,56]],[[46324,61970],[-26,-56]],[[46324,61970],[0,0]],[[46212,62077],[0,0]],[[46637,61561],[0,0]],[[38933,59146],[-105,80],[-412,10],[-14,52]],[[37600,62040],[224,5],[252,-42],[302,46],[10,180],[-40,104],[164,80],[275,-100],[77,-167],[215,31],[62,-61],[49,-143],[266,92],[80,-56],[258,-48],[0,84],[317,-18],[76,34],[-5,62],[165,65],[66,-102],[65,-24],[-16,-80],[-61,-57]],[[40401,61925],[-49,-23]],[[40352,61902],[26,-106],[235,37],[134,-35]],[[40747,61798],[19,-24]],[[40766,61774],[118,-84],[-31,-99],[26,-70],[55,-26],[24,30],[136,0]],[[41094,61525],[25,-69]],[[41119,61456],[17,-62]],[[41136,61394],[318,-171],[4,-63],[267,-6],[-38,172]],[[41687,61326],[263,-10],[60,-100]],[[42010,61216],[32,-46],[-41,-72],[111,-3],[53,-41],[-77,-61],[-156,96],[-12,-34],[177,-98],[97,-120],[49,-2],[-69,-138],[45,-77],[46,-21],[44,19],[28,-59],[-63,-153],[0,-105],[52,-17],[-16,-256],[-300,-16],[77,-193]],[[42087,59819],[-211,42],[-150,-87],[-148,-34],[-7,-46],[-62,39],[104,167],[2,71],[-79,41],[-42,131],[23,74],[-34,14],[-152,-11],[-89,-77],[-146,-27],[1,-56],[-67,-21],[48,-96],[-126,9],[-193,86],[-80,-37],[-61,9],[-113,-65],[-28,13],[-34,-158],[-75,-8],[-5,-174],[-93,-149],[4,-68],[186,-224],[-229,-8],[-56,37],[-379,47],[-126,-70],[44,-25],[-4,-101],[-75,-52],[-142,54],[28,-44]],[[39521,59015],[-443,77],[-145,54]],[[40429,60974],[0,0]],[[40416,60931],[8,-18],[42,-10],[-50,28]],[[40559,60897],[0,0]],[[40588,60847],[0,0]],[[40704,60505],[0,0]],[[40781,60454],[1,-45],[3,-17],[-2,51],[-2,11]],[[40781,60454],[0,0]],[[41024,60485],[19,35],[-25,1],[6,-36]],[[40797,60301],[8,-35],[-11,60],[3,-25]],[[41104,60310],[29,-7],[-9,45],[-20,-38]],[[40949,60933],[-27,5],[34,-30],[-7,25]],[[38195,34326],[-145,-12],[137,-4],[32,24]],[[38219,34334],[-24,-8]],[[38060,34283],[0,0]],[[38151,34218],[24,16],[-30,-14],[6,-2]],[[38259,34160],[17,54],[-33,-61],[60,-1],[-44,8]],[[38251,34305],[-32,29]],[[38219,34334],[32,-29]],[[38294,34121],[99,-14],[-99,14]],[[41108,35322],[-25,-58],[-309,59]],[[39181,35660],[81,136],[-33,21],[-74,15],[-201,-117],[-62,4],[-230,87],[-97,107],[-119,-37],[-273,276],[-26,91],[-242,52]],[[38784,36911],[5,-64],[-3,68]],[[39341,37944],[114,-4],[398,-137],[36,110]],[[39889,37913],[-26,105],[53,3],[365,-96],[584,-30],[24,-199],[42,-46],[237,-121],[115,-183],[124,-28]],[[41407,37318],[80,-56],[59,-112],[3,-198],[-94,-37],[-41,47],[-98,-15],[-443,-240],[-25,-127],[41,-48],[323,-86],[110,-83],[36,-83],[-157,-18],[-250,25],[-96,-109],[-122,-11],[-86,-50],[12,-278],[66,-47],[143,-22],[212,36],[132,-42],[-5,-111],[-85,-117],[-14,-214]],[[39439,37263],[-12,1],[17,-9],[-5,8]],[[34991,34793],[52,-15],[-27,-161],[-38,-11],[-11,-56],[78,-6]],[[37604,36862],[52,-132],[122,33],[55,-28],[64,-171],[-111,-61],[101,-93],[-43,-95],[61,-20]],[[37905,36295],[-88,-97],[-126,28],[-48,17],[22,111],[-67,51],[-215,29],[-37,-70],[-198,-119],[24,-45],[-128,-237],[147,-234],[-101,-62],[-109,-3],[3,-133],[-58,-75],[-113,-54],[-45,18],[-86,-55],[-132,24],[-211,-192],[-66,5],[-112,-64],[-52,15],[15,39],[-165,55],[-40,-45],[-194,53],[-11,-52],[-132,59],[-370,-50],[-284,-157],[62,-36],[-62,-134],[57,-38],[6,-54]],[[38871,33141],[126,118],[-51,20],[11,37],[-85,100],[191,367],[39,256],[46,46],[348,-26],[24,21],[-64,121],[72,78],[-102,7],[-24,45],[140,-11],[129,88],[-83,94],[15,83],[76,33],[-3,34],[-212,13],[27,57],[-93,17],[55,115],[-34,44],[-98,-20],[-67,30],[56,50],[-16,103],[58,14],[18,40],[-111,45],[58,60],[-79,163],[-25,129],[27,53],[-59,95]],[[39181,35660],[256,-6],[219,-57],[214,-9],[121,148],[242,0],[25,-50],[140,43],[43,-34],[58,20],[57,-14],[-42,-55],[141,4],[-65,-58],[7,-109],[116,16],[-10,-37],[102,-30],[-31,-109]],[[40774,35323],[-109,33],[-80,-21],[-794,-321],[-119,-72],[-17,-106],[110,-80],[667,89],[278,-21],[128,-24],[362,-166]],[[41200,34634],[96,-86],[-627,-366],[-63,18],[-34,136],[-156,183],[-56,-10],[-137,-151],[-4,-71],[77,-112],[418,-149],[136,4],[220,-50],[-61,-137],[-41,-309],[-87,-137]],[[38867,37484],[14,-46],[118,0],[143,-148],[132,-20],[-56,-50],[29,-88],[-32,-71],[-78,5],[6,-37],[-68,0],[-66,36],[-81,-67],[-135,-36],[-7,-47]],[[38786,36915],[-2,-4]],[[38784,36911],[-107,-33],[-179,60],[-193,-2],[-53,27],[-165,-19],[-181,53],[-57,-76],[-227,28],[-18,-87]],[[37604,36862],[-156,-68],[1,-117],[-165,36],[78,-226],[-82,-25],[-107,37],[-33,64],[-202,51],[-119,-27],[-114,51],[-48,84],[-76,5],[-74,55],[-54,-7],[41,111],[-62,-9],[-46,35],[13,34]],[[38433,39411],[74,-114],[11,-117],[-128,-241],[132,-54],[233,-33],[161,-78],[290,-231]],[[39206,38543],[94,-227],[143,-149],[-133,-10],[-151,-61],[-18,-75],[200,-77]],[[39341,37944],[-169,-38],[-25,79],[-63,43],[-47,-83],[-326,-73],[32,-101],[-203,64],[-34,-142],[68,-49],[95,16],[126,-178],[72,2]],[[33004,20771],[148,-153],[986,-554],[44,-81],[0,-173],[-57,-160],[-125,-48]],[[33387,22024],[120,162],[75,25],[-71,15],[3,28],[343,189],[492,7],[193,-40],[131,-227],[401,-345],[-337,-304],[-98,-134],[-50,-207],[53,-137],[886,-793],[280,-189],[256,-83],[76,-56],[-13,-82],[92,-173],[-12,-88],[-253,-149],[-76,54],[-25,-77],[-75,-59],[-249,-83],[-126,20],[-223,162],[-77,-42],[-89,7],[-155,-103],[-69,-3],[-90,49],[-409,72],[172,275],[19,106],[-50,190],[-168,183],[-913,514],[-179,136],[-66,125],[251,29],[-5,20],[-176,-6],[-59,41]],[[33352,21979],[35,45]],[[33464,22166],[-26,53],[12,31],[44,-4],[-30,-80]],[[32866,22666],[367,-335],[181,-72],[1,-98],[-101,-147]],[[34021,31095],[-113,-33]],[[33908,31062],[-45,13]],[[33671,31857],[-138,298]],[[37715,29519],[83,-157]],[[37603,28988],[-12,-249]],[[37541,28535],[39,-44],[-40,0]],[[37319,25554],[309,-328],[62,-245],[115,-195],[-82,-141],[-182,-68],[-86,-90],[-137,-62],[-42,-174],[-151,-3],[-57,-42],[-13,-52],[88,-240],[54,-31],[192,12],[79,-26],[-51,-148],[-220,-41],[-83,-77],[17,-64],[159,-176],[-16,-68],[-210,-34],[-115,-74],[-7,-58],[43,-46],[229,-166],[-311,-102],[-99,4],[-53,168],[-77,27],[-160,-23],[-119,119],[25,105],[-43,235],[-93,53],[-98,-22],[150,261],[-15,160],[-125,103],[-454,161],[140,130],[386,79],[142,110],[45,107],[-48,259],[68,118],[-119,8],[-38,-104],[-9,-377],[-405,-59],[-249,168],[-39,-28],[199,-141],[-190,-171],[-11,-90],[44,-93],[121,-91],[406,-108],[8,-48],[-484,-709],[8,-124],[177,-220],[24,-248],[-195,-497],[-146,-221],[-106,-63],[-176,-33],[-402,521],[-208,179],[284,154],[126,139],[30,293],[-58,82],[-114,6],[-317,-76],[-50,289],[11,45],[38,-1],[207,-170],[139,-5],[288,187],[135,242],[-11,79],[-149,176],[-2,102],[67,204],[198,27],[29,67],[-147,243],[-37,-11],[155,-258],[-218,-48],[-92,-226],[21,-144],[147,-160],[-88,-231],[-366,-225],[-94,110],[-150,86],[-86,-2],[-75,-96],[35,-211],[56,-92],[162,-26],[287,69],[-3,-272],[-42,-72],[-368,-220],[-377,69],[-448,-41],[-130,139],[-389,245],[0,24],[533,176],[220,141],[194,212],[22,159],[-31,-6],[-46,-183],[-201,-189],[-171,-106],[-550,-187],[30,-91],[399,-265],[11,-78],[-137,-112],[-196,-9],[-376,299],[39,393],[209,418],[161,446],[-129,15]],[[34657,29099],[0,0]],[[34179,30295],[-204,312]],[[33975,30607],[-60,249]],[[33915,30856],[0,0]],[[33872,31038],[36,24]],[[33908,31062],[113,33]],[[34317,31517],[-32,-40],[32,40]],[[34317,31517],[0,0]],[[34509,31504],[0,0]],[[34590,31479],[0,0]],[[34635,31522],[0,0]],[[34832,31497],[0,0]],[[34874,31452],[0,0]],[[34681,31437],[-66,-73],[66,73]],[[34681,31437],[0,0]],[[34559,31251],[-54,-104],[6,-28],[-6,28],[54,104]],[[34559,31251],[0,0]],[[34559,31007],[0,0]],[[34285,30990],[-40,-1]],[[34245,30989],[-93,-51],[-17,-14],[110,65]],[[34245,30989],[40,1]],[[34142,31156],[-60,-36],[9,3],[51,33]],[[34177,31141],[0,0]],[[34264,31151],[0,0]],[[34322,31106],[-8,-1],[8,1]],[[34232,31296],[-56,-104],[210,-20],[-161,18],[-32,25],[39,81]],[[35334,29883],[0,0]],[[35586,29983],[-103,57],[-62,-19],[62,19],[103,-57]],[[35645,29998],[0,0]],[[35766,30104],[0,0]],[[35766,30104],[-49,19],[-47,-4],[47,4],[49,-19]],[[35902,29964],[0,0]],[[36073,30037],[0,0]],[[36201,30130],[0,0]],[[35344,29979],[0,0]],[[35126,29885],[0,0]],[[35037,29738],[0,0]],[[35106,29565],[0,0]],[[34931,29346],[-35,-44],[-29,-178],[29,178],[35,44]],[[35103,19382],[91,59],[236,-163],[-57,-24],[-187,19],[-83,109]],[[37274,20946],[-30,152],[-108,159]],[[34840,21126],[-108,136],[6,117],[63,121],[236,157],[193,-344],[141,-123],[-11,-100],[-99,-106],[-71,-8],[-350,150]],[[37047,21316],[-89,217]],[[36933,22113],[-10,45]],[[36585,21753],[264,189],[57,59],[27,112]],[[36689,22831],[-200,-95],[-41,-118],[108,-228],[246,-244],[-35,-77],[-256,-184],[-53,-108],[8,-94],[89,-92],[292,-111],[94,-234],[157,-136],[-38,-123],[62,-135],[-21,-179],[-290,-88],[-399,-3],[-161,60],[-35,56],[4,27],[193,23],[-9,48],[-360,-49],[-210,51],[-96,-149],[-102,-14],[-127,169],[71,259],[-23,138],[-211,263],[290,169],[131,124],[67,116],[29,161],[237,404],[2,255],[-147,241],[-17,263],[204,214],[180,20],[42,-246],[-57,-57],[8,-51],[197,-135],[172,4],[5,-115]],[[36748,22366],[-74,39],[-129,250],[23,46],[451,71]],[[36791,22331],[38,83],[-81,-48]],[[37735,29490],[-20,29]],[[37715,29519],[-212,172],[-34,227],[-106,13],[-243,-278],[-87,70],[-101,206],[-424,132],[-102,102],[190,49],[175,2],[42,34],[-85,91],[-188,65],[-290,244],[1,35],[186,34],[162,80],[-79,331],[-168,11],[-188,-113],[10,103],[48,27],[127,-12],[-228,99],[64,68],[193,-104],[233,4],[17,41],[-90,59],[14,140],[-105,62],[20,55],[80,37]],[[38050,32772],[173,117]],[[38223,32889],[200,-8],[17,49],[149,4],[115,58],[55,129],[112,20]],[[38871,33141],[249,4],[-79,-190],[84,-151],[162,-129],[255,-82],[166,37],[209,134],[217,15],[23,30],[179,35],[-181,303]],[[40155,33147],[78,91],[36,131],[67,50],[397,85],[55,-8],[93,-99]],[[40881,33397],[-48,-86],[514,-27],[396,-79],[89,-92],[-6,-186]],[[41826,32927],[-20,-86]],[[41806,32841],[-105,-281]],[[41701,32560],[-35,-76]],[[41666,32484],[-141,-217]],[[41525,32267],[-583,-489],[2,-40],[937,-14],[57,-53],[-27,-197],[-309,-25],[-221,23],[-384,105],[-214,93],[-503,-5],[-137,-38],[-62,-78],[64,-220],[191,-139],[407,-61],[299,74],[111,-8],[215,-81],[67,-123],[-86,-188],[-176,-109],[-141,-40],[-312,20],[-234,-66],[-169,-83],[-116,-118],[-231,-59],[-118,-115],[-8,-127],[97,-130],[484,-377]],[[40425,29599],[52,-95],[-4,-196],[-101,-251],[-119,-155]],[[39607,31061],[0,0]],[[39657,30891],[20,-32]],[[39677,30859],[0,0]],[[39677,30859],[-20,32]],[[39509,30725],[4,-26]],[[39513,30699],[-19,-76],[19,76]],[[39513,30699],[34,44]],[[39547,30743],[0,0]],[[39547,30743],[-38,-18]],[[39697,30653],[61,-38]],[[39758,30615],[11,-81],[-11,81]],[[39758,30615],[-81,64],[20,-26]],[[40042,30519],[-3,55],[3,-55]],[[39319,30948],[-35,-29],[33,11],[2,18]],[[39471,30971],[-41,2],[-39,-16],[62,8],[18,6]],[[39270,30731],[29,61]],[[39299,30792],[1,71],[-1,-71]],[[39299,30792],[-29,-61]],[[39414,30583],[0,0]],[[39330,30717],[0,0]],[[39484,31036],[0,0]],[[39541,31025],[0,0]],[[39899,30917],[-29,-2],[29,2]],[[39950,30947],[0,0]],[[40010,30969],[-50,-11],[39,-24],[11,35]],[[39974,30732],[0,0]],[[40027,30791],[-46,-32]],[[39974,30732],[7,27]],[[40027,30791],[0,0]],[[40127,30834],[0,0]],[[40068,30890],[6,-25],[-6,25]],[[37317,32021],[-7,-74],[-75,-16],[-57,-55],[-122,-15],[-51,-70],[-185,-60],[-17,-93],[-256,-33]],[[36547,31605],[-31,21],[-122,-45],[-24,92],[-227,-32],[-54,120],[77,-8],[19,25],[-47,58],[-250,100],[14,43],[-122,50],[-184,-50],[-104,75],[-61,3],[-70,-120],[-96,-90],[-60,-5],[-92,37],[28,184],[-60,74],[-310,50],[79,-127],[-58,-15],[-139,123],[-290,29],[-60,-31],[-113,135],[-158,43],[-13,34],[66,48],[-113,81],[-5,60],[-98,-17],[-33,128],[-55,7],[-17,-46],[-69,-27],[-120,7],[-55,20],[-14,142],[-48,-1],[-44,93],[-266,-57]],[[33595,34357],[-57,-91],[132,-220],[452,-36],[330,117],[74,181],[-9,100],[77,131],[229,-44],[222,49]],[[35045,34544],[224,60],[94,-34],[-59,-107],[105,-193],[11,-135],[-45,-118],[52,-5],[108,101],[329,26],[63,-47],[11,-58],[205,-112],[259,-67],[111,35],[5,39],[293,-79],[21,-177],[-27,-32],[-94,-21],[-49,-77],[-132,-7],[20,-112],[-109,-120],[89,-47],[-40,-114],[114,-113],[-163,-139],[87,-10],[40,57],[265,13],[34,-80],[256,64],[2,-41],[71,-34],[54,42],[59,-18],[98,107],[135,-14],[63,-43],[-62,-59],[30,-165],[-72,-148],[89,-44],[90,29],[63,79],[43,142],[264,4]],[[38050,32772],[-305,-297],[18,-294],[-49,-38],[-183,-38],[-52,-50],[-162,-34]],[[37262,21101],[-126,156]],[[37136,21257],[-89,59]],[[37047,21316],[-26,127]],[[37021,21443],[-63,90]],[[36958,21533],[-65,84],[-308,136]],[[36585,21753],[325,229],[13,176]],[[36923,22158],[-132,173]],[[36791,22331],[147,130],[161,-20],[262,-145],[118,68],[142,24],[81,83],[-15,108],[-111,78],[-388,13],[-169,102]],[[37019,22772],[167,50],[96,123],[-51,101],[-206,136],[268,58],[60,57],[9,110],[77,16],[-90,21],[-168,168],[289,91],[55,92],[-16,83],[-64,53],[-227,-14],[-30,21],[-73,251],[216,59],[17,160],[443,242],[88,143],[250,-118],[430,-346],[294,-153],[89,-264],[267,-218],[31,-174],[-52,-132],[-71,-45],[-534,-89],[-139,-67],[2,-66],[267,-154],[228,-81],[349,-277],[-372,-139],[-300,-163],[-81,-99],[-40,-135],[38,-124],[774,-394],[19,-38],[-173,-202],[29,-377],[-53,-84],[-236,-53],[-749,-76],[-53,-21],[-36,-76],[-167,-47],[-113,41],[-32,49],[289,445],[57,174],[-77,-30],[43,90],[-18,189],[40,95],[-22,53],[-134,73],[120,13],[68,49],[-121,185],[-52,-4],[-76,-62],[115,28],[84,-128],[-7,-31],[-146,-21],[-67,-48],[191,-85],[-32,-97],[19,-148],[-92,-207],[11,-150],[-127,-148],[-76,-18],[-461,58]],[[37274,20946],[-12,155]],[[39129,25209],[59,11],[-92,-145],[-197,-152],[-53,-4],[283,290]],[[40002,26772],[140,-181]],[[40142,26591],[-241,-45],[74,-104],[42,-262],[171,-514],[7,-274],[-63,-281],[-124,-190],[-383,-231],[-312,-299],[-549,21],[-294,158],[555,357],[201,213],[31,157],[-55,108],[-524,267],[-37,46],[354,136],[147,124],[-4,88],[-169,210],[-90,-25],[226,-238],[-443,-214],[-74,-59],[-15,-101],[-111,-30],[109,13],[233,-139],[308,-75],[40,-37],[-14,-61],[-513,-481],[-236,-293],[-104,27],[-129,141],[-289,118],[-110,199],[-64,235],[-240,286],[-116,44],[-18,-32]],[[37319,25554],[-198,32],[-28,54],[30,135],[-30,207],[112,415],[-302,139],[-47,81],[122,170],[84,-24],[177,-199],[71,26],[52,119],[46,151],[-18,192],[31,113],[122,195],[-170,114],[6,36],[159,96],[-18,39],[-204,-43],[-46,27],[25,83],[151,16],[-93,110],[-51,141],[37,37],[-22,73],[93,4],[133,102],[-123,270],[120,26]],[[37540,28491],[106,-65]],[[37646,28426],[0,0]],[[37646,28426],[-105,109]],[[37541,28535],[50,204]],[[37591,28739],[12,249]],[[37603,28988],[-141,120],[12,147],[324,107]],[[37798,29362],[-63,128]],[[37735,29490],[205,45],[232,-1],[45,29],[-4,54],[-64,58],[27,32],[163,56],[121,2],[88,43],[-32,41],[39,29],[53,-22],[10,-79],[77,-67],[-16,-78],[65,-70]],[[38744,29562],[313,8],[28,-23],[184,48],[22,-25],[-56,-68],[57,-82],[-164,-4],[5,-28],[192,-26],[256,58],[60,-78],[75,-9],[53,21],[35,98],[117,-23],[101,-252],[6,-122],[225,-153]],[[40253,28902],[-377,-407],[-244,-551],[-33,-432],[131,-477]],[[39730,27035],[-248,-30],[245,28],[100,-101]],[[39827,26932],[175,-160]],[[38447,26926],[70,-85],[39,-25],[-39,25],[-70,85]],[[38447,26926],[-33,76],[22,113],[-22,-113],[33,-76]],[[38355,27509],[-29,113],[-6,61],[6,-61],[29,-113]],[[38395,27914],[0,0]],[[38395,27914],[-11,63],[-29,14],[29,-14],[11,-63]],[[37842,28251],[32,-39],[24,-24],[-56,63]],[[39199,26908],[0,0]],[[39743,20861],[-24,-153],[-52,-75],[-150,-48],[-10,-49],[65,-34],[-11,-80],[194,-28],[-212,-83],[-171,-15],[-124,98],[-13,98],[97,268],[77,-7],[56,213],[194,38],[57,-47],[27,-96]],[[39378,21458],[17,74],[-68,94],[-700,311],[-74,134],[79,163],[138,108],[552,231],[1,90],[-205,177],[-642,309],[122,67],[565,109],[97,78],[35,148],[-21,139],[-61,92],[-134,72],[-119,116],[-28,112],[18,62],[134,14],[133,-16],[165,-109],[220,-295],[87,-780],[-44,-115],[15,-117],[114,-196],[217,-653],[-20,-243],[-205,-199],[-9,-50],[-313,-150],[-177,104],[111,119]],[[39977,24731],[179,140],[76,16],[2,-86],[-176,-187],[-55,7],[-26,110]],[[40247,25984],[52,-78],[-4,-113],[-93,214],[45,-23]],[[19914,52566],[56,-9]],[[19970,52557],[-56,9]],[[19940,52519],[0,0]],[[19970,52557],[-30,-38]],[[20109,52469],[45,27],[-53,0],[8,-27]],[[19865,52363],[0,0]],[[19865,52363],[57,-41]],[[19922,52322],[0,0]],[[19922,52322],[-57,41]],[[19978,52216],[-88,28]],[[19890,52244],[0,0]],[[20011,52187],[-33,29]],[[19978,52216],[33,-29]],[[19428,52105],[0,0]],[[19433,52312],[22,-37],[-22,37]],[[19479,52408],[0,0]],[[19479,52408],[-17,-44],[17,44]],[[19564,52446],[-43,37],[-9,10],[-1,-2],[53,-45]],[[19564,52446],[0,0]],[[19769,52378],[0,0]],[[19828,52567],[0,0]],[[20165,52213],[0,0]],[[20018,52376],[-15,-6],[15,6]],[[20208,52415],[-80,-21],[80,21]],[[20145,52279],[8,68],[-3,1],[-5,-69]],[[20110,52353],[-3,0],[-11,-2],[14,2]],[[20014,52340],[0,0]],[[17064,51148],[84,14],[16,42],[38,-31],[56,10],[-2,44],[77,20],[386,-64],[-46,97],[55,29],[175,1],[53,-224],[60,-54],[46,1],[30,24],[-26,67],[361,36],[49,53],[50,-16],[134,96],[98,-62],[109,-11],[79,67],[63,-30],[63,13]],[[19072,51270],[53,0],[-24,-17],[37,-57],[87,-31],[-77,-75],[-10,-150],[111,-68],[32,-131],[116,-119],[-46,-93],[10,-110],[95,-57],[36,-77],[100,-11],[119,-140],[139,107],[47,-18],[21,-63],[61,34],[26,-36],[128,35],[649,-35],[25,-56],[-39,-23],[110,-35],[313,167],[167,-47]],[[17155,47958],[36,64]],[[17934,50589],[146,34],[-20,-49]],[[18060,50574],[22,50],[-148,-35]],[[18109,50544],[0,0]],[[18060,50574],[49,-30]],[[18116,50497],[0,0]],[[17895,50561],[0,0]],[[16594,48179],[-279,-79],[-31,-156],[88,-47],[41,-79],[-155,21],[-125,137],[-52,-1],[-54,-55],[97,-129],[-126,-1],[-161,64],[-133,-47],[50,52],[-108,127],[-152,94],[-28,-25],[-27,22],[35,40],[-14,94],[-147,140],[-208,-70],[-170,140],[-130,-27],[-89,32],[18,118],[-27,22],[-83,-17],[8,98],[-158,-5],[35,37],[-4,95],[-59,58],[-177,101],[-172,-24],[-149,44],[-4,66],[-123,57],[23,102],[-141,288],[52,56],[-147,133],[-105,-16],[-18,117],[66,28],[72,141],[-138,36]],[[16380,51425],[363,46],[99,-32],[177,-166],[45,-125]],[[17064,51148],[-14,-291],[-172,-270],[-259,-224],[-16,-84],[62,-15],[99,54],[64,-30],[47,-96],[83,-22],[44,12],[-17,102],[165,-32],[43,17],[139,-51],[-43,-113],[44,-68],[-70,-45],[5,-92],[-67,-18],[-63,-83],[124,-19],[158,-253],[-94,-60],[-62,-116],[76,-169],[-96,-238],[116,-90],[147,-10]],[[17507,48844],[4,-29],[-85,-21],[-49,-59],[46,-88],[-86,-2],[39,-49],[-98,-9],[-32,32],[-223,-215],[28,-119],[193,-64],[-53,-199]],[[17191,48022],[-45,-76],[-94,-20]],[[17003,47974],[-50,145],[-123,61],[-83,-9],[96,276]],[[16843,48447],[-144,-335],[-93,-3],[-11,25],[71,96],[-72,-51]],[[16858,48485],[0,0]],[[16843,48447],[15,38]],[[16846,48559],[0,0]],[[16846,48559],[-36,57],[4,-21],[32,-36]],[[16721,48530],[0,0]],[[16906,48618],[-37,10],[37,-10]],[[16865,48506],[0,0]],[[17002,48550],[23,-13],[2,1],[-25,12]],[[17084,48700],[0,0]],[[16165,46022],[-82,43],[1,102],[50,53],[-112,81],[-75,9],[32,75],[-107,74],[45,73],[136,35],[73,59],[-65,84],[-81,33],[44,124],[104,62],[-28,52],[54,31],[-26,28],[53,219],[28,28],[144,-9],[39,-63],[136,-24],[11,-46],[99,80],[218,-15],[-136,70],[60,127],[-39,17],[13,102],[-71,115],[129,166],[143,39],[-13,50],[39,23],[-93,-13],[61,111],[-21,43],[47,8],[28,-94]],[[17003,47974],[49,-48]],[[17052,47926],[103,32]],[[17155,47958],[158,64],[43,-100],[66,-22],[74,23],[67,72],[-4,84],[-174,145],[108,76],[345,96],[54,-18],[60,-92],[-5,-71],[945,-82],[192,101],[130,25],[81,143],[38,-17],[41,-113],[-20,-63],[49,-57],[136,-12],[157,-107],[102,11],[42,36],[-53,192],[49,64],[48,-100],[57,-13],[21,-103],[65,15]],[[17277,46962],[32,86]],[[17309,47048],[-32,-86]],[[17349,47042],[-40,6]],[[17309,47048],[40,-6]],[[17351,46652],[-15,-11],[49,69],[-34,-58]],[[17229,46598],[18,-19],[41,40],[-59,-21]],[[16990,46763],[0,0]],[[17151,46590],[-19,-6],[102,-6],[-83,12]],[[30640,40008],[-80,7],[53,-19],[-26,-53]],[[29590,40543],[-86,-10]],[[29504,40533],[-194,13],[-67,-8],[67,8],[194,-13]],[[29504,40533],[114,10]],[[29618,40543],[0,0]],[[29618,40543],[-22,31],[-6,-31]],[[29829,40369],[147,-104]],[[29976,40265],[-80,-60],[80,60]],[[29976,40265],[-147,104]],[[29829,40369],[-28,31],[28,-31]],[[29663,40199],[0,0]],[[29653,40093],[0,0]],[[29262,40490],[0,0]],[[29270,40489],[0,0]],[[29244,40379],[-26,43],[11,-30],[15,-13]],[[29285,40295],[11,74],[-33,-8],[22,-66]],[[29469,40353],[0,0]],[[29469,40353],[-109,3],[109,-3]],[[29619,40341],[-4,-13],[4,13]],[[30425,39996],[0,0]],[[30216,39950],[0,0]],[[29912,40182],[-53,-71],[53,71]],[[28571,43632],[36,37]],[[28607,43669],[-36,-37]],[[28668,43678],[0,0]],[[28607,43669],[61,9]],[[28663,43522],[59,-28],[-50,41],[29,105],[-38,-118]],[[28573,43407],[-21,-47],[37,81],[-16,-34]],[[28540,43272],[0,0]],[[28540,43272],[52,-5],[-52,5]],[[28472,43635],[0,0]],[[28561,43539],[-77,31],[64,-29],[13,-2]],[[28745,43410],[-32,51],[-1,-2],[33,-49]],[[28647,43299],[47,110],[8,25],[-55,-135]],[[28651,43268],[0,0]],[[28725,43493],[0,0]],[[28808,43512],[0,0]],[[28875,43485],[0,0]],[[28892,43444],[0,0]],[[20963,43241],[-43,74],[-100,15],[-23,39],[34,43],[63,24],[170,-53],[65,17],[-211,85],[-20,42],[-55,-3],[-29,-78],[-28,14],[27,88],[-34,21],[-107,-2],[78,-145],[-124,127],[-126,-60],[-49,-67],[-254,-63],[-111,-70],[-109,-7],[-258,101],[-19,71],[-155,-9],[-111,-62],[-48,44],[55,123],[-101,189],[-116,40],[-159,-76],[-130,8]],[[21732,44395],[0,0]],[[21767,44360],[-35,35]],[[21773,44322],[99,30],[-93,-22],[-12,30]],[[21767,44360],[6,-38]],[[21552,44167],[0,0]],[[21668,44209],[40,35]],[[21832,44257],[-124,-13]],[[21708,44244],[-40,-35]],[[21629,43999],[0,0]],[[21831,43988],[0,0]],[[21851,43967],[43,0],[-43,0]],[[21950,44032],[0,0]],[[21903,44069],[0,0]],[[21832,44257],[0,0]],[[21966,44262],[-87,16],[30,-6],[57,-10]],[[22027,44258],[0,0]],[[21966,44262],[61,-4]],[[21543,44143],[0,0]],[[21381,43895],[1,26],[-1,-26]],[[21509,43871],[-81,-10],[81,10]],[[21468,44011],[8,7],[-8,-7]],[[21884,44413],[0,0]],[[21063,43222],[154,119],[380,0],[125,-45],[177,-132],[116,22],[225,-104]],[[22240,43082],[74,-58],[32,-93],[-73,-49],[-374,-45],[111,-126],[178,14],[201,-34],[160,63],[48,59],[223,-46],[66,39],[85,142],[164,19],[105,118],[35,-7],[-77,-88],[220,-139]],[[23668,41212],[0,0]],[[23285,41364],[0,0]],[[23285,41364],[-43,42],[-1,-1],[44,-41]],[[23082,41627],[0,0]],[[23260,41598],[-18,15],[18,-15]],[[23576,41599],[-27,21],[-61,-43],[40,26],[48,-4]],[[23656,41557],[-40,-10],[43,-6],[-3,16]],[[23371,41500],[75,-63]],[[23446,41437],[0,0]],[[23371,41500],[0,0]],[[23784,41773],[15,-6],[-15,6]],[[23448,41799],[-41,-25],[11,-21],[30,46]],[[23448,41799],[0,0]],[[23754,41677],[-29,1],[29,-1]],[[23198,41793],[0,0]],[[23103,41796],[0,0]],[[26237,38078],[0,0]],[[26288,38136],[28,16],[-28,-16]],[[26288,38136],[0,0]],[[26161,38296],[97,71],[-67,37],[67,-37],[-97,-71]],[[26161,38296],[0,0]],[[26081,38629],[1,-2],[0,1],[-1,1]],[[26059,38520],[-58,-13],[58,13]],[[26059,38520],[0,0]],[[25960,38381],[15,-3],[-20,95],[5,-92]],[[25921,38440],[-74,71],[-7,57],[7,-57],[74,-71]],[[25960,38381],[-39,59]],[[25915,38349],[-86,10],[1,-2],[85,-8]],[[25915,38349],[69,3],[-69,-3]],[[25990,38134],[0,0]],[[25990,38134],[5,50],[-30,-9],[25,-41]],[[26022,38104],[0,0]],[[25439,38259],[0,0]],[[25439,38259],[1,-26],[8,4],[-9,22]],[[25574,38290],[0,0]],[[25921,38086],[13,-5],[-13,5]],[[25742,38278],[-51,2],[-19,-21],[19,21],[51,-2]],[[26008,38645],[0,0]],[[25675,38734],[0,0]],[[25676,38603],[6,-4],[51,7],[-57,-3]],[[25606,38521],[67,-26]],[[25673,38495],[-67,26]],[[25606,38521],[0,0]],[[25762,38468],[0,0]],[[25673,38495],[89,-27]],[[25513,38370],[0,0]],[[25411,38358],[0,0]],[[26096,38159],[0,0]],[[24510,41277],[-2,174],[-66,19],[17,55],[-47,67],[92,115],[-366,43],[-116,73],[16,38],[-76,20],[243,86],[8,33],[-188,59],[-168,-7],[-112,59],[1,41],[-89,20],[-9,-33],[-79,11],[-102,288],[24,60],[-115,85],[39,63],[3,205]],[[23418,42851],[39,72],[181,89],[-67,55],[38,87],[-7,189],[90,19],[35,50],[-105,92],[49,44],[-190,253],[1,63],[-64,25],[21,60],[87,39],[-24,50],[83,67],[122,32],[110,-15],[68,48],[109,15],[6,124],[36,0],[-25,113]],[[25786,45151],[68,-67],[201,-67],[206,-26],[277,-219],[19,-76],[-54,-145],[-161,-64],[-11,-32],[96,-36],[186,76],[64,-182],[112,15],[78,-86],[-36,-223],[131,-50],[20,-45],[-58,-105],[61,-42],[528,-62],[122,-8],[10,50],[63,-9],[-24,-96],[-62,-38],[-23,-187],[-197,-88],[68,-55],[-14,-77],[161,-58],[63,-119],[70,30],[48,-14],[-149,-141],[73,1],[-49,-142],[27,-46],[185,-15],[-12,-71],[131,10],[199,172],[-28,54]],[[28175,42868],[153,22],[25,-66],[-98,-116],[219,-128],[-90,-36],[-126,58],[-145,20],[9,-87],[138,-189],[-126,-60],[214,-72],[283,4],[103,-29],[143,-98],[282,66],[118,-52]],[[29429,41268],[-132,57],[85,146],[-63,-5],[-56,43],[-68,-26],[-31,90],[-105,33],[-8,91],[-275,16],[-86,-133],[19,-45],[-152,-101],[-284,39],[-1,-26],[-162,-25],[-125,69],[-178,-5],[-52,-39],[10,-43]],[[25966,42432],[56,59]],[[26022,42491],[-58,-57],[-50,34]],[[25914,42468],[0,0]],[[25914,42468],[52,-36]],[[25911,42795],[0,0]],[[25911,42795],[40,-90],[39,-79],[-38,79],[-41,90]],[[25651,42679],[69,-57],[7,-2],[-5,13],[-71,46]],[[25797,42573],[21,31],[-36,-1],[15,-30]],[[25990,42565],[32,-74]],[[26022,42491],[-32,74]],[[24438,38660],[6,-83],[-419,-24]],[[22928,38861],[24,82],[165,138],[152,42],[20,51],[-80,114],[382,-12],[18,33],[-56,89],[94,50],[159,-19],[25,52],[-18,199],[-127,-4],[-180,62],[-123,-20],[-403,-189],[-164,-35],[-47,34],[-56,208],[38,167],[127,139],[294,208],[38,82],[77,44],[148,2],[-4,51],[-161,199],[333,285],[79,156],[-14,143]],[[23668,41212],[-58,104],[42,16],[171,-29],[115,38],[229,-30],[162,52],[84,-105],[97,19]],[[24510,41277],[254,100],[-6,46],[46,19],[17,-49],[30,9],[29,68],[72,-10],[3,-49],[192,-94],[29,92],[101,20],[198,3],[58,-43]],[[25533,41389],[79,19],[-9,-44],[95,-51],[1,-61],[-75,-100],[82,-10],[66,-60],[115,102],[9,64],[55,42],[74,2],[106,83],[7,-46],[79,-21],[-2,87],[32,7],[232,-18],[63,72],[69,-38],[32,28],[178,-7],[-20,86],[138,113],[130,-36],[84,-111],[-36,-22],[63,-94],[44,47],[255,-34],[-4,-41],[130,-42],[125,48],[35,51]],[[27765,41404],[41,-55],[129,-53],[-55,-83],[195,-201],[-99,12],[-23,-32],[73,-29],[13,-158],[187,-58],[2,-135],[95,-73],[-72,-179],[81,-6],[-5,-53],[126,-30],[-22,-128],[28,-15],[-14,-254],[25,-137],[58,16],[-5,52],[-57,40],[36,202],[152,-33],[51,117],[150,-26],[23,-47],[-27,-471],[290,-305],[-79,-64],[0,-96],[-127,-122],[20,-160],[-154,0],[-29,-68],[109,-172]],[[28524,38576],[-182,-11],[-64,-75],[-156,55],[-301,24],[-91,170],[130,-6],[-45,29],[-250,12],[-28,-26],[-140,39],[-141,-24],[-4,70],[-43,6],[-2,104],[-287,-6],[-211,-28],[-51,-38],[-107,11],[-16,36],[-101,-4],[15,-66],[81,-69],[-22,-41],[-128,14],[-25,41],[-188,69],[-20,-54],[-83,18],[58,57],[-93,80],[-68,-7],[-27,-66],[-52,-10],[-73,-80],[-132,71],[-102,-8],[-9,-44],[-114,-24],[-171,9],[-50,-43],[-286,50],[-30,-87],[-85,-27],[-124,73],[-10,43],[-38,-5],[-38,-116],[-81,1],[-16,64],[-109,17],[-20,-43],[44,-71]],[[26097,40524],[82,-36],[1,13],[-83,23]],[[26034,40533],[-27,-35],[27,35]],[[26097,40524],[-63,9]],[[26243,40369],[11,6],[-67,54],[56,-60]],[[26182,40353],[30,-5],[16,11],[-46,-6]],[[26172,40297],[0,0]],[[26144,40213],[0,0]],[[26082,40087],[0,0]],[[26084,40055],[0,0]],[[26082,40087],[2,-32]],[[26044,40005],[82,14],[-82,-14]],[[26252,39974],[0,0]],[[26360,39998],[0,0]],[[26379,39937],[0,0]],[[26327,39869],[0,0]],[[26248,39817],[-43,-1],[43,1]],[[26248,39817],[0,0]],[[25981,39994],[-108,-1],[10,-9],[98,10]],[[26021,39818],[0,0]],[[25875,40434],[-8,-30],[39,-22],[-31,52]],[[25853,40325],[0,0]],[[25846,40291],[0,0]],[[25920,40297],[0,0]],[[25938,40138],[5,-3],[-5,3]],[[25911,40193],[35,22],[6,48],[-6,-48],[-35,-22]],[[25886,40474],[-6,-24],[34,55],[-28,-31]],[[26155,40039],[0,0]],[[26176,40085],[0,0]],[[26237,40157],[0,0]],[[26149,40165],[49,-12],[-49,12]],[[18947,38985],[28,74],[-313,41],[-89,-88],[-128,46],[-221,-135],[-85,266],[18,101],[35,78],[282,135],[-127,127],[5,218],[-140,64],[-127,1],[-148,110],[23,34],[117,-48],[341,-31],[167,-53],[91,46],[4,57],[-140,28],[-27,109],[107,125],[96,1],[-35,14],[-5,87],[74,148],[-186,70],[-36,348],[-101,36],[-30,94],[-94,41],[44,23],[-24,24],[40,24],[6,90],[85,4],[19,52],[76,13],[-21,96],[-83,26],[-9,42],[159,73],[108,-4],[33,110],[174,-51],[186,80],[124,202],[94,48],[0,34],[161,-2],[46,93],[-26,37],[91,121],[168,-16],[28,178],[-27,81],[-66,23],[8,42],[124,-19],[-24,86],[124,148],[113,6],[43,62],[97,28],[97,-4],[45,22],[15,95],[180,75],[169,-14],[30,-167],[35,-4],[15,94],[63,66],[-21,26],[48,24],[58,122],[55,23]],[[20963,43241],[35,-32],[65,13]],[[21063,43222],[91,-13],[78,-106],[22,17],[81,-32],[-98,-140],[82,-80],[55,-188],[-217,-160],[-19,-177],[-53,-16],[137,-133],[150,88],[132,-123],[-177,-64],[-9,-78],[88,-152],[-21,-71],[-76,-10],[109,-194],[-213,-14],[-74,-69],[26,-74],[199,-56],[-132,-67],[45,-21],[-28,-22],[32,-131],[-65,-69],[6,-134],[64,-49],[59,-209],[-70,-99],[74,-116],[-91,-66],[174,-119],[-191,-289],[3,-57],[62,-49],[-121,-123],[-139,29],[-34,-25],[72,-94],[-4,-54],[-178,-163],[117,-297],[-42,-136],[38,-54]],[[19272,38520],[-123,72],[-211,48],[-116,106],[119,108],[6,131]],[[18755,40340],[45,-10],[53,50],[-53,-50],[-45,10]],[[19206,40828],[0,0]],[[19362,40375],[57,-21],[-10,6],[-47,15]],[[19235,40325],[0,0]],[[19035,40630],[97,2],[31,2],[-128,-4]],[[18797,40730],[0,0]],[[18836,40771],[-24,47]],[[18812,40818],[0,0]],[[18812,40818],[24,-47]],[[18836,40771],[-39,-41]],[[18874,40589],[9,-31],[22,11],[-31,20]],[[19185,40649],[0,0]],[[19610,40556],[0,0]],[[19656,40682],[0,0]],[[19554,40864],[0,0]],[[19502,40302],[0,0]],[[19583,40437],[17,-126],[-17,126]],[[20976,49363],[-64,10],[-22,50],[32,92],[393,269],[53,143],[-23,25],[54,25],[-52,57],[51,45],[-40,85]],[[21358,50164],[81,62]],[[21439,50226],[73,-22],[-73,22]],[[21439,50226],[-12,115]],[[21427,50341],[0,0]],[[21427,50341],[-48,100],[-57,28],[15,32],[66,-23],[20,22],[12,117],[61,99],[-127,227],[39,190],[-21,166],[55,209],[59,82],[84,-5]],[[22196,50386],[0,0]],[[22184,50304],[-24,-23],[24,23]],[[22184,50304],[0,0]],[[22124,50189],[0,0]],[[21737,50605],[0,0]],[[21839,50589],[-102,16]],[[21737,50605],[102,-16]],[[21919,50584],[15,4],[-33,-3],[18,-1]],[[22332,50813],[54,-7],[-50,22],[-4,-15]],[[22462,50655],[0,0]],[[22563,50611],[0,0]],[[22577,50533],[2,-1],[-2,2],[0,-1]],[[21480,50373],[0,0]],[[21656,50575],[0,0]],[[21567,50173],[0,0]],[[21836,50250],[-176,23],[-19,-14],[18,13],[177,-22]],[[21836,50250],[0,0]],[[21900,50342],[0,0]],[[22237,50700],[8,5],[-12,-4],[4,-1]],[[22153,50699],[0,0]],[[22707,50303],[19,30]],[[22726,50333],[-47,-54],[28,24]],[[22561,50297],[-19,7],[-88,-8],[88,8],[19,-7]],[[22403,50245],[0,0]],[[22304,50169],[0,0]],[[22726,50333],[-56,24],[56,-24]],[[22674,50416],[-5,39],[5,-39]],[[22674,50416],[0,0]],[[23516,49320],[19,-41],[-86,-27],[-27,-53],[155,-106],[-7,-130],[244,-10],[52,179],[-25,245],[109,-12],[-26,-234],[153,-72],[141,78],[164,166],[-62,29],[-24,88],[35,50],[95,-34],[98,194],[352,-74],[-14,-134],[53,-54],[46,0],[90,218]],[[20379,48740],[-182,119],[-70,9],[-107,-72],[-44,36],[44,114],[93,64],[129,-18],[111,25],[112,-45],[95,11],[144,-76],[32,54],[-41,17],[28,43],[-48,65],[104,58],[56,126],[106,36],[35,57]],[[20976,49363],[70,57],[221,46],[110,-42],[45,-93],[103,-62],[316,-29],[34,234],[40,-4],[147,211],[81,40]],[[22143,49721],[70,-27],[-221,-180],[-17,-93],[222,-53],[27,-41],[76,-4],[29,173],[86,88],[277,54],[67,-12],[344,-231],[179,86],[38,-9],[-98,-125],[72,-49],[137,41],[85,-19]],[[24934,48884],[0,0]],[[24879,48696],[13,6],[25,107],[-38,-113]],[[24588,48892],[-1,0],[1,-1],[0,1]],[[24660,48817],[0,0]],[[24719,48806],[-59,11]],[[24660,48817],[59,-11]],[[24358,44608],[-23,-171],[-272,53],[-52,-68]],[[24011,44422],[-233,62],[-242,109],[20,85],[-54,122],[-94,-49],[-248,167],[-180,67],[-153,2],[-305,-94],[-248,-203],[-76,68],[217,161],[215,89],[-73,310],[-218,114],[69,111],[88,14],[20,40],[167,-2],[33,89],[55,28],[-40,56],[-39,-10],[-30,103],[-295,-84],[-116,39],[-146,3],[-18,55],[40,35],[11,105]],[[23189,47235],[282,-63],[15,38],[109,11],[90,104],[-68,78],[84,50],[0,83],[117,-1],[14,53],[198,-89],[-13,-90],[123,-116],[-36,-75],[420,-4],[110,-59],[120,6],[167,-74],[59,7],[98,-59],[96,39],[181,-25],[27,36],[146,-10],[81,-39],[71,88],[119,-31],[55,38],[159,22],[162,106],[24,-46],[181,6],[-7,-106],[56,-92],[220,-37],[77,54]],[[26769,45997],[-83,-133],[-116,-25],[33,-51],[-17,-72],[35,-24],[-13,-102],[33,-19],[-167,-18],[-97,10],[-14,31],[-112,-7],[61,-84],[98,-18],[101,-87],[-41,-102],[-98,-2],[-151,-80],[-128,68],[-307,-131]],[[25786,45151],[-89,118],[-96,-263],[52,-40],[13,-79],[-155,-197],[-647,-9],[-19,-112],[-170,-27],[-317,66]],[[24465,46659],[21,-38],[2,2],[-23,36]],[[24395,46672],[0,0]],[[24321,46771],[21,21],[-64,-41],[43,20]],[[24321,46771],[0,0]],[[24114,46681],[73,-14],[1,10],[-74,4]],[[24157,46495],[0,0]],[[24159,46455],[87,-1],[5,-32],[-2,40],[-90,-7]],[[24416,46354],[10,6],[-105,37],[95,-43]],[[23773,46607],[-184,62],[-2,-1],[186,-61]],[[23307,46533],[21,22],[-36,-25],[15,3]],[[23256,46492],[0,0]],[[23796,46439],[-23,6],[23,-16],[0,10]],[[23980,46459],[15,-26],[-15,52],[0,-26]],[[24097,46682],[-78,-19],[85,19],[-7,0]],[[24470,46502],[0,0]],[[24470,46502],[52,-31],[-52,31]],[[24424,46557],[0,0]],[[19837,46725],[19,53],[-51,55],[56,104],[-27,42],[41,38],[124,-50],[82,44],[4,92],[-49,61],[-212,42],[-283,-99],[-48,11],[107,100],[161,50],[-32,206],[164,23],[-25,128],[196,168],[-9,335],[-28,7]],[[20027,48135],[71,195],[-30,104],[134,94],[159,57],[30,86],[-41,44],[29,25]],[[20379,48740],[163,-48],[57,-65],[-2,-201],[115,-14],[38,-35],[4,-109],[47,-65],[60,5],[41,86],[52,24],[130,-63],[156,45],[26,-55],[210,-109],[200,-240],[253,-32],[88,21],[206,-137],[44,-47],[-13,-113],[47,-39],[110,-40],[293,36],[113,-86],[38,25],[334,-249]],[[23189,47235],[-124,-99],[-72,-138],[-124,4],[-93,39],[24,-133],[176,-99],[-6,-70],[-215,-30],[-32,45],[-28,-51],[-74,-30],[59,-110],[-50,-16],[-93,32],[-38,-156],[-154,-26],[-24,-80],[61,-58],[-54,-118],[-190,-127]],[[22138,46014],[-165,-6],[-90,61],[-164,-27]],[[21398,46459],[43,113],[-54,34]],[[21805,46884],[10,-5],[4,-38],[-4,38],[-10,5]],[[21755,46942],[0,0]],[[21700,46990],[0,0]],[[21595,46899],[-36,-13],[36,13]],[[21595,46899],[0,0]],[[21525,46854],[0,0]],[[21452,46848],[-5,-7]],[[21447,46841],[64,17],[-59,-10]],[[21447,46841],[0,0]],[[21096,46700],[58,25],[-67,-22],[13,-27],[-4,24]],[[21147,46763],[0,0]],[[21248,46789],[0,0]],[[21381,46814],[0,0]],[[21381,46814],[-38,-13],[-20,21],[29,-33],[29,25]],[[21562,46338],[18,13]],[[21580,46351],[55,-5],[-55,5]],[[21562,46338],[0,0]],[[21496,46200],[29,30],[-29,-30]],[[21789,46711],[0,0]],[[21869,46674],[-70,1],[70,-1]],[[21995,46696],[-63,-19],[63,19]],[[22071,46688],[-39,-6],[-27,18],[54,-46],[12,34]],[[22158,46574],[-55,59],[55,-59]],[[22123,46523],[0,0]],[[22249,46413],[0,0]],[[22226,46339],[0,0]],[[22084,46338],[-44,5],[44,-5]],[[22084,46338],[0,0]],[[21885,46306],[37,20],[-84,-31],[47,11]],[[21672,46318],[70,-24],[54,-8],[-84,22],[-40,10]],[[17173,43970],[-92,-155],[57,-228],[56,-55],[-159,-41],[-245,19],[-50,-23],[-50,59],[-196,-13],[-91,59],[29,229],[-135,103],[-204,4],[-27,-56],[-141,-24],[-575,210],[-139,19],[114,281],[-18,34],[-150,12],[-104,70],[1,132],[-86,81],[-97,24],[-93,-18],[-27,24],[-14,154],[257,172],[85,-10],[-113,-68],[-14,-73],[150,37],[113,-34],[-25,-90],[58,-14],[127,43],[-33,283],[101,42],[35,-31],[-57,-72],[44,-70],[127,-64],[86,-10],[83,31],[20,126],[75,128],[-123,97],[-208,-14],[-25,25],[132,256],[-29,35],[-88,8],[-27,71],[55,34],[254,-68],[-61,78],[81,51],[11,82],[37,20],[196,-43],[136,104],[-32,89]],[[16165,46022],[262,119],[52,-45],[-102,-106],[40,-5],[210,221],[157,-11],[49,-117],[135,19],[190,201],[93,-1],[28,33]],[[17279,46330],[203,-148],[119,48],[108,117],[58,-29],[-3,-48],[62,-54],[109,3],[137,-102],[72,132],[56,-12],[-54,-117],[74,33],[88,-18],[7,97],[40,23],[73,-34],[47,22],[-34,38],[133,60],[-3,107],[36,15],[34,140],[70,41],[158,-43],[133,92],[131,9],[76,-83],[265,-5],[53,35],[-16,117],[-43,23],[-126,-14],[-3,32],[54,21],[444,-103]],[[19837,46725],[172,-118],[69,-118],[256,20],[40,-74],[102,-51],[103,-11],[313,98],[161,-3],[5,-50],[-75,-63],[-68,-180],[135,-58],[135,170],[39,124]],[[21224,46411],[-7,83],[48,62],[122,50]],[[21387,46606],[55,-59],[-44,-88]],[[21398,46459],[67,-247],[226,-98],[28,-72]],[[21719,46042],[-221,-89],[87,-77],[137,-10],[86,-115],[147,-15],[-4,-63],[-266,-60],[-246,-100],[-55,-2],[-53,54],[-529,0],[-118,-106],[-275,-144],[133,-271],[-5,-57],[-115,-63],[23,-28],[52,0],[-14,-33],[90,-7],[27,-39],[242,-41],[-39,-58],[55,-5],[-4,29],[48,16],[77,-19],[8,-64],[72,-71],[-23,-28],[-104,-72],[-49,27],[-162,-2],[-123,-31],[-140,-104],[-67,-13],[-239,131],[-190,5],[-155,54],[-76,-72],[-197,-53],[-41,37],[-179,29],[-211,-12],[-17,-42],[44,-27],[45,39],[61,-5],[210,-89],[24,-38],[-51,-107],[-186,-25],[14,-48],[-38,-27],[149,-51],[15,-61],[-153,-53],[-276,9],[-9,-264]],[[18935,43711],[-124,-11],[-23,-49],[-214,58],[-20,30],[-280,-4],[-11,-22],[-119,66],[-133,-94],[-98,7],[-164,207],[-245,-170],[-57,19],[-5,43],[109,136],[-260,92],[-70,71],[-61,-6],[13,-114]],[[18479,45837],[38,1],[-34,9],[-4,-10]],[[18576,45838],[19,26],[-34,-26],[15,0]],[[18940,45953],[18,-42],[0,47],[-160,-7],[142,2]],[[19072,45786],[58,4],[14,-48]],[[19144,45742],[-14,50],[-58,-6]],[[19177,45726],[-33,16]],[[19144,45742],[33,-16]],[[19085,45587],[6,1],[30,52],[-36,-53]],[[19195,45570],[45,44],[-60,19],[46,-15],[-63,-40],[32,-8]],[[18632,45685],[-78,-37],[31,-8],[47,45]],[[19263,45621],[82,14],[-40,-2],[-9,46],[-33,-58]],[[19740,45902],[68,2],[-67,-2],[-1,0]],[[19511,45875],[-57,-27],[78,18],[-21,9]],[[26139,49548],[-300,85],[-200,-48],[-7,37],[-249,142],[-110,4],[35,-36],[-40,-80],[85,-100],[-36,-26],[-123,84],[-143,-24]],[[25051,49586],[-113,37],[-128,137],[5,49],[103,73],[-241,74],[12,76],[-136,-24],[-30,174],[-138,67],[-57,69],[-1,76],[155,217],[-189,-28],[-246,53],[-102,46],[-45,81],[-93,64],[-203,14],[-40,28],[-5,135],[120,111],[184,45],[6,96],[-101,98]],[[27581,52077],[269,-79],[68,-210],[203,-133],[7,-144],[561,-327],[32,-41],[-21,-157],[272,-9],[96,-48]],[[28122,49232],[-156,110],[28,30],[-112,-10],[-74,40],[3,41],[-125,9],[27,100],[-205,33],[-52,63],[-208,42],[-84,4],[-79,-58],[-51,2],[-49,-60],[37,-17],[6,-96],[-217,-60],[-22,-39],[-284,-17],[-25,-30],[-289,7],[-55,52],[60,141],[-57,29]],[[26163,51674],[95,-21],[72,0],[-72,0],[-95,21]],[[26493,51657],[32,-7],[-25,-73],[25,73],[-32,7]],[[26493,51657],[0,0]],[[26383,51422],[0,0]],[[26390,51221],[-90,20],[108,-28],[12,25],[-40,16],[10,-33]],[[26357,51219],[86,-24],[40,-21],[-26,18],[-100,27]],[[26405,51094],[-1,21],[1,-21]],[[26514,51050],[89,-2],[-89,2]],[[26514,51050],[0,0]],[[26041,51071],[36,-8],[-36,8]],[[26041,51071],[62,35],[-62,-35]],[[26324,50946],[71,-17],[1,18],[-72,-1]],[[26324,50946],[-82,-7],[82,7]],[[26385,51014],[11,-53],[1,21],[-12,32]],[[26142,51582],[0,0]],[[26251,51511],[-6,-44],[1,-1],[5,45]],[[26251,51511],[-109,71]],[[26278,51357],[0,0]],[[26270,51225],[-73,-43],[73,43]],[[26270,51225],[0,0]],[[26552,51152],[-62,18],[29,-16],[33,-2]],[[26552,51152],[0,0]],[[34042,35052],[75,-19],[10,-133],[-210,-17],[-180,-86],[-295,-34],[-23,-30],[219,-245],[17,-125],[-60,-6]],[[33595,34357],[-157,57],[-203,151],[-62,-25],[-29,-127],[-170,-87],[-20,-93],[159,-340],[-267,-118],[-89,-72],[-138,-197],[-12,-122]],[[32607,33384],[-144,86]],[[32742,36701],[127,-198],[184,-5],[118,-59],[61,11],[-9,90],[96,-39],[72,-130],[6,-211],[119,-54],[41,-62]],[[34232,35860],[44,-10],[8,-57],[-253,-281],[51,-151],[-49,-119],[-63,-35],[-102,54],[-111,-109],[111,-114],[174,14]],[[31001,33855],[26,137],[383,-23],[133,100],[297,-98],[99,-86],[426,-193],[47,-34],[51,-188]],[[32463,33470],[144,-86]],[[32607,33384],[4,-86],[112,-126],[223,-157],[202,-199]],[[33148,32816],[183,-194],[202,-467]],[[33533,32155],[138,-298]],[[33671,31857],[192,-782]],[[33863,31075],[9,-37]],[[33872,31038],[43,-182]],[[33915,30856],[60,-249]],[[33975,30607],[204,-312]],[[34179,30295],[230,-324],[154,-388],[94,-484]],[[34657,29099],[17,-146],[-43,-120],[-430,-504],[-240,-215],[-160,-253],[1,-199],[100,-180],[-3,-231],[-709,-349],[-241,-172],[-4,-140],[91,-184],[451,-442],[295,-351],[77,-218],[6,-243],[-93,-316],[-502,-893]],[[33270,23943],[-301,35],[-130,-472],[-222,-264],[-458,318],[5,54],[315,356],[-159,39]],[[32339,33198],[34,28],[-30,-23],[-4,-5]],[[32316,33160],[-1,-4],[3,8],[-2,-4]],[[31829,33310],[4,8],[-54,-26],[50,18]],[[31698,33465],[38,-76],[10,-7],[-48,83]],[[32686,31377],[-88,-13],[76,10],[12,3]],[[33214,32019],[8,1],[-48,-37],[40,36]],[[33407,32062],[-86,-26],[28,5],[58,21]],[[33710,19782],[290,-180]],[[34000,19602],[-101,-33],[-101,-101],[6,-80],[-44,-32],[26,-173],[51,-123],[353,-248],[-28,-62],[50,-55],[-190,-7],[-159,-79],[-279,40],[-66,-27],[-221,96],[-182,137],[2,44],[-188,220],[-28,100],[-178,267],[-10,65],[85,39],[137,-52],[41,-68],[20,17],[-59,73],[-48,16],[-81,132],[98,162],[95,43],[-36,91],[80,16],[-190,32],[-246,359],[194,422],[160,-12],[41,-50]],[[33004,20771],[-16,-264]],[[32988,20507],[136,-259],[586,-466]],[[33017,21260],[-36,117],[52,146],[319,456]],[[33352,21979],[198,-184],[-195,-386],[-238,-356]],[[33117,21053],[-100,207]],[[33314,22014],[-283,-389],[-110,-251],[-12,311],[54,301],[-113,533],[16,147]],[[32866,22666],[56,-240],[104,-164],[288,-248]],[[26513,37154],[94,183],[63,6],[20,35],[48,-1],[27,-67],[199,-32],[-18,167],[152,-25],[49,42],[185,-93],[34,15],[34,199],[58,0],[105,-116],[306,-42],[-93,-71],[-201,-15],[13,-74],[708,-73],[-59,-91],[-80,-46],[44,-49],[451,59],[78,45],[42,67],[-29,26],[37,167],[-44,65],[30,32],[133,11],[-6,132],[-122,43],[-74,-16],[-82,96],[37,91],[186,-10],[43,83],[-127,150],[22,74],[-151,257],[-117,26],[16,172]],[[28524,38576],[357,24]],[[28881,38600],[155,28],[-8,66],[90,85],[180,11],[220,-33]],[[31968,37579],[148,-98],[105,-124],[15,-138],[84,-67],[-20,-51],[140,-18],[217,-141],[-34,-14],[33,-76],[68,-4],[18,-147]],[[32742,36701],[-53,-65],[-99,3],[-32,45],[-117,26],[-356,-91],[1,107],[-64,3],[-1,-34],[-126,-27],[-280,41],[-7,-206],[-75,-81],[70,-95],[-104,-80],[-75,-179],[-110,-35],[50,-154],[-109,-136],[-20,-93],[-145,-136],[67,-77],[109,-320],[-23,-114],[-214,20],[-531,-528],[-37,-121],[62,-124],[-19,-55],[-138,-1],[-43,36],[18,154],[-35,109],[-266,-54],[-240,27],[-28,-36]],[[32010,37863],[253,-59],[-53,-117],[-188,-19],[-54,-89]],[[31968,37579],[-205,165],[-31,138],[-56,8],[-94,91],[-101,195],[6,100]],[[32100,38347],[82,-229],[-176,10],[-99,41],[-47,-40],[-7,-82],[-75,-41],[20,-37],[129,6],[-11,-66],[87,-4],[7,-42]],[[33133,37406],[-74,118],[-39,173],[-415,9],[-91,36],[-42,145],[-117,153],[0,326]],[[32255,38684],[120,86],[32,153],[159,60],[209,29],[350,224],[26,66],[114,79],[-63,222]],[[27995,21006],[76,-19],[148,34],[595,253],[53,69],[127,53],[40,-23],[22,-87],[-115,-99],[-82,-142],[-137,-456],[-271,-289],[-61,-189],[41,-73],[-13,-183],[-64,32],[-169,375],[-202,260],[-30,128],[-86,59],[-4,128]],[[27633,27716],[311,103]],[[27235,28100],[-37,261]],[[30233,31209],[40,-307]],[[30273,30902],[0,0]],[[30273,30902],[134,-306]],[[30407,30596],[59,-363],[288,-434],[10,-116],[-37,-116],[-235,-323],[9,-73],[125,-163],[562,-462],[506,-687],[-329,-567],[-35,-409],[39,-164],[669,-1211],[182,-429],[229,-307],[105,-231],[-18,-170],[-216,-362]],[[32320,24009],[-227,56],[-251,-241],[-309,140],[-82,138],[-148,-36],[70,-263],[296,-342],[33,-157],[-26,-24],[75,-178],[212,-316],[-164,75],[206,-119],[115,-169],[9,-281],[-121,-128],[-102,-7],[-261,93],[-174,2],[239,-43],[187,-80],[208,23],[13,-39],[-109,-216],[-94,-43],[-163,24],[-151,-46],[-210,25],[-295,-41],[-169,11],[-2,81],[206,231],[-42,190],[-205,113],[-302,77],[-306,307],[20,75],[224,109],[111,154],[-132,575],[-123,16],[-3,-123],[135,-497],[-106,-47],[-113,37],[-262,5],[-131,-37],[-134,-86],[-100,55],[-38,58],[23,38],[-31,5],[-22,-48],[38,-60],[142,-78],[253,129],[270,-17],[40,-26],[-88,-66],[-89,-172],[20,-68],[139,-104],[74,-148],[150,-118],[478,-150],[-223,-246],[-19,-176],[81,-72],[148,-46],[308,19],[-15,-37],[33,-3],[57,-144],[-42,-141],[-62,28],[-1,-44],[-66,0],[54,-49],[-31,-366],[-202,-81],[-662,-43],[-110,36],[-12,156],[55,37],[419,53],[118,43],[59,93],[-120,84],[-457,161],[-428,342],[-50,118],[151,148],[-5,36],[-26,33],[-94,11],[-102,-6],[-105,-53],[-107,45],[-8,29],[211,72],[10,60],[-119,85],[-423,110],[-7,41],[142,156],[-22,15],[-129,-122],[-16,-89],[78,-45],[318,-74],[160,-99],[-233,-92],[-4,-44],[82,-87],[-123,-45],[-48,33],[-118,207],[-310,376],[38,308],[-201,504],[-233,-62],[99,-348],[-50,-195],[-333,214],[-121,109],[-103,168],[-76,-18]],[[28532,29488],[22,1],[138,-48],[79,27],[-79,-27],[-160,47]],[[28427,29473],[0,0]],[[28371,29433],[0,0]],[[28319,29141],[0,0]],[[28358,29024],[5,35],[-6,7],[1,-42]],[[28293,28950],[0,0]],[[28358,29024],[-65,-74]],[[28260,28896],[0,0]],[[28632,28729],[149,-211],[-149,211]],[[28632,28729],[0,0]],[[28598,28436],[-90,-32],[90,32]],[[28598,28436],[0,0]],[[30054,30794],[0,0]],[[29812,30687],[13,13],[-13,-13]],[[29734,30654],[0,0]],[[29734,30654],[-147,31],[-38,71],[38,-71],[147,-31]],[[29464,30727],[0,0]],[[29389,30755],[0,0]],[[29348,30836],[-113,-8],[113,8]],[[29348,30836],[0,0]],[[29120,30839],[15,24],[-15,-24]],[[29058,30512],[-3,-56],[3,56]],[[29058,30512],[0,0]],[[28965,30338],[7,41],[-7,-41]],[[28875,30228],[0,0]],[[28991,30188],[-6,3],[6,-3]],[[28996,30122],[0,0]],[[29081,29805],[15,2],[-15,-2]],[[28917,29873],[15,-5],[-15,5]],[[28846,29888],[0,0]],[[28791,29792],[17,-45],[-17,45]],[[28791,29792],[0,0]],[[28434,18132],[-176,171],[34,9],[103,-71],[60,41],[114,-27],[97,93],[52,8],[-23,-155],[-77,-42],[-184,-27]],[[28370,18486],[47,137],[68,27],[216,-231],[-121,-101],[-158,-14],[-106,92],[54,90]],[[31174,18643],[-7,-107],[-155,-108],[-254,60],[-66,51],[151,309],[49,19],[-32,-169],[235,-88],[32,43],[47,-10]],[[30092,21659],[236,-201],[549,-208],[-2,-35],[-134,-61],[-458,-65],[-71,-64],[-15,-96],[148,-135],[411,7],[165,-53],[90,-109],[2,-60],[48,-25],[-61,-52],[83,-45],[81,-142],[-86,-12],[114,-1],[56,-24],[27,-69],[57,-13],[-3,-209],[60,-62],[-145,-216],[-217,-209],[-85,-57],[-147,39],[-78,-219],[-218,-134],[-147,-38],[-94,33],[-12,-22],[59,-13],[62,-78],[-57,-84],[-276,-148],[-31,32],[-139,-75],[-180,-1],[-428,186],[-44,149],[-139,6],[-93,108],[4,117],[-62,113],[-14,237],[-77,282],[82,94],[-96,-39],[-69,46],[-40,103],[98,175],[167,159],[57,106],[20,197],[282,350],[110,241],[55,293],[-57,367],[106,1],[151,102],[173,43],[107,-17],[-10,-65],[-136,-133],[14,-78],[247,-219]],[[28200,21174],[185,106],[524,121],[-214,-140],[-349,-159],[-206,-74],[-113,10],[173,136]],[[28167,31961],[-15,-46],[-235,-93],[-194,9],[-139,-92],[-29,-92],[-169,-13],[-157,41],[-127,-85],[-59,18],[-324,-108]],[[28316,35174],[183,-18],[145,-134],[171,-41],[56,-161],[409,-154],[116,-161],[376,-75]],[[29772,34430],[80,-364],[123,-120],[136,-20],[362,90],[229,-44],[299,-117]],[[31001,33855],[107,-151],[-17,-38],[-255,-133],[-177,-214],[-415,-184],[-124,-141],[-231,-77],[-74,-95],[493,-449],[-18,-82],[-218,-192],[-71,-136],[1,-68],[233,-341],[-2,-345]],[[30233,31209],[-210,-19],[-149,66],[-116,-87],[-75,32],[-41,-23],[38,-55],[-57,-106],[-260,23],[3,37],[-57,-22],[-35,25],[23,36],[-109,-23],[-52,42],[-215,29],[-135,54],[-207,-122],[-69,79],[39,87],[45,59],[98,19],[-5,37],[115,56],[-19,84],[-43,39],[-183,-53],[-60,78],[-143,76],[-66,-17],[-108,41],[118,189],[-85,86],[-46,5]],[[28151,33177],[4,-4],[22,0],[-26,4]],[[27898,33025],[0,0]],[[27605,33166],[-49,44],[-146,107],[-29,77],[29,-77],[195,-151]],[[27605,33166],[0,0]],[[27804,33412],[1,-3],[10,-14],[-11,17]],[[27887,33239],[0,0]],[[28086,33292],[-38,5],[38,-5]],[[28108,33290],[0,0]],[[28104,33219],[0,0]],[[27856,33023],[-48,46],[-112,23],[112,-23],[48,-46]],[[27858,33022],[0,0]],[[27486,33444],[0,0]],[[27613,33561],[0,0]],[[27779,33520],[-4,28]],[[27775,33548],[0,0]],[[27774,33489],[16,-36],[20,37],[-31,30]],[[27779,33520],[-5,-31]],[[28210,33032],[-57,-37],[21,8],[36,29]],[[28203,33107],[1,-4],[14,-33],[3,13],[-18,24]],[[28045,32978],[0,0]],[[32255,38615],[100,-249]],[[32355,38366],[-255,-19]],[[32100,38347],[-24,33],[-131,-17],[-95,-126],[-277,56],[-86,-17]],[[31487,38276],[-239,132],[-178,53],[-19,70],[87,68],[-106,20],[-228,-51],[-214,3],[-235,-66],[-326,-17],[-84,15],[-166,127],[-107,-35],[-160,-119],[-30,9],[43,101],[-7,171]],[[29518,38757],[188,17],[-59,88],[37,64],[121,-2],[66,32]],[[29871,38956],[17,63],[122,75],[357,84],[68,365],[-16,272],[73,22],[95,106]],[[30587,39943],[53,65]],[[30640,40008],[331,53],[128,-58],[96,-243],[254,-233],[123,-264],[-11,-130],[58,-77],[390,-256],[246,-116]],[[32255,38684],[0,-69]],[[35513,36498],[-37,-20],[-112,-292],[20,-46],[-141,-51],[50,-266],[-42,-30],[-176,-26],[-29,84],[35,105],[-48,21],[-36,113],[-83,-26],[-1,-61],[-134,-8],[-35,-53],[-28,56],[-216,116],[-197,-21],[11,-134],[-82,-99]],[[34232,35860],[-368,35],[-152,87],[-256,-47],[101,109]],[[33557,36044],[110,-16],[89,182],[8,181],[-80,319],[-100,97],[-315,115],[-85,74],[-91,181],[40,229]],[[33133,37406],[161,1],[21,26]],[[36192,37838],[-68,-39],[74,-172],[120,-88],[146,-22],[37,-89],[97,-66],[-43,-189],[-89,-183],[-67,-44]],[[36399,36946],[-320,-92],[-305,-26],[2,-34],[-91,-64],[32,-116],[-22,-132],[-189,67],[7,-51]],[[35392,37478],[-126,-62],[-36,10],[-37,-71],[-43,0],[26,68],[-121,14],[-126,-122],[-68,11],[-161,-220],[-90,81],[-249,-106],[-84,-1],[-60,64],[34,123],[98,12],[-11,48],[-60,25],[-83,-38],[-98,3],[-141,82],[-92,-6],[-301,93],[-248,-53]],[[33315,37433],[117,253],[-49,153],[85,184],[-98,147]],[[33370,38170],[-6,158],[112,203],[118,-14],[96,58],[233,-17],[74,119],[316,40],[74,354],[-49,60]],[[37389,39354],[-63,-40],[46,-159],[-80,-160],[-157,-90],[-61,-111],[-259,-164],[-36,-78],[42,-35],[193,106],[98,-11],[-15,-56],[-411,-262],[7,-39],[151,-20],[-10,-92],[-363,-83],[35,-35],[144,-23],[-25,-74],[-101,-78],[-93,71],[-153,-88],[-86,5]],[[36192,37838],[-89,27],[-128,133],[-54,-16],[7,-100],[-516,-63],[-73,-61],[53,-280]],[[20995,56765],[0,0]],[[20995,56765],[74,4],[-74,-4]],[[21071,56718],[0,0]],[[20917,56693],[0,0]],[[15548,55798],[61,105],[-9,203],[61,37],[207,22],[390,-58],[9,63],[-135,196],[26,88],[-95,58],[-264,-5],[-236,-172],[-142,18],[83,279],[53,44],[6,123],[150,164],[-10,34],[-357,95],[-26,43],[21,72],[252,9],[-43,33],[-109,-8],[-57,60],[68,80],[163,53],[-79,73],[-159,-18],[-62,58],[30,186],[81,171],[-1,153],[-86,69],[-90,8],[-352,-161],[-65,0],[-6,217],[-36,39],[-101,6],[60,144],[51,28],[183,-23],[822,459],[-118,249],[-207,178],[76,773]],[[19602,58427],[60,-103],[-54,-633],[-26,-83],[-231,-292],[-10,-63],[-52,-7],[59,-57],[118,0],[-18,-53],[114,-16],[27,-39],[38,-65],[-20,-47],[-64,-1],[-53,-104],[79,-73],[105,11],[196,-48],[95,-33],[3,-54],[254,6],[17,-74],[200,4],[3,-42]],[[27581,52077],[-274,-13],[-186,84],[-183,20],[-195,255],[-113,91],[-119,5]],[[28908,54537],[49,-77],[-66,-92],[87,-27],[44,-56],[-119,-10],[-19,-63],[-135,-74],[-4,-330],[-153,-50],[-90,-136],[-82,-6],[8,-178],[-142,-267],[-21,-161],[-38,-15],[8,-47],[62,-4],[-3,-198],[-230,-49],[-168,5],[28,-51],[-53,-63],[111,-31],[141,15],[-69,-167],[-91,-153],[-99,-4],[-22,-40],[-86,12],[-175,-143]],[[27191,53351],[35,4],[114,-42],[-145,59],[-4,-21]],[[27165,53320],[0,0]],[[27191,53351],[-26,-31]],[[27454,53357],[0,0]],[[27446,53331],[8,26]],[[27454,53357],[-8,-26]],[[27302,53194],[-72,-62]],[[27230,53132],[156,132],[-84,-70]],[[27317,53091],[40,-17],[-39,18],[-1,-1]],[[27369,52995],[-9,-26],[33,63],[-24,-37]],[[27467,52897],[0,0]],[[27358,52864],[-108,6],[52,-8],[56,2]],[[27358,52864],[0,0]],[[27230,53132],[0,0]],[[27229,53010],[0,0]],[[27213,52909],[15,-34],[-12,56],[-3,-22]],[[27264,53031],[0,0]],[[25449,52168],[-365,107],[-15,-51],[-73,6],[-60,-40],[-9,-60],[-113,-7]],[[24454,54559],[-26,129]],[[24428,54688],[94,89]],[[24522,54777],[-31,40],[-129,37]],[[24362,54854],[-180,82]],[[28013,54425],[14,-79],[-491,-18],[-17,-37],[183,-20],[-74,-129],[-92,-14],[-76,31],[-72,-93],[159,-48],[-99,-77],[124,-155],[-106,1],[-103,-235],[-91,34],[-261,-22],[-127,78],[-62,5],[-32,-37],[-48,-196],[-101,-135],[-99,-66],[49,-24],[3,-84],[-72,-15],[-42,-78],[34,-16],[-61,-213],[21,-84],[56,-6],[15,-39],[-59,-99],[25,-36]],[[26511,52519],[-39,-8],[-14,-65],[-169,8],[-86,-77],[-186,69],[-177,-17],[-50,-43],[4,-58],[-99,-4],[-90,-104],[-156,-52]],[[26379,54108],[-27,-44],[36,42],[-9,2]],[[26323,54107],[-26,-75]],[[26297,54032],[0,0]],[[26297,54032],[28,61],[54,15]],[[26379,54108],[-56,-1]],[[25991,54252],[172,-65],[1,1],[-173,64]],[[26095,54108],[0,0]],[[26049,54062],[-9,58],[7,-60],[40,-2],[-38,4]],[[26309,53934],[0,0]],[[25914,54167],[0,0]],[[25929,54212],[-1,-31],[1,31]],[[25930,54242],[0,0]],[[26353,54028],[0,0]],[[26463,53990],[4,16],[0,15],[-15,-31],[11,0]],[[22349,51826],[-72,72],[-57,9],[-174,-78],[320,-134],[-302,-345],[-83,-11],[-170,50],[-226,196]],[[21585,51585],[-196,270],[63,184],[-80,184],[-63,61],[-264,25],[289,431],[26,150],[-63,7],[-31,-85],[-276,62]],[[24992,55845],[163,25],[117,-70],[76,-206],[-32,14],[-66,-91],[-166,-84],[-306,-67],[35,-84],[-46,-88],[-167,-22],[-378,-155],[-40,-81]],[[24182,54936],[180,-82]],[[24362,54854],[159,-47],[1,-30]],[[24522,54777],[-94,-89]],[[24428,54688],[26,-128],[-309,15],[309,-16]],[[24454,54559],[149,-158],[-82,-49],[-88,-146],[70,9],[-14,-115],[-53,-40],[10,-74],[190,-107],[-50,-125],[99,-57],[2,-57],[-161,-45],[-27,-109],[-183,-27],[40,-69],[132,32],[8,-85],[50,-38],[-35,-191],[80,-82],[156,-45],[-44,-43],[-59,5],[-87,-126],[-264,-20],[-58,-297],[36,-126],[155,4],[144,-131],[244,-124]],[[24814,52123],[-31,-35],[27,-26],[-155,-19],[-45,-227],[-289,5],[-19,41],[-101,17],[-54,-62],[-188,-9],[9,-81],[-131,-51],[47,-180],[-116,-142]],[[23768,51354],[-126,232],[8,77],[141,219],[-45,131],[-138,22],[-114,-136],[-121,-30],[-54,63],[-50,204],[-252,65],[12,212],[-277,-40],[-50,29],[58,145],[-21,79],[-233,-12],[-102,-56],[-44,-111],[218,-405],[75,-53],[178,-48],[15,-59],[-321,-117],[-176,61]],[[23717,55017],[0,0]],[[23895,55056],[106,-54],[9,-3],[-115,57]],[[23895,55056],[-178,-39]],[[23794,54822],[0,0]],[[23950,54822],[0,0]],[[24053,54795],[-1,-64],[1,64]],[[24053,54795],[0,0]],[[23916,54669],[1,0],[-1,46],[0,-46]],[[24150,54662],[0,0]],[[24114,54962],[62,-23],[-140,51],[78,-28]],[[21484,53522],[-208,-24],[-41,-51],[-126,-325],[-52,-45],[33,-44],[-100,-89],[0,-70]],[[20990,52874],[-40,-20],[-72,61],[-135,4],[-83,211],[-221,126],[-191,-12],[-142,-158],[-207,73],[45,-141],[-133,31],[-168,-158],[-217,-61],[-85,9],[-3,68],[89,132],[64,225],[100,152],[-62,81],[-195,67],[-77,149],[-50,13],[-187,-169],[-470,99],[-270,-93],[-73,68]],[[18697,54374],[38,262],[127,82],[0,35],[-59,20],[50,31],[-31,50],[592,72],[181,-18],[529,163],[117,99],[41,0],[56,86],[23,146],[-38,101],[-103,92],[8,61],[-65,115],[-74,69],[279,241],[-11,29],[50,-1],[62,60],[87,-3],[29,35],[8,128],[-94,9],[-49,77],[-8,146]],[[20442,56561],[85,7],[5,-26],[109,-24]],[[20641,56518],[36,-50],[140,-18],[-12,-27],[43,-8],[85,-148],[109,-62],[298,13],[200,-26],[124,101],[300,-40],[277,50],[155,77],[85,-6]],[[23282,55810],[-23,-71],[21,-31],[100,-8],[25,-148],[-116,-26],[-148,26],[-39,-52],[-67,-17],[-74,-207],[-5,-180],[207,-84],[35,-100],[-413,-188],[41,-77],[89,-18],[15,-50],[107,-9],[69,-64],[4,-76],[-308,-22],[-106,49],[-153,-47],[-137,4],[6,-190],[-71,-84],[-168,26],[-23,-39],[-281,-66],[-105,-110],[-104,10],[-55,-147],[9,-151],[-166,-7],[36,-134]],[[21590,55660],[32,-4],[7,4],[-39,0]],[[21504,55661],[-106,-50]],[[21398,55611],[106,50]],[[21398,55611],[-85,-84],[85,84]],[[21249,55518],[0,0]],[[21202,55395],[108,24],[-61,-9],[-47,-15]],[[21202,55395],[0,0]],[[21202,55395],[96,-138]],[[21298,55257],[-96,138]],[[21014,55337],[23,3],[82,25],[-105,-28]],[[21141,55137],[0,0]],[[21137,55137],[-46,-23],[46,23]],[[20755,55140],[-49,-10],[-32,33],[32,-33],[49,10]],[[20515,55152],[2,-3],[6,3],[-8,0]],[[20414,55128],[0,0]],[[20568,55249],[0,0]],[[20811,55345],[-73,-17]],[[20738,55328],[0,0]],[[20738,55328],[73,17]],[[20849,55342],[-5,1],[112,-12],[-107,11]],[[21433,55415],[-100,8],[-3,-1],[103,-7]],[[21523,55384],[-5,-4],[5,4]],[[21735,55507],[39,40],[9,33],[-9,-33],[-39,-40]],[[21735,55507],[-33,-7],[33,7]],[[21217,55227],[0,0]],[[21298,55257],[0,0]],[[21699,55673],[0,-1],[0,1]],[[27391,47205],[60,55],[120,4],[114,134],[64,22],[-23,188],[89,-2],[20,31],[13,181],[-40,144],[-47,95],[-125,25],[57,131],[130,-37],[51,89],[-138,69],[80,80],[-86,159],[84,190],[-26,39],[101,8],[87,72],[-5,135],[68,27],[80,103],[41,61],[-38,24]],[[28122,49232],[171,21],[107,48],[83,-21]],[[32184,48606],[-290,-102],[-117,-101],[-82,-203],[-3,-198],[70,-174],[120,-80],[187,-19]],[[30553,48358],[0,0]],[[30562,48427],[-206,-88]],[[30356,48339],[0,0]],[[30356,48339],[206,88]],[[30255,48205],[34,-37],[40,-24],[-40,24],[-34,37]],[[30255,48205],[0,0]],[[30324,48044],[0,0]],[[30358,47961],[16,20],[89,-25],[-91,26],[-14,-21]],[[30358,47961],[0,0]],[[30406,47933],[0,0]],[[30063,47897],[144,5],[181,10],[-325,-15]],[[30072,47936],[-9,-39]],[[30063,47897],[9,39]],[[30175,48062],[0,0]],[[30716,48236],[0,0]],[[30834,48253],[0,0]],[[30452,48003],[93,136],[-93,-136]],[[30484,47977],[10,11],[-10,-11]],[[31747,45099],[183,95],[-69,184],[124,155],[262,-113],[46,19],[45,180],[-89,166],[5,128],[199,223],[-208,216],[-160,-28],[-43,19],[-23,186],[-86,62],[89,114],[-18,56],[-263,54],[37,172],[-99,141],[237,23],[-12,52],[-191,3],[9,39],[135,190],[104,33],[5,86],[106,51],[25,48],[-28,76]],[[32069,47729],[67,7],[108,79],[-144,223],[17,47],[95,-15],[52,134],[-16,68],[107,81],[237,-3],[864,-241],[313,-131],[417,-266],[46,-219]],[[34232,47493],[-137,-320],[47,-406],[212,-557],[-46,-2]],[[34308,46208],[-132,2],[-129,-44],[150,-138],[19,-80],[-57,-201],[93,-165],[75,-17],[-82,-54],[-65,-108],[112,-103],[227,-337]],[[31024,45032],[115,-28],[85,33],[226,184],[67,-36],[153,27],[2,-51],[43,1],[32,-63]],[[31747,45099],[-141,-62],[-105,-251]],[[30350,44132],[-36,1],[-10,78],[-181,100],[-98,-11],[-20,65],[-209,60],[-48,66],[-73,5],[1,27],[-236,82],[-207,34],[-16,197],[-96,38],[-62,-23],[-41,-93],[-113,-12],[-54,-76],[-240,-109],[-37,186],[-110,164],[-296,-81],[-28,19],[33,99],[-20,112],[-98,139],[-66,48],[-52,-12],[-64,-90],[-66,-4],[0,63],[-115,91],[0,49],[-175,22],[4,26],[-105,25],[-135,97],[21,130],[-49,-5],[-17,39],[-145,46],[-3,115],[72,70],[-209,56],[-40,48],[-117,11],[-25,-27]],[[26769,45997],[-149,105],[-147,-6],[-12,62],[130,31],[-82,187],[113,19],[20,57],[-68,75],[194,45],[66,56],[-132,69],[-4,34],[113,99],[138,58],[45,-12],[46,64],[-2,28],[-139,23],[0,50],[-173,-3]],[[26726,47038],[9,119],[395,-76],[66,56],[33,-30],[125,46],[37,52]],[[27391,47205],[137,1],[31,-105],[-57,-29],[22,-14],[230,94],[248,-150],[172,17],[65,-115],[-27,-64],[49,-89],[215,-71],[330,-36],[42,-168],[235,-117],[-44,-176],[165,-85],[144,114],[228,-3],[62,60],[5,110]],[[29643,46379],[151,-6],[13,-220],[-87,-69],[91,-44],[89,-137],[157,-13],[-3,-38],[109,-22],[22,37],[138,-3],[-95,-191],[261,-102],[182,-147],[120,-33],[118,45],[23,-146],[-59,2],[-36,-95],[35,-48],[-14,-101],[166,-16]],[[32137,48906],[557,-111],[88,-63],[-92,-94],[-63,-15],[-322,15],[-121,-32]],[[32184,48606],[-38,84],[-121,46],[-134,8],[-67,-28],[-186,-153],[-166,90],[-160,22],[-166,-230],[-171,-43],[28,101],[149,97],[15,44],[-208,196],[-61,-9],[-48,-68],[-102,-22],[-581,55],[-49,50],[2,122],[-43,75],[-278,75],[-255,-48],[-2,82],[-89,4],[-42,-62],[-484,101],[-17,-71],[-287,18],[-128,50],[-12,88]],[[28483,49280],[138,158],[16,137],[-103,31],[71,145],[43,16],[41,267],[103,34],[55,243],[41,41],[-16,46],[-48,-1],[7,46],[45,-8],[83,112],[124,23],[210,284],[-224,-2],[-1,77]],[[29068,50929],[120,-30],[177,39],[83,53],[0,27],[-72,17]],[[29376,51035],[213,77],[393,73],[239,-181],[378,-164],[114,-120]],[[30713,50720],[-121,-156],[107,-116],[660,-77],[128,-49],[157,-117],[21,-127],[-283,-256],[-32,-77],[58,-34],[197,-13],[287,-222]],[[31892,49476],[61,-88],[1,-212],[183,-270]],[[13568,54241],[92,13],[111,-52],[79,41],[128,-1],[8,31],[116,-20],[-66,138],[13,54],[257,58],[175,96],[79,180],[338,-29],[-38,58],[-30,-5],[-33,122],[32,35],[78,7],[46,62],[144,-56],[42,47],[165,7],[45,-56],[110,11],[-8,-47],[70,3],[50,69],[-52,130],[57,2],[-26,81],[56,14],[-47,71],[178,-41],[-90,229],[4,88],[62,36],[-184,95],[-15,52],[34,34]],[[15548,55798],[119,-15],[276,102],[139,18],[106,-60],[23,-125],[63,-90],[173,-82],[57,9],[46,56],[-17,134],[38,118],[217,127],[148,10],[101,-42],[108,-144],[59,-455],[121,-140],[58,-7],[31,89],[135,101],[213,-20],[254,-88]],[[18016,55294],[254,-141],[202,-195],[42,-77],[6,-165],[-40,-96],[-182,-163],[-174,-24],[-335,45],[-35,-17],[7,-88],[248,-132],[105,-4],[328,159],[255,-22]],[[18697,54374],[45,-117],[-166,-150],[-196,-71],[-86,-86],[-87,-319]],[[18207,53631],[-154,20],[-63,-23],[-61,-47],[-53,-150],[-203,-55],[-47,-49],[5,-59],[-178,-263],[-72,-177],[-22,-167],[-72,-47],[-51,44],[-301,-72],[-91,19],[-9,41],[-55,11],[-29,-26],[-66,-65],[-58,-236],[16,-201],[-50,-44],[-55,7],[-18,-37]],[[15552,53045],[-45,32],[45,-32]],[[15552,53045],[0,0]],[[15451,53138],[0,0]],[[15407,53138],[0,0]],[[15382,53222],[0,0]],[[16053,53760],[24,-11],[-55,34],[31,-23]],[[15776,53367],[143,33]],[[15919,53400],[-143,-33]],[[15986,53349],[-67,51]],[[15919,53400],[67,-51]],[[15900,53325],[86,24]],[[15986,53349],[-86,-24]],[[15876,53273],[0,0]],[[15581,53045],[0,0]],[[15515,53375],[0,0]],[[15592,53370],[7,-22],[2,0],[-9,22]],[[15656,53239],[3,32],[-3,-32]],[[15656,53239],[0,0]],[[15476,53416],[0,0]],[[15375,53579],[0,0]],[[15422,53672],[0,0]],[[15549,53725],[67,33]],[[15616,53758],[-67,-33]],[[15616,53758],[0,0]],[[15784,53802],[0,0]],[[15825,53823],[0,0]],[[15784,53802],[41,21]],[[16425,53555],[-15,32],[-45,14],[28,-11],[32,-35]],[[16425,53555],[0,0]],[[16216,53111],[0,0]],[[15956,53141],[28,63],[-28,-63]],[[15956,53141],[0,0]],[[16358,53442],[56,4],[-56,-4]],[[16252,53408],[0,0]],[[16249,53390],[0,0]],[[16141,53371],[5,-29],[30,-39],[-30,39],[-5,29]],[[16151,53221],[0,0]],[[16255,53635],[0,0]],[[16138,53720],[0,0]],[[13804,50577],[-137,-108],[-22,-44],[68,17],[19,-64],[-99,-60],[-42,-85],[21,-44],[103,-24],[-105,-69],[-159,-29],[-25,-42],[59,-64]],[[13485,49961],[-28,-52],[-77,37],[-80,-8],[-197,-106],[-132,15],[-103,-49],[-87,0],[46,70],[-141,50],[-72,-30],[-10,-63],[-279,36],[-59,-20],[-24,30],[116,190],[167,12],[6,398],[-390,-36],[-85,-39],[-194,15],[28,134],[-117,69],[113,142],[66,-12],[88,71],[-11,78],[84,20],[-30,106],[44,74],[-38,115],[-102,18],[15,158],[-78,266],[66,54],[21,137]],[[14857,50911],[-121,-37],[-15,-124],[-69,0],[23,-48],[-147,74],[-131,-202],[-152,5],[-60,35],[-56,-57],[-320,79],[-5,-59]],[[12924,51883],[-55,-9],[-43,18],[10,31],[-91,21],[30,197],[-171,25],[95,-135],[-123,-35],[-19,-107],[-115,-17],[-44,33],[35,49],[-39,5],[-17,-63],[-44,48],[-127,-40],[33,-103],[-31,-19],[-57,41],[-140,18]],[[12011,51841],[19,85],[95,11],[-11,66],[55,-5],[-23,91],[-30,-1],[16,-56],[-57,-12],[5,91],[51,3],[-45,133],[114,156],[51,13],[-17,242],[-20,37],[-267,23],[-203,136],[82,22],[246,-47],[105,40],[93,61],[-4,116],[249,43],[-19,72],[48,29],[-21,40],[-114,46],[33,54],[31,-44],[58,8],[10,-35],[166,97],[10,47],[-44,56],[-246,107],[-50,68],[19,188],[86,157],[-108,52],[-145,-84],[-61,66],[27,47],[-44,63],[146,23],[38,92],[63,44],[257,-32],[126,-104],[58,-4],[44,60],[-9,108],[178,61],[166,-42],[-33,-89],[23,-48],[134,2],[121,85],[105,-38]],[[13568,54241],[133,-117],[47,-145],[-74,-150],[-58,-39],[185,-67],[117,45],[27,-71],[208,124],[27,-51],[55,7],[11,45],[-52,-6],[-17,64],[41,28],[-103,56],[64,-4],[66,59],[251,-44],[195,4],[2,-89],[68,-23],[25,-51],[-126,-79],[136,-132],[-22,-125],[41,-16],[-7,-72]],[[14808,53392],[47,-26],[-89,-147],[-166,21],[77,-137],[-16,-177],[220,-71],[-57,-90],[70,-37],[13,-46],[63,20],[198,-167],[-106,-86],[15,-32],[144,1],[198,-133],[197,82],[50,-23],[33,-127],[111,-24],[228,16],[61,-72],[-13,-89],[288,64],[48,-10],[11,-42],[87,-5]],[[16520,52055],[-32,-232],[109,-37],[-22,-51],[43,-15],[-63,-54],[-15,-86],[-126,-84],[-34,-71]],[[16380,51425],[-181,-34],[-385,1],[-214,-211],[-68,8],[-514,-265],[-161,-13]],[[14857,50911],[31,60],[-37,128],[118,117],[11,60],[-67,3],[-61,-56],[-185,79],[32,87],[-121,62],[-125,19],[-171,-23],[-175,-85],[-27,17],[45,130],[-84,31],[-350,-21],[-59,-40],[254,-115],[362,-93],[-1,-49],[-158,-127],[-84,-26],[-87,3],[-62,51],[-62,-17],[-95,-193],[-53,53],[-181,-25],[-56,35],[37,45],[-30,120],[-219,37],[146,30],[13,29],[-39,19],[3,68],[57,53],[-129,139],[94,109],[-2,55],[-59,91],[-66,-45],[-133,8],[22,44],[-39,69],[-141,36]],[[13836,52432],[0,0]],[[13312,52423],[-21,71],[21,-87],[29,-1],[-29,17]],[[13394,53140],[20,-14],[-6,11],[-14,3]],[[13339,52935],[0,0]],[[13344,52801],[0,-2],[7,75],[-7,-73]],[[13498,52725],[0,0]],[[13344,52794],[-3,-32],[-2,-91],[5,123]],[[13324,52666],[16,-16],[-2,16],[-14,0]],[[13361,52467],[0,0]],[[13454,52545],[0,0]],[[13285,52530],[0,0]],[[13225,52667],[0,0]],[[14003,52472],[-75,-4],[75,4]],[[14038,52574],[-121,53]],[[13917,52627],[121,-53]],[[13993,52815],[-105,-66]],[[13888,52749],[0,0]],[[13888,52749],[154,71],[-49,-5]],[[13825,52633],[-66,2]],[[13759,52635],[-236,-15],[-100,15],[100,-15],[236,15]],[[13825,52633],[92,-6]],[[13958,52827],[0,0]],[[13772,52864],[0,0]],[[13648,52889],[-61,83],[61,-83]],[[13648,52889],[0,0]],[[34722,39248],[-111,-3],[-19,170],[-116,-5],[-104,-284],[-34,5]],[[34338,39131],[-111,21],[-242,223],[-225,113],[41,123],[-67,50],[-381,89],[-151,-147]],[[33202,39603],[-183,-107],[-96,-7],[-40,58],[-160,59],[-70,229],[-39,17],[-48,-39],[2,97],[-62,4],[31,75],[-205,19],[1,34],[45,0],[-12,48],[-262,22],[-63,217],[-66,53]],[[36670,41207],[219,-23],[63,-78],[36,-58],[-155,-202],[-4,-94],[104,-50],[275,-29],[169,-263],[89,-343],[116,-82],[124,-38],[322,-41],[252,-77],[-69,-261],[42,-66],[180,-91]],[[38433,39411],[-150,-75],[-230,-30],[-76,71],[163,195],[-157,39],[-322,-111],[-91,-201],[-51,-9],[-130,64]],[[37389,39354],[-100,20],[-143,-45],[-163,110],[9,54],[-113,-46],[-197,37],[-275,-35],[-109,51],[-232,41],[-193,-20],[-36,-106],[-123,-35],[11,49],[-76,23],[-34,89],[-157,-20],[-209,78],[-106,-69],[37,-47],[-51,-110],[-81,-34],[-61,19],[-137,-72],[-78,18],[-50,-56]],[[34888,40650],[0,0]],[[34888,40650],[127,-9],[26,-45],[-26,45],[-127,9]],[[34760,40571],[-54,9],[2,-17],[52,8]],[[34760,40571],[-29,44],[29,-44]],[[34779,40498],[0,0]],[[34773,40412],[-74,-11]],[[34699,40401],[-69,-51],[69,51]],[[34699,40401],[86,8],[-3,39],[-9,-36]],[[35116,40018],[47,34],[-10,16],[-37,-50]],[[35116,40018],[0,0]],[[34875,40101],[-38,-4],[38,4]],[[34875,40101],[0,0]],[[34562,40186],[-39,-16],[7,-40],[-7,40],[39,16]],[[34562,40186],[0,0]],[[34420,40109],[0,0]],[[34375,40132],[0,0]],[[34337,40220],[0,0]],[[34495,40372],[-3,2],[3,-2]],[[34426,40428],[0,0]],[[34717,40481],[-27,-8],[27,8]],[[34564,40594],[45,1],[-28,11],[-17,-12]],[[35233,40259],[-3,67],[3,-67]],[[35233,40259],[0,0]],[[35082,40134],[0,0]],[[35134,40072],[-47,10],[47,-10]],[[35098,40453],[25,-69],[-31,91],[6,-22]],[[35064,40586],[0,0]],[[35222,41354],[-113,-5],[-106,99],[-26,106],[-90,39],[-277,-130],[-132,5],[-49,-104],[-279,22],[-29,-46],[-235,-99],[-41,-6],[-175,150]],[[31539,44561],[-75,175],[37,50]],[[31501,44786],[355,-22],[113,-169],[183,40],[136,-66],[42,-70],[119,-29],[68,111],[0,104],[117,60],[57,113],[92,35],[89,-10],[6,38],[244,24]],[[33122,44945],[100,86],[10,115],[256,-37],[51,61],[215,14],[114,-45],[337,9],[43,-39],[-55,-82],[193,-65],[133,1]],[[34519,44963],[32,-38],[-73,-44],[6,-29],[236,-173],[515,-47],[241,-89],[77,-77],[-445,-75],[-240,-126],[-116,-121],[-31,-128],[47,-177],[164,-64],[498,101],[15,28],[182,-22],[349,-343],[-101,-171],[99,-9]],[[35974,43359],[-110,-94],[-99,-405],[206,-298],[97,-31],[101,30],[350,212],[463,149],[373,18],[219,-80],[48,-59],[-21,-48],[-81,-33],[-399,-9],[-187,-71],[-70,-182],[189,-170],[61,-111],[-34,-131]],[[37080,42046],[-73,-75],[-296,-96],[-284,25],[-86,-125],[-124,-66],[-147,213],[-123,64],[-208,21],[-125,-52],[-34,-52],[120,-214],[307,-241],[228,-113],[435,-128]],[[36670,41207],[-759,7],[-60,61],[-99,19],[1,86],[-99,39],[-169,-86],[17,-34],[-72,-3],[5,-30],[-99,-39],[-114,127]],[[35093,42927],[112,-36]],[[35205,42891],[0,0]],[[35205,42891],[-112,36]],[[35093,42927],[0,0]],[[34945,42777],[136,-11],[30,-69]],[[35111,42697],[-19,70],[-147,10]],[[35111,42697],[0,0]],[[34945,42777],[-33,50]],[[34912,42827],[0,0]],[[34887,42931],[0,0]],[[35472,42989],[-38,12],[-13,-33],[28,22],[23,-1]],[[35500,42925],[8,30],[-1,1],[0,-2],[-7,-29]],[[35437,42791],[-4,71],[4,-71]],[[35275,42773],[85,4],[-85,-4]],[[35272,42742],[0,0]],[[32489,40669],[-27,-51],[-39,1],[-16,-86],[-78,-1],[-159,-98],[-170,23],[-25,-75]],[[31975,40382],[-239,114],[-81,-6],[-11,-29],[-234,3],[-152,-48],[-147,46],[-148,183],[7,108],[-154,-55],[-92,84],[34,135],[-31,59],[234,16],[-263,49],[-52,44],[8,128],[63,91],[-15,213],[-32,30],[41,215],[-50,1],[-69,-117],[-121,-28],[-119,-202],[-170,-101],[-21,-88],[-123,-17],[-197,47],[-168,-29],[-215,64],[-29,-24]],[[29429,41268],[96,189],[25,187],[-97,113],[45,50],[-82,171],[-139,127]],[[29277,42105],[198,41],[167,95],[32,-29],[87,1],[0,-42],[135,1],[70,36],[90,-36],[126,7],[24,116],[-221,87],[4,77],[7,37],[114,-11],[18,44],[-85,62],[19,56],[130,11],[-60,47],[13,63],[65,3],[65,160],[-47,133],[59,182],[-60,199],[55,43],[-32,84],[-83,19],[26,26],[-29,37],[94,36],[8,-25],[94,16],[25,60],[76,2],[-116,42],[-25,131],[-63,69],[93,147]],[[30350,44132],[173,-16],[101,48],[194,-29],[157,14],[-11,65],[27,25],[45,-14],[1,56],[90,9],[-36,51],[58,205],[170,74],[220,-59]],[[31539,44561],[93,-124],[211,-37],[136,-138],[202,-30],[170,-84],[57,-123],[190,-203],[246,-20],[142,-68],[119,-148],[307,-91],[159,35],[287,-179],[162,-49],[-46,-84],[-103,-73],[3,-44],[-92,-22],[-16,-33],[122,-91],[12,-96],[134,1],[-136,-333],[263,2],[18,-69],[191,-53],[-53,-228],[-67,-28],[46,-37],[-15,-48],[-29,-30],[-105,-3],[-48,-134],[-54,33],[-172,-441],[-203,-106]],[[33670,41385],[-103,-12],[-12,-34],[-57,19],[34,86],[-79,19],[-127,105],[-211,55],[-94,-31],[-25,66],[-72,-9],[-11,-88],[-87,-32],[-17,-197],[-94,-53],[-240,3],[37,-92],[279,-136],[1,-97],[50,-45],[-100,-106],[-17,-160],[-236,23]],[[31838,42652],[0,0]],[[32026,42490],[0,0]],[[31509,42476],[81,67],[-81,-67]],[[31429,42428],[6,3],[-48,-6],[42,3]],[[31533,42442],[-35,-4],[66,4],[-31,0]],[[31678,42492],[0,0]],[[31760,42534],[0,0]],[[31845,42558],[0,0]],[[31840,42517],[0,0]],[[31875,42477],[71,-10],[-71,10]],[[31875,42477],[6,48],[-6,-48]],[[32004,42469],[-12,-58],[12,58]],[[32102,42909],[155,-75],[-46,31],[-109,44]],[[32102,42909],[0,0]],[[32261,42790],[0,0]],[[32237,42781],[24,9]],[[32224,42758],[13,-44],[-13,44]],[[32237,42781],[-13,-23]],[[32138,42707],[0,0]],[[26495,33927],[-47,-99],[313,-174],[57,-83],[-44,-26],[-279,-12],[-54,-123],[37,-47],[271,-14],[126,-70],[33,-53],[-9,-183],[-106,-275],[-338,-65],[-179,-259],[45,-115],[238,-236],[23,-380],[137,-213]],[[26719,31500],[229,-134],[357,-128],[42,-55],[-274,-95],[-355,-66],[-17,-69],[80,-126],[-59,-55],[-211,-20],[-127,-235],[37,-211],[268,-283],[41,-134],[-46,-111],[-355,-152],[-36,-100],[69,-82],[193,19],[256,97],[85,-19],[210,-462],[-68,-90],[-421,37]],[[20648,31892],[-56,232],[-191,316],[-738,171],[-158,85],[6,42],[61,20],[380,-51],[93,24],[-123,325],[92,134],[346,242],[-62,103]],[[23466,33251],[-115,4],[-49,-103],[-151,-6],[-694,269],[-91,-37],[21,-96],[-68,-57],[-157,-42],[113,-114],[195,18],[163,-69],[101,-128],[207,-119],[1,-34],[-152,-5],[35,-137]],[[20366,36691],[-89,-2],[5,64],[107,64],[43,70],[101,398],[-209,195],[15,50],[-99,80],[-93,206],[-90,63],[-64,-13],[-59,-84],[-230,-33],[-84,48],[-49,79],[-90,-54],[-77,50],[-101,-7],[-45,134],[-53,20],[48,75],[-195,82],[54,104],[-119,129],[221,43],[58,68]],[[19272,38520],[111,3],[35,46],[116,38],[-38,-117],[34,-57],[87,-3],[154,110],[26,-19],[-55,-19],[1,-36],[159,1],[-17,-52],[44,11],[14,46],[103,-62],[0,75],[31,-7],[35,75],[76,36],[42,-76],[95,-13],[-23,-48],[129,12],[25,65],[137,37],[122,-78],[24,93],[130,-8],[208,-84],[-27,232],[-36,88],[-63,39],[56,115]],[[21007,38963],[47,-26],[139,30],[382,-11],[143,-121],[234,-122],[82,-12]],[[22034,38701],[144,217],[45,-11],[-22,-140],[72,-56],[61,-3],[37,54],[80,3],[17,34],[71,-44],[226,-15],[40,89],[123,32]],[[22928,38861],[129,-143],[211,-97],[154,-20],[110,58],[18,72],[-182,121],[205,95],[139,2],[-2,-30],[-119,-51],[17,-69],[92,-71],[227,-44],[98,-131]],[[24025,38553],[173,-265],[68,-204],[-178,7],[-312,183],[-78,-42],[-122,-169],[61,-88],[197,-89],[163,-126],[-135,-326],[4,-84],[147,-217],[150,-111]],[[22627,36920],[-17,52],[0,-99]],[[21934,37006],[-7,-36]],[[22198,37670],[31,-18],[12,6],[-43,12]],[[22160,37680],[0,-7],[11,4],[-11,3]],[[21881,37584],[7,75],[-84,53],[76,-65],[1,-63]],[[21850,37392],[95,-81],[-113,116],[18,-35]],[[21855,37812],[43,34],[-13,0],[-30,-34]],[[22245,37549],[1,-9],[3,-1],[-4,10]],[[22433,37158],[0,0]],[[22524,37141],[44,-14],[-9,12],[-35,2]],[[21362,28594],[-148,100],[-161,-33],[-131,49],[76,375],[-54,138],[54,89],[-8,73],[-131,126],[24,74],[173,187],[-354,233],[-86,106],[236,116],[163,134],[216,75],[-9,45],[-210,163],[-19,57],[116,166],[43,206],[-60,85],[-275,190],[-140,258],[-29,286]],[[20648,31892],[70,-15],[447,148],[166,-62],[35,45],[115,-50],[119,40],[113,-65],[196,-19],[1,58],[-109,21],[26,101],[213,140],[-7,89],[88,-4],[-5,183],[224,138]],[[22340,32640],[194,49],[231,-129],[60,35]],[[22825,32595],[86,-36],[4,-66],[242,-81],[-115,-105],[75,-62],[-4,-165],[274,-40],[72,-113],[81,-29],[236,34],[126,-20],[115,195],[311,109],[198,21],[126,-28],[-187,-225],[-28,-90],[-253,-17],[-87,-57],[106,-29],[105,-101],[296,-56],[41,-42],[-61,-140],[-184,-33],[-69,-74],[39,-200],[170,-116],[15,-243],[-36,-39],[-126,-21],[-171,19],[-27,-30],[88,-172],[214,-20],[-109,-190],[52,-268],[185,10],[28,-97],[71,-20]],[[21071,34224],[-57,-34],[28,-47],[-76,-140],[-84,-6],[-61,-32],[-8,-51],[-58,-13],[-71,-315],[-191,139],[-5,92],[-55,64],[-330,6],[-33,-119],[122,-20],[26,-125],[78,-44],[2,-44]],[[20298,33535],[-244,36],[-185,92],[-146,247],[-40,145],[56,72],[43,-19],[68,36],[-38,51],[184,39],[58,48],[60,252],[139,134],[139,-8],[14,155],[-143,162],[-82,39],[-48,-19],[-436,207],[-59,159],[-143,51],[-64,88],[11,137],[95,138],[-82,38],[-70,-17],[-61,67],[131,184],[185,25],[19,65],[-33,9],[-11,78],[102,8],[8,46],[122,-23],[16,141],[182,24],[106,92],[179,-14],[36,191]],[[20366,36691],[35,23],[180,-17],[98,168],[285,-47],[43,28],[71,-27],[183,20],[-115,196],[87,16]],[[21233,37051],[404,-69],[290,-12]],[[21927,36970],[7,36]],[[21934,37006],[213,24],[54,-19],[14,30],[64,2],[112,-69],[36,-107],[183,6]],[[22610,36873],[17,47]],[[22627,36920],[51,40],[161,-3],[15,-119],[62,14],[68,94],[78,26],[248,-43]],[[24872,34090],[-59,-45],[-38,22],[-129,-49],[-117,47],[-180,-40],[-46,-52],[27,-23],[-23,-68],[-46,-47],[-69,-6],[-6,-63],[-79,-7],[83,-154],[-50,-8],[44,-80],[-34,-17],[69,-64],[-31,-159],[-121,-240],[-185,54],[-33,-32],[-206,132],[-177,60]],[[23466,33251],[1,34],[-105,9],[-116,83],[-36,131],[58,35],[-126,182],[16,155],[-51,72],[-169,71],[21,82],[-62,130],[-220,159],[-94,27]],[[22583,34421],[-33,0]],[[22550,34421],[-61,-24],[-18,-97],[-46,-18],[-326,23],[6,-176],[-59,-46],[-323,62],[-119,-31],[88,202],[-267,30],[-187,-13],[-56,53],[-87,-38],[-127,0],[0,-52],[76,-7],[27,-65]],[[22491,35228],[-35,-10],[36,28],[-1,-18]],[[22802,35099],[29,-13],[-15,28],[-14,-15]],[[21722,34927],[-1,0],[-5,-27],[6,27]],[[22451,35143],[0,0]],[[21942,34783],[-17,24],[22,27],[-28,-21],[23,-30]],[[23342,35080],[39,-30],[-39,32],[-49,-11],[49,9]],[[23049,34651],[57,7],[1,8],[-58,-15]],[[22872,35226],[-8,43],[4,-56],[4,13]],[[24306,19106],[77,-129],[-193,-228],[-218,-55],[-71,17],[-47,-35],[-214,20],[-235,151],[83,89],[-37,48],[-240,140],[39,66],[98,52],[-128,-52],[-30,-45],[32,-55],[236,-134],[-38,-18],[-223,90],[-309,360],[-216,184],[-485,228],[58,221],[260,555],[17,328],[-149,386],[-418,294],[-11,357],[61,56],[223,42],[220,-33],[8,-385],[72,-188],[161,-207],[329,-265],[-29,-210],[-128,-263],[0,-161],[21,-129],[147,-252],[411,-238],[437,-126],[148,-74],[70,-204],[228,-64],[20,-46],[-37,-88]],[[24484,21900],[780,25],[259,-37],[9,-29],[-352,-673],[-33,-236],[40,-330],[-63,-45],[-71,121],[-170,92],[18,-47],[139,-63],[22,-48],[-24,-134],[-165,-183],[-55,-245],[-193,-22],[-61,-29],[2,-68],[-126,-19],[-215,29],[-173,85],[-688,195],[47,119],[49,12],[147,-78],[152,8],[42,127],[-93,150],[4,141],[343,106],[-77,177],[-167,203],[-12,-35],[177,-227],[36,-125],[-275,-56],[-62,-50],[-17,-100],[111,-196],[-51,-116],[-47,-3],[-219,124],[18,373],[-126,492],[-95,149],[-297,263],[-11,48],[10,191],[58,144],[127,14],[158,-87],[208,29],[99,49],[30,99],[85,-1],[306,256],[214,-424],[99,-79],[149,-36]],[[22750,26575],[-617,487],[-118,186],[-54,355],[-57,29],[-249,-100],[-136,0],[-20,56],[167,144],[-2,37],[-523,270],[-1,138],[50,48],[257,27],[209,-59],[99,22],[-13,55],[-380,324]],[[21362,28594],[146,200],[165,45],[77,83],[57,10],[10,71],[65,12],[58,-37],[143,20],[40,-66],[215,48],[129,-14],[4,-33],[75,-8],[31,-90],[39,11],[16,75],[-142,53],[3,44],[-74,69],[35,75]],[[22454,29162],[122,165],[45,14],[-20,151],[62,8],[28,43],[-138,10],[68,114],[-46,19],[97,114],[-83,56],[17,27],[231,-65],[46,51],[92,-64],[95,136],[120,15],[59,50],[50,-35],[-9,-161],[100,-41],[99,-195],[126,7],[67,-111],[202,-91],[264,-13],[44,30],[-20,36],[84,43],[-11,132],[116,192],[29,21],[240,-12],[91,64],[3,86]],[[24724,29958],[203,7]],[[24927,29965],[347,-97],[23,-273],[90,-204],[145,-18],[306,46],[-4,130],[348,-73],[315,-197],[22,-140],[98,-113]],[[26617,29026],[-1,-131],[558,-467],[24,-67]],[[27198,28361],[37,-261]],[[27235,28100],[115,-82],[370,49],[281,-22],[46,-64],[-7,-77],[-96,-85]],[[27944,27819],[-311,-103]],[[27633,27716],[-162,-108],[-13,-92],[421,-319],[1,-137],[-85,-137],[28,-67],[268,-243]],[[28091,26613],[48,-109],[-187,-246],[-490,-343],[-263,-260],[-334,-847],[47,-96],[633,208],[171,-81],[1,-164],[-282,-192],[-75,-150],[115,-217],[551,-776]],[[28026,23340],[-259,-61],[676,-596],[210,-259],[229,-454],[50,-305],[-46,-43],[-561,-186],[-267,-198],[-248,-252],[-117,-229],[-8,-326],[-116,-66],[-67,23],[-238,216],[43,31],[187,8],[73,60],[40,224],[222,225],[-48,65],[-319,104],[608,571],[35,81],[-466,172],[-148,109],[-75,105],[26,-89],[133,-114],[188,-90],[307,-84],[0,-41],[-622,-575],[-18,-42],[52,-62],[313,-98],[-213,-181],[-58,-271],[-192,1],[-14,231],[-53,182],[-83,109],[313,288],[83,212],[-30,92],[-114,96],[-197,71],[-96,107],[-125,23],[132,-49],[24,-84],[-320,-51],[-60,16],[-130,187],[-486,318],[89,-103],[-336,55],[-162,84],[-41,38],[188,123],[417,123],[-129,153],[-414,-120],[-190,-113],[-52,-106],[6,-128],[166,-198],[266,-116],[373,-1],[172,-260],[288,-107],[497,-23],[12,-41],[-340,-318],[-498,67],[499,-101],[-26,-216],[116,-197],[9,-99],[-82,-128],[-70,-18],[-72,-109],[-156,-37],[-17,26],[78,52],[18,49],[-70,69],[53,-96],[-102,-81],[-4,-198],[-67,-61],[-91,-11],[-383,99],[-389,6],[-341,70],[103,291],[46,655],[261,360],[-51,170],[-86,61],[-249,54],[-305,8],[3,79],[-86,-67],[-472,-20],[-145,52],[-150,159],[-39,225],[-242,-57],[-34,-72],[-227,-182],[-98,-2],[-56,-117],[-70,-32],[-232,-25],[-96,78],[-73,15],[-316,-5],[194,482],[-53,362],[41,380],[62,31],[-44,191],[-372,351],[-77,30],[-62,130],[-154,134],[-239,690],[116,238],[217,179],[213,58],[345,230],[269,119],[92,127],[-41,92],[-114,34],[-128,-69],[-132,-149],[-98,-11],[-59,40],[-203,372],[30,78],[161,160],[32,76],[-23,103]],[[25552,27786],[0,0]],[[25374,27580],[3,-57],[-3,57]],[[25374,27580],[0,0]],[[25525,27282],[0,0]],[[25499,27205],[0,0]],[[25181,27193],[-14,-24],[14,24]],[[25181,27193],[0,0]],[[25146,27086],[0,0]],[[24893,27099],[-53,-6],[53,6]],[[24893,27099],[0,0]],[[24601,27086],[-36,-54],[36,54]],[[24601,27086],[0,0]],[[24649,26929],[107,-21],[-107,21]],[[24649,26929],[0,0]],[[24900,26817],[0,0]],[[24832,26752],[0,0]],[[24697,26749],[0,0]],[[24557,26723],[0,0]],[[23898,26359],[-130,155],[130,-155]],[[23898,26359],[0,0]],[[23640,26825],[-23,27],[23,-27]],[[23640,26825],[0,0]],[[23469,26790],[19,9],[73,47],[-92,-56]],[[23355,26744],[-2,-57],[2,57]],[[23355,26744],[114,46]],[[23469,26790],[-114,-46]],[[23352,26623],[-66,-57],[66,57]],[[23352,26623],[0,0]],[[23207,26533],[22,-54],[-10,-18],[10,18],[-22,54]],[[23171,26458],[0,0]],[[23147,26302],[0,0]],[[23053,26302],[0,0]],[[22891,26585],[0,0]],[[25591,27753],[0,0]],[[25895,27698],[-32,50],[-96,7],[96,-7],[32,-50]],[[25937,27604],[0,0]],[[25909,27580],[28,24]],[[25909,27580],[-3,-3]],[[25906,27577],[0,0]],[[25625,27503],[0,0]],[[25720,27477],[0,0]],[[26136,27531],[-36,9],[-182,-35],[182,35],[36,-9]],[[26384,27421],[0,0]],[[26384,27421],[-76,1],[-56,25],[56,-25],[76,-1]],[[26446,27730],[0,0]],[[26446,27730],[-6,-37],[16,-95],[-16,95],[6,37]],[[26524,27804],[0,0]],[[27406,26981],[-197,13],[197,-13]],[[27406,26981],[0,0]],[[26548,27311],[0,0]],[[26529,27390],[0,0]],[[26493,27657],[-5,81],[5,-81]],[[26493,27657],[0,0]],[[26775,18309],[293,-17],[341,-67],[65,-63],[-20,-109],[-217,-181],[-147,-72],[-304,23],[83,-71],[-92,-79],[-239,-28],[-129,-49],[-483,35],[-160,-42],[-75,86],[30,103],[162,229],[44,153],[121,187],[119,22],[108,-136],[240,-54],[88,14],[172,116]],[[27327,19164],[67,-251],[-183,-357],[26,-90],[-40,-43],[-247,-23],[-253,67],[90,108],[12,86],[-57,263],[-15,-134],[49,-172],[-102,-165],[220,-75],[-204,-34],[-165,-115],[-241,72],[-42,133],[-165,7],[53,81],[-100,215],[0,176],[-95,78],[44,47],[68,-20],[-77,122],[190,84],[641,95],[335,-40],[191,-115]],[[27088,20210],[152,-200],[18,-103],[135,-225],[-63,-77],[-15,-135],[70,-145],[-30,-55],[-239,84],[-303,24],[-159,-48],[-183,10],[-537,-122],[-108,169],[-105,61],[-13,80],[-68,73],[-74,10],[-212,168],[-89,193],[43,78],[-33,36],[26,114],[-113,97],[132,129],[128,23],[404,-79],[294,9],[106,-45],[307,-48],[90,31],[48,61],[44,168],[166,6],[57,-45],[124,-297]],[[27995,21006],[-132,-169]],[[27863,20837],[74,142],[58,27]],[[24902,34462],[-125,26],[-111,108],[-105,24],[-60,72],[-34,88],[16,47],[79,16],[13,79],[-57,106],[-194,33],[104,97],[-4,152],[-97,28],[-127,-20],[-25,-51],[-176,-87],[-191,204],[-47,-28],[-94,25],[-112,-26],[-64,21],[-78,89],[142,-25],[239,42],[60,187],[-184,31],[-64,61],[-97,14],[-25,58],[38,50],[-54,5],[-99,102],[-81,31],[28,208],[-84,49],[-12,51],[135,213],[-264,87],[15,43],[153,-45],[58,14],[51,62],[-40,-1],[-8,95],[-31,3],[21,129]],[[23310,36929],[5,61],[197,47],[223,13],[6,-39],[244,-48],[178,59]],[[24163,37022],[107,-31],[113,21],[-28,129],[30,17],[207,-93],[69,-102],[-45,-207],[-112,-61],[-206,-34],[26,-148],[137,-26],[237,85],[59,51]],[[24757,36623],[87,212],[90,53],[85,-63],[15,-62],[85,-8],[12,67],[141,5],[18,-41],[191,-32],[92,29],[109,91],[77,-22],[73,59],[94,-5],[35,36],[124,-4],[30,44],[127,8],[15,49],[-50,40],[163,69],[143,6]],[[26513,37154],[48,-20],[34,47],[73,-12],[71,-72],[-125,-228],[-113,-48],[69,-109],[130,-15],[41,59],[161,5],[37,-25],[-23,-76],[48,-20],[-42,-137],[138,-109],[32,21],[203,-34],[148,101],[59,-86],[120,-36],[-28,-61],[68,-37],[-4,-185],[203,-82],[54,-85],[-36,-88],[22,-99],[85,-75],[130,-34],[3,-85],[217,-157],[-99,-155],[79,-43]],[[28316,35174],[-249,-41],[-197,39],[-68,-40],[-33,-66],[16,-98],[-50,-12],[97,-70],[7,-106],[-169,-176],[-346,254],[-188,-45],[-243,32],[20,275],[-80,70],[-25,-383],[81,-245],[-44,-213],[879,-292],[-39,-48],[-542,-248],[26,-59],[255,-72],[-56,-33],[-347,91],[-145,93],[55,253],[-128,176],[-160,2],[-78,-238],[-70,-47]],[[26495,33927],[-82,47],[-162,-45],[-47,-157],[-50,2],[-230,-129],[-60,123],[-83,-16],[-30,70],[-77,-11],[-72,33],[-57,87],[-104,37],[-25,45],[-208,47],[-74,90],[-86,-24],[-70,-96],[-106,60]],[[24872,34090],[49,146],[-46,76],[27,150]],[[37904,75679],[98,20]],[[38458,75995],[16,-10]],[[38474,75985],[-67,16]],[[38840,76859],[-23,65],[70,19],[-76,17]],[[39087,77829],[423,-82],[69,-47],[139,20],[266,-39],[185,40],[41,50],[84,25],[51,92],[108,82],[236,85],[648,-150],[100,82],[34,-10],[45,-140],[-145,-68],[-190,-18],[-16,-27],[21,-98],[-105,-149],[19,-157],[-213,-1],[-113,110],[-140,-15],[-32,-90],[-74,-4],[38,-136],[-14,-147],[27,-6],[-23,-121],[-64,-221],[-101,-57],[9,-64],[-105,-58],[31,-24],[-34,-184],[-68,-129],[8,-80],[-68,-54]],[[40164,76039],[96,-78],[155,-27],[143,16],[175,-128],[-194,-211]],[[40539,75611],[-147,20],[-50,21],[50,-21],[147,-20]],[[40539,75611],[-47,-174],[69,-8],[-91,-145],[35,-131],[-87,-6],[-8,-47],[56,-155],[-60,-52],[83,-127]],[[38525,75983],[33,-28],[-33,28]],[[38474,75985],[51,-2]],[[40077,76066],[-26,-8]],[[40051,76058],[0,0]],[[40051,76058],[26,8]],[[40164,76039],[-87,27]],[[39603,75827],[0,0]],[[39563,75883],[0,0]],[[39603,75827],[-40,56]],[[39729,75726],[-80,0]],[[39649,75726],[0,0]],[[39772,75686],[-14,-54],[37,-4],[-24,27],[1,31]],[[39729,75726],[43,-40]],[[39698,76427],[0,0]],[[39697,76424],[14,-32],[4,16],[-18,16]],[[39695,76343],[-9,-52]],[[39686,76291],[11,-71],[18,-14],[-11,12],[-18,73]],[[39686,76291],[9,52]],[[39776,76132],[41,-19],[41,-36],[-41,36],[-41,19]],[[38641,76089],[0,0]],[[38976,76131],[0,0]],[[38976,76131],[-99,-41],[99,41]],[[39397,76092],[10,-10],[-10,10]],[[39381,76361],[-93,-149],[93,148],[0,1]],[[39140,76352],[-62,-20],[62,20]],[[39171,76562],[0,0]],[[39189,76613],[0,0]],[[39264,76745],[-31,-15],[31,15]],[[39609,76561],[-73,34],[73,-34]],[[39662,76546],[-22,12],[22,-12]],[[40122,75698],[-61,-9]],[[40061,75689],[61,9]],[[39977,75676],[-58,-23],[-7,-12],[65,35]],[[40061,75689],[-84,-13]],[[40297,75655],[0,0]],[[39857,75575],[0,0]],[[37342,75167],[-14,62],[-32,-15]],[[37232,75492],[42,-4],[38,41],[-33,-22]],[[38910,79827],[-16,-112],[49,-78],[-74,-243],[-87,-132],[12,-297],[55,-247],[82,-33],[311,-513],[-3,-115],[-81,-50],[-27,-83],[-110,-67],[66,-28]],[[39087,77829],[14,-19],[-95,-34],[-187,34],[-239,188],[-184,-151],[-12,-213],[-58,17],[-90,-99],[49,-126],[-48,-62],[130,-13],[108,-51],[50,-91],[211,-144],[75,-105]],[[38811,76960],[29,-101]],[[38840,76859],[-110,-14],[-246,149],[-95,-42],[-215,54],[-93,-33],[13,-103],[-98,-217],[128,-104],[-34,-98],[85,-96],[-39,-77],[22,-72],[98,-43],[-38,-22],[189,-140]],[[38407,76001],[51,-6]],[[38458,75995],[-48,-62],[-64,48],[-257,-3],[-80,-111],[11,-61]],[[38020,75806],[-71,6],[71,-6]],[[38020,75806],[-18,-107]],[[38002,75699],[-98,-20]],[[37849,75686],[55,-7]],[[37904,75679],[-39,-159],[117,-157],[107,-47],[328,33],[170,-24]],[[37412,75079],[0,0]],[[37750,75685],[0,0]],[[37849,75686],[-99,-1]],[[37644,75156],[0,0]],[[37569,75126],[0,0]],[[37529,75857],[46,40],[-11,-7],[-35,-33]],[[37486,75787],[43,70]],[[37529,75857],[-43,-70]],[[37467,75728],[0,0]],[[37542,75696],[0,0]],[[37631,75658],[0,0]],[[37298,75589],[0,0]],[[37499,75494],[1,47],[-5,-50],[4,3]],[[37462,75342],[114,-26],[-114,26]],[[37416,75463],[-18,-18],[20,19],[-2,-1]],[[37469,75466],[12,12],[-36,-8],[24,-4]],[[37744,75923],[0,0]],[[37713,75844],[0,0]],[[37824,75831],[-23,-6],[23,6]],[[35503,75641],[34,-19],[115,38],[134,-7],[-3,-59],[72,-35],[101,78],[155,-6],[8,-32],[-102,-9],[14,-35],[308,-125],[114,130],[110,-10],[294,64],[144,-38],[83,48],[-10,-74],[88,-57],[49,35],[68,-21]],[[37279,75507],[-47,-15]],[[37232,75492],[-21,-74],[-83,-56],[64,-44],[11,-81],[93,-23]],[[37296,75214],[33,15],[13,-62]],[[37342,75167],[70,-88]],[[37412,75079],[67,-84],[89,-31],[234,-15],[18,-122],[-42,-34],[37,-31]],[[37815,74762],[164,6],[100,84],[155,-39],[32,79],[-36,103],[66,-13],[-3,46],[190,-19],[18,45],[94,-11],[-98,201],[90,81]],[[38587,75325],[224,-9],[22,-128],[112,-38],[41,132],[147,-7],[72,56],[-97,100],[145,-3],[82,-16],[29,-123],[272,-115]],[[39636,75174],[47,-51],[-10,-91],[171,-104],[11,-179],[325,29],[116,-39],[193,27]],[[40489,74766],[84,-44],[64,-120],[214,-188],[12,-157],[-85,-104],[119,-161],[87,-55],[68,0]],[[37861,74694],[44,-59]],[[37929,74575],[62,-37],[44,-46],[-14,36],[-92,47]],[[37929,74575],[-24,60]],[[37905,74635],[-90,127]],[[37815,74762],[46,-68]],[[37929,74394],[0,0]],[[37897,74375],[0,0]],[[37810,74386],[-44,71],[44,-71]],[[37810,74386],[0,0]],[[37782,74307],[49,-15]],[[37831,74292],[0,0]],[[37831,74292],[-49,15]],[[37942,74151],[-26,-23],[-13,-20],[15,11],[24,32]],[[37942,74151],[0,0]],[[37854,74033],[0,-2],[17,27],[-17,-25]],[[37731,74287],[0,0]],[[37648,74148],[59,44],[-59,-44]],[[37578,74060],[0,0]],[[37462,74003],[41,-9],[-41,9]],[[37463,73952],[0,0]],[[37513,73898],[0,0]],[[37722,74004],[0,0]],[[37708,74492],[-44,43],[-59,54],[103,-97]],[[37593,74620],[0,0]],[[37615,74728],[-22,-108]],[[37593,74620],[34,117]],[[37627,74737],[-12,-9]],[[37627,74737],[-15,56],[15,-56]],[[41668,68741],[-271,-17],[-51,73],[13,55],[-134,88],[24,58],[-55,10],[-5,-24]],[[41227,72302],[180,-73]],[[41570,71760],[0,0]],[[41601,71742],[416,-97]],[[42304,71581],[151,37]],[[44307,69432],[-148,-25],[-51,-59],[-283,-19],[-131,-82],[-407,62],[-144,-70],[-47,-52],[42,-114],[-79,-177],[-66,9],[-26,-75],[-101,-57],[-269,-24],[-36,-26],[26,-63],[-130,-68],[-16,-104]],[[42441,68488],[3,-30],[-65,-29],[-66,33],[-55,-60],[-85,18],[-52,-46],[-131,5],[-117,50],[-88,114],[-80,35],[90,33],[-45,84],[-82,46]],[[41290,71718],[-191,132]],[[41099,71850],[21,12],[-21,-12]],[[41099,71850],[284,-197],[-93,65]],[[41402,71656],[0,0]],[[41497,71615],[0,0]],[[41525,71705],[0,0]],[[41211,71853],[29,-7],[-29,7]],[[41313,71846],[0,0]],[[35642,72538],[83,71],[504,-69],[93,67]],[[38654,70457],[46,-89],[170,4]],[[36949,71137],[0,0]],[[36999,71098],[0,0]],[[36614,71629],[27,-22],[-19,29],[-8,-7]],[[36855,71560],[-91,-38],[91,38]],[[36869,71569],[73,62]],[[36942,71631],[-87,-71]],[[36855,71560],[14,9]],[[36852,71350],[0,0]],[[36966,71253],[-2,25],[-18,12],[20,-37]],[[36408,71320],[-4,-2],[9,-38],[-5,40]],[[36649,71381],[-2,-66],[4,66],[-2,0]],[[36495,71509],[13,-36],[-10,38],[-3,-2]],[[36527,71527],[56,72],[-19,-18],[-37,-54]],[[37027,71234],[13,50],[15,87],[-15,-87],[-13,-50]],[[36990,71591],[46,-65],[36,-35],[-36,35],[-46,65]],[[36942,71631],[0,0]],[[39193,70630],[-276,-149],[-263,-24]],[[38654,70457],[-166,104],[-16,157],[-161,55],[-195,0],[-39,40],[-145,-29],[14,227],[167,100],[71,251],[-82,16],[133,139],[-71,175],[164,-44],[48,138],[-11,104],[-262,34],[2,124],[-77,-4],[-215,124],[-31,90],[-176,133],[6,101],[-124,54],[-168,3],[-108,-48],[-23,-45],[-105,93],[-102,53],[-65,-3],[-140,-25],[-55,-52],[9,-51],[-70,-31],[-45,115],[-260,22],[-34,30]],[[36322,72607],[-50,91],[69,94],[415,225],[376,9],[-31,68],[33,25]],[[37134,73119],[217,49],[134,78],[53,-13],[64,85],[96,-40],[105,270],[102,41],[-9,196],[123,170],[354,166],[78,224],[203,-166],[57,-115],[217,-82],[108,-150],[-5,-101],[128,-381],[547,-109],[92,-43],[-3,-163],[171,-60],[167,34],[149,-131],[181,-8]],[[40686,72151],[47,-94],[-252,69],[-9,-20],[67,-48],[101,-178],[55,-26],[12,-59],[-68,-156],[73,-91],[0,-78],[-102,-103],[33,-54],[-140,-126],[-11,-98],[-95,-79],[0,-287],[-37,-56],[-64,-49],[-269,-57],[-301,13],[-374,104],[-159,-48]],[[39158,72949],[84,-109],[-71,105],[86,0],[-99,4]],[[39420,72833],[-107,-16]],[[39313,72817],[0,0]],[[39313,72817],[107,16]],[[39438,72921],[17,-7],[-17,7]],[[39111,66612],[0,-49],[-103,36],[-81,-30],[-2,-47],[80,-65],[-135,-90],[-14,-49],[112,-93],[-17,-25],[-126,15],[-99,-105],[-85,63],[-50,-34],[56,-35],[-24,-44],[123,-35]],[[38746,66025],[-172,-69],[22,-100],[-349,5],[-119,59]],[[37347,69647],[206,96],[34,152],[393,-126],[23,-69],[190,-74],[156,2],[101,-111],[71,7],[75,157],[184,-53],[121,18],[21,100],[93,0],[-81,105],[145,21],[-37,106],[64,155],[-67,18],[-89,-31],[-126,40],[94,73],[17,57],[-65,82]],[[38870,70372],[149,36],[135,-278],[280,-16],[13,-102],[118,-23],[34,-55],[192,52],[216,-60],[91,43],[56,95],[72,-36],[-3,-56],[74,-48],[114,-15],[-1,-49],[-53,-34],[-91,10],[9,-117],[173,-21],[-15,-77],[62,-107],[164,-85],[120,-32],[13,20],[100,-76],[52,-74],[-39,-66],[56,-150],[228,-67]],[[41189,68984],[-140,-54],[-153,25],[58,-67],[80,0],[8,-33],[-61,5],[-11,-55],[47,-20],[-22,-21],[-188,34],[-124,-147],[-84,7],[-91,101],[-51,-19],[62,-90],[-209,42],[-78,81],[-150,12],[-6,-37],[60,-18],[-108,-98],[30,-195],[-35,-193],[26,-57],[277,-161],[99,-190],[16,-131],[-164,-115],[-76,-9],[-91,21],[-78,63],[-42,-15],[-229,-253],[-12,-65],[78,-107],[-223,-82],[-295,22],[-41,-47],[72,-73]],[[39340,67045],[27,-18],[-33,-43],[-67,1],[-14,-29],[203,-181],[-11,-77],[-210,87],[3,-110],[-105,-26],[-22,-37]],[[39475,69352],[0,0]],[[39539,69523],[42,-5],[-66,10],[-4,-31],[28,26]],[[49667,61361],[-156,-20],[-61,-76],[-156,-33],[-368,-216]],[[48926,61016],[-150,-1],[-39,46],[21,34],[-109,43],[0,31],[-186,-11],[-165,32],[-151,136],[18,131],[-84,216],[-136,139],[19,99],[-299,41],[-78,130],[-20,99],[399,1117],[-130,-35],[-217,103]],[[47619,63366],[-167,222],[-53,20],[-33,234]],[[53263,61628],[-58,-36],[-91,6],[-69,97],[-144,29],[-7,38],[-82,2],[4,38],[-68,55],[-183,64],[-57,78],[-97,52],[-396,-12],[-175,-148],[-61,3],[0,-228],[42,-132],[-44,-66],[-75,-10],[-21,53],[-93,-59],[-177,-163],[-13,-77],[-91,-99],[-126,-38],[-130,-10],[-114,128],[-161,12],[-24,-68],[-321,-72],[-35,74],[-79,39],[4,193],[-114,14],[-98,-87],[-207,-30],[-235,93]],[[50923,63198],[0,0]],[[50958,63182],[0,0]],[[50963,63121],[0,0]],[[50916,63071],[0,0]],[[50884,63022],[0,0]],[[50925,62966],[0,0]],[[50861,63143],[0,0]],[[50861,63143],[-42,-33],[4,-56],[-2,57],[40,32]],[[51072,63035],[0,0]],[[51072,63035],[-76,-5],[76,5]],[[51296,63148],[2,-47],[-2,47]],[[51255,63205],[-64,2],[-35,-33],[99,31]],[[51255,63205],[41,-57]],[[51052,62992],[0,0]],[[51217,62945],[-11,13],[11,-13]],[[51282,62964],[0,0]],[[52533,75499],[508,122],[56,48],[212,66],[24,60],[229,-27],[-8,85],[191,-50],[357,18],[62,31],[148,-24],[142,20],[53,-52],[85,16],[121,-26],[37,35],[151,5],[59,-34],[64,41],[165,-10],[70,52],[223,2],[90,-30],[126,68],[110,-73],[43,45],[22,-72]],[[48054,64168],[53,-73],[-10,-189],[-146,-195],[-373,38],[-212,93]],[[47366,63842],[-159,46],[-23,189],[276,11],[31,99],[194,115],[222,81],[-177,92],[-40,-43],[-153,-12],[-122,144],[-142,100],[-73,25],[-109,-41],[-54,29],[-19,70],[134,71],[-6,28],[-281,91],[-69,-12],[-174,150],[-117,-28],[-81,-61],[-137,254],[12,69],[-130,-20],[-48,26],[-105,193]],[[46016,65508],[-140,298],[105,80],[-19,38],[-214,10],[-317,349],[79,86],[24,241],[67,7],[22,-31]],[[50040,67569],[5,-16]],[[49800,67413],[-149,0],[-57,-35]],[[49875,66970],[68,-56]],[[50278,66401],[-11,-49]],[[48939,64236],[-214,93],[-49,-23],[-73,59],[-85,-28],[-88,32],[-204,-137],[-168,2],[-4,-66]],[[48553,67206],[136,-2]],[[48689,67204],[-136,2]],[[48764,67164],[44,-37],[-44,37]],[[48689,67204],[75,-40]],[[48422,66951],[0,0]],[[48333,66713],[0,0]],[[48290,66474],[0,0]],[[48416,66432],[167,-15],[2,40],[-2,-40],[-167,15]],[[48416,66432],[0,0]],[[48568,66487],[0,0]],[[48520,66593],[0,0]],[[48582,66671],[0,0]],[[48257,66889],[6,-42],[-6,42]],[[48256,66891],[-48,18],[5,-7],[43,-11]],[[48170,66957],[35,-44],[14,28],[-49,16]],[[48170,66957],[0,0]],[[48172,67104],[12,-34],[13,18],[-25,16]],[[48220,67020],[-35,49],[12,-34],[23,-15]],[[48220,67020],[0,0]],[[48691,66791],[0,0]],[[48606,66685],[9,28],[-9,-28]],[[48612,67051],[3,-9],[32,19],[-35,-10]],[[48655,67095],[0,0]],[[48871,67092],[0,0]],[[48975,67106],[15,-28],[-15,28]],[[48935,67050],[0,0]],[[48824,66950],[0,0]],[[48718,66921],[0,0]],[[48692,66792],[36,38],[-36,-38]],[[53951,61441],[-108,4],[-200,125],[-380,58]],[[53263,61628],[9,48],[-90,86],[-23,124],[35,91],[150,159],[1,101],[-66,27],[-21,77],[-82,25],[-30,114],[-90,118],[-139,1],[-11,53],[-81,-11],[18,52],[-55,100],[38,158],[229,154],[-128,36],[24,53],[-216,22],[-19,134],[-90,31],[41,129],[-100,56],[-6,49],[79,108],[3,172],[-69,125],[-151,32]],[[54967,64389],[40,-184],[-36,-74],[74,-96],[-3,-63],[124,-57],[55,-119],[164,-38],[55,-43],[44,46],[170,-63],[172,-19],[113,-56],[293,-31],[158,-115],[-54,-73],[177,-113]],[[56513,63291],[-1,-187],[-55,-35],[-61,-127]],[[56396,62942],[-36,-55],[43,-107],[-76,-155],[-74,-25],[-46,-248],[-303,-328],[44,-41],[64,5],[369,-462],[56,-202],[-6,-298],[160,-135],[-5,-163]],[[56586,60728],[-232,35],[-175,114],[-202,28],[-107,-58],[-128,5],[-169,-61],[-254,-113],[-174,-129],[-144,-40],[-136,38],[-201,163],[-80,-4],[-284,150]],[[54300,60856],[50,101],[-186,65],[-135,89],[-239,65],[191,246],[-30,19]],[[54251,63842],[7,-39],[-6,38],[154,23],[-155,-22]],[[54459,63778],[0,2],[-2,4],[2,-6]],[[54463,63692],[2,-1],[-1,6],[-1,-5]],[[54272,63767],[54,-4],[-54,4]],[[52344,68066],[-3,107]],[[55157,68091],[-67,-45]],[[55490,69051],[0,0]],[[55077,69091],[0,0]],[[55114,69136],[0,0]],[[54976,69129],[0,0]],[[54870,68928],[0,0]],[[54790,68900],[41,-34],[-38,35],[-3,-1]],[[54841,68837],[0,0]],[[54887,68817],[44,30]],[[54931,68847],[0,0]],[[54931,68847],[-44,-30]],[[54462,68957],[2,12],[-30,0],[28,-12]],[[54575,68972],[0,0]],[[54523,69016],[34,31],[43,44],[-77,-75]],[[55022,69195],[0,0]],[[54972,69157],[0,0]],[[55022,69195],[-50,-38]],[[55060,69277],[0,0]],[[55032,69304],[0,0]],[[54985,69290],[0,0]],[[54917,69197],[0,0]],[[54725,69186],[0,0]],[[54622,69090],[0,0]],[[54622,69090],[55,62],[-55,-62]],[[54964,68917],[-14,39],[-4,-7],[18,-32]],[[55205,68979],[0,0]],[[55361,68999],[-55,-34],[62,37],[-7,-3]],[[54928,68906],[0,0]],[[48347,76222],[382,-30],[551,-121],[143,65],[272,15],[162,-81],[179,-161],[574,-276],[722,-44],[181,-104],[572,-144],[172,9],[34,119],[242,30]],[[52533,75499],[-98,-219],[-262,-30],[-136,-86],[-156,30],[18,-33],[-58,-16],[-18,-43],[-119,47],[-83,-82],[-117,26],[-54,-32],[-64,15],[-149,-68],[18,-62],[170,-87],[441,-56],[14,-40],[182,-42],[119,-95],[-58,-123],[-57,-19],[-92,-125],[-171,-37],[-80,-124],[136,-54],[-11,-33],[36,-13],[150,43],[73,-68],[63,2],[269,-265],[-42,-73],[35,-19],[-26,-90],[398,-20],[81,-40],[-91,-71],[73,-47],[2,-63],[54,-36],[214,-12],[42,-30]],[[49738,75001],[32,51],[-33,-47],[1,-4]],[[49821,75122],[73,76],[-100,-112],[27,36]],[[49896,75344],[0,0]],[[49958,75335],[0,0]],[[49952,75297],[0,0]],[[50098,75321],[-32,26],[-2,2],[7,-25],[27,-3]],[[50089,74896],[13,17],[-6,2],[-7,-19]],[[50089,74896],[0,0]],[[50003,74845],[-5,-60],[5,60]],[[50003,74845],[0,0]],[[49710,74968],[-12,-2],[8,-1],[4,3]],[[49841,74934],[-25,-66]],[[49816,74868],[0,0]],[[49816,74868],[33,68],[-38,13],[30,-15]],[[49929,74798],[0,0]],[[50130,75423],[-52,-4],[88,5],[-8,22],[-28,-23]],[[52564,66956],[12,137],[333,194],[314,-89],[128,23],[103,-56],[178,-23],[-171,248],[-99,46],[-162,148],[-52,130]],[[53148,67714],[103,360],[78,19],[136,-33],[27,-63],[158,0],[-10,-52],[89,-17],[28,22],[180,-42],[29,61],[166,-1],[-57,-98],[32,-134],[371,-53],[85,94],[99,-65],[86,16],[-6,-85],[79,-42],[126,13],[95,124],[114,-42]],[[55156,67696],[11,37],[-80,113],[-128,63],[38,142],[93,-5]],[[55090,68046],[67,45]],[[55157,68091],[-18,38],[45,19],[35,-35],[69,-3],[279,83]],[[55550,68120],[17,73]],[[55567,68193],[217,11],[255,-128],[188,159],[60,188],[99,19],[101,-154],[-10,-98],[444,50],[159,-56],[-7,-113],[292,-31],[-43,-102],[140,-12],[46,51]],[[55550,68120],[0,0]],[[55609,68059],[35,0]],[[55644,68059],[0,0]],[[55644,68059],[-35,0]],[[55480,67769],[0,0]],[[55370,67737],[-14,-8],[12,-14],[2,22]],[[55156,67696],[23,1],[95,10],[-118,-11]],[[55418,67769],[0,0]],[[55569,67810],[-20,-9],[51,13],[-31,-4]],[[55762,68073],[0,0]],[[55762,68073],[5,-140]],[[55767,67933],[0,0]],[[55767,67933],[-5,140]],[[50097,67569],[-57,0]],[[50040,67569],[-221,105],[-7,120],[159,106],[-52,99],[-69,-26],[-92,20],[-43,53],[-46,-15],[-114,53],[-447,-47],[-21,254]],[[46944,70626],[-112,46],[18,58],[-292,-24],[5,45],[149,-21],[152,202],[78,-10],[-20,63],[-167,31],[19,64]],[[53383,68726],[-121,-21],[-60,-54],[-60,46],[-115,-46],[-38,-171],[28,-81],[-102,-64],[-183,-76],[-89,2],[-78,-52],[-171,7],[-53,-43]],[[52341,68173],[-45,15],[60,-38],[-12,-84]],[[52344,68066],[96,-75],[-12,-65],[82,-200],[103,-64],[-7,-220],[-79,-106],[14,-94],[-76,-92],[85,-187]],[[51087,68976],[85,-41],[2,12],[-87,29]],[[51045,68933],[0,0]],[[50990,68936],[0,0]],[[51081,68798],[0,0]],[[51153,68859],[0,0]],[[51302,68874],[0,0]],[[51386,68856],[0,0]],[[51371,68785],[0,0]],[[51440,68678],[-24,-41]],[[51416,68637],[0,0]],[[51416,68637],[24,41]],[[51440,68678],[0,0]],[[51431,68562],[0,0]],[[51429,68487],[0,0]],[[51190,68517],[-52,-77]],[[51138,68440],[-138,94],[-46,24],[-30,40],[214,-158]],[[51138,68440],[45,23],[7,54]],[[51260,68434],[0,0]],[[51315,68382],[0,0]],[[51357,68282],[0,0]],[[51517,68138],[0,0]],[[51576,68151],[0,0]],[[51552,68034],[0,0]],[[51441,67918],[0,0]],[[50718,68933],[18,4],[-60,-52],[42,48]],[[50848,68916],[0,0]],[[50685,68698],[34,78],[-34,-78]],[[50716,68622],[0,0]],[[50819,68663],[0,0]],[[50861,68618],[0,0]],[[50891,68867],[0,0]],[[51150,68799],[78,12]],[[51228,68811],[-147,-13]],[[51081,68798],[69,1]],[[51228,68811],[0,0]],[[52162,69050],[0,0]],[[51597,68962],[53,38]],[[51650,69000],[47,10],[-47,-10]],[[51413,69079],[184,-117]],[[51597,68962],[-184,117]],[[51177,68965],[0,0]],[[51260,69144],[0,0]],[[51717,68209],[-42,3],[54,-13],[-12,10]],[[51935,68220],[-32,-14],[32,14]],[[52066,68278],[157,18],[37,-73],[-37,73],[-157,-18]],[[52066,68278],[-65,7],[-7,-9],[34,3],[38,-1]],[[52090,68051],[-121,-34],[60,12],[61,22]],[[52176,68038],[-35,14],[35,-14]],[[51538,67958],[-24,-66],[1,0],[23,66]],[[51888,67989],[-2,-11],[2,11]],[[51755,67993],[-22,2],[22,-2]],[[51538,67958],[0,0]],[[51479,68739],[9,-4]],[[51488,68735],[28,70],[-37,-66]],[[51530,68735],[0,0]],[[51488,68735],[42,0]],[[51788,68684],[-10,60]],[[51778,68744],[0,0]],[[51778,68744],[10,-60]],[[52144,69044],[0,0]],[[52125,68978],[0,0]],[[52193,68738],[0,0]],[[52168,68650],[0,0]],[[52176,68502],[-14,58],[14,-58]],[[51952,68527],[137,-90],[-137,90]],[[51624,68312],[3,111],[-3,-111]],[[51624,68312],[0,0]],[[51589,68275],[0,0]],[[51843,68617],[0,0]],[[51513,68829],[-2,22],[-16,5],[18,-27]],[[47056,67515],[-57,-65],[-7,-177],[-80,-41],[-41,27],[-173,-6],[-1,-91],[-119,17],[-51,-53],[79,-115],[-38,-66],[27,-25],[55,23],[13,-35],[-135,-85],[57,-31],[-169,-62],[15,-34],[-71,-21],[10,-157],[-66,-8],[-54,-102],[-145,15],[-268,180],[-140,-41],[-74,24]],[[45623,66586],[84,134],[106,1],[92,180],[-60,156],[43,99],[-133,84],[-20,85],[40,31],[-75,315],[-162,156],[41,155],[-91,109],[20,64],[-64,42],[-39,87],[107,150],[31,124],[-108,63],[-815,-25],[-53,124],[16,128],[155,14],[16,79],[-111,22],[28,39],[-44,46],[14,63],[-113,163],[-221,158]],[[44307,69432],[322,56],[227,-134],[128,41],[75,-10],[31,72],[104,-37],[72,55],[271,-123],[20,-51],[112,14],[-4,69],[47,14],[35,87],[131,48],[179,-14],[23,26],[25,55],[-50,108],[74,46],[-11,73],[-45,28],[120,103],[-45,24],[73,36],[60,93],[66,14],[111,-37],[25,34],[60,2],[100,-53],[48,43],[-92,48],[24,20],[-103,139],[160,37],[3,160],[-50,32],[114,20],[20,36],[177,20]],[[46944,70626],[-7,-58],[38,-33],[120,15],[211,-74],[99,-231],[-6,-40],[-77,-37],[14,-39],[73,-8],[116,50],[7,42],[84,-4],[-20,99],[47,37],[55,-13],[66,-96],[-48,-74],[0,-192],[28,-76],[105,-48],[-135,-116],[11,-31],[59,6],[162,131],[34,-25],[-27,-60],[85,-71],[162,17],[206,-32],[15,-50],[67,49],[93,4],[17,48],[65,-22],[85,31],[56,-30],[39,23],[217,-50],[69,11],[51,-35],[-80,-28],[3,-37],[113,-51],[50,-64],[-120,-58],[-37,-78],[75,-67],[214,-27],[83,-41],[-25,-94],[-90,-59],[16,-51],[100,-62],[111,31],[80,-76],[133,-9],[33,-147],[-147,-3],[-56,-35],[-7,-47],[82,-38],[-30,-43],[-217,-44],[-53,-105],[-97,15],[-45,-142],[-182,7]],[[49087,68291],[-20,69],[-158,-53],[4,-82],[-63,-37],[16,-33],[-66,-61],[26,-42],[-41,-66],[-115,-35],[-250,-16],[-107,-66],[-81,34],[-112,-5],[-61,-65],[-129,-1],[-23,80],[-52,21],[-226,-42],[8,-72],[-112,-63],[-34,10],[-14,-37],[-216,-23],[-313,30],[-60,-24],[-10,-51],[66,-31],[37,-108],[75,-7]],[[48069,69052],[-4,57]],[[48065,69109],[4,-57]],[[48069,69052],[0,0]],[[48191,69033],[-13,32],[-8,-1],[4,-27],[17,-4]],[[48307,69094],[42,-25],[16,14],[-58,11]],[[48065,69109],[45,5]],[[48110,69114],[0,0]],[[48172,69148],[-63,2],[122,-9],[-59,7]],[[57564,64834],[-172,-21],[-43,-94],[-89,-13],[-15,-151],[77,-83],[-40,-82],[-83,-16],[45,-127],[-27,-94],[-49,-17],[-295,4],[-108,66],[0,36],[-77,28],[-102,-10],[-46,56],[-267,-14],[27,68],[-139,-12],[-187,153],[-108,44],[-24,62],[-260,53],[-98,-30],[-68,-4],[-25,28],[-92,-16],[-59,-56],[-103,0],[5,-127],[-175,-76]],[[54967,64389],[-28,85],[-168,153],[-90,140],[-400,134]],[[53660,65812],[101,20],[25,34],[-33,149],[77,79],[50,3],[126,-171],[162,17],[6,-51],[62,-10],[340,47],[18,-251],[240,17],[-62,49],[46,32],[-36,40],[48,28],[57,-14],[20,-53],[165,-108],[55,0],[17,51],[124,-36],[-30,83],[-125,60],[68,72],[-18,26],[125,10],[18,39],[207,-21],[52,25],[114,-34],[213,110],[-111,51]],[[55781,66105],[97,112],[140,-40],[196,34],[277,-4],[108,146],[201,20],[26,22],[-37,61],[134,122],[-4,100],[96,23],[62,151],[91,92],[507,-157],[29,-51],[-53,-83],[133,-17],[50,-60],[104,-27],[152,92],[2,56],[395,100],[180,-6],[31,-31],[238,-32]],[[60210,66106],[37,-115],[-51,-45],[12,-35],[-227,-165],[87,-74],[9,-55],[-120,-134],[45,-26],[-35,-102],[-45,3],[-7,51],[-74,16],[-49,-135],[67,-82],[-9,-33],[-71,-21]],[[59779,65154],[-76,-159],[-67,14],[-42,-26],[49,-53],[-22,-118],[-291,40],[-109,-31],[-361,59],[-73,-150],[-197,95],[-54,-10],[-6,-139],[-54,-112],[-89,-61],[8,-53],[-85,-49],[-55,-106],[-108,-19],[-47,-81]],[[58100,64195],[-80,97],[-50,232],[-86,35],[-59,94],[-101,13],[27,122],[-38,135],[-89,-18],[-60,-71]],[[50037,70671],[-133,-27],[-120,61],[-91,135],[-149,90],[-105,-97],[-229,130],[-95,112],[-126,75],[-318,13],[-427,-30],[-87,83],[-92,34],[-256,-2]],[[47847,73161],[192,46],[265,-25],[149,-48],[209,131],[-7,40],[181,17],[-104,-51],[4,-90],[168,-41],[4,58],[76,-6],[57,34],[43,-107],[-49,-40],[240,-2],[74,-118],[89,-38],[118,54],[90,-9],[58,73],[65,-2],[86,-60],[-73,-45],[70,-32],[97,71],[41,-30],[5,-83],[-60,-14],[197,-20],[180,32]],[[50312,72856],[26,104],[60,36],[126,7],[5,59],[53,7],[54,-45],[37,11],[21,73],[46,8],[26,-44],[87,27],[97,-49],[35,47],[111,-69],[-22,-160],[101,29],[14,-69],[92,-5],[9,-73],[128,-11],[21,79],[64,-3],[23,-63],[55,-2],[78,130],[54,27],[180,-60],[32,31],[-72,90],[21,65],[237,41],[75,-93],[48,4],[48,97],[-78,96],[28,17],[291,-112],[265,83],[36,-70],[145,-40],[39,54],[-49,113],[24,35],[196,51]],[[53179,73309],[202,-20]],[[49774,72184],[93,101],[-93,-101]],[[49893,72367],[0,0]],[[49985,72317],[0,0]],[[49893,72367],[92,-50]],[[50325,72302],[0,0]],[[50411,72218],[0,0]],[[50257,72157],[0,0]],[[50156,72173],[-11,-51],[4,-3],[7,54]],[[50207,72058],[0,0]],[[50298,71938],[0,0]],[[50342,71897],[0,0]],[[50433,71993],[29,7],[-29,-7]],[[50433,71993],[0,0]],[[50579,71991],[0,0]],[[50646,71974],[-3,1],[-26,-6],[29,5]],[[49815,72110],[-52,-35],[52,35]],[[49906,72081],[0,0]],[[49906,72081],[-50,11],[50,-11]],[[49974,72110],[0,0]],[[50106,72180],[0,0]],[[50025,72202],[0,0]],[[50377,72251],[34,-33]],[[50411,72218],[-34,33]],[[50497,72323],[-6,13],[-13,-53],[19,40]],[[50589,72259],[-9,5],[-82,13],[52,-14],[39,-4]],[[50620,72244],[-11,6],[19,-22],[-8,16]],[[50658,72100],[-8,79],[-10,21],[11,-73],[7,-27]],[[50678,72055],[-13,16],[15,-58],[-2,42]],[[50409,72451],[0,0]],[[50547,72479],[0,0]],[[53889,70262],[69,-46],[318,-5],[-113,-72],[12,-43],[69,-27],[63,28],[144,-119],[-9,-58],[83,-88],[-159,-187],[64,-21],[-3,-167],[-66,-131],[-58,-25],[-273,72],[-84,-17],[-66,-161],[81,-42],[38,-143],[-14,-140],[-45,-61],[-238,-5],[-149,-138],[-107,-18],[-38,-45],[-43,3],[39,73],[-21,47]],[[53383,68726],[-31,56],[94,21],[72,87],[-93,234],[-145,102],[-72,-45],[-321,138],[-195,43],[-150,91],[-171,11],[-342,271],[-618,263],[-118,-10],[-278,95],[-53,3],[-46,-68],[-151,27],[-74,69],[72,125],[-244,140],[-63,18],[-165,-86],[-168,131],[-56,-1],[55,77],[-43,36],[-64,-110],[-38,13],[47,114],[-58,7],[71,93]],[[50037,70671],[194,88],[-18,98],[86,-1],[33,-45],[93,51],[99,-11],[32,-35],[45,64],[70,-33],[103,7],[19,40],[-40,148],[-167,122],[23,72],[-160,5],[-62,33],[-26,126]],[[50361,71400],[163,191],[97,-24],[137,31],[210,-39],[101,160],[312,-52],[41,0],[43,56],[323,-27],[64,68],[100,36],[85,-29],[12,-46],[97,-55],[83,33],[44,-27],[231,16],[-21,55],[-115,50],[0,89],[-52,-38],[-53,55],[-184,35],[-118,81],[47,187],[61,32],[5,73],[69,37],[218,4],[20,40],[116,-16],[61,-62],[57,29],[235,-44],[151,68],[-71,-87],[109,-68],[157,-16],[271,-110],[95,58],[82,8]],[[54111,71146],[-247,64],[-175,-16],[-25,-33],[-11,-46],[166,-80],[-14,-101],[34,-52],[156,-66],[-52,-49],[-94,-15],[-71,-113],[71,-107],[107,30],[28,-52],[-84,-119],[-112,-52],[-15,-59],[116,-18]],[[50234,64060],[-119,-17],[-68,-47],[-194,84],[-110,156],[-93,-20],[-55,-57],[-162,62],[-66,-54],[-253,-62],[-175,131]],[[48939,64236],[151,102],[5,61],[89,43],[353,-8],[1,107],[31,16],[-50,127],[27,145],[93,135],[181,32],[-17,96],[58,102],[139,5],[33,81],[-41,48],[-227,28],[-41,-23],[-13,41],[-67,1],[-86,107],[-5,32],[74,51],[-48,194],[64,46],[264,-3],[61,48],[-16,122],[-127,31],[21,78],[50,17],[8,43],[198,56],[75,114],[90,41]],[[50267,66352],[11,49]],[[50278,66401],[74,168],[-58,40],[-89,-17],[-44,42],[38,52],[-69,33],[-57,181],[-48,27],[-82,-13]],[[49943,66914],[-68,56]],[[49875,66970],[14,48],[-106,34],[-63,105],[22,123],[-139,64],[-9,34]],[[49594,67378],[28,28],[178,7]],[[49800,67413],[142,10],[93,74],[10,56]],[[50045,67553],[52,16]],[[50097,67569],[236,70],[403,-171],[212,-2]],[[50948,67466],[92,2],[68,-58],[99,51],[341,-146],[10,-44],[615,-100],[-3,-55],[140,4],[240,-157]],[[52550,66963],[14,-7]],[[52564,66956],[181,-110],[596,-135],[-36,-47],[252,-212],[198,-322],[-18,-77],[-81,-51],[4,-190]],[[53660,65812],[4,-217],[57,-192],[97,-37],[165,-183],[140,-80],[158,-202]],[[54281,64901],[-308,134],[-298,6],[-23,35],[-114,-29],[18,-47],[-61,-26],[-134,21],[-12,50],[-97,54],[-89,8],[-22,78],[-136,53],[-25,152],[29,29],[-85,45],[-58,-36],[-155,1],[-50,-68],[-73,-2],[-19,-31],[89,-49],[-68,-45],[65,-71],[-12,-147],[-157,68],[-226,-5],[0,-137],[-45,-78],[-60,-20],[29,-50],[104,-8],[35,-116],[-70,-68],[79,-128],[-6,-41],[-153,36],[-77,-20],[3,-129],[89,-49],[-26,-79],[261,-140]],[[52423,64052],[-10,-74],[-105,-87],[-191,25],[-178,-41],[-55,15],[10,105],[-189,233],[-182,37],[-35,50],[-102,17],[-131,-18],[-45,-40],[-79,10],[-144,-87],[49,-61],[-71,-146],[-35,148],[-57,56],[-78,15],[-216,-124],[-58,-122],[-78,-24],[-209,121]],[[50322,66342],[0,0]],[[50331,66304],[0,0]],[[50375,66285],[33,-3],[-77,22]],[[50331,66304],[44,-19]],[[50885,66275],[0,0]],[[50935,66224],[0,0]],[[51063,66251],[-15,2],[-7,-4],[22,2]],[[51045,66039],[46,1],[21,-73],[-19,85],[-48,-13]],[[51112,65927],[3,26],[-2,12],[-1,-38]],[[51293,65909],[0,0]],[[51433,65836],[0,0]],[[50430,66223],[0,0]],[[50663,65956],[-41,10],[48,-16],[-7,6]],[[50791,65914],[0,0]],[[51030,65924],[-36,41]],[[50994,65965],[-3,57],[-18,-9],[21,-48]],[[50994,65965],[36,-41]],[[51247,65784],[21,35],[-21,-35]],[[50834,65747],[14,-13],[-18,33],[4,-20]],[[50818,65836],[0,0]],[[50830,65898],[0,0]],[[50880,67095],[-15,22],[15,-22]],[[50880,67095],[0,0]],[[50920,67009],[16,-42],[90,-62],[-90,62],[-16,42]],[[50920,67009],[0,0]],[[51050,66835],[0,0]],[[50888,66719],[0,0]],[[50888,66719],[45,93],[-45,-93]],[[50806,66631],[0,0]],[[50903,66539],[-5,28],[5,-28]],[[50881,66507],[6,1],[-6,-1]],[[50869,66297],[-50,73],[50,-73]],[[50693,67369],[-47,-13],[-36,-26],[36,26],[47,13]],[[50693,67369],[8,70],[-8,-70]],[[50618,67219],[0,0]],[[50740,67192],[0,0]],[[50739,67154],[0,0]],[[51518,66255],[-27,3],[27,-3]],[[51518,66255],[28,-70]],[[51546,66185],[33,-17],[-33,17]],[[51546,66185],[15,31],[-43,39]],[[51321,66299],[0,0]],[[51373,66237],[0,0]],[[51704,66068],[0,0]],[[51526,66047],[27,-4],[-27,4]],[[51475,66054],[0,0]],[[62987,68432],[-75,13],[-56,92]],[[62537,70717],[-148,25],[-17,-90],[-52,21],[-174,-36],[-116,22],[-147,-121],[-18,-54],[-146,-2],[-83,31],[-27,60],[-502,-119],[-37,-59],[-184,217],[-115,33],[-131,-78],[-133,-4],[-53,-58],[-160,-63],[-304,7]],[[55628,73447],[19,-18],[39,55],[-91,4],[-7,47],[83,13],[-105,48],[53,157],[98,33],[-99,38],[173,52],[-53,93],[-134,30],[2,60],[53,-36],[52,58],[-74,113],[-164,-45],[-24,-93],[-132,-72],[-43,116],[37,81],[83,43],[-88,102]],[[55306,74326],[-24,-17],[-41,32],[254,164],[33,53],[-36,39],[138,101],[-14,43],[-70,1],[-29,37],[63,35],[-24,86],[124,94],[-46,15],[5,55],[90,12],[75,68],[-25,105],[-114,48],[137,54],[39,80],[-17,55],[91,100],[-48,18],[25,68],[-52,87],[33,56]],[[55873,75815],[174,20],[15,-34],[171,63],[154,-20],[-62,91],[36,59],[166,-51],[51,20],[41,85],[127,-28],[109,210],[28,-20],[-35,-37],[-8,-145],[40,-8],[-23,-124],[46,-193],[86,4],[75,140],[97,-48],[166,44],[-97,-84],[33,-94],[149,3],[164,-113],[34,-8],[56,121],[22,-31],[93,-7],[13,71],[47,31],[102,-8],[60,-61],[102,13],[63,-27],[52,-89],[78,-5],[18,-38],[55,49],[69,-23],[63,40],[18,32],[-45,35],[-133,-12],[30,71],[102,0],[37,56],[21,-71],[99,-19],[51,42],[190,20]],[[57041,75140],[0,0]],[[57158,75123],[55,10],[-55,-10]],[[57158,75123],[0,0]],[[57085,74856],[0,0]],[[57092,74846],[50,-35]],[[57142,74811],[0,0]],[[57142,74811],[-50,35]],[[56802,74887],[19,-29],[17,7],[-36,22]],[[56993,74983],[-1,-1],[3,-2],[-2,3]],[[56750,74895],[0,0]],[[56683,75009],[0,0]],[[56669,75044],[19,5],[-20,-4],[1,-1]],[[56873,75035],[67,-13],[14,5],[-81,8]],[[56964,75031],[15,5],[-12,6],[-3,-11]],[[57507,74923],[0,0]],[[57507,74923],[36,46],[-18,-17],[-18,-29]],[[57591,75014],[-15,-14],[10,24],[5,-10]],[[57293,74922],[-50,-33],[50,33]],[[57293,74922],[0,0]],[[57237,74853],[0,0]],[[57456,75048],[0,0]],[[57498,75124],[-4,-25],[4,25]],[[57507,75186],[0,0]],[[57339,75115],[0,0]],[[66657,66519],[-30,13],[-67,-50],[-258,43],[43,-111],[-36,-34],[-100,93],[-42,-2],[24,-81],[-57,-1],[-26,43],[-45,-17],[-143,110],[-62,3],[-10,47],[-64,43],[-50,-6],[-113,91],[-229,-25],[-61,-67],[-79,-21],[-1,38],[-218,-78],[-47,26],[-91,-29],[-59,122],[134,104]],[[68217,66871],[-32,132],[-187,-14],[-186,118],[-139,-138],[-120,-43],[-176,114],[-192,-9],[-81,-58],[-91,-9],[-17,55],[-144,69],[-43,-26],[35,-29],[-41,-46],[49,-36],[-28,-77],[116,-105],[-7,-29],[-38,0],[-71,-193],[-120,22],[-47,-50]],[[62045,72578],[-242,25],[-126,-121],[-94,-20],[-75,35],[-35,-85],[-90,-12],[-125,-82],[-120,-12],[-150,40],[-27,-44],[-209,-59],[-81,20],[70,92],[144,83],[-89,105],[16,115],[78,87],[-64,7],[-95,138],[18,79],[-54,-13],[13,-63],[-69,-42],[-106,78],[0,76],[-34,11],[-6,-60],[-126,12],[-137,-114],[-162,-31],[-102,20],[-24,59],[71,68],[-25,27],[-120,-23],[-54,-102],[-174,35],[-80,-62],[-152,13],[-39,46],[-103,21],[-81,83],[-54,-16],[26,-69]],[[58808,73404],[-93,195],[-113,34],[-5,73],[57,55],[127,33],[43,56],[52,-14],[37,73],[-57,40],[40,27],[-144,34],[0,34],[97,53],[30,103],[259,56],[101,-118],[139,-61],[32,28],[-21,51],[88,122],[118,40],[42,50],[81,-15],[29,54],[-91,89],[-70,-5],[-12,-80],[-327,84],[-1,120],[-140,38],[32,80],[-54,120],[19,81],[-225,23],[31,88],[123,1],[-56,42],[96,39],[20,41],[-131,24],[-33,46],[-96,-52],[-206,117],[154,250],[90,-43],[117,63],[6,44],[-120,31],[0,89]],[[58873,75737],[68,37],[-47,50],[76,72],[382,140],[75,-113],[207,34],[81,-101],[125,-34],[16,-98],[63,-22],[146,-21],[4,54],[65,5],[38,-77],[383,-27],[107,50],[75,-95],[208,-6],[88,35],[41,-31],[102,45],[153,-8],[36,50],[166,46],[270,-21],[47,21],[151,-66],[503,11],[467,111],[278,24]],[[62809,72700],[-201,-3],[-187,-92],[-168,19],[-208,-46]],[[60981,66293],[-82,22],[-67,-95],[28,-24],[-165,-103],[-39,-67],[-47,33],[-245,16],[-65,59],[-89,-28]],[[60210,66106],[-97,-24],[8,-76],[-69,-5],[-127,88],[-8,-35],[57,-24],[-30,-41],[-180,-16],[-37,-55],[-86,29],[49,73],[-16,43],[-107,-28],[-26,34],[85,45],[73,116],[-36,175],[-235,55],[-160,136],[21,-69],[-50,-63],[-362,15],[59,249]],[[58936,66728],[-46,161],[-61,36],[-309,3],[-52,218],[-240,-8],[3,67],[-73,4],[-94,-75],[-263,218],[-56,85],[-78,19],[-82,149],[59,144],[77,44],[-31,31],[96,39],[-120,137],[-158,-23]],[[57508,67977],[63,111],[-38,135],[139,53],[158,227],[196,-34],[138,67],[-52,192],[-139,3],[-25,109],[-248,81],[-130,-20],[-75,40],[69,86],[-47,67],[10,94],[104,80],[95,-19],[105,-128],[212,44]],[[59365,69225],[90,-8],[56,66],[99,44],[86,-2],[29,-21],[-30,-264],[109,42],[-9,-97],[143,12],[157,-35],[17,-45],[175,-55],[46,14],[84,-54],[71,40],[225,-44],[114,-85],[-62,-34],[-28,-110],[-46,-36],[118,-2],[13,-41],[212,-11]],[[62223,66579],[44,-70],[5,-173],[-182,-63],[-40,70],[-121,-19],[-277,40],[-97,-24],[-49,-102],[-116,32],[-215,-2],[10,78],[-58,14],[-146,-67]],[[60330,67639],[-7,-15],[27,-15],[-23,17],[57,9]],[[60384,67635],[0,0]],[[60384,67635],[-54,4]],[[60453,67451],[27,-25]],[[60480,67426],[102,-21],[11,-69],[80,19],[-80,-19],[-11,69],[-102,21]],[[60480,67426],[-27,25]],[[60470,67288],[0,0]],[[60355,67156],[0,0]],[[60289,67061],[0,0]],[[60260,67272],[0,0]],[[60260,67272],[8,-67],[-8,67]],[[60184,67375],[-13,-54],[13,54]],[[60096,67391],[0,0]],[[60207,67400],[0,0]],[[60311,67477],[0,0]],[[60409,67376],[25,-9],[-25,9]],[[60393,67405],[0,0]],[[60815,67401],[-45,-17],[0,-1],[45,18]],[[60781,67668],[20,-20],[-26,49]],[[60775,67697],[6,-29]],[[60912,67474],[-43,55],[7,12],[-12,-8],[48,-59]],[[60912,67474],[0,0]],[[60536,67652],[0,0]],[[60536,67652],[-16,25],[-22,8],[38,-33]],[[60775,67697],[-81,3]],[[60694,67700],[0,0]],[[62512,66588],[-289,-9]],[[62223,66579],[-27,177],[-43,47],[-75,-3],[-56,40],[64,23],[-22,125],[46,144],[-223,158],[-12,76],[100,81],[-224,2],[51,64],[-58,59],[-6,91],[-179,113],[19,48],[-34,37],[-157,12],[78,353],[-348,-10],[-17,137],[-50,12],[-67,-39],[-157,163],[208,10]],[[61034,68499],[218,129],[34,-8],[-41,-39],[65,-3],[158,121],[-59,93],[161,-27],[6,-25],[280,1],[-9,76],[46,45],[14,-112],[228,6],[106,52],[173,-62],[7,-123],[56,-43]],[[62421,68432],[-20,102],[76,46]],[[62477,68580],[47,-55],[332,12]],[[62856,68537],[50,-87],[81,-18]],[[62987,68432],[120,-48]],[[63107,68384],[0,0]],[[63107,68384],[191,102],[116,-14],[151,122],[152,16],[106,75]],[[64079,68663],[13,-40],[-46,-26],[279,44],[273,-60],[189,-102],[-26,-70],[94,-9],[52,-67],[177,-74],[46,-114],[-146,-70],[-145,-130],[76,7],[142,-87],[84,68],[128,-7],[25,60],[73,28],[51,-56],[176,-42],[-24,-70],[-100,-83],[3,-126],[-61,-79],[4,-81],[66,-17],[-11,-41],[-149,17],[-104,-27],[4,-40],[-112,-87],[-2,-39],[-107,-25],[-125,-196],[-3,-43],[57,-48],[77,16],[-49,-102],[172,-38],[1,-27],[-161,-7]],[[64970,66773],[-268,78],[-55,-30],[-137,-173],[34,-56],[-17,-106],[-55,-60],[-199,36],[-122,-59],[-157,16],[-71,-24],[-168,63],[-184,-95],[-230,95],[-69,109],[-212,-157],[-50,-6],[-81,61],[-39,-16]],[[62890,66449],[-126,-15],[-23,-47],[-53,-1],[-62,152],[-114,50]],[[62421,68432],[82,-11],[-82,11]],[[63019,68270],[2,-1],[5,13],[-7,-12]],[[63060,68241],[85,15],[-7,2],[-78,-17]],[[63183,68248],[0,0]],[[63172,68113],[21,-40],[8,-8],[-29,48]],[[63172,68113],[0,0]],[[63193,68000],[0,0]],[[63193,68000],[38,24],[-5,7],[-33,-31]],[[63154,67899],[0,0]],[[62999,67864],[0,0]],[[62925,67922],[0,0]],[[62935,67974],[0,0]],[[62894,68036],[0,0]],[[62614,68277],[0,0]],[[62614,68277],[-44,54],[44,-54]],[[62894,68141],[-30,21],[30,-21]],[[62902,68096],[-8,45]],[[62894,68141],[8,-45]],[[63382,68225],[20,4],[0,2],[-20,-6]],[[63382,68225],[0,0]],[[63269,68266],[139,-3],[-145,5],[6,-2]],[[63195,68295],[-18,8],[-5,1],[23,-9]],[[63259,68230],[0,0]],[[63190,68214],[0,0]],[[63204,68252],[-31,11],[-30,1],[61,-12]],[[63084,68266],[0,0]],[[63525,69342],[-178,-83],[-277,-19],[-6,-35],[-107,-13],[-77,-92],[-197,106]],[[62683,69206],[-51,52],[65,183],[-72,70],[-9,87],[-277,111],[-67,-4],[-40,67],[11,252],[285,152],[110,-25],[284,43],[36,92],[-87,25],[51,24],[-48,164],[-25,24],[-154,-50],[-26,16],[-21,191],[-89,6],[-22,31]],[[62537,70717],[27,72],[142,-40],[85,17],[39,118],[128,-75],[158,-14],[96,43],[102,128],[72,-15],[90,-89],[119,85]],[[63595,70947],[9,-35],[4,4],[-13,31]],[[63595,70947],[138,129]],[[63733,71076],[33,-63],[-33,63]],[[63733,71076],[287,83]],[[66588,69776],[-60,-149],[-155,-120],[-57,1],[-96,-113],[-119,35],[-76,-37],[-97,40],[-51,-16],[80,-116],[-70,-50],[-210,5],[11,-146],[-251,49],[30,20],[-56,45],[-76,-6],[-94,-91],[-240,9],[-98,-70],[-320,48],[-259,-17],[-82,-43],[21,-61],[-39,-23],[82,-119],[-111,-82],[-30,-79],[-86,-27]],[[64079,68663],[-256,22]],[[63823,68685],[-42,121],[-130,26],[-19,58],[-80,22],[85,117],[7,105],[-67,153],[56,69],[-108,-14]],[[63667,70845],[6,17],[-6,-17]],[[63666,70826],[54,-3],[-53,22]],[[63667,70845],[-1,-19]],[[63692,70762],[0,0]],[[63469,70783],[0,0]],[[63500,70723],[-28,25],[2,-31],[26,6]],[[63550,70859],[-23,-18],[0,-1],[16,-4],[7,23]],[[63471,70804],[0,0]],[[63767,70942],[-111,7],[-1,-3],[112,-4]],[[63767,70942],[0,0]],[[57694,69688],[-92,-55],[-80,43],[-181,-41],[-78,41],[-75,-3],[-32,-32],[-165,52]],[[57740,72878],[26,32],[218,42],[62,-59],[111,8],[1,38],[54,17],[-5,116],[-79,24],[-79,-35],[-138,96],[-140,-4],[-35,13],[0,76],[125,54],[132,11],[108,87],[169,-44],[-5,-76],[105,63],[253,17],[185,50]],[[58808,73404],[2,-34],[156,-88],[63,-109],[72,-40],[-125,-120],[6,-73],[90,-38],[85,21]],[[59157,72923],[-61,-51],[-59,-190],[118,-110],[170,-2],[95,-80],[-53,-91],[-135,-70],[52,-13],[165,78],[88,-18],[130,-142],[114,-10],[51,61],[-111,85],[46,17],[140,-92],[-17,-258],[176,-79],[171,4],[-2,144],[98,10],[191,-237],[-42,-125],[109,-16],[59,-90],[-224,37],[-66,-27],[-9,-196],[-185,-115],[-3,-82],[-76,-58],[-14,-102],[-92,-29],[-14,-63],[-123,-56],[85,-29],[140,58],[-10,35],[194,-90],[3,-93],[-79,-68],[20,-79],[-158,-69],[-12,-139],[-37,-34]],[[59990,70449],[16,-42],[-31,-19],[-263,-28],[-39,-214],[-291,-8],[-57,-174],[63,-36],[102,13],[125,-177],[-53,-13],[-31,-287],[-79,-7],[-16,-28],[81,-16],[-152,-22],[-62,-70],[62,-96]],[[59365,69225],[-7,-47],[-119,-83],[-309,6],[-51,-111],[-254,4],[-28,80],[-108,71],[-188,56],[-89,8],[-92,-55],[-77,11]],[[58043,69165],[50,69],[-14,52],[-76,60],[-236,53],[-46,38],[143,171],[-45,7],[-11,46],[-114,27]],[[58397,71106],[0,0]],[[58397,71106],[40,-10],[7,4],[-47,6]],[[58383,71063],[-5,-11],[19,19],[-14,-8]],[[58349,70991],[-8,-31],[15,46],[-7,-15]],[[58288,70939],[0,0]],[[58312,70983],[-34,7],[-9,-11],[43,4]],[[58246,70805],[0,0]],[[57804,70983],[1,-19],[28,17],[-29,2]],[[57964,70988],[0,0]],[[58208,70816],[0,0]],[[58063,70885],[-38,30],[38,-30]],[[58063,70885],[0,0]],[[58041,71045],[0,0]],[[58165,71104],[29,33],[-23,5],[-6,-38]],[[58286,71118],[0,0]],[[58288,71076],[0,0]],[[55659,69874],[-146,-64],[-60,44],[-314,4],[5,135],[-47,24],[-142,-122],[-192,-38],[-2,91],[232,129],[46,-6],[136,190],[102,-2],[-10,101],[-125,41],[-77,-17],[-82,-101],[-56,-2],[-45,53],[-105,4],[3,80],[56,71],[-43,61],[104,19],[-85,103],[6,158],[76,26],[-116,63],[-7,167],[-151,5],[-101,-53],[-122,41],[-139,-23],[-147,90]],[[54111,71146],[-47,90],[131,61],[-23,88],[69,44],[-70,81],[10,49],[-104,23],[43,96],[-39,83],[120,94],[101,3],[-19,41],[30,10],[-205,108],[-190,-16],[1,50],[92,13],[21,102],[-83,22],[-20,-57],[-205,-76],[-9,81],[-71,16]],[[53644,72152],[-6,183],[49,20],[57,205],[106,41],[6,37],[-138,-48],[-19,37],[-63,-9],[-22,133],[-152,-36],[-29,24],[50,66],[3,99],[-70,25],[6,88],[-226,16],[63,116],[74,54],[65,-5],[38,73],[-55,18]],[[53381,73289],[132,33],[-27,-62],[69,25],[16,179],[79,3],[52,-98],[42,-10],[120,133],[49,-22],[36,-111],[139,-169],[102,-30],[22,-40],[61,3],[27,16],[-40,39],[68,85],[-30,137],[-209,35],[-19,78],[28,43],[235,-67],[48,136],[109,46],[-20,27],[123,11],[-21,-118],[139,-75],[221,42],[294,-129],[104,127],[124,-114],[174,5]],[[55628,73447],[37,-114],[67,-30],[187,57],[65,-11],[76,-79],[-44,-122],[31,-30],[265,41]],[[56312,73159],[216,19],[159,-53],[152,2],[67,-50],[186,62],[57,-30],[-5,-36],[-145,-124],[10,-33],[102,28],[30,-34],[-327,-68],[123,-80],[164,77],[76,-114],[97,-31],[466,184]],[[57740,72878],[207,-229],[80,-3],[84,83],[54,-40],[66,-189],[-47,-59],[-348,-8],[-24,-31],[-351,3],[-36,-57],[-97,-8],[-12,-84],[-106,-9],[-7,-54],[124,-67],[-5,-180],[42,-88],[-34,-43],[-171,15],[-122,-81],[-130,2],[3,-102],[-185,14],[-40,-23],[-48,-45],[29,-133],[-106,-136],[-16,-233],[-70,-68],[52,-33],[-2,-103],[154,-95],[-17,-47],[61,-181],[-16,-170],[83,-140],[-44,-110],[-128,-13],[10,-75],[-47,-41],[37,-53],[-47,9],[-32,-129],[78,-41],[60,39],[162,10],[72,-118],[81,-41]],[[56991,69693],[-39,-12],[23,-54],[-205,-84],[-259,-37],[-84,50],[-19,77],[-218,-7],[-40,-41],[-111,-11],[-33,95],[-73,66],[-179,30],[3,47],[-98,62]],[[46269,71251],[-259,48],[40,101],[-50,47],[-179,-24],[-269,-123],[-170,17],[-76,65],[-172,-7]],[[47676,73355],[127,-53],[44,-141]],[[47847,73161],[-62,-292],[-148,-134],[47,-34],[-150,-170],[43,-125],[123,-43],[66,93],[103,-37],[-53,-82],[263,-79],[110,-197],[-206,-11],[-221,54],[-132,-44],[-15,-65],[102,-84],[-2,-48],[104,-28],[3,-39],[84,-15],[32,-42],[-172,-408],[43,-83]],[[47809,71248],[-81,-40],[-57,-98],[-179,-75],[-376,-9],[-342,54]],[[46774,71080],[0,25],[-221,97],[-250,6],[-34,43]],[[46738,72520],[43,9]],[[46781,72529],[0,0]],[[46781,72529],[-39,15],[-4,-24]],[[46602,72509],[-38,-35]],[[46564,72474],[0,0]],[[46564,72474],[38,35]],[[46582,72394],[0,0]],[[46714,72344],[0,0]],[[46611,72285],[-1,-77],[16,-11],[39,113],[-54,-25]],[[46611,72285],[0,0]],[[46630,72073],[-28,-57],[28,57]],[[46630,72073],[51,11]],[[46681,72084],[-51,-11]],[[46681,72084],[0,0]],[[46540,72044],[0,0]],[[46417,72112],[0,0]],[[46233,72002],[40,-46],[1,0],[-41,46]],[[46019,72427],[-79,18],[27,63],[-28,-63],[80,-18]],[[46019,72427],[0,0]],[[46184,72466],[-65,19],[65,-19]],[[46179,72447],[0,0]],[[46235,72418],[0,0]],[[46304,72416],[-3,0],[11,-15],[-8,15]],[[46110,72167],[33,47]],[[46143,72214],[-33,-47]],[[46167,72109],[0,0]],[[46231,72054],[14,33],[-78,22]],[[46167,72109],[55,-20],[11,-87]],[[46233,72002],[-2,52]],[[46285,72319],[0,0]],[[46234,72261],[0,0]],[[46143,72214],[-6,41],[97,6]],[[45977,72578],[0,0]],[[46061,72621],[0,0]],[[46253,72609],[0,0]],[[46437,72544],[0,0]],[[47061,72238],[50,-47],[-50,47]],[[46869,72107],[0,0]],[[47021,72067],[-152,40]],[[46869,72107],[152,-40]],[[47099,72141],[-62,-33],[62,33]],[[47099,72141],[0,0]],[[47000,72268],[0,0]],[[47054,72288],[0,0]],[[47150,72328],[-25,45],[25,-45]],[[47150,72328],[0,0]],[[46993,72417],[0,0]],[[46854,73430],[-203,-170],[-500,56],[-23,155],[-84,9],[-96,-139],[9,-64],[-129,50],[-387,28]],[[44257,74241],[69,33],[43,-127],[26,-35],[45,8],[170,149],[186,100],[-142,136],[37,84],[-226,80],[13,121],[-41,141],[-78,7],[-74,73],[51,31],[118,-44],[62,40],[-171,77],[121,3],[-53,23],[3,55],[414,-32],[240,118],[46,-13],[34,51],[107,-33],[59,79],[8,22],[-174,24],[-1,77],[-117,95],[-61,8],[13,89],[358,135],[-59,101],[232,290],[-11,103],[-151,159],[10,53],[51,25],[-105,42],[-42,72],[1079,-32],[405,-117],[82,-59],[271,-22],[204,-82],[93,17],[115,-95],[234,73],[597,-122]],[[48347,76222],[-54,-67],[46,-89],[-99,-344],[-56,-33],[65,-60],[85,8],[-44,-129],[41,-59],[87,-10],[-23,-151],[35,-16],[-8,-41],[-77,-4],[5,-37],[52,4],[-101,-469],[35,-6],[20,-81],[-72,-5],[-23,-57],[276,-64],[26,27],[107,-19],[-7,-110],[124,-86],[214,135],[36,-53],[86,64],[71,-2],[12,-83],[91,16],[33,-37],[-87,-21],[-20,-46],[44,-43],[-276,40],[-49,-51],[-115,1],[-39,-75],[97,-17],[18,-72],[-130,5],[-12,-70],[-91,-52],[-2,-33],[35,-3],[-63,-31],[-91,12],[-77,-62],[-86,6],[-13,-35],[-80,-9],[-74,49],[49,130],[-44,14],[6,36],[-104,2],[-88,-38],[2,-76],[-65,-82],[-175,-7],[-163,-170],[31,-77],[56,-14],[-48,-220]],[[47676,73355],[-80,-49],[-78,27],[95,85],[-129,55],[-38,-65],[-127,-2],[2,-41],[-71,-17],[-75,49],[120,66],[9,70],[-85,-60],[-151,-5],[-101,35],[-51,-97],[-62,24]],[[46717,74313],[0,0]],[[46859,74252],[60,74],[-60,-74]],[[46859,74252],[0,0]],[[47020,74155],[-5,-32],[0,-1],[5,33]],[[47020,74155],[48,61]],[[47068,74216],[0,0]],[[47030,74087],[25,-4]],[[47055,74083],[0,0]],[[47055,74083],[-34,26],[9,-22]],[[46824,74896],[0,0]],[[46824,74896],[70,-13],[0,1],[-70,12]],[[46903,74864],[0,0]],[[46745,74785],[0,0]],[[46764,74753],[81,-39],[11,-15],[-11,15],[-81,39]],[[46764,74753],[0,0]],[[46644,74546],[17,43],[30,31],[-33,-27],[-14,-47]],[[46596,74440],[-25,-29],[1,-2],[24,31]],[[46596,74440],[0,0]],[[46566,74281],[13,90],[-1,2],[-12,-92]],[[46577,74225],[-28,18],[-9,-61],[37,43]],[[46729,74922],[0,0]],[[47197,74501],[-68,67],[12,-13],[56,-54]],[[47197,74501],[0,0]],[[47284,74280],[-19,-34]],[[47265,74246],[13,78]],[[47278,74324],[0,0]],[[47278,74324],[6,-44]],[[47380,74135],[0,0]],[[47380,74135],[-66,-6],[66,6]],[[47265,74246],[104,-25],[-104,25]],[[42623,71644],[-168,-26]],[[42455,71618],[-151,-37]],[[42304,71581],[-277,92],[-10,-28]],[[42017,71645],[-416,97]],[[41601,71742],[-31,18]],[[41570,71760],[-112,98],[14,120],[-65,251]],[[41407,72229],[-180,73]],[[41227,72302],[-338,-27],[-18,-132],[-185,8]],[[40686,72151],[-25,48],[-98,44],[59,26],[-55,89],[171,-47],[3,260],[47,50],[-134,116]],[[40654,72737],[100,87],[16,25],[-16,-25],[-100,-87]],[[40654,72737],[-78,12],[-7,36],[-144,-51],[38,136]],[[40463,72870],[-106,199],[32,127],[-33,50],[-210,-2],[67,260],[22,23],[445,-26],[28,115],[-35,55],[379,266]],[[41052,73937],[168,-17],[201,-89],[92,54],[145,25],[135,107],[249,-127],[220,-62],[176,-9],[4,105],[97,68],[436,-164],[14,46],[83,-30],[-49,108],[222,244],[361,84],[20,76],[134,26],[23,-59],[171,-76],[32,82],[151,60],[47,-115],[73,-33]],[[44257,74241],[-59,-77],[171,-187],[356,-61],[141,55],[64,-73],[-84,-30],[194,-34],[43,39],[85,-15],[4,-190],[-100,-108],[60,-13],[152,-135],[106,64],[70,0],[-47,-82],[28,-39]],[[45441,73355],[3,-83],[77,-55],[2,-54],[-335,-190],[-26,-132],[84,-21],[84,-147],[108,-74],[104,-143],[-368,18],[-59,-180],[116,-55],[-46,-39],[153,-14],[-6,-78],[99,-35],[8,-49],[-61,-181],[-255,-12],[114,-186],[90,-30],[-66,-126],[-138,21],[-24,-31],[87,-67],[-52,-37]],[[45134,71375],[-80,25],[-235,-32],[-354,43],[-315,-13],[-17,-36],[-217,48],[-95,62],[-360,-57],[-50,17],[-14,47],[67,89],[-142,-56],[-3,-85],[-93,24],[-12,-26],[-443,86],[-148,133]],[[42623,71644],[-12,11],[-53,28],[65,-39]],[[42351,72322],[8,23]],[[42359,72345],[-143,94],[-87,31],[87,-31],[143,-94]],[[42359,72345],[-8,-23]],[[42330,71981],[0,0]],[[42432,71750],[0,0]],[[43029,73422],[0,0]],[[42950,73325],[0,0]],[[42934,73264],[0,0]],[[42993,73220],[25,-2],[-27,5],[2,-3]],[[43014,73168],[15,-58],[37,-10],[-50,92],[-2,-24]],[[43070,73074],[0,0]],[[43041,73008],[0,0]],[[43060,72938],[0,0]],[[43122,72813],[0,0]],[[43040,72816],[-68,-43]],[[42972,72773],[68,43]],[[43040,72816],[0,0]],[[42375,73077],[0,0]],[[42579,73019],[-111,41]],[[42468,73060],[0,0]],[[42468,73060],[111,-41]],[[42647,72930],[0,0]],[[42631,72901],[0,0]],[[42774,72920],[47,-11],[-32,26],[-15,-15]],[[42774,72920],[-95,-48],[95,48]],[[42972,72773],[0,0]],[[41912,72482],[-88,13],[-137,-50],[137,50],[88,-13]],[[41403,72480],[36,7],[-36,-7]],[[41369,72431],[0,0]],[[41242,72466],[40,-25],[-40,25]],[[41209,72508],[0,0]],[[41099,72669],[48,-73],[-48,73]],[[41098,72669],[-80,25],[-16,60],[16,-60],[80,-25]],[[42361,73157],[0,0]],[[42410,73304],[0,0]],[[42504,73318],[0,0]],[[42570,73415],[0,0]],[[42617,73465],[67,-27]],[[42684,73438],[-67,27]],[[42684,73438],[0,0]],[[42739,73384],[-60,10],[68,-1],[-8,-9]],[[42795,73440],[0,0]],[[42850,73604],[0,0]],[[42850,73604],[56,5],[-21,12],[-35,-17]],[[42976,73503],[0,0]],[[20704,69402],[-59,91]],[[20769,69700],[92,39]],[[20682,69794],[-47,100],[17,53]],[[20845,70058],[68,4],[7,-112],[20,114]],[[20769,69391],[45,10],[-51,8]],[[21020,69544],[-7,55]],[[21013,69599],[-105,-2],[105,2]],[[21013,69599],[7,-55]],[[21020,69544],[0,0]],[[20967,69450],[0,0]],[[21016,69393],[0,0]],[[20966,69276],[0,0]],[[20888,69219],[0,0]],[[20827,69292],[0,0]],[[20847,69373],[-20,-81]],[[20827,69292],[20,81]],[[20842,69397],[-13,2],[17,-19],[-4,17]],[[20935,69789],[16,-3]],[[20951,69786],[-8,50],[-8,-47]],[[20969,69754],[-18,32]],[[20951,69786],[18,-32]],[[20963,69681],[0,0]],[[20969,69754],[-6,-73]],[[28882,70053],[-98,13]],[[29025,71006],[76,-32],[-53,35],[-23,-3]],[[29302,70667],[21,-49],[0,3],[-21,46]],[[29243,70706],[0,0]],[[29151,70686],[0,0]],[[28879,70565],[-2,7],[-40,-1],[42,-6]],[[28933,70864],[0,-6],[1,29],[-1,-23]],[[29063,70939],[-39,67],[-1,0],[40,-67]],[[29441,70631],[-11,57],[11,-57]],[[29664,70715],[9,20]],[[29673,70735],[-48,-13],[39,-7]],[[29673,70735],[-49,35],[49,-35]],[[29421,70801],[1,25],[-1,-25]],[[29421,70801],[0,0]],[[29475,70898],[-54,-13],[-63,-63],[63,63],[54,13]],[[29275,70858],[0,0]],[[29213,70948],[0,0]],[[29167,70967],[0,0]],[[33085,68043],[0,0]],[[33186,67798],[-5,-60]],[[33120,67667],[-70,-19],[-61,-78]],[[32989,67570],[15,-37]],[[32820,67846],[0,0]],[[32628,67877],[0,0]],[[32673,67638],[-71,-1],[71,1]],[[32781,67710],[-92,-40],[-1,0],[93,40]],[[32781,67710],[0,0]],[[32880,67531],[-50,48],[9,-13],[41,-35]],[[32898,67519],[-18,12]],[[32880,67531],[18,-12]],[[24587,69630],[-187,12],[-36,112],[-164,-21],[-21,62],[-86,19],[-107,-41],[-26,58],[-248,-33],[-6,28],[-131,17],[-42,-23],[-116,146],[-56,-47],[-106,18],[-79,121],[-157,47],[-8,65],[66,100],[264,49],[-47,26],[19,76],[-54,32],[8,127],[-105,11],[-17,-47],[-177,34],[9,60],[122,10],[58,121],[-86,52],[9,45]],[[25159,70931],[0,0]],[[25118,70891],[46,-15],[-49,-25],[62,-26]],[[25138,70764],[-31,4],[33,-69],[4,62]],[[25285,70611],[-60,-13],[74,4]],[[25296,70446],[-40,-17],[67,4]],[[25314,70343],[-15,-40]],[[25286,70064],[-171,-16],[-27,11],[16,-12],[182,17]],[[25322,70029],[0,0]],[[24878,69769],[-26,50],[62,8]],[[24914,69827],[-62,0]],[[25158,69977],[35,33],[-28,3],[-7,-36]],[[25108,69953],[0,0]],[[25050,69975],[0,0]],[[24915,69886],[-1,-59]],[[24914,69827],[1,59]],[[24930,71092],[126,-5],[-3,-45]],[[25053,71042],[0,0]],[[25053,71042],[5,48],[-128,2]],[[25039,70939],[0,0]],[[24851,70830],[24,-98]],[[24875,70732],[-24,98]],[[24839,70711],[0,0]],[[24875,70732],[-36,-21]],[[24860,70605],[57,47],[-59,-41],[2,-6]],[[25020,70656],[0,0]],[[25044,70633],[88,8],[-88,-8]],[[24845,70464],[0,0]],[[24798,70537],[0,0]],[[25034,70274],[-44,12]],[[24990,70286],[0,0]],[[25003,70219],[31,55]],[[25034,70274],[-31,-55]],[[25057,70132],[11,15],[-3,34],[-8,-49]],[[25034,70128],[23,4]],[[25057,70132],[-23,-4]],[[24791,70838],[0,0]],[[24763,71088],[-30,-57],[11,-5],[19,62]],[[24806,70969],[0,0]],[[25080,70814],[0,-1],[-3,24],[3,-23]],[[30446,70283],[5,67],[130,26],[34,107],[-143,26],[40,76],[-141,1],[-258,134],[41,117],[-80,41],[81,-8],[73,44],[-104,131],[-79,-44],[-14,213],[-110,28],[15,85],[186,97],[-40,53],[109,150],[-17,62],[-98,-69],[-87,94],[-8,122],[-184,58],[51,250],[-73,143],[-49,19],[-186,-26],[-24,134],[46,89],[-46,37],[-82,-14],[34,54],[-22,39],[-58,7],[31,33],[-93,66],[-37,-10]],[[32673,69464],[33,-55],[-54,-65],[-58,26],[-56,-85],[-112,44],[-33,-46],[-156,-11],[-55,-37],[-46,61],[-115,41],[-161,10],[-30,-75],[-101,-18],[-7,-41],[98,-173],[-175,34],[-222,-30],[-2,-54],[-223,43],[-102,-49]],[[30608,70890],[0,0]],[[30659,70843],[-17,23]],[[30642,70866],[0,0]],[[30661,70832],[63,6],[-65,5]],[[30659,70843],[2,-11]],[[30863,70844],[73,-13],[-73,13]],[[30863,70844],[0,0]],[[30846,70707],[0,0]],[[30677,70765],[-5,-43]],[[30672,70722],[0,0]],[[30530,70764],[0,0]],[[30677,70765],[-33,28]],[[30644,70793],[0,0]],[[30644,70793],[33,-28]],[[24617,69510],[-120,59],[55,6],[35,55]],[[24587,69630],[99,71],[-104,54],[51,26],[-21,44],[64,50],[100,-34],[22,43],[54,-57]],[[24852,69827],[26,-58]],[[24878,69769],[101,35],[275,-23],[19,60],[137,-15],[4,147],[-40,53],[-52,3]],[[25322,70029],[-36,35]],[[25286,70064],[-33,51],[51,57],[-64,4],[26,41],[-76,49],[109,37]],[[25299,70303],[15,40]],[[25314,70343],[51,15],[-30,31],[-68,-13],[56,57]],[[25323,70433],[-27,13]],[[25296,70446],[63,34],[-115,59],[21,47],[66,-23],[23,27],[-55,12]],[[25299,70602],[-14,9]],[[25285,70611],[64,58],[-12,62],[-69,33],[-124,-3]],[[25144,70761],[-6,3]],[[25138,70764],[126,69],[-87,-8]],[[25177,70825],[-67,28],[55,9],[-47,29]],[[25118,70891],[41,40]],[[25159,70931],[40,33],[-52,9],[-55,68],[68,-15],[15,58],[121,-17],[48,73],[-55,51],[44,57],[138,-70],[38,12],[-19,93],[115,-25],[49,34],[-79,37],[62,13],[-69,115],[122,-22],[28,52]],[[26939,72000],[264,-22],[35,-53],[68,-3],[-12,-25],[135,12],[45,-87],[71,-43],[0,-76],[-87,-10],[47,-83],[44,0],[6,-65],[-71,-130],[108,-19],[9,-28],[103,0],[1,-69],[-90,-27],[16,-90],[88,-46],[-40,-101],[76,-72],[127,5],[113,-102],[67,-1],[-4,-96],[-64,-13],[-58,-71],[15,-89],[47,10],[7,-45],[-63,-103],[-106,-28],[-19,-44],[50,-12],[-1,-131],[36,-2],[-36,-79],[-56,-28],[10,-130]],[[27084,70395],[48,16],[-48,-16]],[[26871,70341],[0,0]],[[26945,70003],[0,0]],[[26945,70003],[155,17]],[[27100,70020],[0,0]],[[27100,70020],[-155,-17]],[[27289,70057],[0,0]],[[27311,70032],[45,9],[-47,-7],[2,-2]],[[26946,69960],[0,0]],[[26738,70001],[23,-49],[-23,49]],[[26601,70121],[0,0]],[[26661,70220],[-20,-6],[20,6]],[[27268,70354],[13,-72],[-13,72]],[[27263,70403],[0,0]],[[27268,70354],[-5,49]],[[27310,70223],[0,0]],[[27284,70086],[0,0]],[[24257,68615],[32,66],[-51,9],[-35,141],[24,34],[-67,12],[-2,53],[157,11],[263,182],[26,93],[-68,17],[-5,42],[146,-23],[75,-70],[54,0],[22,46],[-24,31],[31,61],[-172,76],[-52,54],[6,60]],[[24617,69510],[8,39],[253,43],[202,-32],[-13,-60],[31,-22],[276,8],[59,-66],[143,-28],[-14,-130],[68,-136],[81,-17],[148,46],[26,-20],[-48,-184],[66,-16],[86,-96],[57,4],[10,-125],[106,-16],[52,23],[50,-25],[14,-97],[200,1],[92,-64],[1,-36],[120,12],[61,-121],[156,-6],[12,-115],[81,-39],[56,15],[34,78],[77,-20]],[[26246,67459],[57,2],[-3,1],[-54,-3]],[[26433,67230],[10,36],[-15,-3],[5,-33]],[[26454,67144],[0,0]],[[26055,67169],[-27,21],[2,-5],[25,-16]],[[26479,66944],[6,3],[-104,2],[98,-5]],[[26582,67162],[-4,-1],[32,-1],[-28,2]],[[26837,67169],[-19,-7],[20,3],[-1,4]],[[26573,66990],[46,1],[-9,1],[-37,-2]],[[26646,67373],[17,6],[-4,16],[-13,-22]],[[33188,69615],[-165,-129],[-78,26],[-5,-46],[68,-82],[109,-74],[-32,-53],[-167,84],[-10,39],[-87,-4],[-148,88]],[[32673,69464],[-75,90],[111,157],[-64,-3],[-117,294],[205,138],[178,65],[-30,62],[170,132],[-7,128],[-59,21],[-33,98],[-38,-26],[-116,23],[-33,-59],[-169,58],[-177,-5],[-65,48],[-112,-11],[52,43],[-17,74],[-72,-4],[-16,32],[46,24],[-4,98],[37,29],[59,-16],[-23,77],[-61,-20],[-38,62],[48,29],[218,13],[-52,97],[79,-15],[121,111],[-45,165],[117,135],[-207,23]],[[35115,73665],[254,-541],[21,-367],[252,-219]],[[35642,72538],[96,-164],[45,-316],[-78,-100],[-31,-156],[52,-147],[166,-51],[62,-215],[-165,1],[-95,-122],[-249,-73],[132,-165],[69,-274],[204,-254]],[[35850,70502],[75,-223],[468,-353],[465,-198],[327,-30],[162,-51]],[[37347,69647],[-53,-48],[-367,-27],[-256,-254]],[[35304,68656],[-276,-47],[-162,57],[-161,12],[-22,96],[56,56],[-58,56],[21,57],[-174,48],[-170,-103],[-100,1],[-32,-55],[-47,30],[-67,-8],[0,-77],[-250,-43],[2,73],[-130,201],[-162,-69],[-103,-1],[58,251],[69,92],[-113,117],[38,79],[-79,78],[-254,58]],[[33196,71122],[93,64],[-93,-64]],[[33369,71260],[0,0]],[[33481,71241],[0,0]],[[33649,71012],[13,-12],[10,5],[-23,7]],[[33589,70983],[51,4],[8,5],[-59,-9]],[[33428,70960],[0,0]],[[33349,70976],[79,-16]],[[33428,70960],[-79,16]],[[33414,71103],[-62,0],[35,-5],[27,5]],[[33441,71153],[11,28],[-38,-78]],[[33414,71103],[27,50]],[[33361,71028],[20,59],[41,1],[-42,3],[-19,-63]],[[33576,71076],[6,-34],[2,0],[-8,34]],[[28450,67844],[-111,121],[-156,-14],[11,-139],[-79,-46],[-70,6],[-136,177],[-257,-9],[-1,-71],[-111,6],[-22,-35],[-82,2],[11,60],[-271,-4],[-29,179],[87,15],[46,106],[-112,110]],[[27168,68308],[41,177],[-68,38],[13,69],[64,-11],[46,57],[-3,74]],[[27261,68712],[7,129],[153,-52],[-3,63],[52,-3],[66,70],[2,75],[96,4],[3,44],[292,-7],[41,51],[-23,83],[50,151],[-66,17],[10,191],[76,82],[-10,82],[83,10],[-29,65],[-65,49],[-89,-5],[-31,95],[-87,26],[-5,69],[36,3]],[[27820,70004],[37,-38],[236,-1],[73,17],[5,50],[69,2],[7,-42],[42,-7],[243,65],[85,-28],[32,37],[135,7]],[[28784,70066],[0,0]],[[28784,70066],[98,-13]],[[28882,70053],[49,83],[66,-11],[91,45]],[[29088,70170],[114,-35],[105,-208],[112,-2],[76,283],[85,-23],[93,32],[48,-83],[141,9],[115,-88],[209,73],[12,76],[50,-34],[139,18],[-7,60],[66,35]],[[30446,70283],[117,-15]],[[30563,70268],[37,-65],[-17,-104],[59,-1],[77,-64],[67,3],[16,-134],[37,-9],[5,-66],[42,-4],[5,-74],[57,-68],[47,-275],[-84,-25],[3,-58],[-51,-37],[39,-59],[-20,-41],[78,-34],[-17,-89],[114,-89],[39,9]],[[31096,68984],[121,-54],[-1,-115],[76,3],[108,-121],[161,6],[69,-61],[85,31],[83,-13],[-86,-108],[7,-46],[77,-39],[-349,-8],[-21,-92]],[[28722,69964],[0,0]],[[28836,69925],[0,0]],[[28930,69918],[-94,7]],[[28930,69918],[0,0]],[[28940,70050],[0,0]],[[28994,69956],[0,0]],[[28238,66302],[136,-23],[51,19],[-21,23],[92,70],[-13,162],[75,75],[16,85],[-21,171],[-117,106],[-52,128],[46,147],[61,35],[-35,88],[39,34],[-24,46],[-201,90],[-45,67],[84,22],[2,40],[-64,10],[11,52],[192,95]],[[28450,67844],[205,108]],[[28655,67952],[98,23],[37,60],[307,-1],[94,-63],[78,7],[18,-125],[85,14],[19,97],[142,-1],[21,26],[-7,91],[49,69],[129,32],[110,-97],[23,53],[-95,122],[224,-7],[18,87],[182,-32],[88,103],[207,-27],[251,-88],[291,-28],[55,99],[164,43],[183,-42]],[[31426,68367],[72,-96],[-110,-9],[67,-93],[-17,-42],[210,21],[79,-79],[-68,-92],[113,-74],[-133,-95],[78,3],[9,-50],[-119,-12],[-17,-35],[96,-27],[7,-120],[-197,-69],[23,-27],[120,32],[21,-88],[128,-20],[-5,70],[58,-6],[49,-70],[-21,-91],[-194,-133],[4,-75],[202,-146],[110,-11],[50,52],[9,-65],[104,-46],[-36,-46],[23,-86],[-54,-52],[34,-218],[-158,-136],[-81,1],[-22,-122],[175,-25],[81,-67],[135,-28],[21,-102],[162,35],[48,52],[52,-10],[23,-48],[-37,-10],[-5,-54],[94,21],[47,-31],[-57,-111],[-120,-43],[47,-51],[-17,-53],[58,15]],[[29988,67551],[0,0]],[[29996,67656],[-23,27],[18,-73],[5,46]],[[30072,67712],[0,0]],[[30156,67706],[0,0]],[[30186,67641],[-30,65]],[[30156,67706],[30,-65]],[[30224,67606],[44,-3]],[[30268,67603],[0,0]],[[30268,67603],[-44,3]],[[30266,67522],[18,54],[-19,-51],[1,-3]],[[30177,67424],[107,-55]],[[30284,67369],[-107,55]],[[30284,67369],[49,16],[6,2],[-55,-18]],[[30120,67450],[0,0]],[[29915,67712],[12,38],[-12,-38]],[[29915,67712],[14,-39],[-14,39]],[[30349,67391],[0,0]],[[26694,71837],[-161,-120],[-302,-143],[-513,-87]],[[25718,71487],[-60,69],[-67,-30],[-16,83],[-71,-22],[-20,55],[-79,-30],[-30,48],[-111,25],[37,72],[-65,-4],[-77,54],[66,155],[-28,47]],[[30653,73365],[-106,-17],[-38,-49],[-108,42],[-60,-46],[-3,-87],[-75,27],[-70,-47],[-149,46],[-113,-74],[-121,51],[-109,-151],[-305,-37],[32,-69],[-83,8],[-38,-103],[-154,-69],[23,-56],[113,-19]],[[29289,72715],[-10,-135],[-74,-1],[-90,-92],[-83,9],[-4,-55],[-87,-61],[-11,-65],[64,-106],[-78,-107],[59,-31],[-56,-51],[-59,89],[-65,-44],[-40,0],[-6,47],[-254,-17],[-82,163],[68,101],[-126,53],[-97,1],[-54,-98],[-65,8],[-3,37],[-217,-41],[-44,-41],[-142,31],[-40,-24],[-81,12],[-62,33],[-186,-28],[-121,42],[-113,-76],[-109,10],[-56,-187],[24,-31],[-50,-60]],[[26939,72000],[-245,-163]],[[28172,73137],[0,51]],[[28172,73188],[0,-51]],[[28172,73188],[0,0]],[[28019,73105],[-13,-24],[8,0],[5,24]],[[28019,73105],[0,0]],[[27979,73080],[0,0]],[[27964,73009],[-68,0],[-131,29],[139,-48],[60,19]],[[27964,73009],[0,0]],[[28197,72895],[-4,17],[4,-17]],[[28238,72870],[0,0]],[[28230,72767],[0,0]],[[28143,72682],[-6,-45],[2,0],[4,45]],[[28093,72628],[-37,-21]],[[28056,72607],[0,0]],[[28056,72607],[37,21]],[[28007,72604],[0,0]],[[27943,72558],[0,0]],[[27815,72560],[3,-3],[81,11],[-84,-8]],[[27691,72602],[0,0]],[[27683,72648],[0,0]],[[27782,72668],[-17,5],[17,-5]],[[27825,72665],[33,18]],[[27858,72683],[0,0]],[[27858,72683],[-53,-7]],[[27805,72676],[38,115],[127,19]],[[27970,72810],[0,0]],[[27970,72810],[-125,-8],[-40,-126]],[[27805,72676],[-23,-8]],[[27782,72668],[43,-3]],[[28134,72811],[0,0]],[[28143,72682],[0,0]],[[28047,72728],[0,0]],[[28025,72779],[0,0]],[[28242,73276],[0,0]],[[28189,73064],[0,0]],[[28285,73076],[104,-28]],[[28389,73048],[-104,28]],[[28285,73076],[-96,-12]],[[28490,73113],[0,0]],[[28389,73048],[101,65]],[[28180,73014],[-50,6],[50,-6]],[[28180,73014],[0,-32],[0,32]],[[28569,73226],[-2,57],[-145,-12],[121,4],[26,-49]],[[28542,73206],[0,0]],[[31822,71994],[-34,-132],[-36,-11],[-37,99],[-65,27],[-48,-37],[-124,32],[-72,115],[-209,-17],[-77,78],[-4,61],[-30,1],[5,-49],[-61,8],[-40,67],[83,247],[-204,6],[-58,178],[-166,132],[3,61],[125,55],[76,88],[-50,95],[-101,28],[17,157],[-62,82]],[[30653,73365],[53,12],[7,66],[109,-3],[51,43],[54,-3],[50,61],[-69,51],[76,175],[-66,27],[47,88]],[[31335,73876],[44,-3],[38,103]],[[31417,73976],[101,-21]],[[31928,73812],[0,0]],[[33937,73694],[70,-34],[-36,-45],[-81,-19],[-38,-143],[224,-17],[42,43],[16,-73],[-40,-165],[-194,34],[-43,66],[-110,-209],[8,-54],[-57,-39],[38,-247],[-60,-98],[47,-41],[18,-222],[43,-30],[-32,-75],[-226,-113],[-131,-25],[-98,35],[-35,68],[22,36],[-301,-23],[-58,-123],[59,-26],[-12,-27],[-107,-66],[-42,-101],[-37,37],[-32,-26],[-114,1],[-46,-41],[78,-27],[18,-62],[-48,-10],[1,43],[-49,3],[-35,-33],[27,-28],[-102,-187]],[[32484,71631],[28,-41],[-99,-27],[-13,93],[-74,53],[-102,18],[-33,74],[28,52],[-121,58],[-10,70],[-225,40],[-41,-27]],[[31874,73729],[4,3],[-2,44],[-2,-47]],[[31967,73651],[130,33]],[[32097,73684],[0,0]],[[32097,73684],[-130,-33]],[[32084,73531],[41,61],[-16,-14],[-25,-47]],[[32084,73531],[-38,21],[38,-21]],[[31888,73576],[0,-73]],[[31888,73503],[0,73]],[[31753,73555],[-16,-22],[1,-17],[15,39]],[[31753,73555],[115,-58]],[[31888,73503],[-20,-6]],[[31806,73461],[34,-16],[-35,37],[1,-21]],[[31737,73323],[-5,-14],[50,88],[-45,-74]],[[31695,73245],[0,0]],[[31320,73789],[0,0]],[[31316,73680],[-28,27],[28,-27]],[[31311,73650],[56,-12],[50,0],[-106,12]],[[31316,73680],[-5,-30]],[[31467,73656],[-42,-18],[53,0]],[[31478,73638],[-11,18]],[[31468,73605],[10,33]],[[31478,73638],[-10,-33]],[[31469,73445],[0,0]],[[31652,73281],[-7,34],[-29,11],[29,-11],[7,-34]],[[32154,73647],[0,0]],[[22253,70694],[-23,28],[-104,-23],[-21,-62],[-70,-2],[-20,-49],[-301,15],[-88,-53],[-41,-74],[-81,2],[-37,148],[-201,-33],[-232,42]],[[21225,72122],[37,10]],[[21262,72132],[0,0]],[[21262,72132],[-43,12],[4,69]],[[21294,72251],[43,-7],[30,76],[-32,-49]],[[23440,72458],[-62,-120],[-246,-13],[87,-119],[-8,-137],[63,7],[0,-81],[-113,-44],[-19,-70],[-100,4],[-19,-127],[23,-63],[88,-15],[-1,-77],[36,-82],[46,11],[20,-34],[39,-138],[108,7],[-67,-101],[3,-103],[-51,-5],[-34,-52],[-101,-1],[-150,78],[-131,-102],[7,-42],[89,1],[82,-120],[113,3],[1,-56],[-63,-1]],[[23080,70866],[-91,0],[-108,-68],[-169,23],[-35,37],[-49,-18],[-8,-50],[-143,-32],[-51,-103],[-82,26],[-26,44],[-65,-31]],[[21662,72481],[27,-4],[37,6],[-29,11],[-35,-13]],[[21936,72372],[-74,27],[-128,42],[202,-69]],[[21885,72367],[18,-22],[33,27]],[[21936,72372],[-51,-5]],[[21749,72378],[0,0]],[[21709,72381],[-21,-33],[-49,0],[49,0],[21,33]],[[21749,72378],[-40,3]],[[21447,72188],[0,0]],[[21447,72188],[-55,-13],[55,13]],[[21524,72157],[-52,5],[51,-6],[1,1]],[[21610,72273],[0,0]],[[21411,72391],[-10,-17],[47,23],[-37,-6]],[[21563,72500],[47,-11],[17,-2],[-36,10],[-28,3]],[[21525,72505],[-18,3],[-2,-15],[20,12]],[[21497,72439],[0,0]],[[19592,75684],[15,111],[221,165],[94,-37],[55,-95],[144,51],[31,76],[-89,26],[55,80],[-16,94],[-181,4],[-96,72],[63,92],[18,146],[69,-63],[81,-10]],[[23251,74199],[-50,-43]],[[22016,73309],[-179,218],[-85,30],[22,48],[-203,119]],[[21798,74652],[70,-13]],[[21868,74639],[-70,13]],[[21798,74652],[-22,-257]],[[21818,74392],[-42,3]],[[21776,74395],[42,-3]],[[21891,74550],[0,0]],[[21891,74550],[-23,89]],[[21868,74639],[23,-89]],[[21991,74377],[0,0]],[[22108,74458],[-86,8],[74,-15],[-5,-40]],[[22091,74411],[0,0]],[[22091,74411],[17,47]],[[21923,74475],[0,0]],[[25676,73097],[-229,-156],[150,-15],[-3,-55],[-167,11],[-147,-37],[41,-37],[-22,-59],[78,-16],[52,-74],[-179,9],[-81,-37]],[[24249,73493],[-25,24]],[[24109,73582],[-61,31],[14,48]],[[24055,73693],[-71,2],[-3,90]],[[24599,75059],[56,38],[27,-37],[176,27],[2,88],[-41,26],[-47,-4],[-28,-45],[-200,-19],[-17,19],[120,93]],[[27242,74479],[34,-35],[-52,-63],[-414,-183],[-112,-116],[-107,7],[-78,-41],[95,-244],[-79,5],[-60,-53],[-37,-340],[-135,-137],[-178,-6],[-39,59],[-115,-9],[-39,80],[-90,33],[-45,-23],[5,-61],[112,-6],[5,-36],[-121,-118],[-65,-2],[-51,-93]],[[25338,74212],[0,0]],[[25338,74212],[24,-21],[4,16],[-28,5]],[[25038,74082],[-51,3],[51,-3]],[[25029,73987],[94,-9],[-59,5],[-35,4]],[[25016,73958],[13,29]],[[25029,73987],[-13,-29]],[[24970,73939],[1,0],[3,1],[-4,-1]],[[24777,73774],[6,-15],[40,2],[-46,13]],[[24600,73871],[10,100],[-5,0],[-5,-100]],[[24600,73871],[125,-41]],[[24725,73830],[0,0]],[[24792,74033],[-29,-61],[1,0],[28,61]],[[24875,73935],[0,0]],[[24812,74035],[-20,-2]],[[24792,74033],[48,1],[-28,1]],[[25344,73901],[33,56],[-87,-55]],[[25290,73902],[0,0]],[[25290,73902],[54,-1]],[[25540,74071],[-162,-7],[164,6],[-2,1]],[[25383,74174],[12,-10],[14,-7],[-26,17]],[[23311,72572],[-455,2],[-56,82],[-192,-22],[-153,50],[-8,83],[61,53],[-13,43],[-233,-69],[63,69],[-25,65],[-131,-31],[46,153],[-42,24],[11,125],[-168,110]],[[22016,73309],[76,4],[-10,132],[89,20],[56,118],[185,11],[274,-42],[44,28],[101,119],[-78,37],[59,5],[-7,29],[109,71],[63,-14],[52,75],[-68,28],[57,68],[76,22]],[[23094,74020],[0,0]],[[23094,74020],[-16,36],[83,35],[-2,47],[42,18]],[[23201,74156],[44,38],[72,-5],[-66,10]],[[23251,74199],[72,26],[-80,9],[0,28],[282,68],[6,-56],[41,8],[-1,36],[105,46],[27,115],[50,26],[-39,41],[73,20],[42,62],[-27,30],[55,12],[5,96],[117,5],[-25,32],[49,18],[31,86],[229,-4],[0,70],[79,46],[44,3],[21,-60],[52,-21],[9,53],[100,25],[31,40]],[[24599,75059],[25,-149],[46,-43],[-53,-16],[-10,-210],[70,0],[26,87],[32,3],[21,-56],[101,-33],[168,14],[-13,-124],[46,-7],[-169,-63],[-18,-54],[-100,28],[-92,-148],[-96,-39],[35,-34],[-156,0],[-38,-41],[48,-86],[-31,-50],[-261,-2],[37,-35],[-16,-37],[-185,2],[0,-149],[-61,-6],[26,-26]],[[23981,73785],[0,0]],[[23981,73785],[5,-68],[69,-24]],[[24055,73693],[7,-32]],[[24062,73661],[-5,-72],[52,-7]],[[24109,73582],[8,26],[94,-16],[13,-75]],[[24224,73517],[-36,-22],[61,-2]],[[24249,73493],[43,-126],[325,-1],[35,-26],[23,-201],[25,-51],[55,-1],[28,-153],[108,-23],[-17,-60],[-112,-6],[-6,-31],[-75,-15],[-2,-109],[490,-59]],[[25169,72631],[-2,-53],[-69,-37],[-17,-61],[-59,2],[84,-77],[-30,-26],[87,-10],[-11,-46],[69,7],[-35,-86],[72,-57],[-28,-36],[61,-60],[-58,-28],[38,-60],[-74,6]],[[25197,72009],[-88,45],[-32,102],[-220,-28],[-1001,-6],[95,135],[-15,74],[-82,5],[-95,83],[-174,-21],[-8,42],[-137,18]],[[23440,72458],[-14,105],[-115,9]],[[23387,74168],[0,0]],[[23465,74067],[60,-38],[25,25],[-85,13]],[[23465,74067],[0,0]],[[23771,73781],[0,0]],[[23912,73750],[0,0]],[[23604,73635],[28,-4],[0,2],[-28,2]],[[23858,73467],[0,0]],[[23821,73301],[0,0]],[[23685,73420],[0,0]],[[23284,73965],[-35,-30],[35,30]],[[23771,73781],[-51,0],[-55,-4],[106,4]],[[23558,73747],[0,0]],[[23960,73481],[14,2],[-14,0],[0,-2]],[[21683,75519],[3,-41],[-140,-64],[53,-5],[-63,-109],[94,-101],[-58,-63],[-254,24],[-62,-34],[-171,68],[-37,-47],[-79,20],[11,81],[80,74],[-62,279],[-50,52],[-106,-25],[-47,23],[25,98],[-129,-17],[-61,37],[34,100],[-24,39],[103,145],[-37,19],[-65,-40],[-133,-8],[-121,82],[28,109],[-408,50],[-29,34],[78,97]],[[20056,76396],[129,10],[44,36],[58,-20],[61,41],[72,-15],[13,36],[-58,43],[-35,208],[-180,127],[76,74],[-74,104],[114,57],[27,74],[285,51],[26,36],[69,0],[36,62],[86,-6],[161,177],[98,-13],[26,-56],[221,-26],[31,-71],[52,9],[10,48]],[[21453,77375],[111,6]],[[21676,77401],[33,43]],[[25435,75894],[-158,-36],[19,-77],[-48,-64],[-95,-37],[-204,0],[-11,37],[-145,-1],[-8,-107],[47,-56],[-39,-162],[-109,33],[65,-140],[-19,-31],[-83,-8]],[[24647,75245],[-174,75],[-113,12],[-33,-45],[-64,-1],[-125,57],[-96,100],[-79,-22],[12,-35],[-48,-3],[-38,-61],[-163,2],[8,73],[-31,-3],[-116,-127],[-220,-26],[41,-51],[-33,-30],[-19,44],[-155,9],[-41,70],[108,142],[-251,30],[6,87],[-83,-74],[-34,5],[-16,72],[-193,-4],[-91,-54],[-258,35],[-160,-22],[-394,126],[-24,-40],[-111,10],[24,-77]],[[21714,75993],[43,-193],[-52,231]],[[21705,76031],[0,0]],[[21705,76031],[9,-38]],[[21704,75772],[-55,40],[-134,22],[134,-22],[55,-40]],[[21704,75772],[0,0]],[[21494,75899],[-19,-20],[-10,-44],[29,64]],[[21900,76265],[0,0]],[[21740,76222],[-112,-24],[29,-3],[83,27]],[[21740,76222],[0,0]],[[21539,76210],[0,0]],[[21472,76152],[16,22],[-10,-7],[-6,-15]],[[21507,76115],[-40,24],[-2,-4],[42,-20]],[[21572,76023],[-11,-80]],[[21561,75943],[11,80]],[[21518,75922],[43,21]],[[21561,75943],[-43,-21]],[[22008,76154],[0,0]],[[22008,76154],[-2,-116],[-159,8]],[[21847,76046],[0,0]],[[21847,76046],[160,-9],[1,117]],[[21759,75988],[0,0]],[[19939,73618],[221,-18],[-27,-70],[133,-105],[44,33],[-96,81],[-6,74],[105,122],[-53,21],[-20,84],[173,4],[29,31],[435,-20],[64,-98],[198,-29],[32,-38],[77,79]],[[21248,73769],[323,-45]],[[21571,73724],[-26,-89],[-97,-79],[3,-48],[86,-10],[98,-113],[-48,-33],[-85,3],[-61,-52],[179,-46],[-81,-17],[8,-76],[-114,-52],[32,-130],[-69,-9],[21,-127],[66,-46],[-1,-124],[-43,-84],[-183,1],[-6,-108],[80,-28],[5,-186]],[[21335,72271],[-41,-20]],[[21294,72251],[-71,-38]],[[21223,72213],[2,-91]],[[21225,72122],[-20,-54],[54,-6],[1,-62],[71,-29],[-126,-493]],[[14182,76244],[157,75],[47,99],[145,7],[15,-33],[506,4],[76,-12],[64,-83],[144,1],[0,-42],[185,-7],[3,-121],[41,-19],[-14,-97],[172,38],[60,-64],[105,-22],[-30,-57],[79,-17],[121,139],[189,-31],[57,109],[72,-15],[21,-158],[507,-134],[186,-13],[2,42],[156,21],[18,156],[76,83],[194,55],[87,233],[121,0],[18,63],[98,10],[-20,42],[58,2],[52,-72],[60,12],[-11,-69],[66,-94],[67,-8],[82,40],[123,-34],[-11,-159],[65,-17],[90,31],[2,48],[40,-19],[40,-231],[309,-12],[-2,103],[254,-86],[198,12],[40,-52],[-3,-148],[233,-59]],[[19592,75684],[47,-175],[-24,-64],[-93,-66],[179,-57],[2,-61],[-46,3],[-71,-123],[229,-128],[154,-134],[-26,-96],[37,-187],[-226,-430],[144,-246],[139,-28],[26,-67],[-124,-207]],[[19939,73618],[-99,-37],[-108,-132],[3,-55],[90,-5],[13,-65],[-85,-8],[-24,-62],[-59,21],[-7,39],[-56,-35],[-158,151],[-13,99],[-157,34],[-190,-66]],[[18264,75635],[50,-40]],[[18314,75595],[-50,40]],[[18225,75631],[-28,-18],[58,21],[-30,-3]],[[18017,75646],[0,0]],[[17941,75698],[-72,-7],[72,7]],[[17941,75698],[0,0]],[[17810,75524],[53,-30],[-2,3],[-51,27]],[[18065,75400],[-46,-51]],[[17971,75357],[-64,-3]],[[17907,75354],[64,3]],[[17971,75357],[48,-8]],[[18019,75349],[78,84]],[[18097,75433],[-32,-33]],[[17905,75398],[0,0]],[[17907,75354],[-2,44]],[[18202,75406],[-105,27]],[[18097,75433],[105,-27]],[[17716,75459],[-12,-13],[-45,-6],[45,6],[12,13]],[[17883,75420],[0,0]],[[17654,75646],[15,-12],[36,-71],[-17,65],[-34,18]],[[17681,75739],[-49,-18],[49,18]],[[18248,75476],[0,0]],[[18311,75556],[0,0]],[[18313,75567],[-19,5]],[[18294,75572],[17,-16]],[[18311,75556],[2,11]],[[18294,75572],[20,23]],[[17925,67965],[-9,-312],[-38,-21],[-163,96],[-49,-93],[-35,18],[-56,-48],[-102,-9],[-40,36],[-63,-65],[-92,10],[-41,-32]],[[16070,70290],[-142,-289],[-53,-17],[-351,21],[-13,128],[-49,9],[-68,-186],[68,-42],[-12,-110],[-22,-50],[-109,15],[-166,79],[-24,100],[-86,28],[-119,-23],[-27,40],[-2,232],[96,55],[2,84],[326,128],[-75,14],[-63,67],[40,185],[-132,59],[-385,36],[-160,75],[-259,-12],[-69,-173],[-119,-29],[-239,163],[-139,-35]],[[18505,72965],[-114,-7],[-68,-223],[-209,25],[-60,-99],[136,12],[96,-41],[-59,-61],[37,-8],[1,-69],[-154,-18],[-15,-138],[207,-182],[25,-114],[-186,-107],[-26,-76],[37,-70],[108,-6],[105,-57],[-19,-39],[-85,-2],[-11,-93],[144,-27],[8,-55]],[[16671,70301],[-171,92],[-337,12],[-47,-7],[-46,-108]],[[18001,68413],[-83,4],[-71,-43],[-173,174],[-21,-26],[-104,7],[-6,77],[-52,49],[-116,-10],[-71,-57],[1,48],[-63,39],[43,71],[-21,102],[82,10],[-81,128],[0,82],[-119,8],[-56,107],[-76,1],[-2,-33],[-129,33],[95,28],[25,109],[38,8],[6,54],[-221,0],[-4,149],[43,37],[66,-1],[-23,55],[100,323],[-59,34],[-74,165],[-51,29],[29,68],[-182,59]],[[16671,70301],[133,52],[26,66],[99,53],[85,191],[121,15],[47,49],[101,-14],[10,-223],[-27,-94],[-41,-1],[-23,-55],[-5,-116],[77,-35],[203,13],[242,-89],[6,-56],[78,-16],[3,-91],[-125,-30],[44,-37],[179,52],[37,-98],[70,36],[143,-13],[179,176],[191,92],[-24,91],[132,144],[-7,34],[53,10],[9,53],[-55,76],[41,3],[35,116],[-122,-2],[-19,41],[-227,17],[-35,80],[69,168],[-37,10],[-45,221],[25,57],[-50,96],[20,133],[116,34]],[[18403,71510],[119,-12],[59,27],[-4,33],[106,-5],[18,-60],[192,39],[209,-60],[-31,-52],[44,-22],[117,7],[14,116],[246,-26],[178,-109],[-11,-171],[-86,-69],[99,-12],[26,-32],[223,-3],[81,-51],[112,14]],[[20114,71062],[177,26],[23,-66],[77,72],[68,14],[250,-50],[163,81],[55,-15],[240,139],[38,215]],[[21205,71478],[41,-13],[54,-135],[77,-6],[7,-79],[-76,-49],[-84,-162],[-212,-78],[-1,-94],[86,-80],[-63,-149]],[[21034,70633],[-279,-81],[-70,-97],[36,-9],[24,-151],[51,-16],[-14,-118],[189,-24],[-31,-73]],[[20940,70064],[-95,-6]],[[20845,70058],[-41,-13],[-4,56],[-44,0],[-20,-50],[-56,-17],[-65,36],[-20,-39],[57,-84]],[[20652,69947],[-17,-61],[44,-27],[3,-65]],[[20682,69794],[172,-19],[7,-36]],[[20861,69739],[-92,-39]],[[20769,69700],[-1,-173],[-123,-34]],[[20645,69493],[59,-91]],[[20704,69402],[59,7]],[[20763,69409],[6,-18]],[[20769,69391],[-52,-30],[-2,-131],[-170,-154],[-3,-134],[-71,-14],[-22,-42],[51,-20],[55,-99],[-112,23]],[[13136,69001],[101,-45],[20,-119],[46,-22],[-182,-94],[-84,-98],[-135,-76],[-244,43],[-191,-114],[-11,-20],[106,-54],[11,-65],[-31,-206],[-20,-43],[-62,-12],[38,-83]],[[13439,72186],[41,-22],[-11,-86],[123,-87],[39,29],[87,-31],[-7,-58],[-48,-1],[41,-78],[124,14],[3,-55],[-42,-20],[71,-18],[-32,-38],[46,-47],[83,6],[-27,-49],[84,-14],[-115,-329],[82,-45],[-129,-90],[-3,-106],[-67,49],[-74,-25],[-34,-177],[-56,7],[26,-80],[75,7]],[[13719,70842],[-10,-102],[73,-154],[142,-33],[91,-69],[31,-302],[-72,-6],[-15,124],[-108,27],[-6,74],[-370,-8],[-36,-28],[43,-247],[-172,-142],[-1,-152],[146,-31],[65,-62],[-46,-118],[-128,-35],[-106,21],[9,-124],[-106,16],[-107,-40],[-2,-143],[99,0],[-82,-207],[85,-100]],[[14984,73045],[-47,-107],[-156,12],[3,35],[-116,27],[-120,-61],[-124,6],[-13,-183],[-79,-25],[-115,63],[-294,-12],[-292,141],[-104,-31]],[[12121,75878],[113,8],[46,84],[90,-1],[109,63],[1,121],[138,-26],[221,78],[121,132],[127,13],[253,-48],[250,71],[466,-59],[49,-73],[77,3]],[[14182,76244],[0,-84],[-65,3],[-21,-112],[135,-7],[23,-47],[-84,-133],[110,-57],[128,-16],[18,-170],[140,77],[-47,-164],[76,-77],[-83,-3],[1,-82],[58,-37],[-54,-131],[-52,-9],[-23,-80],[61,-64],[-61,-86],[119,-49],[289,-12],[16,38],[230,28],[55,-83],[82,-20],[139,11],[110,58],[305,-35],[40,-55],[215,-29],[27,-40],[-36,-216],[57,41],[76,-98],[101,24],[74,84],[58,15],[-3,56],[115,88],[360,-15],[79,129],[167,-2],[75,-52],[7,-83],[310,-29],[-6,-189],[42,-4],[-2,-63],[-103,-63],[-99,-14],[-2,-29],[-112,-20],[-11,-73],[-91,-61],[11,-86],[-37,-6],[20,-80],[162,-5],[9,-37],[68,-5],[-9,-75],[-68,-30],[35,-30],[67,-4],[8,47],[64,24],[121,-22],[157,37],[106,-17],[343,117],[81,-10],[108,-97],[129,33],[88,-70],[89,-2]],[[18677,73885],[24,-11],[-55,-122],[110,-58],[24,-119],[309,-78]],[[19089,73497],[60,-116],[-20,-81],[-60,-49],[1,-75],[75,-108],[61,-15],[-18,-57],[63,-8],[11,-90],[-129,-49],[-34,-73],[-40,-5],[-101,34],[4,85],[-414,40],[-43,35]],[[18505,72965],[19,117],[-384,80],[-13,-51],[-69,-34],[-164,35],[-60,-74],[-203,3],[-275,52],[-65,-29],[-263,6],[-68,21],[-78,89],[-18,-23],[-59,14],[-16,-30],[-297,10],[-91,14],[-8,54],[-162,-40],[-37,40],[-58,-63],[-41,11],[25,-187],[-56,-45],[-287,4],[-77,38],[-71,-20],[-167,46],[-82,73],[-9,105],[-88,-39],[-93,10],[-1,-67],[-63,2],[23,77],[-127,37],[-55,-29],[-16,-108],[33,-19]],[[15747,73928],[21,33]],[[15768,73961],[50,21],[-50,-21]],[[15768,73961],[-21,-33]],[[15757,73900],[0,0]],[[15841,73574],[118,35]],[[15959,73609],[0,0]],[[15959,73609],[-118,-35]],[[16068,73511],[0,0]],[[16129,73414],[0,0]],[[15693,73676],[47,-18],[-49,23],[2,-5]],[[15772,73645],[0,0]],[[15691,73734],[-14,-27],[7,-14],[7,41]],[[15691,73734],[0,0]],[[15722,73842],[0,0]],[[15722,73842],[19,-37],[-19,37]],[[16240,73591],[-58,36],[8,-14],[50,-22]],[[16118,73703],[-18,-78],[25,108],[-7,-30]],[[16263,73823],[-87,30],[87,-30]],[[16263,73823],[-10,-72],[10,72]],[[16335,73485],[0,0]],[[16275,73531],[13,50],[-9,2],[-4,-52]],[[16060,73838],[-51,16],[146,-23],[-95,7]],[[15985,73956],[-3,-34],[3,34]],[[15985,73956],[-74,19],[-2,0],[76,-19]],[[10887,72281],[-58,-155],[112,-27],[59,-233],[70,-90],[54,-16],[-180,-81],[-86,-148],[66,-65],[-48,-73],[-467,92]],[[8289,72371],[-5,65],[86,67],[84,14],[48,101],[89,-38],[38,-66],[131,22],[-26,97],[-80,25],[103,3],[28,29],[-136,30],[49,162],[-49,52],[163,13],[-16,39],[63,86],[56,0],[4,54],[53,-39],[198,8],[-20,98],[132,-12],[-65,76],[49,45],[-45,21],[113,70],[21,111],[112,15],[45,44],[-11,53],[-307,53],[-48,127],[0,68],[143,121],[12,75],[221,214],[-142,41],[7,93]],[[13127,73435],[43,-34],[-56,-5],[5,-86],[58,-18],[-14,-124],[48,-57],[101,-16],[93,-126],[68,15],[54,-74]],[[13527,72910],[35,-47],[-32,-73],[68,-37],[-50,-169],[-49,-17],[50,-135],[-42,-51],[-78,8],[-18,-83],[23,-41],[61,-11],[-56,-68]],[[13439,72186],[-55,-23],[-40,45],[-88,8],[-34,-130],[-244,-10],[-52,52],[-142,32],[-46,88],[-107,39],[31,31],[-154,95],[7,82],[-50,92],[-117,0],[-62,-13],[-14,-62],[89,-3],[-3,-35],[-170,26],[-11,-171],[89,43],[127,-35],[86,16],[-35,-122],[147,-66],[-11,-91],[-220,51],[-93,-166],[-94,37],[-101,-11],[-38,-79],[-248,16],[-110,-96],[-86,-5],[-28,69],[-129,9],[-140,109],[30,63],[-25,63],[-114,18],[20,298],[-55,37],[-158,-59],[-88,-72],[-16,-75]],[[22852,67327],[0,-158],[-77,-151],[-92,-64],[-268,28],[-44,131],[28,31],[-218,-13],[-2,55],[-233,24],[-1,63],[-54,0],[-8,-44],[-135,5],[-50,13],[-25,52],[-100,-1],[-7,39],[78,30],[7,156],[-372,5],[-70,-33],[-114,4],[1,70],[-104,57],[-1,89],[-81,127],[-150,29],[14,45],[-245,-55],[-353,0],[-75,-51],[5,-246],[55,-11],[-8,-67],[60,-55],[-106,-30],[-336,101],[-201,-24],[-30,39],[144,31],[30,97],[-49,51],[-198,53],[-38,35],[12,69],[-97,81],[-210,39],[-10,56],[-111,57],[-144,-128],[60,-26],[-39,-222],[-91,-69],[-103,36],[-63,115],[-317,149],[-133,1],[-52,31],[-206,-8]],[[17925,67965],[74,101],[-75,74],[13,84],[129,6],[14,50],[-79,133]],[[18001,68413],[63,-13],[-30,55],[60,32],[122,-11],[-2,-65],[149,-3],[-44,-91],[131,79],[49,-72],[59,8],[61,110],[169,30],[138,77],[211,-154],[51,116],[172,-24],[29,-31],[168,28],[69,-24],[239,65],[116,108]],[[19981,68633],[-45,10],[32,61],[101,16],[-1,62],[101,-61],[18,100],[256,-31]],[[20443,68790],[83,-85],[147,-47],[56,9],[-30,45],[60,63],[74,10],[233,-56],[-33,61],[23,158],[71,17],[60,130],[127,26],[69,-35],[148,-3],[34,99],[117,0],[0,165],[93,35],[34,-31],[230,18],[149,123],[137,22],[65,-106],[117,36],[54,-79],[99,4],[26,48],[113,-10],[-26,53],[51,-2],[-3,36],[43,4],[132,-25],[132,-74],[-101,-131],[-53,-175],[154,-24],[-72,-44],[82,-45],[-13,-55],[29,-34],[107,-2],[43,-32],[-153,-13],[-66,-115],[-69,-25],[-6,-24],[245,-60],[24,-49],[-78,-30],[-19,-43],[-96,13],[-1,-51],[-67,17],[8,-131],[127,3],[77,72],[88,25],[236,-176],[240,-15],[-20,84],[-186,31],[59,42],[282,-57],[15,-52],[79,-7],[-12,148],[-68,21],[39,-63],[-42,-10],[-43,101],[-51,6],[23,52],[93,-22],[-8,79],[42,19],[-36,56],[48,-6],[10,37],[39,-15],[6,-111],[48,-20],[146,47]],[[24257,68615],[176,41],[-25,-225],[-77,-11],[37,-61],[-46,-80],[-66,-55],[-151,-20],[-21,-35],[42,-43],[-70,-13],[55,-76],[-109,-47],[45,-127],[45,-19],[59,27],[-66,-115],[65,-12]],[[23502,67033],[-173,62],[-36,-26],[-47,42],[29,89],[-27,44],[50,3],[22,62],[-28,189],[-221,16],[-134,-30],[-29,-133],[-56,-24]],[[12922,74353],[79,-1],[75,-128],[-24,-67],[-139,10],[-21,-159],[59,-17],[23,-63],[56,-3],[-22,-28],[-83,0],[-10,-35],[41,-76],[108,-53],[-19,-100],[114,-21],[84,-116],[-47,-52],[-69,-9]],[[13127,73435],[-69,31],[-364,-6],[-212,50],[-111,-66],[-154,-3],[-110,-57],[-8,-38],[-251,-27],[-222,-177],[-201,151],[30,97],[-82,36],[-16,62],[147,50],[-13,161],[54,58],[1,63],[53,4],[-31,38],[84,65],[41,133],[-140,-41],[-85,110],[-242,-22],[-42,66],[-64,21],[-76,5],[-14,-119],[-44,-5],[-2,66],[-157,-17],[-48,43],[-114,8],[-65,-6],[-62,-74],[-178,9],[-106,-39],[40,-113],[-59,-8],[-250,141],[-174,53],[27,-72],[-45,-15],[-102,60],[125,72],[20,66],[-102,-15],[16,60],[97,24],[18,76],[-478,14]],[[9387,74408],[5,90],[-58,115],[67,153],[-43,73],[-68,22],[-16,208],[122,12],[23,38],[189,67],[3,71],[63,15],[-43,138],[65,31],[-94,67],[55,101],[-53,21],[8,60],[-68,-10],[-99,115],[-153,49],[67,105],[-54,71],[12,174],[-74,72],[-35,-30],[-43,10],[41,156],[77,41],[8,-23],[-58,-15],[-39,-162],[59,41],[61,-54],[429,-43],[180,43],[2,34],[-48,14],[131,218],[478,-54],[48,-117],[276,-2],[523,-88],[-105,-84],[20,-74],[82,-27],[6,30],[61,9],[39,80],[77,-12],[54,31],[226,-54],[6,-121],[-72,-85],[170,-69],[224,19]],[[12121,75878],[155,-75],[28,-57],[120,-24],[-39,-168],[119,-39],[86,7],[-6,-44],[46,-9],[-35,-151],[71,-81],[-79,-131],[231,-121],[158,-140],[70,31],[73,-11],[-35,-72],[-159,-34],[-162,-129],[-121,-13],[129,-69],[50,-197],[64,28],[37,-26]],[[20236,61211],[-128,5],[66,-3],[-26,-34]],[[18644,61286],[-27,125]],[[20637,61149],[45,38],[-54,-40],[-13,61]],[[20615,61208],[-147,57]],[[20419,61343],[-43,8],[7,55]],[[20383,61406],[-8,-55],[44,-8]],[[20419,61343],[11,-83]],[[20535,61384],[0,0]],[[20383,61406],[0,0]],[[20914,61399],[-4,-10],[16,-3],[-12,13]],[[21138,61356],[22,4],[-92,2],[70,-6]],[[21179,61360],[-10,-86]],[[21169,61274],[10,86]],[[21169,61274],[0,0]],[[20676,61402],[-4,-4],[-78,-3],[80,-3],[2,10]],[[20916,61455],[-28,18],[-114,-24],[114,24],[28,-18]],[[20930,61446],[0,0]],[[21844,61091],[33,49],[-75,120],[242,-48],[6,74],[32,2],[66,120],[-30,187],[-33,15],[87,136]],[[23930,62042],[246,-22]],[[24250,62012],[99,-47],[-24,13]],[[23879,61687],[-62,36],[-92,37],[118,-53],[36,-20]],[[23879,61687],[0,0]],[[23900,61767],[37,65],[-37,-65]],[[23900,61767],[0,0]],[[24026,61938],[0,0]],[[24080,61934],[-54,4]],[[24026,61938],[54,-4]],[[24108,61894],[0,0]],[[24131,61836],[80,-20],[-80,20]],[[24304,61662],[25,-81],[-25,81]],[[24304,61662],[0,0]],[[24364,61532],[68,16],[0,1],[-68,-17]],[[23811,62028],[0,0]],[[23719,61769],[0,0]],[[22541,61078],[0,0]],[[22623,61182],[-8,-63],[8,63]],[[22626,61209],[0,0]],[[23050,61331],[-28,2],[28,-2]],[[23209,61279],[72,-46],[-72,46]],[[23209,61279],[11,30],[-11,-30]],[[23329,61253],[-18,-25],[40,-10],[-22,35]],[[23396,61282],[0,0]],[[23391,61039],[-95,41],[9,-23],[86,-18]],[[23294,60966],[0,0]],[[23288,60936],[0,0]],[[23141,60922],[0,0]],[[23059,60956],[0,0]],[[22933,60968],[0,0]],[[22717,61023],[0,0]],[[22625,61041],[92,-18]],[[22584,61049],[0,0]],[[22625,61041],[-41,8]],[[23452,61161],[-57,2],[57,-2]],[[23452,61161],[0,0]],[[23464,61095],[0,0]],[[23391,61039],[20,32],[-1,33],[1,-33],[-20,-32]],[[23037,61672],[0,0]],[[23133,61632],[-38,-47],[14,8],[24,39]],[[23039,61552],[0,0]],[[22554,61461],[6,6],[73,8],[-73,-8],[-6,-6]],[[22655,61419],[-54,6],[54,-6]],[[22715,61314],[-96,16]],[[22619,61330],[0,0]],[[22619,61330],[96,-16]],[[23185,61491],[0,0]],[[23406,61381],[3,2],[-73,73],[73,-73],[-3,-2]],[[23383,61367],[0,0]],[[23203,61598],[29,-36],[-29,36]],[[24689,61484],[-47,10],[26,-33],[21,23]],[[24789,61598],[-17,-66],[13,33],[4,33]],[[24342,61807],[47,51],[10,58],[-57,-109]],[[24822,61705],[-1,-27],[6,26],[-5,1]],[[27149,61870],[-60,-113],[-67,-4],[14,-135],[-83,-78],[-9,-62],[-430,-18],[-69,103],[-186,88],[-10,165],[-243,114],[-186,-12],[5,56],[-59,26],[-46,-16],[-52,84],[-223,46],[34,113],[-44,-15],[-134,47],[-98,-34],[-141,22],[-73,-41],[-226,59],[-66,-84],[31,-177],[-103,21],[-24,-46],[-97,9],[-35,33],[-71,-53],[-73,10]],[[24325,61978],[-75,34]],[[24250,62012],[-74,8]],[[24176,62020],[-81,-13],[-165,35]],[[23930,62042],[-150,16],[-98,75],[-116,-73],[-314,-106],[-140,71],[-38,-19],[-104,86],[8,32],[330,49],[69,92],[-71,31],[-45,-15],[42,-39],[-38,-45],[-83,10],[-86,95],[-95,-88],[-64,16]],[[27455,61767],[-306,103]],[[26454,62764],[0,0]],[[26862,62211],[0,3],[-87,20],[87,-23]],[[26608,62491],[34,31]],[[26642,62522],[-88,-60],[54,29]],[[26737,62516],[5,92],[-10,-82],[-90,-4]],[[26642,62522],[95,-6]],[[26811,62774],[9,-8],[-22,-35],[30,42],[-17,1]],[[19602,58427],[-66,-15],[-85,32],[95,168],[-218,-37],[-105,-74],[61,-2],[15,-154],[-624,-176],[9,243],[-412,-64]],[[19487,60623],[104,-1],[32,-87],[199,-42],[60,110],[68,23],[45,140],[-27,7],[25,75],[-51,81],[-50,1],[10,123],[202,-9],[58,86],[-14,49]],[[20148,61179],[26,35],[62,-3]],[[20236,61211],[194,49]],[[20430,61260],[38,5]],[[20468,61265],[147,-57]],[[20615,61208],[22,-59]],[[20637,61149],[301,-209],[464,-57],[183,138],[259,70]],[[21844,61091],[45,-31],[-6,-161],[-207,-150],[222,-225],[103,-1],[237,159],[55,-51],[251,-64],[12,100],[75,2],[58,-17],[95,-106],[346,145],[32,72],[-51,72],[13,69],[340,62],[118,-49],[5,-68],[-130,-144],[-108,-50],[3,-29],[240,-54]],[[23592,60572],[62,-59],[20,-86],[93,-12],[-40,-47],[-167,-2],[-12,-89],[-83,-24],[-38,-64],[24,-137],[-111,-83],[26,-53],[98,-16],[65,-185],[98,-14],[-51,-265],[-54,-59],[-24,-300]],[[21341,58340],[-361,78],[-774,39],[-327,126],[-177,-125],[-100,-31]],[[21163,59830],[80,-69],[11,0],[-21,10],[-70,59]],[[21163,59830],[-73,50],[22,54],[-38,-50],[89,-54]],[[21342,59762],[4,1],[-14,-1],[10,0]],[[21222,60017],[0,0]],[[21222,60017],[-102,19],[47,-10],[55,-9]],[[21215,60205],[0,0]],[[21279,60318],[-3,1],[0,-1],[3,0]],[[21456,60207],[0,0]],[[21420,60188],[0,0]],[[21316,60138],[0,0]],[[21316,60138],[58,-4],[21,-1],[-79,5]],[[21436,60017],[25,122]],[[21461,60139],[14,35],[64,-13],[-64,13],[-14,-35]],[[21461,60139],[-25,-122]],[[21423,59847],[0,0]],[[21273,59850],[-27,24],[-14,-10],[41,-14]],[[21273,59850],[0,0]],[[21502,59822],[-49,-34],[5,-1],[44,35]],[[21646,59922],[0,0]],[[21646,59922],[-91,-63],[42,27],[49,36]],[[21905,60042],[-39,-44],[39,44]],[[21643,60206],[0,0]],[[21814,60172],[0,0]],[[21951,60185],[8,-7],[-5,6],[-3,1]],[[21977,60153],[9,-39],[-3,32],[-6,7]],[[20444,66066],[121,-1],[72,35],[96,-79],[173,-31],[13,-34],[172,-82],[36,21],[315,-110],[60,-66],[-23,-41],[-121,-41],[125,-102],[136,-21],[129,131],[139,-11],[123,-177],[157,-27],[189,-150],[56,-16],[129,67],[66,1],[32,-65]],[[20314,64758],[-34,-75],[66,63],[-47,29],[15,-17]],[[20246,64676],[0,0]],[[20333,64534],[0,0]],[[20176,64626],[-54,14],[54,-14]],[[20176,64626],[0,0]],[[20095,64443],[15,36],[13,93],[-28,-129]],[[19960,64476],[0,0]],[[19958,64511],[0,0]],[[19981,64589],[2,-10],[-2,10]],[[19998,64628],[0,0]],[[19998,64628],[37,35]],[[20066,64698],[-31,-35]],[[20035,64663],[31,35]],[[20132,64741],[67,35],[-67,-35]],[[20132,64741],[0,0]],[[20247,64817],[0,0]],[[19864,62247],[3,-71],[-60,22],[-82,-45],[-182,95],[-150,-17],[2,-33],[-54,-9],[14,34],[-40,8],[36,47],[-43,20],[-9,-41],[-58,2],[29,-38],[-72,-32],[4,-27],[-221,17],[-3,-36],[-147,-20],[-91,-84],[-297,36],[4,24],[-63,16],[-17,92],[-76,-22],[-10,-69],[-78,-65],[-175,97]],[[18271,62404],[2,28]],[[19120,63819],[44,32],[269,-33],[106,-51],[203,-34],[5,-38],[140,70],[155,-8],[50,47],[-25,70],[43,46],[192,-41],[216,34]],[[20518,63913],[13,30],[118,-23],[20,23],[232,0],[64,-5],[-20,-56],[189,-58],[185,57],[119,-23],[41,47],[-22,71],[36,104],[106,-10],[84,29],[122,-55],[152,-18],[22,101],[85,12],[15,35]],[[23505,63178],[-94,9],[-18,-156],[42,-6],[-9,-63],[-97,19],[-137,-92],[111,-1],[-77,-174],[-323,-78],[-9,-25],[137,-77],[-143,-82],[-18,-46],[-194,-58],[94,-76],[90,27],[77,-69]],[[22937,62230],[-171,-100],[-49,48],[-186,10],[-43,-102],[-86,-5],[-173,-87],[5,-190],[-62,-58]],[[22172,61746],[-181,68],[-131,106],[-167,-12],[-160,79],[-441,119],[-10,76],[-151,39],[-33,72],[45,32],[5,88],[-52,5],[14,-65],[-231,-65],[-86,29],[38,43],[-12,62],[-96,13],[-71,-11],[-22,-63],[-85,-8],[-97,-64],[-151,7],[-23,61],[-103,17],[-47,-19],[-60,-108]],[[21373,63578],[-200,-7]],[[21173,63571],[200,7]],[[21373,63578],[40,14]],[[21413,63592],[0,0]],[[21413,63592],[-40,-14]],[[21154,63587],[-49,-1],[-88,16],[88,-16],[49,1]],[[21173,63571],[-19,16]],[[20933,63509],[0,0]],[[20818,63419],[-19,-24],[1,-10],[18,34]],[[20818,63419],[0,0]],[[20804,63309],[-12,0],[12,12],[0,-12]],[[20886,63219],[63,-33]],[[20949,63186],[0,0]],[[20949,63186],[-63,33]],[[21041,63159],[120,9],[26,17],[-146,-26]],[[20718,63295],[0,0]],[[20540,63322],[0,0]],[[20540,63322],[91,-21],[-91,21]],[[20654,63224],[0,0]],[[20749,63198],[0,0]],[[20838,63173],[0,0]],[[20877,63219],[-19,-36],[22,36],[-3,0]],[[21500,63084],[-40,5],[40,-5]],[[21442,63309],[46,-40],[-46,40]],[[21304,63379],[0,0]],[[21416,63414],[-44,-43],[44,43]],[[23828,63206],[-36,-24],[-101,15],[-27,-50],[-159,31]],[[23505,63178],[-12,45],[-92,42],[-165,18],[-57,-36],[-79,102],[-86,-2],[-85,-203],[-96,35],[-58,67],[124,69],[-76,183],[58,122],[-128,123],[-178,-70],[-86,-160],[-59,9],[-56,60],[-7,85],[40,70],[173,46],[19,74],[-120,98],[-173,-3],[-13,103],[-214,119]],[[22079,64174],[168,119],[-38,96],[204,149],[-2,55],[-95,100],[30,60],[118,43],[32,65],[-62,168],[205,75],[-9,32],[-151,24],[160,107]],[[22639,65267],[332,-16],[30,101],[76,18],[4,72],[101,-14],[62,-98],[126,72],[-37,61],[12,113],[49,7],[24,45],[-53,25],[17,27],[65,6],[32,41],[38,138],[-26,32]],[[23491,65897],[18,182],[-34,26],[44,19],[-221,118],[3,52],[104,99],[-67,12],[38,47],[-28,36],[31,190],[60,60],[-40,14],[-42,196],[35,43],[91,3],[19,39]],[[23502,67033],[115,60],[74,-28],[78,52],[17,72],[48,8],[0,118],[94,7],[49,-51],[93,60],[83,6],[-93,52],[54,41],[-31,134],[67,180]],[[24150,67744],[79,29],[32,-120],[193,43],[28,89],[228,-2],[15,-110],[50,-44],[7,-123],[-83,-26],[-153,-9],[-5,68],[-218,-15],[-27,-43],[39,-43],[-12,-117],[-142,-15],[-48,-36],[48,-182],[-52,-25],[122,-131],[8,-79],[96,-125],[141,-15],[-8,-56],[-70,-21],[25,-26],[88,4],[79,56],[184,-7],[112,33],[-19,101],[106,51],[-6,49],[-87,15],[-7,76],[65,111],[115,-49],[69,85],[141,41],[91,-62],[-52,-112],[161,-12],[60,44],[55,-37],[-16,-98],[113,3],[-8,-83],[-59,-34],[-89,8],[-14,-150],[-116,-70],[128,-9],[71,-42],[-1,-97],[56,-6],[6,96],[181,33],[5,-186],[-68,-20],[82,-40],[15,-115],[36,-63],[70,-12],[44,-114],[70,0],[118,61],[125,4],[-62,70],[90,77],[-25,40],[81,32],[23,78],[210,59],[20,147],[-124,25],[17,76],[80,-14],[115,95]],[[26772,66748],[3,56],[208,11],[8,-67],[57,-17],[69,4],[92,64],[18,-49],[106,8],[219,-52],[-10,-41],[99,-33],[-52,-63],[194,-7],[19,-256],[436,-4]],[[28238,66302],[-90,-160],[46,-170],[118,-99],[-36,-32],[89,-14],[-26,-35],[63,-17],[-33,-70],[92,-41]],[[26553,63614],[-163,37],[26,98],[-210,-30],[-227,-173],[-210,-98],[4,-78],[48,-5],[14,-71],[52,5],[-3,-35],[-284,-75],[-80,21],[-110,-29],[-127,96],[-94,-45],[-264,58],[-128,-209],[-102,44],[-128,3],[-154,92],[-209,8],[-40,-35],[-50,7],[-99,47],[40,55],[-39,17],[-121,-32],[-67,-81]],[[24236,64754],[-18,-59]],[[24218,64695],[19,57],[75,-24],[-76,26]],[[24297,64689],[1,0],[6,18],[-7,-18]],[[24361,64690],[0,0]],[[24469,64597],[0,0]],[[24284,64623],[0,0]],[[24218,64695],[-7,-68],[1,0],[6,68]],[[24031,64712],[86,2],[-86,-2]],[[24031,64712],[-8,-81],[8,81]],[[24169,64772],[-56,14],[86,-22],[-30,8]],[[24003,64787],[0,0]],[[23869,64771],[0,0]],[[23817,64759],[-39,17],[39,-17]],[[23817,64759],[0,0]],[[23736,64770],[0,0]],[[23716,64721],[0,0]],[[23597,64716],[0,0]],[[23666,64635],[23,-25],[-23,25]],[[23666,64635],[0,0]],[[3555,70682],[-155,10],[-165,149],[99,102],[-243,110],[109,127],[66,-48],[141,2],[33,62],[-72,32],[-79,-28],[7,64],[-168,44],[-25,111],[-89,75],[-97,44],[-90,-3],[-55,347],[161,27],[102,-63],[168,17],[11,118],[133,9],[8,77],[74,20],[40,51],[124,-63],[173,122],[81,-33],[68,10],[409,131],[334,-1],[96,-67],[172,-235],[446,-328],[81,-152],[30,-267],[-34,-158],[-94,-169]],[[4820,69803],[216,139],[51,256],[-44,9],[-6,-64],[-77,12],[-70,267]],[[4890,70422],[-67,189],[27,47],[143,-59],[153,-206],[6,-57],[179,-6],[69,283],[59,56],[-130,125],[26,134]],[[5355,70928],[188,9],[17,185],[52,86],[103,50],[43,-9],[-34,-78],[40,-10],[-4,-45],[47,-14],[41,44],[114,-57],[139,35],[157,-77],[7,-38],[-53,-1],[-2,-37],[85,-137],[219,160],[75,-8],[34,41],[68,2],[10,-117],[109,-91],[138,-1],[43,62],[-15,42],[97,13],[169,267],[-58,94],[-203,-29],[0,98],[-33,23],[-99,-13],[-80,202],[43,29],[55,-20],[18,37],[112,-27],[30,21],[-39,128],[64,14],[-33,38],[112,91],[-22,90],[192,58],[124,-28],[106,99],[-15,64],[121,9],[34,-13],[-57,-66],[71,1],[2,-58],[41,8],[31,-50],[95,18],[141,-74],[82,-4],[37,67],[178,-18],[127,138],[-89,125],[14,33],[-67,-9],[-43,34],[-1,54],[56,3]],[[8289,72371],[107,-16],[149,67],[117,-29],[153,66],[115,-16],[235,-126],[11,-91],[-92,-119],[-3,-256],[97,-42],[94,-103],[217,-58],[123,26],[38,91],[-132,30],[25,100],[139,-6],[256,106],[158,-108],[134,-17],[112,-55],[3,-46],[49,-17],[-39,-83],[59,-47],[-5,-137]],[[10409,71485],[-213,-45],[-47,-93],[55,-46],[61,-191],[73,-70],[-106,-21],[-62,-158],[-135,-104],[-119,-43],[40,-226],[-97,-116],[-170,135],[-73,104],[-199,79],[-71,-1],[-79,-70],[1,-45],[143,-26],[141,-108],[-50,-43],[-323,25],[-128,-127],[-62,37],[-107,6],[-48,120],[-67,-4],[-117,-71],[-16,53],[-47,15],[-119,-22],[13,-108],[-30,-34],[-127,3],[71,-109],[-46,-50],[-281,5],[6,54],[-39,-5],[-23,-180],[26,-14]],[[6956,69653],[-33,-1]],[[6880,69516],[-22,-79]],[[6858,69437],[-261,33],[0,-1],[261,-32]],[[6858,69437],[11,4]],[[6790,70149],[81,3],[-22,10],[-59,-13]],[[6717,70210],[-60,13],[60,-13]],[[6717,70210],[0,0]],[[6637,70108],[0,0]],[[6782,70045],[-20,38],[-11,2],[31,-40]],[[6767,70038],[15,7]],[[6782,70045],[-15,-7]],[[6567,69920],[47,-4],[65,-5],[-112,9]],[[6543,69903],[0,0]],[[6334,69179],[-37,-12],[1,0],[36,12]],[[6334,69179],[0,0]],[[6350,69210],[0,0]],[[6554,69335],[3,-17],[-3,17]],[[6597,69359],[0,0]],[[6597,69359],[3,74],[-3,8],[0,-82]],[[6202,69228],[0,0]],[[6377,69354],[-57,-46],[57,46]],[[6368,69431],[0,0]],[[6368,69431],[1,126],[16,20],[-16,-20],[-1,-126]],[[6367,69673],[-2,-2],[2,2]],[[6426,69807],[0,0]],[[6444,69877],[0,0]],[[6622,70039],[0,0]],[[6953,69888],[56,72]],[[7009,69960],[-56,-72]],[[7082,70013],[-7,-25]],[[7009,69960],[66,28]],[[7082,70013],[0,0]],[[6974,69808],[0,32],[-19,28],[2,-23],[17,-37]],[[6962,69795],[12,13]],[[6974,69808],[-12,-13]],[[6951,70116],[-56,25],[34,-28],[22,3]],[[6951,70116],[162,-19]],[[7113,70097],[0,0]],[[5660,68766],[468,211],[58,-13],[30,-107],[62,6],[126,-52],[172,13],[304,-133],[110,30],[62,46],[-21,131],[35,50],[-131,78],[-84,93],[23,33],[-70,34]],[[6804,69186],[-13,60],[78,195]],[[6869,69441],[11,75]],[[6880,69516],[47,56],[-4,80]],[[6923,69652],[33,1]],[[6956,69653],[73,-36],[15,40],[251,35],[165,79],[120,-89],[114,65],[188,-41],[48,74],[56,-12],[132,47],[-3,93],[-77,83]],[[8038,69991],[192,-25],[89,87],[75,5],[92,125],[147,-4],[81,122],[45,-148],[-102,-8],[-66,-96],[190,-48],[64,46],[60,-23],[26,-69],[139,-38],[141,114],[115,-1],[-62,-295],[-30,-13],[-100,50],[-24,-19],[-66,-194],[35,-113],[-78,-23],[-70,45],[-69,-14],[-86,-71],[38,-32],[-36,-51],[-106,-29],[1,-78],[105,-22],[243,45],[118,120],[150,-5],[75,-41],[170,35],[69,-28],[-7,-79],[241,-71],[13,-62],[98,-18],[118,153],[192,-64],[70,34],[24,-120],[-91,-138],[60,-75],[-9,-45],[51,-32],[-26,-20],[-125,27],[-34,-56],[-210,71],[-14,195],[-184,38],[-137,-31],[-70,-124],[204,-53],[-70,-255],[81,-39],[99,1],[39,62],[62,7],[281,-48],[78,85],[369,-92],[-101,-229]],[[8341,68216],[36,-2],[-36,2]],[[8198,68278],[0,0]],[[8207,68316],[98,38],[-16,-3],[-82,-35]],[[8207,68316],[0,0]],[[8425,68617],[0,0]],[[8662,68640],[-1,76]],[[8661,68716],[1,-76]],[[8605,68270],[-8,-19],[8,-39],[7,50],[-7,8]],[[8597,68315],[0,0]],[[8531,68329],[-26,-6],[-11,-7],[37,13]],[[8531,68329],[0,0]],[[8391,68466],[-81,99]],[[8310,68565],[163,-203],[-82,104]],[[8310,68565],[0,0]],[[8859,68219],[39,6],[32,30],[-32,-30],[-39,-6]],[[8859,68219],[0,0]],[[8657,68177],[93,20],[-93,-20]],[[9174,68510],[0,0]],[[9277,68471],[0,0]],[[9222,68401],[0,0]],[[8960,68522],[-22,24],[22,-24]],[[8661,68716],[132,19]],[[8854,68727],[-61,8]],[[8854,68727],[0,0]],[[5039,63858],[-322,89],[-530,63],[-214,103],[-239,310],[-177,131],[-167,100],[-384,100],[-906,677],[-354,341],[-78,136]],[[4649,66225],[64,30]],[[4713,66255],[180,55],[122,23],[-122,-23],[-180,-55]],[[4713,66255],[-143,-66]],[[4470,66264],[-70,-11]],[[4956,66784],[43,-10]],[[4881,66923],[86,103]],[[4917,67252],[45,39]],[[5806,68256],[334,-48],[49,-74],[-3,-89],[91,-60],[127,8],[13,-98],[326,-22],[190,-187],[215,-38],[44,-92],[-32,-47],[166,-48]],[[7326,67461],[37,-39],[-31,-33],[70,-63],[-182,-83],[36,-47],[-10,-96],[151,59],[11,-56],[228,-25],[13,-86],[171,90],[203,-105],[10,68],[-74,154],[230,-95],[25,35],[38,-15],[73,-99],[242,24],[13,-39],[110,-5],[116,-98]],[[6072,63296],[-119,83],[-256,303],[-222,106],[-436,70]],[[5162,66669],[79,-64],[-79,64]],[[5463,66427],[0,0]],[[5560,66358],[47,-47]],[[5607,66311],[-105,88],[58,-41]],[[5428,66287],[0,0]],[[5484,66218],[1,0],[16,37],[-17,-37]],[[5604,66084],[9,-17]],[[5613,66067],[-9,17]],[[5613,66067],[0,0]],[[5555,66002],[0,0]],[[5582,65841],[52,-23],[4,23]],[[5638,65841],[48,118]],[[5686,65959],[-48,-118]],[[5638,65841],[-56,0]],[[5628,65969],[0,0]],[[5686,65959],[-58,10]],[[5350,66003],[0,0]],[[5372,65968],[0,0]],[[5363,65904],[0,0]],[[5370,66203],[0,0]],[[5457,66054],[-72,-44]],[[5385,66010],[72,44]],[[5385,66010],[0,0]],[[4538,66349],[0,0]],[[4502,66446],[0,0]],[[5607,66311],[0,0]],[[2441,66078],[-50,-33],[26,-164],[-285,44],[-464,-17]],[[1668,65908],[-334,395],[-15,59],[-637,698],[-275,101],[-407,299],[716,614],[253,101],[49,79],[137,87],[208,386],[-121,98],[170,180],[-118,46],[48,61],[-59,26],[90,66],[124,-59],[220,217],[194,-41],[178,5],[-19,316],[202,278],[192,108],[145,-279],[133,-13],[-95,510],[193,-31],[-26,31],[43,100],[107,27],[-41,20],[7,105],[361,-32],[44,17],[-30,121],[271,40],[-21,38]],[[3555,70682],[280,-54],[241,133],[37,-13],[-31,-83],[69,-14],[12,44],[51,-14],[-55,-142],[34,-43],[124,0],[63,-51],[-51,-106],[-62,-7],[69,-183],[59,-18],[61,31],[31,-40],[6,-66],[-134,-18],[-11,-31],[74,-55],[158,-8],[240,-141]],[[4820,69803],[95,-110],[-23,-136],[57,-51],[-163,-170],[-62,-119],[-171,-56],[185,-21],[-9,-53],[50,-20],[403,-18],[87,-29],[122,27],[97,-34],[172,-247]],[[5660,68766],[322,-269],[-176,-241]],[[5806,68256],[-46,17],[-392,-208],[-224,-187],[-19,-71],[161,-125],[222,-49],[190,30],[304,145],[72,0],[109,-60],[36,-85],[-58,-185],[-161,25],[-141,-71],[-247,-54],[-40,31],[-45,-19],[-80,22],[-53,-53],[-88,11],[-48,-81],[-86,-9],[-68,-56],[-142,67]],[[4962,67291],[-45,-39]],[[4917,67252],[47,-40],[-31,-60],[117,-82],[-83,-44]],[[4967,67026],[-82,-104],[-73,33],[69,-32]],[[4881,66923],[118,-149]],[[4999,66774],[-43,10]],[[4956,66784],[-162,88],[-121,-13],[-88,-39],[3,-42],[63,-4],[21,-119],[-99,1],[-36,38],[-73,-22],[19,-40],[-71,-24],[-55,-75],[-181,112],[-68,81],[-158,22],[-13,-32],[-85,-17],[146,-122],[53,20],[25,-35],[-76,-53],[106,-71],[-42,-30],[-45,36],[-69,-29],[57,-58],[69,18],[136,-65],[33,-35],[-67,-82],[98,-32],[63,89],[61,3]],[[4400,66253],[70,11]],[[4470,66264],[14,-43],[86,-32]],[[4570,66189],[79,36]],[[4649,66225],[116,-81],[-48,-154],[40,-44],[-62,-3],[-10,-30],[-74,101],[-193,82],[-44,-23],[22,-27],[194,-55],[-18,-40],[-143,16],[-119,-36],[-304,104],[5,39],[-45,18],[-115,21],[-92,-20],[-150,48],[-142,-52],[-136,29],[-118,-68],[-174,68],[-48,-43],[-550,3]],[[3521,67320],[128,-18],[54,21],[-49,-11],[-133,8]],[[3141,67784],[0,0]],[[3285,67631],[-15,25],[15,-25]],[[3285,67631],[0,0]],[[3313,67548],[-98,-125],[69,-10],[-69,10],[98,125]],[[3313,67548],[8,34],[-8,-34]],[[4345,67600],[-115,21]],[[4230,67621],[-113,5],[113,-5]],[[4230,67621],[115,-21]],[[4524,67547],[0,0]],[[4691,67376],[-13,-3]],[[4610,67452],[-31,47],[-2,1],[33,-48]],[[4610,67452],[68,-79]],[[4691,67376],[0,0]],[[4891,67311],[-27,44],[27,-44]],[[4730,66980],[-82,58],[82,-58]],[[4730,66980],[0,0]],[[4342,67154],[2,-6],[-2,6]],[[4010,67150],[0,0]],[[3994,67315],[0,0]],[[3802,67661],[93,-9]],[[3895,67652],[-93,9]],[[3895,67652],[0,0]],[[3892,67629],[0,0]],[[24702,59252],[90,75],[4,70],[130,153],[147,122],[108,-28],[110,46],[52,-14]],[[26368,58350],[52,-5],[7,-3],[-3,8],[-56,0]],[[26362,58282],[6,68]],[[26353,58242],[0,0]],[[26362,58282],[-9,-40]],[[26234,58276],[0,0]],[[26190,58250],[0,0]],[[26153,58164],[17,-13],[38,30],[-55,-17]],[[26256,58157],[0,0]],[[26429,58174],[120,4],[33,31],[-33,-31],[-120,-4]],[[26513,58000],[0,0]],[[26513,58000],[10,-36]],[[26523,57964],[0,0]],[[26523,57964],[-10,36]],[[26155,57953],[39,30],[-69,56],[155,112]],[[26280,58151],[0,0]],[[26155,57953],[0,0]],[[26167,57873],[-35,11]],[[26132,57884],[0,0]],[[26232,57867],[27,14]],[[26259,57881],[0,0]],[[26259,57881],[-92,-8]],[[26167,57873],[65,-6]],[[26595,58325],[9,20],[-19,2],[10,-22]],[[34233,57681],[0,0]],[[34248,57901],[17,4]],[[36691,56603],[-316,-194],[-195,-201],[-16,-735],[-100,11],[-119,-61],[68,-124],[-40,-95],[217,-23],[36,-178]],[[36226,55003],[59,-218],[-46,-38],[10,-50],[81,-7],[23,-58],[-114,-88],[50,-111],[-120,-115],[24,-108],[38,-7],[29,131],[69,46],[38,-14],[26,-119],[74,-45],[79,-156],[308,-250],[96,-40],[26,-59]],[[36976,53697],[-15,-85],[-96,-57],[-174,-36],[-313,-168],[-572,-58]],[[35806,53293],[-331,-37],[-152,37],[27,39],[-197,49],[-138,-49]],[[34362,57879],[9,-24],[74,11],[-26,14],[-57,-1]],[[34533,57715],[13,6],[-72,44],[59,-50]],[[34533,57715],[-110,17]],[[34423,57732],[-93,-13]],[[34330,57719],[0,0]],[[34330,57719],[93,13]],[[34313,57795],[0,0]],[[29285,60059],[-79,33],[78,-33],[74,-12],[-73,12]],[[29364,59999],[-12,-37],[17,79],[-5,-42]],[[29156,60059],[16,-22],[-5,10],[-11,12]],[[29078,60058],[-13,56],[-38,10],[51,-66]],[[29078,60058],[78,1]],[[29193,59943],[0,0]],[[29654,60017],[0,0]],[[29528,59983],[0,0]],[[29492,59942],[39,20],[-39,-20]],[[29537,59798],[0,0]],[[29440,59798],[0,0]],[[27059,58493],[-78,213],[-71,43],[32,90],[-137,62],[-177,-42],[-240,-169],[21,63],[-56,87],[49,27],[29,87],[-30,202],[-114,37],[-270,18],[-41,-24],[19,-51],[112,-9],[17,-35],[-126,-72],[-72,-142],[-45,34],[38,11],[-49,170],[-87,39],[29,59],[-55,35],[51,31],[-79,5],[6,-44],[-58,-3],[-39,29],[-114,-1],[-36,141],[83,173],[-193,13],[-35,106]],[[25343,59676],[85,30],[33,49],[90,15],[42,54],[150,-20],[161,101],[150,220],[-77,146],[44,29],[123,-25],[86,147],[117,-29],[64,130],[-22,144],[-146,16],[4,129],[110,18],[10,77],[65,63],[125,-39],[157,4],[66,118],[96,31],[50,57],[80,176],[76,-38],[88,4],[46,165],[218,-15],[21,91],[-48,86],[48,157]],[[27455,61767],[0,83],[216,-19],[56,116],[186,29],[71,42],[110,197]],[[29442,62070],[-186,-213],[23,-64],[79,11],[17,-111],[47,-10],[-48,-106],[22,-52],[85,-30],[-2,-59],[96,-108],[-58,-100],[112,-35],[-34,-123],[-177,-214],[-148,66],[-110,-71],[-97,-13],[-26,-85],[-99,-67],[-219,67],[-38,-16],[19,-29],[-246,-84],[-23,-162],[-220,-120],[-58,-137],[262,-47],[87,-58],[-19,-86],[-78,-21],[-2,-37],[194,-56],[51,-54],[79,-15],[0,-46],[123,-12],[64,-47],[41,-78],[-57,-83],[47,-48],[-126,6],[-33,-60],[269,-144],[-77,-136],[252,-69]],[[29033,58410],[-133,8],[-41,-133],[61,-16],[-103,-93],[-189,0],[-2,-38],[-59,-4],[-10,49],[-150,-74],[-135,84],[-109,-38],[55,68],[-107,165],[-200,-41],[-26,-71],[-157,-80],[-153,20],[-172,-24],[-69,59],[-71,2],[-39,37],[48,60],[-213,143]],[[27226,60283],[-64,12],[-29,-10],[29,10],[64,-12]],[[27226,60283],[46,19],[-6,22],[-40,-41]],[[27346,60261],[0,0]],[[27430,60285],[0,0]],[[27443,60265],[0,0]],[[27363,60221],[-42,-20]],[[27321,60201],[42,20]],[[27460,60164],[133,-1]],[[27593,60163],[0,0]],[[27593,60163],[-133,1]],[[27578,60034],[0,0]],[[27038,60282],[0,0]],[[27179,60131],[-27,15],[27,-15]],[[27321,60201],[-58,-76],[1,0],[57,76]],[[27392,60099],[0,0]],[[27437,60092],[20,-16],[19,-9],[-38,25],[-1,0]],[[27645,60093],[-55,-13],[55,13]],[[30171,58047],[7,40],[-42,58],[-56,13],[-63,112],[-44,-2],[-49,-116],[-83,-12],[-116,31],[-1,90],[-87,0],[-66,78],[-82,-43],[-96,43],[-38,-70],[-192,129],[-130,12]],[[29033,58410],[-49,54],[116,66],[11,167],[63,25],[-192,37],[-48,131],[105,14],[55,149],[48,-7],[88,68]],[[29230,59114],[214,-157],[117,29],[75,-29],[18,-267],[45,-23],[163,46],[24,43],[-75,61],[-1,54],[180,32],[35,81],[-165,75],[-50,-27],[-84,102],[104,-22],[29,107],[-103,65],[76,121],[-37,27],[58,130]],[[29853,59562],[61,32],[82,-32],[36,203],[70,80],[96,31],[-20,139],[64,25],[151,-143],[-50,-72],[165,-135],[109,42],[60,67],[-13,168],[228,43],[352,-50]],[[30880,59201],[-61,-140],[46,-11],[-46,11],[61,140]],[[30799,58956],[0,0]],[[30700,59018],[32,13]],[[30732,59031],[-33,-12],[58,-62],[-57,61]],[[30749,59067],[-41,15],[1,-4],[40,-11]],[[30732,59031],[17,36]],[[30743,59134],[0,26],[0,-26]],[[30696,59116],[0,0]],[[31001,59094],[-52,-7]],[[30949,59087],[-15,-35],[11,-3],[4,38]],[[31001,59094],[0,0]],[[31066,59057],[0,0]],[[21956,57390],[-74,81],[-169,519],[-157,137],[-71,126],[-144,87]],[[21341,58340],[108,146],[-3,77],[-119,165],[183,-55],[85,38],[12,38],[-350,-1],[17,25],[294,36],[-136,14],[-98,90],[-200,75],[197,69],[174,8],[257,149],[125,-34],[61,-130],[69,-34],[71,8],[17,112],[80,57],[238,-182],[80,-109],[207,-39],[154,30],[123,64],[2,158],[99,-30],[25,21],[42,-62],[60,-17],[138,-4],[31,37],[114,17]],[[23498,59077],[78,-8],[55,88],[369,14],[1,36],[97,22],[212,-37],[47,-62],[345,122]],[[24702,59252],[87,-60],[-53,-109],[30,-33],[-47,-65],[36,-17],[-42,-60],[31,-25],[-21,-65],[65,-24],[72,-147],[71,123],[78,-39],[6,-53],[-68,-63],[39,-101],[-145,-21],[58,-90],[77,-14],[-50,-178],[308,12],[50,-82],[-4,-71],[-49,-16],[33,-149]],[[24341,55817],[-1059,-7]],[[23282,55810],[-35,29],[12,123],[-511,102],[-198,174],[-69,136]],[[22481,56374],[-222,317],[-303,699]],[[25971,56018],[-140,-50],[-56,24],[24,248],[-384,-44],[-416,3],[-52,-146],[46,-62],[-57,-87],[56,-59]],[[24992,55845],[-130,-150],[-81,-46],[-164,-21],[-36,28],[-149,-19],[-9,109],[-82,71]],[[24341,55817],[-18,147],[-94,212],[62,554],[-69,8],[55,233],[-69,11],[-10,46],[-15,619],[91,5],[55,40],[83,-45],[79,27],[87,-22],[148,43],[77,93],[30,-37],[38,9],[80,125],[313,20]],[[25264,57905],[92,-27],[85,80],[74,-7],[30,-42],[105,-4],[31,-66],[70,-36],[92,29],[48,71],[27,-10],[-18,-122]],[[25900,57771],[151,44],[352,-81],[151,43],[574,-92],[11,-64],[208,-78],[-16,-94],[35,-12],[85,21],[7,55],[352,-33],[19,-112],[75,-78],[302,199],[212,62],[198,-188],[200,-50],[130,-95],[125,3],[166,94],[68,-33],[42,-181],[55,-19],[79,13],[42,58],[17,132],[68,-1],[279,-194]],[[29937,55619],[-16,-39]],[[29886,55522],[-77,-27],[-169,-217]],[[29459,55077],[-124,-193]],[[29335,54884],[-230,20],[-13,-196],[34,-65],[-43,-57],[-165,4],[-10,-53]],[[28908,54537],[-179,-10],[-9,86],[-85,36],[-285,-147],[-337,-77]],[[28013,54425],[-162,-16],[-141,189],[-483,144],[-343,-11],[-228,115],[-56,231],[-54,10],[-77,113],[-42,195],[-144,47],[-86,87],[34,450],[-189,57],[-71,-18]],[[26403,56623],[-11,-31]],[[26392,56592],[0,0]],[[26392,56592],[36,64]],[[26428,56656],[0,0]],[[26428,56656],[-25,-33]],[[26519,56551],[8,-32],[-28,0],[29,-1],[-9,33]],[[26519,56551],[0,0]],[[26350,56535],[0,0]],[[26356,56532],[32,-5],[-38,8]],[[26350,56535],[6,-3]],[[29973,56335],[-95,98],[207,13],[52,161],[71,23],[-15,72],[-102,66],[-88,-3],[-22,199],[-94,126]],[[29887,57090],[199,43],[8,30],[56,-8],[15,176],[110,37],[-59,155],[60,138],[-117,57],[8,52],[-79,12],[17,85],[-30,43],[-56,-2],[-62,88],[111,49],[103,2]],[[30171,58047],[4,-117],[91,-77],[58,41],[284,-6],[148,48],[111,224],[-176,170],[91,65],[61,-9],[69,201]],[[30912,58587],[188,-115],[101,101],[71,5],[61,-18],[5,-33],[104,14],[90,-54],[102,41],[0,70],[107,6],[45,63],[95,9],[30,36],[86,-91],[111,-43],[98,60],[53,-17],[100,98],[96,-22],[23,11],[-43,36],[124,28]],[[34293,58025],[-28,-120]],[[34265,57905],[-17,-4]],[[34248,57901],[-71,-4],[-92,-116],[148,-100]],[[34233,57681],[-19,-147],[100,-41],[8,-83],[-96,-148],[-174,-79],[-14,-84],[181,-146],[9,-101],[73,-1],[45,-133],[-35,-94],[72,-12],[-9,-99],[77,-45],[3,-76],[73,-54],[-28,-91],[77,-115],[-94,-26],[-4,-35],[125,-75],[-137,6],[-51,-64],[-67,-20],[-95,-178],[-48,0]],[[29593,54843],[-140,25]],[[29453,54868],[-116,16],[122,193]],[[29459,55077],[181,201]],[[29640,55278],[151,188],[95,56]],[[29886,55522],[65,51],[-30,7]],[[29921,55580],[17,37],[75,-21],[-76,23]],[[29937,55619],[-6,71],[42,9],[-47,351],[-41,75],[-82,18],[170,192]],[[29973,56335],[63,-28],[-24,-127],[184,-46],[114,94],[28,114],[103,-4],[34,60],[36,-8],[-9,-111],[114,25],[15,-47],[71,-2],[49,-127],[120,-13],[-4,-25],[195,-87],[9,-37],[-104,-15],[-20,-102],[261,-14],[63,60],[58,-43],[15,-104],[273,197],[174,-36],[97,-109],[107,-15],[390,82],[35,-21],[-11,-100],[49,-50],[89,-2],[294,156]],[[32841,55850],[412,29],[484,-95],[282,-5],[186,-39]],[[34205,55740],[-141,-137],[-312,-111],[350,-91],[297,-201],[78,-97],[35,-143],[-219,-13]],[[34293,54947],[-335,30],[-161,-37],[112,-103],[269,-81],[-106,-137],[146,-8],[249,88],[42,-119],[164,-98],[-261,-192],[47,-11],[-37,-35],[41,-98],[106,-3],[44,-94],[-114,-297],[121,-102],[114,-173],[91,-24],[42,-79],[117,7],[31,-49]],[[35015,53332],[-23,-51],[-193,-26],[-1004,74],[-214,-122],[-250,36],[-9,55],[-291,70],[-23,-47],[-405,36]],[[32603,53357],[-174,24],[-499,165]],[[31930,53546],[-127,44],[-10,41],[-593,218],[-639,390],[-567,244],[-401,360]],[[30058,55454],[6,-30],[0,72],[-6,-42]],[[30067,55315],[-14,-5],[21,-22],[-7,27]],[[29937,55125],[-23,44],[23,-44]],[[29773,55234],[0,0]],[[29531,54955],[0,0]],[[30046,55274],[0,0]],[[29956,55151],[39,54],[-39,-54]],[[30079,55372],[0,0]],[[30182,55391],[-1,-19]],[[30181,55372],[0,0]],[[30181,55372],[1,19]],[[30126,55438],[0,0]],[[18832,58780],[-96,-170],[-217,15],[-247,-277]],[[18272,58348],[-85,-49],[8,51],[-45,33],[25,30],[-267,171],[-167,-82],[-336,-13],[-470,129],[-87,115],[-433,221],[155,132],[-183,143],[-61,-11],[-81,173],[-191,206],[-151,119],[-79,-8],[-268,335]],[[15556,60043],[33,143]],[[17679,60957],[43,84]],[[18132,61097],[77,-15]],[[18209,61082],[-69,23],[39,43]],[[18248,61244],[75,3],[-75,-3]],[[18240,61430],[-56,86],[25,44],[128,70],[30,-11]],[[18367,61619],[0,0]],[[18367,61619],[133,-34],[117,-174]],[[18617,61411],[27,-125]],[[18644,61286],[55,-20],[207,21],[277,-42],[-53,-321],[69,-15],[83,-176],[172,-30],[33,-80]],[[19487,60623],[-25,-160],[-100,-6],[-57,-62],[-80,-8],[-88,48],[-53,-24],[19,-124],[-193,-25],[-103,-58],[-83,22],[-41,-31],[-59,27],[24,133],[-64,-8],[-57,-125],[-30,1],[-5,-162],[53,-5],[3,-50],[-23,-64],[-63,-3],[2,-127],[121,-31],[1,-60],[-51,-147],[-113,-11],[-26,-62],[131,-43],[-14,-81],[-59,-57],[-122,-22],[-59,-119],[117,-44],[25,42],[144,-1],[137,-26],[-9,-33],[33,-8],[268,22],[-7,-104],[-38,-25],[31,-38],[179,24],[-21,-35],[-194,-22],[-106,-151]],[[18259,61046],[16,100],[131,-30],[-131,30],[-16,-100]],[[18209,61082],[50,-36]],[[17185,59585],[19,14],[12,-3],[-15,6],[-16,-17]],[[17185,59585],[0,0]],[[17290,59495],[25,-28]],[[17315,59467],[69,-29],[-69,29]],[[17315,59467],[-18,29],[-146,8]],[[17151,59504],[0,0]],[[17151,59504],[139,-9]],[[17291,59570],[-12,4],[72,-2],[-60,-2]],[[17445,59603],[0,0]],[[17530,59601],[0,0]],[[17536,59613],[0,0]],[[17554,59424],[-58,-4],[-95,-16],[153,20]],[[17611,59596],[0,0]],[[17611,59596],[1,50],[-1,-50]],[[17630,59441],[-13,66],[13,-66]],[[17791,60946],[0,0]],[[17787,61029],[0,0]],[[17868,60935],[8,-1],[78,30],[-86,-29]],[[18527,61056],[-9,-5],[9,5]],[[18539,61158],[0,0]],[[18637,61139],[-37,7],[11,-20],[26,13]],[[18645,61163],[-5,-23],[13,7],[-8,16]],[[18348,61250],[5,78]],[[18353,61328],[31,-2],[-18,61],[1,-25],[-14,-34]],[[18353,61328],[-5,-78]],[[18348,61250],[0,0]],[[18566,61260],[44,15],[-27,3],[-17,-18]],[[18617,61222],[0,0]],[[18413,61204],[0,0]],[[18310,61443],[0,0]],[[18299,61528],[0,0]],[[17047,65161],[-95,-20],[-53,38],[27,-28]],[[14359,66930],[78,73],[115,-6],[9,-42],[50,-13],[37,38],[28,-43],[-63,-85],[49,-25],[50,4],[61,73],[148,-34],[13,58],[-63,20],[-35,90],[-145,20],[46,65],[108,22],[32,52],[6,118],[-94,29],[53,103],[210,36],[0,35],[170,14],[3,-125],[74,-7],[91,90],[153,-42],[42,70],[-8,91],[125,186],[179,-66],[-47,-35],[102,-85],[317,-101],[115,27],[63,65],[262,101],[120,113],[83,0],[143,-67],[41,-85],[-27,-76],[184,-41]],[[17237,67545],[6,-142],[-60,-114],[181,-71],[235,-23],[53,93],[314,11],[306,-35],[-7,-60],[60,-8],[26,-59],[-47,-16],[217,-35],[16,-130],[113,-41],[43,36],[-43,82],[80,23],[156,-63],[78,8],[86,59],[255,-8],[34,-200],[171,-176],[52,10],[2,-36],[56,-13],[-13,-101],[59,-38],[18,-78],[-17,-119],[131,-29],[20,-129],[94,-14],[22,63],[53,4],[-19,-44],[91,-13],[168,-150],[139,100],[78,-23]],[[20444,66066],[-30,-176],[48,-34],[-16,-313],[-300,-41],[-86,-134],[-48,-17],[-93,-11],[-47,45],[-308,96],[-28,-41],[-139,-13],[-131,-75],[-137,0],[-94,-33],[14,-133],[-194,14],[-14,48],[-16,-52],[-56,-21],[32,-63],[-82,-36],[-6,-46],[81,-47]],[[18106,64930],[-30,-43],[-168,11]],[[17545,65035],[49,68]],[[17594,65103],[0,0]],[[17594,65103],[-20,-36]],[[17640,66644],[0,0]],[[17601,66636],[-129,15],[-43,-126],[43,126],[129,-15]],[[17601,66636],[0,0]],[[17515,66320],[2,2],[33,85],[-35,-87]],[[17453,66168],[0,0]],[[17405,66158],[46,-32],[-39,34],[-7,-2]],[[17566,66155],[104,46]],[[17670,66201],[0,0]],[[17670,66201],[-104,-46]],[[17566,66155],[0,0]],[[17417,66001],[-16,-33],[17,32],[-1,1]],[[17491,65873],[110,21],[27,90]],[[17628,65984],[0,0]],[[17628,65984],[-29,-85],[-108,-26]],[[17491,65873],[0,0]],[[17781,65130],[-118,36],[118,-36]],[[17806,65128],[-16,127]],[[17790,65255],[0,0]],[[17790,65255],[-9,-125]],[[17781,65130],[25,-2]],[[17638,65112],[0,0]],[[17247,66167],[70,-7],[-1,2],[-69,5]],[[17235,66168],[0,0]],[[17305,66353],[-65,-43],[47,24],[18,19]],[[17964,65029],[0,0]],[[18001,64980],[28,-19],[29,-8],[-57,27]],[[17694,66065],[0,0]],[[17792,66052],[0,0]],[[17794,66098],[0,0]],[[17726,66192],[-1,-72],[1,72]],[[17569,66462],[0,0]],[[17650,66528],[0,0]],[[15678,60668],[-135,381],[-222,304]],[[15321,61353],[58,54],[87,13],[25,79],[-25,-79],[-87,-13],[-58,-54]],[[15321,61353],[-329,192],[-253,85],[-448,-6]],[[14139,62082],[84,122]],[[14113,62217],[0,67]],[[14279,62412],[40,-8]],[[14428,62339],[75,-53]],[[14817,62285],[80,1]],[[17920,62025],[113,-193],[-10,-37],[-47,3],[-42,-103],[44,-70],[123,-75],[-7,-102],[146,-18]],[[18240,61430],[8,-186]],[[18248,61244],[-69,-96]],[[18179,61148],[-47,-51]],[[18132,61097],[-283,-1],[-127,-55]],[[17722,61041],[-43,-84]],[[17679,60957],[17,-31],[132,-19],[-41,-90],[51,-31],[-8,-221],[-12,-28],[-125,-1],[-42,-154],[-145,-6],[-33,-51],[27,-127],[-140,-2],[-311,179],[-17,-90],[-323,-44],[-150,31],[-2,29],[-202,18],[-39,36],[-198,36],[-100,-124],[-224,13],[-205,-94]],[[15589,60186],[89,482]],[[15943,60753],[0,0]],[[15935,60845],[8,-92]],[[15935,60845],[0,0]],[[15904,60712],[0,0]],[[15899,60632],[82,44]],[[15981,60676],[-82,-44]],[[15072,61653],[0,0]],[[15137,61718],[0,0]],[[15162,61782],[0,0]],[[15262,61772],[0,0]],[[15266,61770],[0,0]],[[15475,61741],[0,0]],[[16112,61185],[-103,-17],[103,17]],[[16112,61185],[12,-53],[12,48],[-24,5]],[[15925,61215],[0,0]],[[15587,61074],[0,0]],[[15768,61086],[0,0]],[[15906,61124],[29,31],[-59,-6],[30,-25]],[[15768,61086],[138,38]],[[15854,61001],[-35,24],[35,-24]],[[15766,61042],[-19,18],[19,-18]],[[16149,60932],[0,0]],[[16198,61057],[71,-61],[-71,61]],[[16121,61063],[0,0]],[[15981,60676],[0,0]],[[16203,60684],[-16,-20],[-72,24],[72,-24],[16,20]],[[16204,60686],[0,0]],[[16145,60744],[0,0]],[[16146,60775],[0,0]],[[16149,60796],[0,0]],[[15129,65109],[201,-17],[114,-86],[-28,-233],[345,59],[17,82],[-54,33],[11,79],[69,31],[-41,82],[79,86],[116,-73],[74,28],[322,-30],[125,65],[124,-8],[5,-53],[187,-81],[97,3],[34,75]],[[16926,65151],[121,10]],[[17047,65161],[244,13],[63,-98],[99,-25],[121,16]],[[17574,65067],[-29,-32]],[[17545,65035],[67,-43],[126,9],[-4,-63],[174,-40]],[[17908,64898],[133,-10]],[[16501,64295],[0,0]],[[16492,64366],[0,0]],[[16403,64332],[0,0]],[[16316,64369],[0,0]],[[16084,64426],[-1,-38]],[[16083,64388],[55,-83],[-55,83]],[[16083,64388],[1,38]],[[16182,64257],[0,0]],[[16132,64266],[0,0]],[[16190,64113],[-38,-30],[0,-2],[38,32]],[[16190,64113],[-75,83]],[[16115,64196],[0,0]],[[16153,64052],[23,-27]],[[16176,64025],[-23,27]],[[16176,64025],[0,0]],[[16386,64048],[-32,7],[-11,-16],[43,9]],[[16532,64123],[-70,-41],[70,41]],[[16528,64156],[11,74],[1,6],[-12,-21],[0,-59]],[[16528,64156],[0,0]],[[8857,62729],[-198,-90],[-466,-81],[-251,39],[-471,-8],[-248,41],[-367,142],[-380,283],[-404,241]],[[6072,63296],[868,506],[-291,224],[-226,328],[-61,186]],[[6362,64540],[120,280],[41,208],[-52,279],[-207,437],[111,-23],[30,28],[-41,61],[32,34],[214,-38],[125,65],[217,266],[266,-30],[192,140],[4,75],[104,54],[44,3],[123,-89],[7,-53],[34,9],[17,120],[53,17],[176,-13],[150,-55],[66,3],[64,62],[110,9]],[[9882,65856],[85,-25]],[[9871,62429],[-413,207],[-270,88],[-213,25],[-118,-20]],[[6839,64008],[1,47],[-1,0],[0,-47]],[[6839,64008],[0,0]],[[6980,64172],[-54,-41],[54,41]],[[6985,64177],[0,0]],[[7081,64193],[0,0]],[[6846,63972],[0,0]],[[7000,63917],[0,0]],[[6666,64320],[0,0]],[[6399,64538],[34,0],[-71,2]],[[6362,64540],[37,-2]],[[6618,64392],[0,0]],[[6491,64475],[0,0]],[[9879,64830],[26,35]],[[9905,64865],[-26,-34],[-134,55]],[[9745,64886],[0,0]],[[9745,64886],[134,-56]],[[9834,64659],[-13,-19],[-88,-1],[88,1],[13,19]],[[9919,64682],[40,-1],[17,-5],[-15,9],[-42,-3]],[[9919,64682],[-85,-23]],[[9992,64667],[-9,5],[-2,-36],[11,31]],[[10194,64682],[0,0]],[[10315,64694],[0,0]],[[10329,64748],[0,0]],[[10135,64946],[0,0]],[[10008,64526],[-51,-29],[43,15],[8,14]],[[9934,64441],[0,0]],[[9805,64448],[0,0]],[[9685,64623],[0,0]],[[10068,64622],[0,0]],[[10027,64588],[0,0]],[[9905,64865],[0,0]],[[10057,64940],[26,3],[-31,-1],[5,-2]],[[10037,64752],[3,-10],[-3,10]],[[9575,65113],[-32,3],[32,-3]],[[9531,65058],[0,0]],[[9743,64943],[-52,44],[-40,8],[40,-8],[52,-44]],[[9611,65159],[0,0]],[[9737,65126],[-20,12],[20,-12]],[[9851,65061],[104,-24],[-5,4],[-99,20]],[[9851,65061],[-62,26]],[[9789,65087],[-52,39]],[[9737,65126],[52,-39]],[[9968,65027],[9,-62],[-4,58],[-5,4]],[[12554,66182],[-28,91]],[[13308,66869],[44,-65],[-33,-32],[80,-68],[94,-13],[118,55],[72,170],[79,3],[16,-104],[88,-9],[19,50],[125,-5],[140,90]],[[14150,66941],[209,-11]],[[14359,66930],[-7,-335],[-122,-29],[-9,-90],[389,-136],[59,-104],[-65,-76],[200,-99],[12,-82],[-125,-93],[233,-113],[29,45],[98,-51],[-31,-156],[-97,-166],[104,-14],[22,-34],[-33,-110],[113,-178]],[[15129,65109],[-80,-37],[-137,25],[-24,-64],[-59,5],[-124,-112],[-113,27],[-221,-75]],[[13920,66236],[3,60]],[[13923,66296],[31,20],[-31,-20]],[[13895,66218],[-39,-21]],[[13856,66197],[64,39]],[[13920,66236],[-25,-18]],[[13855,66172],[0,0]],[[13856,66197],[-1,-25]],[[13720,66101],[-2,-9],[59,65],[-57,-56]],[[13680,65950],[12,37],[6,32],[-18,-69]],[[13669,65909],[116,-19],[-115,22],[-1,-3]],[[14151,65967],[102,-6],[-102,6]],[[14151,65967],[-89,-13],[-1,0],[90,13]],[[14171,66063],[14,-30],[-14,30]],[[14186,66131],[-15,-68]],[[14171,66063],[15,68]],[[14163,66175],[0,0]],[[14186,66131],[-23,44]],[[13871,65886],[0,0]],[[13908,65896],[0,0]],[[13980,65909],[0,0]],[[14035,66314],[0,0]],[[14072,66260],[0,0]],[[14139,62082],[152,-458]],[[14291,61624],[-351,-13],[-135,-150],[-47,-1],[-47,95],[-299,-69],[-32,20],[-95,-45],[-103,171],[-357,-6],[-19,-68],[-140,-4],[-244,53],[-19,167],[-399,42],[-137,-194],[-144,-339],[-605,820],[-412,-22],[-278,188],[-213,25],[-344,135]],[[9871,62429],[40,125],[189,75],[9,51],[-58,48],[144,183],[372,-55],[53,-21],[-3,-32],[93,-23],[100,94],[-17,152],[177,24],[37,92],[-76,64],[-10,103],[-71,43],[-16,141],[50,61],[97,-50],[31,72],[62,27],[137,-17],[21,186],[-66,176],[9,45],[44,-4],[35,38],[-213,69],[-86,-61],[-79,41],[-99,-7],[49,70],[-118,41],[-27,84],[276,-24],[15,37],[-270,136],[6,98],[-70,129],[35,61],[43,58],[103,-3],[-17,-138],[32,-61],[170,-79],[76,49],[90,-33],[42,100],[147,-13]],[[12209,64646],[61,-118],[361,-56],[82,40],[121,-46],[-38,-22],[48,-36],[156,-21],[-40,60],[33,16],[93,-8],[-6,-34],[42,-7],[79,32],[136,-35],[226,-121],[99,87],[-43,163],[48,57],[374,115]],[[14041,64712],[138,144],[111,45],[81,-23]],[[14371,64878],[-8,-70],[162,18],[29,-104],[-24,-54],[-117,-51],[-8,106],[-129,13],[-24,-38],[8,-43],[62,-7],[-34,-107],[42,-8],[13,-148],[-42,-30],[18,-47],[-90,-43],[-71,-323],[-86,-27],[-1,-69],[145,41],[214,2],[28,-33],[80,6],[150,-98],[46,19],[13,-103],[-72,-27],[5,-69],[96,-47],[10,-42],[139,-10],[31,-53],[13,-152],[-83,9],[-53,-103],[121,-41],[113,9],[-50,-166]],[[14911,62341],[-3,-34],[-91,-22]],[[14817,62285],[-29,-21],[-159,41],[-126,-19]],[[14503,62286],[-75,53]],[[14428,62339],[-109,65]],[[14319,62404],[-48,34],[8,-26]],[[14279,62412],[-67,-19],[-80,43],[-34,-60],[81,-51],[-66,-41]],[[14113,62284],[-8,5]],[[14105,62289],[8,-72]],[[14113,62217],[110,-13]],[[14223,62204],[-84,-122]],[[12303,62409],[685,-42],[750,-173],[92,195],[100,32],[13,46],[105,-15],[37,35],[-60,40],[12,31],[-60,15],[31,57],[-28,84],[-49,18],[11,60],[-102,85],[6,42],[-52,-17],[-8,-55],[-87,1],[8,38],[-101,-21],[-187,25],[-149,-106],[-209,63],[61,90],[124,32],[81,78],[-25,81],[45,53],[-97,52],[-173,42],[-29,-55],[-122,6],[-63,56],[-109,-50],[-317,67],[65,-21],[-65,-143],[58,-44],[-54,-99],[144,-28],[-22,-47],[-78,9],[-116,-195],[-116,-13],[-15,79],[-60,-2],[-54,-61],[-92,20],[-45,151],[22,64],[-149,69],[-124,12],[-86,-140],[-19,-124],[-110,-29],[-64,21],[-35,-61],[-2,-39],[85,-12],[19,-37],[148,13],[94,-33],[-38,-66],[88,-16],[134,-112],[353,-6]],[[13029,63747],[-15,-38],[0,-1],[30,57],[-15,-18]],[[13007,63664],[-31,-53],[37,89],[-6,-36]],[[13087,63498],[-14,-27]],[[13073,63471],[63,-15],[1,1],[-64,14]],[[13073,63471],[14,27]],[[13087,63498],[0,0]],[[14250,62533],[37,-12],[5,3],[-42,9]],[[14320,62539],[-1,-2],[3,1],[-2,1]],[[14602,62496],[-11,-31],[65,24],[-54,7]],[[13909,62365],[5,7],[-40,4],[35,-11]],[[14042,62328],[63,-39]],[[14105,62289],[-63,39]],[[13433,63857],[10,-3],[53,25],[-5,0],[-58,-22]],[[18108,62177],[-80,-29]],[[18028,62148],[-92,-38],[-16,-85]],[[17920,62025],[-135,32],[-46,154],[-201,-2],[-29,62],[-37,4],[-80,-50],[-29,-80],[26,-81],[-222,47],[-104,-17],[-37,-97],[-106,54],[-69,-29],[-74,64],[31,124],[-134,43],[-10,55],[-64,20],[-46,271],[-78,-52],[6,-80],[-57,-2],[-17,-83],[-78,3],[10,106],[-132,56],[56,-96],[-43,-40],[-209,-17],[-136,54],[-171,-47],[15,-29],[187,-26],[29,-54],[-118,-63],[53,-128],[-192,-172],[-45,12],[0,69],[-64,-74],[-98,5],[-1,56],[-180,33],[4,85],[-73,0],[-72,73],[-97,-74],[-47,13],[4,65],[-104,51],[-9,43]],[[14897,62286],[14,55]],[[14911,62341],[-26,14],[26,37],[-68,40],[-24,74],[33,141],[-43,58],[56,33],[28,-40],[50,12],[-72,74],[6,88],[62,16],[-13,90],[91,10]],[[15017,62988],[123,-17],[-12,-34],[118,-36],[2,-30],[140,-66],[1,-45],[83,-4],[14,114],[-48,3],[-6,38],[31,30],[181,3],[19,18],[-71,55],[63,98],[67,-8],[36,31],[37,-27],[127,131],[100,-28]],[[16022,63214],[59,29],[-15,-82],[72,-74],[114,10],[8,-101],[69,4],[8,71],[57,15],[231,-14],[-41,12],[26,48],[177,18],[146,-25],[161,139],[5,92],[-165,124],[32,216],[204,-55],[48,85],[114,25],[230,-10],[45,40],[127,-131],[88,59],[181,0],[47,70],[113,6],[17,115],[58,60],[-30,71],[-268,17],[11,60],[-173,39],[-31,52],[205,126],[2,37],[49,4],[13,43],[-67,109],[-95,12],[-24,86],[200,174],[11,98]],[[18041,64888],[65,42]],[[18106,64930],[155,23],[107,63],[72,-3],[36,-85],[71,-17],[147,13],[100,59]],[[18794,64983],[92,55],[163,5],[7,-160],[260,53],[155,-8],[150,95],[76,-51],[-13,-78],[-57,-11],[-36,-112],[63,-20],[-27,-18],[-188,46],[-64,-34],[7,-45],[-58,-61],[-99,10],[-83,-206],[-38,27],[-110,-23],[-2,-109],[-55,-67],[72,-21],[39,-130],[34,-10],[-160,-151],[184,-103],[14,-37]],[[19120,63819],[-108,-145],[42,-12],[2,-192],[67,-75],[-81,-180],[68,-33],[-227,-397],[129,-81],[-61,-268],[-148,15],[-27,-38],[-117,42],[-153,-93],[-47,33],[-23,-23],[-60,54],[-103,6]],[[18273,62432],[-18,27],[16,-55]],[[18271,62404],[-53,13],[-88,-8],[88,8],[53,-13]],[[18271,62404],[-124,-118],[-39,-109]],[[17933,62462],[6,11],[-54,1],[48,-12]],[[17853,62883],[-13,-53],[13,53]],[[17768,62802],[21,-42],[-15,49],[-6,-7]],[[17739,62746],[0,0]],[[17691,62657],[0,0]],[[17735,62652],[65,6],[-65,-2],[0,-4]],[[17710,62578],[25,74]],[[17735,62652],[-25,-74]],[[17778,62461],[0,0]],[[17389,62601],[0,0]],[[17389,62601],[45,-9],[1,0],[-46,9]],[[17395,62720],[0,0]],[[17392,62628],[-71,33],[71,-33]],[[17600,62671],[0,0]],[[17486,62728],[0,0]],[[18133,62504],[46,6]],[[18179,62510],[0,0]],[[18179,62510],[-117,-3]],[[18062,62507],[0,0]],[[18062,62507],[71,-3]],[[18055,62719],[-9,16],[9,-16]],[[17908,62665],[50,-17],[-50,17]],[[17875,62701],[0,0]],[[11396,65273],[-77,-79],[-54,1],[-78,157],[35,9],[87,184],[-40,26],[-133,13],[-115,-83],[-122,26],[-62,-47],[-97,82],[-163,-27],[-76,86],[-141,-35],[-51,66],[-124,23],[-218,156]],[[9967,65831],[71,11]],[[10038,65842],[0,0]],[[10038,65842],[-156,14]],[[9882,65856],[-71,70],[-275,123],[-12,93],[108,-6],[-3,44],[-190,78],[-180,-101],[-50,8],[-62,158],[-72,-47],[-199,48],[-253,-127],[-134,69],[-10,71],[-95,18],[-22,34]],[[8362,66389],[-9,49],[261,48],[102,90],[178,42],[-92,118],[4,171]],[[8806,66907],[170,-15],[80,72],[-21,119],[-123,32],[-64,60],[203,28],[72,-22],[43,60],[-32,165],[46,54],[84,14],[182,-42],[159,-69],[53,-69],[163,19],[7,43],[147,-48],[73,39],[312,-52],[-8,82],[-66,30],[116,86],[175,-27],[4,120],[167,-29],[43,153],[-48,5],[-147,1],[-71,-55],[-187,6],[-39,-58],[-186,51],[-101,-176],[-212,41],[-203,98],[100,124],[234,13],[219,-74],[62,80],[-15,37],[114,49],[9,185],[-46,40],[25,79],[189,17],[29,125],[88,21]],[[10605,68319],[141,-96],[106,1],[47,-83],[56,-15],[96,17],[167,-64],[123,20],[83,-57],[66,-2],[129,62],[73,-28],[166,5],[117,-42],[10,-39],[198,-70],[-144,-174],[132,-79],[74,22],[46,73],[144,52],[63,171]],[[12498,67993],[169,-7],[138,61],[223,-11],[66,-49],[69,-99],[24,-293],[87,-59],[-52,-122],[39,-167],[-61,-13],[-48,-109],[99,-190],[156,-4],[-99,-62]],[[13308,66869],[-71,-15],[-25,-39],[4,-85],[67,-61],[4,-105],[-48,-23],[-466,147],[25,63],[-45,18],[-64,-128],[-199,-157],[68,-65],[-32,-146]],[[12526,66273],[-111,5],[109,-10],[30,-86]],[[12554,66182],[-23,-60],[-81,-29],[10,-71],[-44,-30]],[[12416,65992],[0,0]],[[12416,65992],[-24,-25],[156,-114],[-28,-77],[59,-22],[-107,-209],[-109,-63],[-14,-102],[-198,-84],[-11,-215],[-123,-72],[255,-99],[-63,-264]],[[12209,64646],[-61,12],[-35,-92],[-121,-57],[-127,24],[-10,67],[-110,8],[-76,-28],[72,-101],[-99,13],[-195,-89],[-39,7],[-33,77],[32,80],[-48,14]],[[11359,64581],[2,87],[-95,83],[-35,174],[223,-4],[40,139],[66,-17],[90,98],[-21,57],[-233,75]],[[10131,65901],[-46,20],[-29,20],[-3,-15],[78,-25]],[[10131,65901],[0,0]],[[9970,66415],[51,-37],[7,6],[-58,31]],[[9970,66415],[-11,33],[11,-33]],[[10312,66482],[-20,-42],[15,-27],[5,69]],[[10373,66421],[-32,-17],[29,-9],[3,26]],[[10887,66415],[0,0]],[[10887,66415],[-41,-3],[41,3]],[[10879,66310],[-1,31],[1,-31]],[[10758,66289],[53,-9],[-53,9]],[[10633,66295],[41,-5],[-41,5]],[[10567,66296],[0,0]],[[10444,66282],[8,24],[-26,12],[18,-36]],[[10478,66261],[0,0]],[[10442,66076],[26,-85],[-26,85]],[[10442,66076],[9,65],[-9,-65]],[[10410,65933],[0,0]],[[10292,66045],[0,0]],[[10292,66045],[113,-64],[-113,64]],[[10161,66092],[0,0]],[[10161,66092],[26,-61],[17,10],[-43,51]],[[10003,65988],[25,32],[-40,14],[40,-14],[-25,-32]],[[9746,66194],[-30,-3],[75,-4],[-45,7]],[[9973,66218],[0,0]],[[9969,66325],[0,0]],[[10058,66581],[0,0]],[[12281,66035],[0,0]],[[37583,62525],[-170,-122],[-57,-137],[72,-144],[172,-82]],[[37600,62040],[213,-156],[42,-189],[-13,-226],[54,-83],[239,-170],[66,-257]],[[35880,61041],[6,45],[67,123],[-2,22],[-40,-21],[22,-38],[-31,-53],[-19,4],[-3,-82]],[[35776,61234],[0,123],[-1,-3],[1,-120]],[[35776,61234],[0,0]],[[35831,61383],[49,68],[-49,-68]],[[35831,61383],[0,0]],[[35945,61521],[0,0]],[[36095,61470],[0,0]],[[36172,61439],[7,1],[-8,-1],[1,0]],[[36215,61105],[4,-4],[-1,25],[-3,-21]],[[36114,60994],[0,0]],[[36015,60998],[0,0]],[[36298,61309],[-2,-4],[8,-46],[-6,50]],[[36379,61366],[0,0]],[[36344,61502],[0,0]],[[36253,61134],[0,0]],[[36275,61457],[0,0]],[[38091,57007],[-20,-18]],[[38071,56989],[-344,-159],[-554,-33],[-482,-194]],[[36691,56603],[-398,137],[-136,222],[81,-5],[-161,113],[-289,-56],[-34,272],[97,48],[-76,45]],[[36155,60233],[-125,130],[10,39],[196,37],[29,139],[84,-27],[199,122],[313,16],[-8,47],[282,42],[53,75],[139,88],[15,75],[163,47],[8,101],[183,-19],[240,-114],[265,-72]],[[38201,60959],[-34,-237],[-97,-179],[-4,-111],[46,-286],[287,-744],[31,-110],[-28,-4]],[[38402,59288],[-241,-28],[-77,-31],[-74,-93],[144,-110],[313,51],[170,-226],[220,-104],[-87,-165],[-1,-356],[151,-302],[-10,-172],[-166,-264],[-451,-331],[-230,-61],[28,-89]],[[36057,62287],[57,-85],[-263,-153],[-136,-124],[-61,88],[-189,-121],[-47,28],[-92,-63],[-58,6],[-48,-44],[33,-16],[-48,-106],[79,-8],[8,-85],[-151,-49],[-37,-87],[26,-16],[-47,-45],[-84,9],[-9,55],[-65,-25],[-152,38]],[[36124,62513],[-127,-84],[44,-33],[-33,-15],[18,-92],[31,-2]],[[34114,66470],[-171,57],[-69,-25],[-161,183],[-136,-26],[-100,46],[-328,-99],[-161,28],[14,112],[141,-38],[74,88],[-107,223],[35,66],[139,88],[-8,42]],[[33276,67215],[-346,-17],[1,63],[156,196],[-83,76]],[[33004,67533],[-15,37]],[[32989,67570],[54,74],[77,23]],[[33120,67667],[73,15],[-12,56]],[[33181,67738],[5,60]],[[33186,67798],[54,42],[-3,54],[-73,16],[-79,133]],[[33085,68043],[26,81],[55,-8],[124,60],[81,-255],[59,9],[49,66],[495,32],[47,-93],[179,-44],[-4,-67],[57,-53],[203,27],[182,-44],[129,132],[228,131],[82,-5],[-43,130],[-140,108],[82,-7],[40,72],[94,20],[126,87],[148,31],[-80,203]],[[35304,68656],[-28,94],[324,42],[-60,93],[86,43],[118,148],[25,47],[-39,130],[133,104],[366,-69],[442,30]],[[36671,69318],[234,-124],[104,-20],[52,-144],[113,124],[-27,45],[59,55],[324,-132],[284,105],[154,-99],[52,-85],[15,-152],[-113,-139],[249,-69],[26,-58],[-71,-148],[-73,-22],[0,-33],[-153,34],[-83,-33],[25,-117],[85,-35],[129,-183],[79,24],[118,-38],[-97,-105],[44,-82],[-14,-88],[131,-14],[63,-89],[-21,-44],[-310,-132],[45,-73],[-39,-497],[48,-144],[-428,-63],[-16,-154],[136,-224],[139,-87]],[[35054,67139],[49,12],[-50,-10],[1,-2]],[[35091,67068],[-29,-43]],[[35062,67025],[29,43]],[[35031,66992],[-34,38],[34,-39],[31,34]],[[35062,67025],[-31,-33]],[[35157,66869],[56,7],[-2,4],[-54,-11]],[[35137,66818],[0,0]],[[35134,66776],[55,-8],[-5,5],[-50,3]],[[34553,66939],[-2,-2],[-10,-33],[12,35]],[[34568,66986],[0,0]],[[34631,67136],[-19,-37],[19,37]],[[34735,67139],[35,-16],[-34,17],[-53,-16],[52,15]],[[34612,66896],[33,-4],[39,77],[-39,-77],[-33,4]],[[34928,66903],[2,-1],[34,38],[-36,-37]],[[35064,66818],[0,0]],[[35026,66857],[33,13],[-33,-13]],[[34963,66945],[0,0]],[[34909,66986],[0,0]],[[34948,67039],[0,0]],[[34750,67068],[0,0]],[[34776,67050],[-20,-46],[1,-13],[19,59]],[[35244,66841],[12,3],[-15,2],[3,-5]],[[35310,66930],[68,-18],[-106,34],[38,-16]],[[35310,66930],[0,0]],[[35297,66853],[36,33],[-50,-36],[14,3]],[[35348,67111],[-31,-39],[31,39]],[[35292,67158],[18,-6],[-18,6]],[[35263,67201],[0,0]],[[35156,67200],[-20,0],[-9,-15],[29,15]],[[35416,66924],[15,36],[-15,-36]],[[35416,66924],[0,0]],[[29667,65562],[190,-29],[166,63],[2,98],[301,-8],[54,-67],[65,-1],[14,-84],[548,-69],[16,-79],[163,56],[100,-38],[112,15],[-33,125],[199,71],[85,10],[35,-41],[67,9],[64,-36],[125,6],[101,64],[359,-86],[31,-99],[-114,-168],[78,-1],[169,155],[87,36],[-75,83],[-9,158]],[[32567,65705],[76,23],[128,-171],[152,-12],[-7,-85],[128,8],[27,120],[88,3],[99,-6],[51,-39],[25,-94],[118,-17],[26,43],[167,67],[138,9],[40,56],[60,-45],[79,91],[148,30],[30,48]],[[34479,63816],[-171,-61],[-54,95],[-60,28],[-246,45],[2,-93],[207,-23],[97,-88],[-196,-60],[23,-130],[158,-107],[-176,-2],[-12,-80],[-240,3]],[[32505,65262],[-37,-42],[37,42]],[[32505,65262],[0,0]],[[32834,65087],[0,0]],[[32834,65087],[-9,31],[-11,2],[20,-33]],[[32659,65028],[23,31],[-25,-30],[2,-1]],[[32760,65037],[-79,-11],[25,-2],[54,13]],[[32729,65084],[0,0]],[[32666,65300],[0,0]],[[32781,65307],[-28,-5],[49,1],[-21,4]],[[32848,65185],[15,7],[4,22],[-19,-29]],[[32910,65244],[22,33],[-120,24],[101,-23],[-3,-34]],[[33276,58395],[-5,101],[-137,64],[-100,20],[-39,-75],[-129,-7],[-298,196],[-9,78]],[[32559,58772],[-23,72],[-109,32],[59,88],[131,8],[18,51],[-85,21],[-40,59],[18,56],[193,-40],[48,60],[-25,56],[-72,37],[-139,-6],[-163,83],[-23,103],[50,47],[105,3],[43,43],[-23,67],[-61,4],[-18,44],[-146,8],[-25,27]],[[34504,60354],[48,-13],[54,47],[128,-18],[19,-110],[269,-18],[1,-96],[64,-10],[-13,-165],[121,1],[23,84],[-80,13],[112,70]],[[35250,60139],[50,154],[293,-19],[124,-39],[80,51],[86,-17],[114,-97],[81,5],[77,56]],[[36155,60233],[34,-72],[-42,-34],[52,-23],[39,43],[72,-9],[102,-66],[-43,-133],[79,-73],[91,-25],[-90,-29],[34,-108],[79,-20],[-17,-71],[38,-43],[94,-16],[-12,-103],[47,-4],[-5,-56],[148,-71],[5,-106],[44,-17],[-33,-52],[-119,4],[13,-193],[-119,0],[-63,-39],[-91,-177],[203,-150],[146,-40],[162,6],[85,-108],[-64,-47],[29,-29],[53,-5],[3,71],[501,-174],[-109,-135],[-249,49],[-106,-62],[-90,-162],[-287,9],[-150,-201],[-106,6],[-6,92],[-70,24],[-22,-173],[-110,-54],[-100,22],[-219,-70],[-44,-28],[-12,-105],[-155,-97]],[[35775,57379],[-219,95],[-260,191],[-382,152],[-133,-57],[-368,254],[-55,-10],[12,39],[-77,-18]],[[34293,58025],[-19,43],[-68,-33],[-371,155],[-110,0],[0,35],[-78,4],[-32,53],[-225,16],[-47,-59],[-141,43],[-74,116],[148,-3]],[[33958,59304],[0,0]],[[33270,59320],[-26,124],[48,12],[48,-30],[-48,30],[-48,-12],[26,-124]],[[33421,59342],[-27,3],[27,-3]],[[33567,59240],[0,0]],[[33567,59240],[-114,81],[114,-81]],[[33958,59304],[22,46],[-13,103],[-14,-88],[5,-61]],[[33916,59651],[-4,-5],[65,-122],[-36,69],[-25,58]],[[33744,59182],[-26,-3],[26,3]],[[33747,59182],[33,-26],[0,2],[-33,24]],[[33813,59284],[133,18],[-61,-4],[-72,-14]],[[33381,59555],[30,-32],[-30,32]],[[33434,59692],[-3,-99]],[[33431,59593],[0,0]],[[33431,59593],[3,99]],[[33601,59650],[-167,64],[0,-1],[167,-63]],[[33601,59650],[34,-40],[-34,40]],[[33706,59652],[-40,-32],[9,1],[31,31]],[[33792,59615],[0,0]],[[35382,63483],[-32,13],[-49,-131],[-114,20],[2,-29],[-89,-28],[41,-21],[-79,-30],[25,-51],[80,12],[-27,-48],[-72,-6],[-17,46],[-240,19],[-30,-80],[-165,0],[-78,80],[62,128],[-103,43],[107,62],[-66,70],[68,55],[32,13],[48,-77],[39,0],[17,84],[-157,30],[-9,61],[134,26],[19,68],[-17,30],[-172,-55],[-61,29]],[[34479,63816],[26,29],[-80,78],[37,12],[-20,52],[116,73],[9,36],[-43,29],[31,24],[-123,59],[-96,142],[45,47],[102,-19],[67,61],[-142,26],[-5,241],[-207,165],[-13,93],[-130,16],[-5,25],[38,270],[76,4],[46,101],[-112,62],[14,53],[74,52],[242,-5],[-56,66],[56,43],[-286,83]],[[34140,65734],[50,89],[-22,274],[-62,149],[82,153],[-74,71]],[[34114,66470],[9,56],[166,38],[134,-59],[50,26],[216,-102],[50,-78],[130,20],[92,-31],[107,48],[95,-58]],[[35163,66330],[97,-105],[-138,-69],[60,-42],[7,-80],[191,7],[44,34],[119,-111],[-14,-251],[120,-15],[22,-65],[115,32],[-9,-36],[63,-27],[-19,-93],[184,1],[54,39],[-26,48],[33,55],[-109,148],[33,77],[96,145],[84,6],[73,81],[108,6],[43,79],[260,-28],[32,70],[115,-9],[57,-100],[-38,-193],[337,-21],[7,-33],[54,18],[-170,206],[32,100],[102,100],[314,8],[98,-122],[40,35],[300,53]],[[37934,66278],[87,-252],[110,-61],[-3,-45]],[[38128,65920],[-416,-211],[-23,-75],[38,-270],[-119,-5],[-83,-42],[-263,10],[11,-62],[-56,-32],[98,-48],[-52,-156],[-119,46],[-66,-8],[-72,-59],[42,-72],[236,-57],[53,-91],[106,-1],[47,-99],[-189,-281],[50,-31],[118,65],[50,-18],[-185,-195],[-151,-33],[34,-51],[-14,-211],[248,-8],[-165,-265],[23,-172],[187,-340],[66,53],[125,-30],[108,-73],[19,-46],[-54,-11],[92,-95]],[[37852,62946],[-246,8],[69,-258],[-92,-171]],[[37583,62525],[-204,-19],[-159,80],[-17,-252],[-17,-44],[-62,-10],[-71,6],[19,286],[56,11],[-253,96],[-111,-108],[-146,83],[0,-31],[-266,-33],[-93,-139],[-135,62]],[[36124,62513],[32,127],[-189,48],[-15,-65],[-39,19],[10,61],[-59,37],[34,101],[-15,185],[99,60],[-219,65],[98,30],[-18,45],[-332,14],[-4,115],[-125,128]],[[36435,64167],[-4,-80],[-1,160],[5,-80]],[[35943,64175],[89,51]],[[36032,64226],[0,0]],[[35909,64143],[34,32]],[[35943,64175],[-34,-32]],[[36199,64074],[-7,-38],[34,62],[-27,-24]],[[36105,64042],[16,-50],[7,-4],[-2,53],[-21,1]],[[36267,63885],[5,2],[9,43],[-14,-45]],[[36315,63769],[1,1],[-12,62],[11,-63]],[[36408,63681],[52,-23],[16,23],[-46,7],[-22,-7]],[[36011,63727],[-10,-14],[18,-32],[-8,46]],[[35918,64045],[-1,12],[-20,-30],[21,18]],[[36138,63907],[-1,-39],[5,50],[-4,-11]],[[36151,63938],[-1,-3],[63,-1],[-62,4]],[[36361,63898],[-14,0],[-61,-7],[75,7]],[[36464,64037],[-1,0],[150,-35],[-149,35]],[[36773,64076],[-1,-16],[4,8],[-3,8]],[[29719,62025],[-35,-27],[-242,72]],[[29442,62070],[-22,53],[-334,143],[-345,-88],[-224,57],[-147,-54],[-12,25],[-264,9]],[[28094,62215],[-24,117],[-106,-41],[-32,96],[-129,52],[-137,129],[-119,-42],[-43,18],[-60,143],[-121,83],[43,25],[25,94],[2,226],[-75,29],[48,175],[-32,126],[-119,4],[-73,68],[-181,49],[-162,-68],[-153,11],[-94,26],[1,79]],[[26553,63614],[260,172],[164,39],[116,70],[37,115],[128,80],[23,41],[-37,25],[51,14],[-107,31],[29,58],[88,-2],[-9,88],[-53,9],[69,65],[-46,43],[72,-1],[150,78],[141,170],[127,9],[25,114],[40,51],[48,-12],[-14,56],[110,3],[2,75],[89,67],[-36,48],[61,3],[45,36],[-21,42],[55,2],[80,69],[79,174],[97,-6],[21,28],[-60,23],[41,25],[-16,100],[59,48]],[[28461,65664],[98,69],[98,-10],[1,-71],[493,-23],[255,-49],[46,55],[146,-5]],[[29598,65630],[72,4],[-3,-72]],[[29667,65562],[-89,-197],[185,9],[41,-30],[7,-202],[79,-1],[4,-81],[189,-44],[235,-347],[-59,-21],[6,-66],[-103,-41],[-44,-137],[-67,-59],[368,-23],[18,-101],[186,-7],[84,2],[131,70],[1,51],[122,21],[-13,-210],[-143,16],[-67,-126],[-76,1],[-35,-157],[69,-20],[3,-60],[-143,-118],[18,-80],[41,0],[7,-117],[-73,-44]],[[32309,60049],[169,-182],[-76,-72],[-133,-39],[3,-61]],[[32272,59695],[-75,8],[-50,48],[33,31],[-45,16],[-106,181],[-80,-51],[-170,40],[-58,-43],[1,-176],[-228,43],[-161,-27],[-43,19],[-46,176]],[[31244,59960],[-52,138],[50,-11],[6,-39],[134,-2],[108,116],[-55,79],[-110,49],[-8,-38],[-257,-20],[-121,-40],[-158,84],[5,37],[211,2],[-18,61],[82,29],[52,163],[44,31],[-88,125],[20,38],[-141,54],[-68,65],[-54,-3],[-11,-83],[-136,-19],[-44,-160],[-167,11],[-55,-63],[-87,5],[45,211],[38,-8],[32,90],[-12,41],[-86,33],[13,142],[-110,55],[57,213],[-44,24],[34,48],[-54,39],[5,21],[97,-12],[17,84],[-131,65],[62,91],[-162,58],[-196,-27],[-121,42],[-25,89],[80,73],[-146,84]],[[29719,62025],[151,161],[223,-77],[108,117],[-146,142],[73,66],[134,-1],[159,53],[12,44],[-232,66],[-34,37],[231,84],[46,94],[-269,0],[-155,67]],[[30020,62878],[39,91],[220,-5],[219,76],[8,158],[-207,122],[250,123]],[[30549,63443],[400,-52],[58,40],[259,1],[251,-113],[43,175],[183,37],[67,57],[83,-26],[26,43],[168,11]],[[32087,63616],[11,22],[54,-8],[8,-34],[77,19],[-46,-155],[-121,13],[-8,-256],[111,-17],[57,22],[40,193],[166,-17],[52,-57],[47,-3],[18,66],[61,-1],[5,60],[-60,71],[104,23],[54,57],[347,62],[19,-38],[93,1],[1,-104],[204,52],[9,-55],[78,2],[69,-57],[24,-134],[83,85],[10,-41],[148,5],[9,-49]],[[33811,63343],[36,-122],[-143,-169],[30,-30],[111,59],[-60,-83],[113,-50],[94,-109],[4,-79],[43,-12],[45,45],[241,-137],[35,-83],[-63,-27],[-7,-57],[119,23],[61,112],[120,19],[-42,-41],[-10,-112],[-116,-50],[-4,-52],[16,-90],[70,-74],[-34,-46],[55,-195],[46,6],[43,-37],[-6,-68],[-42,-4],[16,-131],[49,-6],[46,-154],[96,-105]],[[34773,61484],[15,-181],[91,14],[-25,-51],[88,5],[22,-36],[-31,-33],[-93,36],[-41,-67],[-19,-64],[44,-13],[-33,-189],[-117,-37],[-94,51],[-148,-114],[5,-219],[51,-115],[-39,-78],[55,-39]],[[34504,60354],[-162,-86],[-160,72],[0,107],[-87,-2],[-52,47],[-89,-36],[-19,189],[103,130],[0,52],[-42,4],[-44,-120],[-153,-130],[-207,33],[-36,-22],[-127,44],[-142,-99],[-67,28],[-159,-20],[-87,39],[-38,-37],[109,-95],[-20,-24],[-139,19],[-39,-10],[16,-66],[-162,24],[-76,-61],[-97,41],[-236,-223],[-43,-3],[16,-76],[44,-24]],[[33216,61754],[-32,42],[32,-42]],[[33294,61577],[5,99],[-3,14],[-2,-113]],[[33294,61577],[0,0]],[[33413,61540],[-4,10],[-36,-22],[40,12]],[[33123,61436],[-59,19],[59,-19]],[[33123,61436],[0,0]],[[32891,61591],[0,0]],[[32844,61630],[0,0]],[[32892,61691],[7,-20],[-7,20]],[[32885,61711],[0,0]],[[32905,61720],[0,0]],[[33207,61749],[-11,-6],[11,6]],[[33429,61501],[-14,33],[4,-55],[10,22]],[[33713,61447],[9,22],[-37,-11],[75,-38],[-47,27]],[[33751,61253],[0,0]],[[20905,78000],[-185,12],[-28,-69],[-46,-6],[-254,80],[-8,-70],[-59,-13],[-43,33],[-49,-20],[-72,31],[-220,-50],[-114,56],[-101,6],[-17,169],[-85,-2],[-9,-35],[-171,1],[-81,78],[-107,154],[-34,193],[-383,-19],[-39,-44],[58,-116],[-71,-24],[-162,100],[-40,85],[-195,103],[50,159],[-112,-16],[-28,59],[-118,-18],[-65,150],[-170,-22],[-13,30],[-97,3],[-11,61],[-51,15],[20,215],[66,4],[-106,40],[6,115],[85,35]],[[13755,86985],[1,40]],[[13756,87025],[103,2],[-103,-2]],[[13756,87025],[-30,-34],[29,-6]],[[13714,86937],[0,0]],[[13742,86922],[0,0]],[[13950,86919],[6,6],[-12,16],[6,-22]],[[14110,87114],[38,48],[-2,2],[-39,-49],[3,-1]],[[13814,87487],[0,0]],[[13828,87226],[-94,41]],[[13734,87267],[0,0]],[[13734,87267],[101,-46],[23,39],[-30,-34]],[[13666,87248],[-28,-41],[20,-69],[-11,46],[19,64]],[[13401,86863],[0,0]],[[13671,86796],[103,80],[83,-16],[-83,16],[-103,-80]],[[13671,86796],[0,0]],[[13420,86786],[33,17],[-33,-17]],[[13368,86823],[0,0]],[[13368,86823],[54,20],[-12,11],[-42,-31]],[[14114,87198],[12,-14],[4,-3],[-16,17]],[[14013,87320],[33,-20]],[[14046,87300],[0,0]],[[14046,87300],[-33,20]],[[13941,87392],[0,0]],[[13938,87380],[35,-28],[-32,40]],[[13941,87392],[-3,-12]],[[11982,81463],[-247,-10],[-74,31],[35,92],[-74,-11],[-73,-38],[16,-76],[-56,-53],[16,-28],[-142,-5],[2,193],[-57,18],[65,146],[-25,81],[-86,-16],[-54,28],[-7,112],[-112,17],[-97,-132],[-96,54],[27,99],[-42,31],[-72,20],[-122,-43],[-22,37],[-155,58],[-60,78],[18,52],[-94,9],[4,92],[104,133],[24,186],[-340,38],[-23,-62],[-39,-4],[-3,52],[-264,-23],[-9,48],[-44,-6],[-5,89],[-178,68],[-3,46],[-276,-31],[114,138],[-37,10],[-26,129],[-40,12],[48,120],[135,88],[38,102],[12,178],[-57,12],[41,174],[-30,153]],[[11482,83407],[-21,-38],[10,-32],[11,70]],[[11626,83290],[35,-14],[-43,20],[8,-6]],[[11861,83482],[-49,-85],[-67,-119],[116,204]],[[11678,83642],[52,38],[-91,-56]],[[11639,83624],[-15,-35],[-153,13],[153,-13],[15,35]],[[11639,83624],[39,18]],[[11486,83483],[52,12]],[[11538,83495],[134,-6]],[[11672,83489],[-134,6]],[[11538,83495],[-52,-12]],[[11718,83499],[0,0]],[[11672,83489],[46,10]],[[11377,83615],[-19,-26],[19,26]],[[11480,83455],[-2,-7],[2,-6],[0,13]],[[11361,83749],[0,0]],[[11330,83791],[0,0]],[[11361,83816],[0,0]],[[11742,83767],[-68,20],[68,-20]],[[11807,83784],[-25,1],[25,-1]],[[11828,83701],[0,0]],[[10130,84897],[97,-216],[-39,-96],[54,-167],[93,-26],[-36,-30],[-93,23],[-65,-185],[-78,-3],[-25,61],[-70,1],[-51,-22],[-6,-60],[-163,8],[-47,-100],[-84,12],[-44,-142],[-33,-6]],[[9540,83949],[-216,10],[-106,47],[-217,23]],[[10462,87951],[-90,-50],[0,-42],[174,-40],[29,-32],[-46,-70],[59,-126],[90,-2],[60,-92],[60,-21]],[[11129,85624],[-140,-37],[36,-26],[-61,-25],[47,-133],[-190,-59],[-50,-87],[-164,-31],[-42,48],[-92,18],[-50,-93],[77,-44],[-22,-60],[67,-154],[-299,-57],[-116,13]],[[9669,86545],[50,-8],[-50,8]],[[9638,86498],[-28,-46],[3,-19],[28,69],[-3,-4]],[[9624,86367],[1,5],[-3,5],[2,-10]],[[9597,86298],[23,40],[1,8],[-24,-48]],[[9580,85826],[7,2],[-10,2],[3,-4]],[[9484,86258],[-4,1],[-10,-17],[14,16]],[[9437,86168],[6,31],[-9,-13],[3,-18]],[[9303,85765],[-27,18],[3,103],[-9,-114],[33,-7]],[[9303,85765],[0,0]],[[9397,85717],[0,0]],[[9485,85825],[14,12],[-8,-1],[-6,-11]],[[9413,86089],[0,0]],[[9415,86041],[-31,-22],[31,22]],[[9331,85945],[0,0]],[[9258,85921],[0,0]],[[9546,86267],[-9,-23],[60,54]],[[9597,86298],[-51,-31]],[[9906,86181],[0,0]],[[9988,86209],[11,39],[-9,-11],[-2,-28]],[[9988,86209],[-82,-28]],[[9862,86056],[-1,-38]],[[9861,86018],[6,119],[-5,-81]],[[9675,85888],[-23,23],[134,87],[85,-17]],[[9861,86018],[10,-37]],[[9674,85868],[1,20]],[[9675,85888],[-1,-20]],[[9652,85845],[9,10],[-35,-17],[26,7]],[[9884,86414],[11,-21],[-26,51],[15,-30]],[[9837,86473],[23,-11],[-21,45],[-2,-34]],[[9999,86356],[-2,6],[2,-6]],[[9808,86532],[0,0]],[[17006,81633],[-221,-28],[-10,-29],[-111,-27],[-6,-42],[-208,-9],[-10,37],[-176,59],[-19,53],[-174,3]],[[18575,79444],[-119,24],[-125,-61],[-46,31],[-312,-10],[-28,42],[-99,-7]],[[17846,79463],[-86,143],[-280,-18],[-35,142],[-207,17],[98,67],[15,54],[43,-31],[126,-2],[83,35],[18,91],[-52,41],[23,31],[101,-4],[-3,68],[-39,4],[-12,86],[-80,-4],[-53,111],[105,75],[-7,28],[149,57],[34,100],[-82,75],[47,142],[-82,86],[-86,208],[-248,-33],[-106,29],[-82,162],[16,198],[-52,49],[62,140],[-168,23]],[[17006,81633],[-13,118],[310,76],[84,-67],[275,-25]],[[20841,81066],[-34,-110],[-95,0],[-41,-30],[-48,22],[8,-106],[-105,-96],[79,-61],[67,34],[218,-75],[94,-243],[-33,-53],[-56,0],[-73,-194],[-138,5],[-11,-138],[73,-67],[-42,-28],[-68,-17],[-238,61],[-76,-9],[2,-43],[172,-135],[26,-83],[-40,-21],[-26,34],[-54,-11],[-19,-52],[-82,18],[-47,-98],[-77,19],[-200,-104],[-92,55],[25,114],[-103,-19],[-53,58],[-207,-65],[-292,10],[-200,-73],[-108,38],[-332,-13],[38,-146],[-78,0]],[[20283,81302],[0,0]],[[20176,81297],[10,0],[28,6],[-38,-6]],[[20065,80816],[76,22],[23,28],[-39,-30],[-60,-20]],[[20061,80767],[0,0]],[[19946,80774],[0,0]],[[19722,80876],[0,0]],[[19805,81008],[-74,-30]],[[19731,80978],[-36,-52],[36,52]],[[19805,81008],[0,0]],[[19855,81058],[-50,-50]],[[19805,81008],[50,50]],[[19953,81073],[-44,-12],[20,0],[24,12]],[[19964,81113],[-10,61]],[[19954,81174],[10,58],[-30,34],[30,-34],[-10,-58]],[[19954,81174],[15,-93],[-5,32]],[[20058,81304],[0,0]],[[20419,81164],[0,0]],[[20333,80878],[0,0]],[[20402,80959],[0,0]],[[20367,81261],[126,-44]],[[20493,81217],[-126,44]],[[20493,81217],[0,0]],[[25698,76803],[-8,34],[-164,-15],[-54,29],[-12,140],[-42,21],[-56,-1],[-37,-102],[-133,-11],[-14,-31],[-62,22],[-81,-22],[-26,80],[-80,-6],[-87,91],[-165,38],[94,40],[-10,26],[-66,36],[-73,-9],[-59,32],[14,40],[-308,1]],[[27324,76995],[0,0]],[[27136,77181],[0,0]],[[27139,77023],[0,0]],[[27173,77157],[0,0]],[[21676,77401],[-75,-61],[-37,41]],[[21564,77381],[-111,-6]],[[21453,77375],[-49,7]],[[21404,77382],[-36,105],[42,468],[-154,-102],[-179,-3],[-133,87],[-73,5],[34,58]],[[20905,78000],[0,70],[-215,85],[-6,45],[126,65],[-55,127],[-71,22]],[[20684,78414],[-16,67],[66,24],[-4,38],[136,8],[20,123],[73,66],[256,-38],[275,27],[54,-160],[64,-53],[-52,-62],[203,-5],[47,-55],[227,15]],[[24264,77945],[102,18],[47,-88],[-59,-67],[33,-94],[-32,-15],[18,-63],[55,12],[17,-32],[-314,-53],[13,-52],[95,-4],[3,-131],[47,4],[-20,-144]],[[24269,77236],[48,-36],[14,-135],[-240,-30],[-104,57],[-28,87],[-62,-13],[-66,-167],[-181,9],[-44,-51],[-57,-16],[-118,32],[-30,-36],[-100,68],[22,39],[-50,8],[-28,62],[-154,4],[-19,66],[-55,-1],[6,52],[-252,179],[-108,-23],[-16,-105],[-122,-36],[-57,83],[-231,11],[-38,41],[-103,14],[-18,62],[-62,-18],[-47,30],[33,21],[-96,39],[-78,3],[-18,-103],[-101,11]],[[21709,77444],[-11,48]],[[21698,77492],[0,0]],[[21698,77492],[-22,-91]],[[21733,77621],[0,0]],[[21597,77636],[81,-50]],[[21678,77586],[103,-23],[-103,23]],[[21678,77586],[-81,50]],[[21880,77578],[-21,6],[1,-7],[20,1]],[[21457,77588],[0,0]],[[21508,77571],[0,0]],[[21570,77539],[-10,22],[6,-21],[4,-1]],[[21814,77647],[15,-16],[28,-11],[-43,27]],[[14301,86386],[156,-19],[16,-69],[104,23],[-27,42],[75,26],[85,100],[-68,78],[-174,13],[3,49],[148,28],[-15,87],[66,34],[88,-186],[62,-36],[177,16],[119,61],[210,-122]],[[13633,85194],[-3,50],[-272,-22],[-58,59],[-98,-8],[-69,34],[-65,-2],[-14,-73],[-80,-40],[-112,71],[-178,17],[-55,40],[19,45],[-207,-30],[-54,50],[-42,-43],[-89,-7],[-309,95],[-85,89],[-184,49],[-198,-1],[-82,31],[-106,-73],[-112,-2],[-51,101]],[[11129,85624],[-46,106],[-187,-7],[-115,85],[-106,-10],[-4,157],[-96,105],[38,35],[130,15],[-7,90],[-105,61],[112,14],[25,116],[-85,28],[118,108],[-118,17],[-89,-27],[-30,33],[59,60],[174,-18],[93,97],[-21,82],[-69,22],[-139,151],[-37,68],[18,93],[-85,31],[-24,55],[58,135],[-55,64],[217,29],[45,57]],[[10798,87476],[182,64],[74,-46],[100,-5],[28,-35],[199,0],[24,64],[191,60],[258,-155],[-29,-103],[52,-170],[171,-51],[92,15],[128,-116],[345,-140],[63,-154],[167,-136],[37,55],[91,39],[78,-6],[70,45],[160,-28],[144,32],[71,-69],[51,-5],[54,75],[314,12],[5,91],[45,25],[64,-32]],[[14027,86802],[41,26],[68,-36],[20,-151],[107,-83],[23,-41],[-32,-83],[47,-48]],[[16498,85944],[19,-15],[-112,-68],[-18,33],[-88,19],[-407,-56],[-32,50],[-147,-8],[-87,36],[-317,-33],[-44,-41]],[[15023,86020],[34,137],[74,18],[190,276],[5,60]],[[15326,86511],[230,78],[-71,155],[57,81],[-190,287],[-8,52],[71,44],[6,48],[-136,106],[-23,92],[173,589],[1,28],[-51,8],[-8,73],[42,76],[-313,35],[-20,44],[84,23],[-53,31],[43,97],[69,50],[-90,203],[49,85],[-90,12],[3,32],[-119,58],[217,38],[1,171],[95,197],[-124,85],[-171,-93],[-122,77],[199,152],[-2,115]],[[17870,86284],[-433,-180],[-8,-65],[-58,27],[-56,-28],[-188,8],[11,27],[-103,101],[-324,-174],[-213,-56]],[[13415,81212],[-239,-36],[-82,117],[-93,23],[-52,77],[-129,-4],[57,29],[-11,81],[-135,-14],[-135,-155],[-89,43],[-430,7],[-104,41],[9,42]],[[11982,81463],[76,34],[201,-24],[63,247],[84,68],[100,208],[-115,151],[5,48]],[[12396,82195],[-33,67],[43,107],[256,-15],[118,38],[12,79],[-88,115],[43,153],[198,-19],[68,76],[-4,123],[62,73],[166,78],[-7,71],[-155,147],[-4,77],[90,131],[-42,125],[152,107],[-169,29],[14,46],[83,38],[77,-12],[81,58],[-48,33],[16,96],[-160,63],[-44,60],[77,68],[132,-33],[-6,86],[-38,22],[45,155],[-78,113],[50,138],[-41,53],[29,64],[102,18],[59,68],[30,107],[104,31],[47,165]],[[13633,85194],[153,27],[75,107],[412,-24],[252,204],[84,-14],[92,53],[125,204],[-25,121],[99,11],[58,40],[22,103],[43,-6]],[[15023,86020],[166,-68],[76,-91]],[[15265,85861],[69,-69],[227,-84],[-87,-283],[37,-117],[113,-12],[100,-284],[-43,-140],[-188,-104],[16,-147],[-36,-81],[-74,3],[-82,-104],[19,-79],[49,-22],[5,-136],[59,-108],[-235,-128],[-96,-13],[15,-98],[-120,-61],[67,-119],[-106,-335],[-229,-137],[-18,-60],[145,-84],[94,-276],[86,-36],[297,3],[51,-103],[68,-47],[264,47],[61,-85],[-1,-69],[-145,-109],[4,-36],[105,-14],[-9,-77],[114,-117],[-33,-40],[196,-147]],[[16024,81953],[49,-60],[-28,-11],[26,-161],[-39,-37],[39,-34]],[[16071,81650],[53,-166],[-26,-78],[123,-105],[111,11],[-3,-79],[-132,-96],[-153,-24],[-164,16],[-80,-23],[-51,-71],[-87,16],[80,97],[-44,164],[-319,-31],[-107,-29],[-4,-28],[-254,5],[-40,-11],[52,-308],[-77,-22],[14,-41],[-151,-20],[-34,-77],[-97,51],[-199,28],[-456,-37],[-61,137],[-163,-14],[-137,-51],[-80,243],[117,19],[4,41],[-160,61],[-131,-16]],[[13433,83545],[0,0]],[[13650,83533],[0,0]],[[13627,83451],[-69,3],[1,-11],[68,8]],[[13650,83533],[-23,-82]],[[13412,83507],[-20,-34],[20,34]],[[22980,78028],[-115,8],[-35,61],[-164,4],[-10,46],[-89,6],[-6,64],[-150,71],[-38,53],[-267,-53],[-73,121]],[[22033,78409],[-12,117],[68,24],[-15,74],[84,-5],[-30,94],[73,158],[135,5],[104,117],[112,23],[7,188],[32,4],[8,59],[33,41],[121,8],[31,49],[-24,73],[136,105],[-497,108],[-29,-62],[-137,-45],[-101,24],[-174,-45],[-239,77],[137,150],[-42,20],[-1,82],[48,28],[20,149],[53,21],[-43,102],[-41,6],[27,110],[-37,66],[-114,67],[-180,295],[-24,104],[96,34],[-26,95],[-405,86],[-207,-11],[8,74],[-147,-12]],[[20841,81066],[-5,42],[64,23],[-68,50],[51,69],[118,11],[-37,89]],[[25705,79065],[-62,-107],[-157,-51],[34,-145],[-33,-17],[-57,66],[-75,-53],[-101,23],[-71,-193],[-161,-5],[-6,-114],[-165,14],[-18,-30],[-84,-2],[-20,-126],[-160,-43],[96,-14],[20,-42],[-208,-15],[-15,-120],[-80,-30],[9,-45],[-135,-11],[8,-60]],[[24264,77945],[-425,-29],[-8,30],[-196,-1],[-84,92],[-346,-26],[-225,17]],[[18788,81820],[123,-124],[-51,-104],[-152,-12],[-83,39],[-249,-30],[-2,-162],[-31,-18],[-75,-2],[-50,44],[2,66],[-161,-24],[-73,52],[-67,1],[-22,54],[-240,69],[-37,24],[42,42]],[[17662,81735],[29,63],[211,-44],[98,45],[-285,61],[4,141],[-122,179],[-19,323],[-124,165],[-10,68],[113,112],[-18,119],[-190,78],[-62,62],[4,236],[134,50],[-1,66],[-155,68],[-17,48],[22,89],[115,2],[6,42],[-64,15],[-5,61],[159,24],[7,254],[45,3],[54,92],[108,28],[-79,167],[14,66],[149,3],[64,38],[-93,156],[49,176],[266,260],[222,-17],[301,212],[-31,119],[-273,110],[-140,135],[-43,207]],[[21087,83841],[0,0]],[[21087,83841],[-16,-46],[27,46]],[[23274,82085],[16,70],[-302,80],[-14,-66],[-92,-39],[-10,-41],[-183,-18],[-10,-184],[-64,-56],[-5,-90],[-175,38],[-128,116],[3,71],[-63,17],[-152,-76],[-303,48],[-202,-35],[-80,19],[7,-44],[-90,-21],[-271,65],[-3,-93],[-117,3],[-115,-69],[23,-32],[131,-15],[-70,-100],[13,-222],[-54,-61]],[[20964,81350],[-51,69],[-317,32],[-267,99],[-42,200],[-124,149],[87,73],[-69,88],[15,54],[-18,30],[-110,-11],[-26,69],[-240,27],[-27,-55],[46,-61],[-59,-24],[-25,-93],[41,-39],[-71,-27],[-62,17],[-28,210],[-93,-3],[-179,59],[-59,-17],[-97,81],[-133,-17],[-98,-120],[-116,-31],[-29,-62],[59,-60],[178,60],[56,-55],[-192,-17],[-123,-54],[-3,-101]],[[19368,83901],[40,-79],[1,-4],[-1,3],[-40,80]],[[19368,83901],[0,0]],[[19390,83702],[-188,-32]],[[19202,83670],[-27,27],[27,-27]],[[19202,83670],[248,39],[-60,-7]],[[19063,83824],[-36,17],[0,-1],[36,-16]],[[20720,83781],[0,32],[0,-32]],[[20753,83690],[-19,5],[19,-5]],[[35503,75641],[-291,-290],[-89,-393],[36,-18],[-6,-172]],[[36852,78540],[147,-270],[139,-30],[56,-349],[122,-113],[121,-191],[-113,-166],[1,-300],[-240,-24],[-47,-48],[3,-110],[-63,-116],[-536,24],[-223,-67],[-111,-240],[-187,-195],[-216,-355],[-55,-203],[-147,-146]],[[33322,77393],[94,-17],[11,-114],[-50,-48],[33,-15],[-51,-65],[-151,-29],[37,-46],[110,65],[36,-19],[-24,-39],[50,-1],[-26,-49],[-80,16],[36,-63],[82,6],[-93,-77]],[[37091,79165],[-1,-76],[-456,-241],[-11,-34],[84,-30],[145,-244]],[[36852,78540],[-71,-64],[-45,36],[-30,90],[-197,195],[-19,218],[-182,59],[-32,121],[-90,125],[-130,13],[-50,-111],[10,-264],[-51,-23],[-150,38],[36,-175],[-115,10],[1,-34],[-113,-8],[-5,-69],[-253,-270],[-156,-5],[27,-111],[-36,-61],[-70,-14],[-87,50],[-69,-8],[-135,199],[-273,4],[-106,60],[-159,-95],[-110,74],[-65,-167],[-184,40],[-102,-27],[-51,43],[-156,28],[-26,-36],[76,-12],[-129,-106],[-15,-61],[43,-130],[-109,-53],[126,-11],[33,-88],[-199,-95],[-19,-49],[43,-16],[82,52],[51,-22],[-105,-166],[100,-125],[-186,-4],[-78,-122]],[[33024,78544],[46,15]],[[33070,78559],[0,0]],[[33070,78559],[-46,-15]],[[33010,78501],[-1,-44],[15,87]],[[33024,78544],[-14,-43]],[[33008,78426],[-41,3],[41,-3]],[[32857,78237],[0,0]],[[33207,78546],[-42,2],[42,-2]],[[33371,78490],[0,0]],[[33404,78493],[-33,-3]],[[33371,78490],[33,3]],[[33455,78470],[-7,3],[-2,-5],[9,2]],[[33288,78424],[-20,-52],[-101,17],[126,-23],[-5,58]],[[33288,78424],[0,0]],[[33009,78322],[21,31],[-10,1],[-11,-32]],[[33112,78354],[0,0]],[[29795,74218],[81,-131],[-55,-23],[-152,25],[-47,-34],[0,-281],[-52,17],[3,33],[-62,1],[-58,146],[-248,121],[-192,-10],[-107,233],[78,112],[-136,13],[-20,61],[-164,129],[-117,-49],[-46,68],[-94,-23],[-39,31],[149,27],[56,92],[-107,42],[-25,120],[-45,41],[-215,-3],[-103,-84],[-232,10],[-6,35],[-147,12],[1,-38],[-40,1],[-33,26],[-64,-90],[-133,-47],[-13,-94],[-52,-69],[-56,-2],[7,-92],[-34,1],[-34,-66]],[[27242,74479],[-114,59],[-250,47],[-18,39],[-248,13],[-79,146],[-9,166],[-48,2],[-56,82],[-118,76],[-151,271],[-138,-14],[-16,26],[-146,7],[100,167],[-108,90],[-7,72],[-91,-27],[-57,64],[-110,-14],[-3,46],[-123,13],[-17,84]],[[25435,75894],[-6,97],[-244,14],[-8,42],[155,72],[41,69],[-46,150],[50,7],[-13,162],[87,46],[30,63],[80,24],[5,65],[118,27],[14,71]],[[25698,76803],[64,0],[38,46],[63,10],[139,-20],[-3,-74],[143,-14],[70,27],[74,-84],[107,2],[60,-42],[260,55],[66,-1],[9,-34],[44,30],[23,-33],[212,5]],[[27067,76676],[-72,102],[28,28],[59,-39],[122,14],[145,-27],[-3,-63],[73,-2],[65,-45],[185,3],[52,84]],[[32616,73737],[-51,-24],[3,-34],[-125,-16],[-256,21],[-8,29],[-126,16],[-125,83]],[[31928,73812],[-118,11],[-76,156],[-216,-24]],[[31518,73955],[-101,21]],[[31417,73976],[-31,-95],[-51,-5]],[[31335,73876],[-150,-15],[41,104],[-41,19],[-67,-27],[-46,53],[-106,16],[34,-103],[-35,-41]],[[30965,73882],[-12,40],[-50,11],[0,63],[91,98],[-5,88],[-260,-21],[-28,-43],[34,-33],[-52,-5],[-42,72],[-188,-13],[-48,-103],[-61,32],[-17,120],[-30,24],[-81,-12],[-129,106],[-75,-86],[-220,28],[3,-30]],[[29623,75056],[56,12],[3,5],[-59,-17]],[[29623,75056],[0,0]],[[29483,75586],[0,0]],[[29543,75529],[0,0]],[[29547,75427],[10,18],[-3,16],[-7,-34]],[[29482,75381],[75,-8]],[[29591,75389],[223,-7],[-72,36]],[[29742,75418],[37,-32],[-188,3]],[[29591,75389],[-34,-16]],[[29557,75373],[-23,30],[-52,-22]],[[29611,75141],[70,-2],[21,-34],[-20,34],[-71,2]],[[29486,75109],[88,-17],[-85,19],[27,25],[-30,-27]],[[29494,75601],[0,0]],[[29660,75600],[0,0]],[[29708,75615],[-48,-15]],[[29708,75615],[0,0]],[[29863,75657],[0,0]],[[29838,75593],[0,0]],[[29838,75593],[42,-20],[-42,20]],[[29849,75549],[0,0]],[[29785,75517],[0,0]],[[29742,75418],[0,0]],[[28747,77077],[-5,-82],[49,19],[46,-27],[-23,-81],[75,-13],[69,-70],[-34,-68],[-80,9],[-15,-54],[46,-108],[117,-116],[-58,-18],[-74,73],[-208,64],[-77,-40],[59,-39],[-11,-77],[-222,4],[-105,98],[-96,-14],[-20,52],[-100,21],[-3,91],[-172,39],[-184,-9]],[[27721,76731],[-141,48],[-45,95],[-100,85],[12,133],[-60,78],[-317,167],[38,45],[-59,17],[-39,113],[-153,118],[-137,34],[63,44],[219,30],[77,48],[-148,29],[7,75],[49,28],[318,21]],[[28854,77800],[-47,-151],[-3,-46],[53,196]],[[30404,78016],[435,72],[38,-21],[111,75],[242,-9],[74,-28],[10,-53],[67,9],[59,-57],[-166,-118],[151,-31],[-22,-78],[-76,-70],[185,-34],[-84,-12],[-97,-91],[2,-40],[185,-54],[26,61],[40,1],[0,-52],[98,40],[171,2],[24,-40],[63,5],[4,-48],[47,-16],[-17,-56],[87,-22],[65,131],[366,-54],[-8,-94],[90,-11],[-5,-54],[-23,-30],[-143,2],[111,-14],[20,-31],[-111,12],[-87,-59],[-3,-46],[59,-23],[-199,7],[-14,-36],[9,-56],[94,-53],[10,-148],[-73,-195]],[[32003,76247],[-13,68],[-111,21],[-16,68],[-84,-30],[-131,18],[29,90],[50,10],[32,138],[-41,17],[44,69],[-54,54],[-43,-102],[-125,-3],[-219,53],[21,67],[42,-38],[105,8],[74,193],[-53,28],[-290,-36],[-136,31],[-389,-4],[-106,179],[-62,-27],[15,-77],[-156,61],[-32,-17],[87,-61],[-160,-101],[-8,-80],[74,-66],[-223,22],[-207,-46],[-35,36],[21,90],[-54,12],[-210,-43],[-119,-121],[-131,39],[-42,-95],[-18,25],[-122,-11],[40,81],[-52,11],[-6,37],[51,5],[3,31],[-50,7],[6,37],[-209,43],[-6,65],[94,46],[1,48],[-244,1],[-17,-30],[-101,85],[-77,-24],[107,-52]],[[28647,77647],[-3,52],[-8,-18],[11,-34]],[[28679,77582],[13,-71],[-18,127],[5,-56]],[[28849,77451],[-99,-4],[3,-9],[96,13]],[[29757,78088],[-84,-5],[-6,-56],[-136,-73],[-311,24],[-122,44],[-69,-18],[-59,-44],[46,-71],[-99,-3],[-60,-87]],[[28857,77799],[-3,1]],[[28854,77800],[-158,53],[11,116],[-108,82]],[[32138,80183],[-40,-50],[14,-210],[-61,-9],[2,-67],[-109,-59],[3,-41],[112,-81],[-35,-14],[-35,31],[-103,-35],[-61,-141],[64,-64],[-60,-49],[30,-30],[114,-43],[87,6],[-8,-27],[-310,-248],[-152,14],[-101,88],[-200,16],[-12,-28],[109,-20],[-65,-60],[6,-55],[70,27],[-22,44],[52,-13],[43,-111],[-150,-40],[-1,-50],[101,0],[22,-48],[-176,-7],[31,-46],[96,24],[-34,-61],[87,-52],[-14,-33],[-49,23],[-87,-47],[-310,50],[-177,-34],[-101,117],[-240,-7],[65,-144],[-43,-96],[62,-67],[-16,-34],[-87,-6],[-21,-58],[-56,-283],[32,-39]],[[30404,78016],[-11,-59],[-221,-25],[-41,26],[-108,-5],[-108,101],[-145,9],[-13,25]],[[33512,73610],[-115,17],[-20,-46],[-143,40],[-253,-7],[-20,29],[-169,24],[-65,-31],[-84,20],[-27,81]],[[32616,73737],[-111,3],[-80,160],[-102,33],[-21,29],[44,73],[-60,2],[-12,-55],[-42,43],[-88,6],[56,82],[-45,65],[63,11],[-15,34],[-150,-15],[-141,43],[63,141],[-98,51],[-18,61],[25,32],[108,-70],[46,51],[-44,49],[120,56],[72,104],[-91,89],[41,40],[-76,-18],[-29,24],[74,79],[-40,45],[14,41],[-229,126],[-117,6],[-4,22],[162,11],[31,61],[-113,-1],[-10,119],[-17,-117],[-153,36],[118,161],[-73,48],[-1,57],[47,4],[4,98],[56,3],[17,93],[-75,62],[8,83],[113,21],[0,63],[125,18],[0,44],[77,26],[-98,54],[9,33],[163,21],[-116,69]],[[32003,76247],[216,352]],[[32219,76599],[94,54],[101,-35],[29,72],[48,-52],[131,-16],[58,82],[61,-3],[-1,34],[320,-23],[8,35],[178,64],[13,56],[77,31]],[[33336,76898],[52,-77],[82,28],[-24,-35],[63,-61],[-137,-39],[4,-109],[108,26],[38,-73],[56,49],[23,-28],[-36,-76],[125,-69],[101,-111],[45,-2],[-3,-95],[-58,-45],[13,-33],[64,-3],[-80,-81],[20,-59],[193,42],[306,-230],[83,14],[-35,-169],[-170,-7],[-71,-186],[39,-16],[-24,-46],[68,-85],[71,-19],[127,200],[129,-70],[-112,-431],[-63,-102],[-97,-8],[44,-352],[214,-75],[56,100],[-14,192],[617,11]],[[35153,74768],[-2,-59],[-93,2],[-49,-176],[-93,-88],[120,-130],[196,-92],[60,-421],[-25,-76],[-152,-63]],[[35115,73665],[-108,-111],[-140,10],[-517,212],[-197,3],[-125,-82],[-91,-3]],[[33937,73694],[-263,-24],[-7,20],[-152,-34],[-3,-46]],[[32689,80246],[-153,-11],[-115,-70],[-32,22],[-251,-4]],[[32138,80183],[-113,60],[-114,10],[3,135],[-75,62],[-224,41],[-29,48],[-70,23],[-11,95],[49,45],[71,-31],[55,38],[-20,131],[162,13],[227,109],[6,40],[-143,77],[-153,27],[45,11],[70,109],[-49,50],[-78,13],[-5,54],[-54,5],[-40,-119],[-90,11],[-33,-119],[-157,13],[-458,-65],[-155,37]],[[36177,79713],[-42,25],[-186,-18],[-195,-53],[-93,-83],[-152,-54],[-392,74],[-199,-23],[-120,128],[-103,19],[14,-64],[-31,-10],[-273,81],[3,26],[139,-5],[48,32],[-88,38],[-37,-35],[-86,5],[-64,148],[-65,-40],[-256,48],[-57,131],[-112,98],[-71,-58],[-146,-27],[-24,82],[-181,160],[-182,-3],[-8,-94],[-132,12],[-199,-67],[-198,60]],[[32550,82269],[-61,10],[6,-22],[55,12]],[[32550,82269],[0,0]],[[32403,82230],[0,0]],[[32385,82263],[18,-33]],[[32403,82230],[-18,33]],[[32490,82357],[-79,61]],[[32411,82418],[-32,-25],[16,-10],[16,35]],[[32411,82418],[79,-61]],[[35108,90526],[20,68],[-267,131],[-67,90],[11,90],[84,95],[-109,46],[-32,59],[91,25],[-136,141],[-128,3],[-20,-91],[-54,-27],[-69,60],[-44,-1],[-34,-41],[88,-98],[-24,-26],[-82,46],[-61,-10],[12,-100],[-58,-16],[-48,77],[-238,122],[-3,31],[64,18],[62,-16],[13,63],[-107,12],[69,20],[-18,66],[117,-26],[46,-71],[115,24],[76,-23],[296,124],[35,48],[-35,155],[-52,32],[-138,-151],[-50,13],[-88,123],[-51,-24],[-50,-111],[-54,-40],[-45,21],[-43,64],[117,9],[13,27],[-84,68],[-23,-34],[-124,144],[40,293],[-145,78],[163,56],[44,-56],[60,-20],[10,38],[64,-30],[-16,-52],[66,11],[31,37],[-27,75],[66,12],[11,67],[109,9],[-21,49],[-93,-38],[-46,21],[-7,93],[51,2],[-28,34],[-71,-3],[-23,51],[159,-45],[-8,36],[188,8],[-37,-113],[56,-19],[20,86],[147,56],[96,-14],[12,-41],[-115,-47],[16,-31],[87,8],[47,-84],[229,-42],[8,89],[98,4],[7,56],[84,48],[-69,82],[-129,-27],[-115,44],[-73,-12],[-27,-48],[-247,77],[-3,94],[75,17],[-62,31],[29,56],[68,6],[62,-36],[-18,-39],[67,-72],[140,-36],[58,6],[14,73],[40,12],[-74,84],[-68,8],[-85,65],[-9,153],[-130,22],[65,108],[-47,41],[33,55],[-17,103],[76,11],[385,-171],[344,15],[12,151],[142,141],[48,-165],[121,-34],[-59,-24],[9,-30],[90,4],[-2,-33],[-73,-17],[-137,66],[-8,-112],[100,-134],[37,-8],[91,71],[39,-24],[-115,-67],[-151,56],[-62,-25],[-56,-80],[24,-79],[225,-25],[-62,-104],[93,-128],[137,-122],[183,-44],[-13,-37],[-105,-38],[-239,12],[-50,-30],[-4,-80],[334,-91],[62,-104],[162,43],[108,237],[68,-9],[-5,-37],[56,7],[19,-165],[513,46],[109,-39],[96,-116],[42,-180],[174,-24],[83,-102],[-22,-102],[-213,-186],[3,-55],[38,-42],[146,34],[137,-92],[115,23],[32,36],[150,-49],[21,-55],[-89,-49],[59,6],[38,-42],[-56,-38],[-46,-160],[63,-14],[87,77],[128,15],[20,-84],[-107,-126],[131,11],[-34,-63],[54,-46],[-39,-89],[61,-83],[-289,-46],[-7,-80],[84,-39],[-239,-108],[-72,-60],[21,-52]],[[37590,80104],[23,-48],[130,-32],[26,-55],[-60,-111],[203,-61],[24,-134],[-70,-295],[-121,-45],[-491,-38],[-122,-47],[-41,-73]],[[37091,79165],[-47,-2],[126,213],[-24,36],[-152,12],[29,124],[-66,14],[-146,-52],[-400,-65],[-92,15],[-66,-48],[-125,112],[-8,35],[120,47],[-46,19],[-17,88]],[[36177,79713],[45,24],[10,113],[-39,103],[-188,-48],[-35,5],[3,52],[139,122],[113,174],[83,210],[-13,52]],[[39091,80259],[-181,-432]],[[38910,79827],[-648,142],[-284,136],[-330,50],[-58,-51]],[[38103,81483],[-62,-37],[-45,52],[-193,-29],[-210,113],[-178,-103],[-170,-7],[-122,-103],[6,-37],[119,-5],[23,-28],[18,-109],[-95,-31],[88,-38],[-15,-56],[42,-26],[149,29],[85,-106],[-144,-108],[-64,18],[-42,-29],[50,-23],[-60,-70],[-144,71],[-108,9],[-16,-53],[33,-35],[156,12],[86,-38],[-62,-67],[77,-44],[-21,-33],[-58,38],[-93,-6],[-79,-142],[-143,58],[-64,-8],[-166,-66],[66,-48],[-227,-39],[-43,96],[-49,-11],[6,37],[-139,39]],[[36295,80520],[9,82],[-46,73],[-175,17],[-31,-40],[-256,-10],[33,133],[-303,202],[44,64],[95,16],[230,-28],[174,26],[38,50],[-39,87],[-239,122],[-62,90],[51,110],[168,41],[14,70],[101,20],[-13,33],[-119,64],[-247,-30],[-280,37],[-188,112],[-308,108],[-325,268]],[[31411,89187],[40,67],[136,77],[36,68],[-37,88],[75,17],[106,100],[314,-79],[69,14],[71,69],[148,29],[20,-53],[171,12],[145,-63],[56,26],[-109,8],[21,28],[117,-1],[52,-54],[134,-40],[-9,-38],[-223,-76],[16,-44],[-46,-86],[130,-36],[-92,-135],[42,-78],[213,-71],[170,-13],[-2,64],[112,28],[19,123],[50,28],[50,-16],[-5,-182],[179,7],[43,70],[-35,79],[-74,6],[21,33],[41,33],[23,-60],[128,19],[36,-42],[37,51],[-63,150],[52,54],[-13,88],[-140,81],[24,42],[-56,24],[49,70],[-55,241],[59,16],[72,-28],[-15,144],[58,25],[17,60],[60,3],[60,-62],[72,26]],[[33927,87540],[227,119],[27,124],[112,147],[126,7],[43,-29],[-20,-149],[-110,-110],[11,-199],[80,-32],[87,48],[165,9],[357,111],[97,87],[-285,-10],[-12,44],[115,27],[15,62],[91,31],[17,44]],[[39082,87120],[22,-261],[-167,-124],[-183,-228]],[[35442,85930],[28,33],[-62,0],[34,-33]],[[35186,85934],[-24,1],[27,-4],[-3,3]],[[35247,86662],[53,-47],[-50,48],[-3,-1]],[[35179,86579],[0,0]],[[35069,86517],[-77,-58],[109,76],[-32,-18]],[[34914,86385],[-174,-17],[-1,0],[175,17]],[[35832,87959],[-129,41],[-2,71],[-46,-6],[-12,-76],[-67,-63],[-40,23],[36,171],[-97,-4],[-4,-63],[-137,-38],[1,-167],[-170,45],[-95,-22]],[[35070,87871],[-65,142],[-156,38],[109,80],[199,40],[-29,71],[26,41],[111,15],[-201,126],[-80,-26],[-28,61],[89,46],[-45,31],[-110,-18],[-218,171]],[[34672,88689],[-96,118],[45,9],[-69,54],[7,59],[-107,6],[-12,54],[68,36],[188,-19],[31,58],[-102,59],[-131,11],[0,70],[-83,-17],[-48,66],[72,13],[62,104],[-88,154],[-78,277],[37,31],[-28,32],[30,65],[-114,28],[-34,99],[-165,-1],[-76,43]],[[33981,90098],[25,68],[-76,10],[-33,62],[130,-7],[278,113],[36,44],[-20,70],[-89,-12],[-62,71],[28,46],[52,-4],[20,-52],[63,-29],[113,12],[-37,-48],[41,-55],[81,3],[205,143],[107,-29],[174,38],[91,-16]],[[35108,90526],[60,-51],[38,47],[-60,125],[34,13],[116,-98],[99,-16],[-39,-70],[69,12],[98,85],[81,9],[-68,61],[6,38],[92,19],[40,-19],[-47,-26],[37,-94],[-75,-25],[-47,25],[-23,-30],[94,-52],[66,46],[33,-35],[47,9],[2,-33],[-75,9],[-58,-75],[88,31],[15,-37],[71,-9],[111,54],[13,-22],[-88,-72],[-128,-2],[-30,38],[-67,-1],[27,-116],[55,12],[-89,-145],[133,-15],[27,54],[56,15],[36,-69],[179,178],[206,20],[30,-58],[81,-42],[10,-176],[181,-6],[13,36],[49,-49],[15,24],[-111,76],[23,34],[69,5],[77,-39],[26,-113],[-45,-29],[86,-26],[149,106]],[[36896,90057],[225,46],[216,-25],[59,87],[133,-12],[-9,200],[47,41],[111,6],[54,-43],[-15,-168],[-96,-54],[13,-97],[69,-25],[79,18],[45,77]],[[37827,90108],[36,-19],[95,98],[176,-11],[-38,-73],[83,-21],[13,118],[51,15],[149,-40],[-83,-148],[-115,-74],[12,-67],[-118,-22],[53,-57],[175,125],[85,115],[53,175],[44,26],[48,-17],[54,-44],[77,-181],[86,-70],[-88,-107],[147,-158],[-72,-111],[52,-62],[-13,-51],[-86,-29],[122,-147],[310,-56],[16,40],[-63,66],[-85,248],[3,101],[90,54],[192,-103],[92,-110],[-12,-64],[80,-115],[330,-114],[35,-64],[40,41],[32,-22],[37,-82],[-150,-66],[-238,-47],[-208,50],[-150,-65],[99,-62],[87,-119],[-55,-35],[100,-81],[-369,88],[-78,-8],[-67,-138],[371,-33],[-64,-50],[109,-17],[86,46],[289,10],[267,49],[265,-15],[-159,-254],[-17,-98],[-382,-284],[-93,-128],[-162,-109],[-8,-71],[-346,-297],[61,-173],[-28,-64]],[[39082,87120],[-604,61],[-221,-44],[-205,-90],[-82,57],[-559,-57],[-33,123],[-80,12],[-94,105],[-193,18],[-11,69],[-59,-15],[-22,83],[-105,3],[0,101],[-640,24],[38,134],[96,-3],[80,50],[-17,47],[-222,-25],[-40,-75],[-65,-2],[90,-36],[-58,-32],[29,-63],[-118,-17],[-30,-52],[-154,-16],[-147,183],[159,66],[115,-1],[35,45],[-96,71],[-76,4],[39,111]],[[36310,88801],[-173,-2],[-2,-1],[175,3]],[[36310,88801],[22,14],[17,-36]],[[36349,88779],[25,-2],[-25,2]],[[36426,88563],[0,0]],[[36279,88471],[0,0]],[[36162,88429],[0,0]],[[35751,89127],[-138,64]],[[35613,89191],[0,0]],[[35613,89191],[138,-64]],[[35751,89127],[0,0]],[[35888,89156],[-37,-28],[33,12],[4,16]],[[35937,88420],[58,-31],[-100,72]],[[35895,88461],[42,-41]],[[35981,88520],[-86,-59]],[[35895,88461],[110,73],[-24,-14]],[[36066,88622],[0,0]],[[36072,88776],[0,0]],[[36135,88327],[0,0]],[[35948,89171],[0,0]],[[36012,89195],[0,0]],[[36025,89242],[29,38],[-1,3],[-28,-41]],[[36046,89311],[-8,33],[-1,-17],[9,-16]],[[35996,89529],[14,36],[-33,-15]],[[35977,89550],[44,-52]],[[36021,89498],[58,-6],[-58,6]],[[36021,89498],[-25,31]],[[35614,89238],[0,0]],[[35502,89365],[1,-77],[12,-2],[-13,79]],[[35502,89365],[0,0]],[[35563,89280],[36,-6],[46,1],[-82,5]],[[35881,89575],[96,-25]],[[35977,89550],[-96,25]],[[35851,89539],[-39,0],[39,0]],[[35881,89575],[-30,-36]],[[35651,89493],[11,1],[-11,-1]],[[35612,89444],[11,9],[-11,-9]],[[34149,85801],[169,55],[32,-68],[-48,0],[20,-53],[61,19],[26,-98],[79,-30],[-41,-25],[13,-42],[97,12],[9,-23]],[[33538,87656],[151,-180],[238,64]],[[33927,87540],[17,-48],[-202,-127],[23,-139],[61,2],[-1,-42],[-122,-73],[45,-51],[-31,-5],[4,-68],[-74,-13],[50,-59],[-94,8],[-32,72],[-61,26],[-42,-14],[9,-95],[150,-115],[-80,-184],[229,-51],[-39,-118],[40,-85],[-32,-34],[115,-19],[0,-33],[125,29],[17,-38],[67,-3],[7,-252],[-115,-86],[43,-85],[145,-39]],[[39433,81004],[-24,-202],[55,-19],[5,-106],[-242,-214],[-136,-204]],[[39091,80259],[6,121],[-127,214],[31,16],[14,169],[-112,84],[-46,-5],[-42,122],[-158,-28],[-10,-237],[-83,-2],[-51,-49],[-167,40],[-74,362],[-169,417]],[[38103,81483],[49,65],[-66,154],[63,70],[-6,80],[73,-7],[187,71],[52,88],[-68,95],[-458,96],[318,523]],[[38247,82718],[80,284],[-191,205],[-2,55],[-153,78],[18,117],[-135,163]],[[39057,84863],[81,-79],[281,0],[35,-35],[28,-91],[-115,-195],[115,-157],[137,-98],[128,-269],[140,-27],[228,-577],[9,-178],[-66,-238],[-128,-239],[50,-116],[-74,-134],[14,-64],[-61,-25],[-59,-107],[-16,-218],[-67,-83],[-259,-67],[188,-346],[-44,-190],[-37,-43],[-53,0],[19,-94],[-113,-67],[15,-122]],[[34788,82498],[10,-45],[-80,-88],[46,-70],[-143,-58]],[[34621,82237],[-201,78],[-177,-5],[-42,-56],[-150,-78],[-195,-27],[-195,147],[-244,301],[-265,15],[-348,81],[-77,182],[122,1],[88,118],[80,-22],[66,295],[-106,173],[-139,39],[-60,63],[-161,62]],[[32105,84877],[78,84],[152,8],[16,70],[79,16],[-45,161],[13,56],[52,11],[112,-137],[135,-24],[-16,-145],[-85,0],[29,-38],[225,11],[-10,72],[47,10],[-4,-58],[90,-14],[34,26],[71,-26],[-18,-59],[32,-26],[48,16],[83,-30],[110,78],[187,-80],[42,97],[123,43],[-60,64],[22,29],[161,-42],[91,42],[-1,-51],[65,2],[23,131],[-38,87],[199,-63],[301,11],[-14,108],[244,27],[19,101],[-166,64],[35,39]],[[34566,85548],[22,32],[-31,27],[172,51]],[[34729,85658],[139,8],[-2,-33],[-171,-27],[26,-83],[130,48],[105,-11],[-4,48],[72,-13],[12,-39],[110,34],[-5,-121],[36,-24],[48,25],[182,-32],[8,-59],[87,-5],[60,-40],[132,20],[17,58],[157,-11],[27,92],[56,19],[-42,180],[26,63],[371,133],[344,36],[171,-54],[-6,-77],[132,-21],[-4,21],[138,30],[20,-87],[57,-24],[148,8],[205,-70],[164,62],[201,-33],[266,88],[-32,74],[77,91],[104,43],[22,96],[253,257],[26,188],[162,-9]],[[38754,86507],[-33,-71],[191,-60],[82,-160],[-9,-80],[102,-150],[-8,-69],[125,-172],[18,-276],[-283,-268],[3,-135],[115,-203]],[[39057,84863],[-83,-55],[-126,-16],[-205,-349],[-62,-161],[-18,-290],[-138,23],[-36,202],[-45,37],[-214,-3],[-39,45],[87,99],[4,90],[-269,-43],[25,-118],[-145,-22],[-51,-226],[117,-97],[-60,-256],[65,-103]],[[37864,83620],[-222,-27],[0,-27],[-398,-172],[-49,-43],[23,-119],[-52,-9],[-129,36],[-44,91],[-422,329],[58,93],[-270,57],[-18,65],[-78,21],[-398,-61],[-61,-27],[51,-26],[-19,-77],[-171,-26],[-17,-46],[44,-8],[-2,-47],[-164,-10],[-7,-88],[-139,26],[-13,51],[83,11],[-17,20],[-124,0],[-39,-38],[17,-130],[103,-17],[7,-31],[-190,-98],[25,-102],[-63,-89],[15,-31],[-144,-36],[-127,-98],[181,-96],[17,71],[134,-7],[20,-99],[-85,-112],[10,-68],[-222,8],[3,-62],[-113,-22],[-70,-52]],[[34526,83975],[8,3],[40,-22],[-40,22],[-8,-3]],[[34419,83971],[-70,56]],[[34349,84027],[-60,29],[60,-29]],[[34349,84027],[70,-56]],[[34419,83971],[0,0]],[[34198,83812],[173,17]],[[34371,83829],[55,-49],[16,-9],[-71,58]],[[34371,83829],[-173,-17]],[[34464,83759],[17,7],[-21,-5],[4,-2]],[[33653,84058],[-4,72],[-6,-28],[10,-44]],[[33653,84058],[0,0]],[[33709,84036],[0,0]],[[33821,84028],[0,0]],[[33761,83896],[26,20],[-23,61],[-3,-81]],[[33961,83856],[-35,-6],[-78,66],[78,-66],[35,6]],[[34070,83835],[0,0]],[[34070,83835],[-2,-11]],[[34198,83812],[-130,12]],[[33714,84128],[14,0],[37,36],[-51,-36]],[[33814,84220],[0,0]],[[33872,84264],[0,0]],[[33970,84278],[55,-15],[41,-2],[-96,17]],[[34198,84265],[0,0]],[[34096,84259],[102,6]],[[34198,84265],[-102,-6]],[[34624,83819],[-1,-13],[1,13]],[[34708,83839],[0,0]],[[34762,83914],[5,10],[-18,-2],[13,-8]],[[29041,89650],[57,23],[69,-21],[75,45],[81,-35],[104,23],[244,-36],[14,61],[-67,79],[-7,95],[262,84],[72,62],[-31,31],[61,132],[236,13],[136,49],[108,-57],[75,-173],[-135,-203],[-18,-65],[36,-45],[442,-90],[178,-106]],[[30636,88421],[-41,-13]],[[30454,88315],[-133,-42]],[[30158,87950],[16,-26],[-42,-22]],[[21693,93543],[41,68],[175,-31],[88,-78]],[[23816,93664],[116,-18],[22,-42],[86,1],[23,62],[109,-59],[15,-41],[-152,23],[-5,-68],[28,-67],[89,6],[-57,-30],[54,-24],[84,16],[20,-94],[-30,-41],[88,-133],[-32,-7],[-8,-92],[117,-67],[19,-51],[-95,-128],[-71,-14],[-114,-302],[57,-87],[72,-6],[-30,-65],[24,-36],[177,6],[73,-96],[93,-21],[-29,-57],[-142,-5],[4,-92],[110,-137],[15,-99],[40,9],[69,-64],[44,13],[41,-86],[146,-30],[102,32],[15,-35],[270,-41],[83,-59],[71,58],[148,26],[200,-65],[60,26],[90,-37],[27,22],[99,-22],[30,-44],[57,63],[-10,-88],[108,-103],[145,-21],[-19,-69],[46,-59],[147,2],[71,-49],[-35,-106],[65,-33],[194,25],[70,-22],[8,-89],[-188,-123],[-40,-75],[-9,-182],[347,-72],[-7,33],[110,-9],[62,83],[76,-38],[-19,-154],[-48,-61],[-45,-1],[2,-34]],[[27201,88424],[-28,-10],[34,-97],[57,-13],[-40,-68],[45,-124],[-50,11],[21,45],[-72,-26],[51,-182],[-28,-39],[252,-92],[79,-89],[-44,-52]],[[23840,89329],[147,-39],[79,86],[101,20],[15,67],[82,26],[-119,184],[-54,245],[531,-6],[95,-26],[-29,112],[25,187],[108,72],[83,-20],[137,228],[219,6],[136,-34],[50,-79],[123,29],[113,83],[77,-9],[81,-195],[199,-34],[143,-96],[88,-172],[4,-96],[84,-29],[206,0],[5,92],[69,107],[84,7],[75,-93],[322,2],[56,103],[-56,13],[-8,161],[58,89]],[[27169,90320],[217,-11],[132,-44],[150,73],[-2,-40],[158,-39],[85,-75],[288,-76],[87,-137],[155,-36],[45,-135],[172,-41],[-23,-41],[246,-75],[162,7]],[[29041,89650],[19,-190],[-62,-66],[-209,-33],[-56,-39],[-180,39],[-59,-25],[3,-39],[-125,11],[-138,-49],[8,-83],[-71,3],[-6,-68],[51,-44],[-95,-44],[-15,-56],[59,-56],[-39,-12],[-9,-58],[-35,1],[3,-112],[-95,-58],[-17,-102],[-282,-15],[42,-50],[-72,-13],[63,-100],[-62,-28],[-40,31],[-156,-25],[-145,70],[-120,-16]],[[28417,87039],[17,125],[152,47],[33,-30],[125,37],[-28,73],[-56,-32],[-25,20],[60,44],[-43,24]],[[28652,87347],[-19,120],[37,113],[84,-21],[-17,-131],[624,10],[-29,117],[127,-24],[118,71],[121,174],[108,7],[-32,51],[168,60],[59,-37],[131,45]],[[30132,87902],[49,4]],[[30181,87906],[0,0]],[[30181,87906],[-23,44]],[[30158,87950],[28,38],[-63,24],[-21,105],[112,18],[-18,66],[-106,21],[18,34],[194,-27],[19,44]],[[30321,88273],[133,42]],[[30454,88315],[72,-5],[69,98]],[[30595,88408],[41,13]],[[30636,88421],[-35,43],[-5,339],[-107,154],[75,10],[25,58],[76,36],[-49,83],[40,12],[-62,31],[51,56],[-8,89],[38,21],[-11,93],[222,80],[147,-10]],[[31033,89516],[84,-37],[389,-27],[48,-101],[-153,-100],[10,-64]],[[31411,89187],[0,-146],[67,-29],[32,-87],[86,-57],[166,18],[4,36],[102,5],[93,97],[42,-9],[-14,-45],[-59,-22],[92,-19],[7,-65],[86,-95],[26,-152],[73,-76],[0,-71],[-88,-83],[63,6],[115,-113],[-25,-79],[34,-87],[84,-30],[147,6],[96,-265],[195,-24],[81,-149],[316,-60],[176,3],[130,61]],[[33538,87656],[-10,-130],[-419,-98],[27,-133],[-77,-107],[-108,-1],[-25,37],[-257,47],[-104,-34],[81,-95],[21,-201],[50,-10],[-9,-271],[-44,-82],[-94,-62],[-145,-2],[3,57],[-58,43],[-56,-4],[-7,-77],[72,-14],[-40,-96],[22,-47],[-173,-1],[-78,33],[-3,-37],[-154,10],[-71,72],[-104,-10],[78,48],[-76,-16],[-93,30],[3,95],[-82,41],[-35,196],[-117,13],[2,-58],[-68,-70],[-133,-14],[-42,-56],[-81,25],[-121,-31],[-115,-72],[-18,-95],[97,-13],[-9,51],[164,48],[74,-85],[82,-7],[-48,-28],[67,-37],[-55,-20],[-31,44],[-157,-21],[-26,-137],[61,-52],[-14,-126],[-44,-52]],[[30714,87878],[42,-18],[15,41],[-26,7],[-31,-30]],[[30714,87878],[0,0]],[[30394,87974],[0,0]],[[30325,87926],[0,0]],[[30676,88391],[0,0]],[[30980,88278],[0,0]],[[30843,88157],[-43,-8],[-14,-20],[35,-1],[22,29]],[[30843,88157],[0,0]],[[30859,87876],[20,4],[-2,16],[-18,-20]],[[30789,87852],[-18,2],[13,-6],[5,4]],[[30471,88044],[34,-1],[140,-1],[-174,2]],[[30748,88115],[-35,-20]],[[30713,88095],[0,0]],[[30713,88095],[35,20]],[[30321,88184],[0,0]],[[30369,88127],[39,37],[-39,-37]],[[30471,88044],[0,0]],[[30584,88227],[0,0]],[[30597,88154],[90,-24],[4,0],[-94,24]],[[30752,88247],[0,0]],[[30720,88172],[0,0]],[[31225,87895],[0,0]],[[31444,87976],[-21,13],[-44,-42],[25,-7],[40,36]],[[31443,88100],[1,-1],[1,3],[-2,-2]],[[31544,88022],[-60,52],[-9,1],[69,-53]],[[31544,88022],[0,0]],[[31615,88020],[0,0]],[[31537,87992],[0,0]],[[31326,88493],[130,7],[-80,-2],[-50,-5]],[[31326,88493],[-41,-32],[41,32]],[[31495,88396],[49,38],[-49,-38]],[[31489,88391],[0,0]],[[31590,88206],[0,0]],[[31587,88174],[0,0]],[[31549,88176],[0,0]],[[31322,88399],[0,0]],[[31330,88379],[0,0]],[[31297,88344],[0,0]],[[31212,88276],[0,0]],[[31083,88302],[33,8],[-33,-8]],[[30989,88264],[0,0]],[[31033,88344],[0,0]],[[31033,88344],[-44,-2],[44,2]],[[19958,94928],[-3,-102],[-100,-23],[14,-120],[239,78],[99,-13],[71,-157],[-45,-6],[-2,-41],[180,12],[36,-58],[-85,-103],[172,29],[62,-40],[265,96],[27,-76],[-68,-215],[-145,17],[-80,-102],[-409,-40],[-78,43],[-100,138],[-147,85],[-224,21],[-34,133],[67,31],[24,82],[-120,96],[-82,204],[71,11],[-6,39],[-56,82],[130,0],[47,-40],[236,38],[44,-99]],[[21194,94958],[-6,29],[-131,4],[13,36],[-62,3],[-36,-44],[-67,26],[-80,121],[164,-13],[-52,147],[-176,-43],[-84,72],[-204,-36],[-71,59],[-43,-74],[60,-29],[7,-163],[-63,-5],[22,-95],[-91,1],[-92,47],[-2,102],[21,54],[63,-18],[56,31],[-104,46],[-29,-37],[-132,5],[102,176],[163,42],[2,67],[-59,-3],[-57,80],[-61,2],[-77,-155],[-35,-7],[-71,22],[-100,-18],[-160,79],[-40,64],[-85,-20],[-74,16],[1,24],[-179,0],[-10,102],[193,36],[8,64],[-160,-12],[-90,34],[12,37],[144,47],[43,87],[-14,212],[-81,1],[-70,-43],[-103,77],[161,61],[269,-38],[122,128],[-39,36],[-99,11],[-33,111],[206,26],[-4,29],[-141,3],[0,75],[161,-6],[94,-66],[1,-36],[143,2],[-38,37],[56,38],[-53,15],[181,64],[-110,209],[117,11],[-3,45],[35,10],[155,-57],[100,56],[-111,3],[-53,44],[1,75],[172,-38],[20,-98],[176,-23],[46,-61],[133,5],[-60,-37],[52,-98],[-93,-33],[-5,-41],[96,-51],[-49,-85],[65,-12],[-15,-61],[192,-37],[41,-34],[-3,-61],[63,-15],[43,24],[-70,94],[-56,20],[12,48],[81,-44],[43,41],[101,0],[40,-18],[-25,-53],[89,-80],[200,38],[86,-25],[15,-87],[-80,-43],[8,-26],[57,-4],[39,59],[124,-9],[40,-123],[48,-5],[-5,-66],[82,-4],[0,77],[338,-14],[108,-51],[9,46],[121,-28],[39,51],[169,-62],[-9,-79],[32,71],[176,35],[90,-26],[-163,-71],[26,-30],[110,36],[88,-10],[21,30],[90,-37],[-123,-95],[37,-55],[-59,-24],[29,-97],[-31,-125],[-35,-31],[-154,16],[-8,-58],[63,-15],[67,32],[100,-57],[169,-25],[-76,-106],[75,-83],[-9,-126],[62,-60],[-281,-218],[-71,7],[-23,-35],[141,7],[38,-27],[35,88],[126,47],[-11,-77],[94,-20],[97,67],[95,-61],[-27,-22],[44,-55],[285,59],[46,-52],[149,35],[15,-97],[-129,-29],[103,-33],[30,-61],[-170,-34],[56,-11],[-12,-81],[47,-19],[-137,-56],[-33,-39],[23,-42],[-53,-48],[-63,-14],[-73,84],[-9,86],[-52,22],[13,85],[-113,17],[-20,140],[-98,3],[-16,-90],[-69,-59],[162,-56],[-11,-42],[-70,-33],[74,-95],[-90,-36],[-7,-113],[-46,-26],[54,-34],[13,49],[53,5],[-16,-109],[81,13],[12,-54],[57,6],[275,-152],[-77,-80],[13,-48],[-46,-21],[18,-44]],[[23816,93664],[-219,-17],[-62,81],[-124,72],[-39,-24],[-105,25],[-106,-146],[30,-100],[216,-22],[-4,-70],[-119,16],[-96,-12],[-11,-44],[-100,-13],[-51,29],[-114,-33],[-43,-30],[-26,-128],[-54,25],[-117,-140],[-200,104],[49,97],[-280,89],[-187,-31],[-57,110]],[[21997,93502],[0,78],[30,5],[14,-41],[162,-61],[114,6],[-57,74],[9,91],[58,20],[-4,44],[111,24],[138,-47],[-54,49],[50,39],[-50,144],[39,0],[4,44],[-43,72],[-122,26],[153,26],[19,29],[3,42],[-111,57],[67,88],[-68,45],[-86,-27],[-17,60],[-130,2],[-30,-195],[38,3],[18,67],[27,-18],[-48,-104],[-47,-16],[-1,-75],[-92,21],[-2,69],[-107,55],[-80,20],[-83,-37],[-68,86],[-64,-9],[-26,40],[69,53],[-43,76],[121,135],[-119,49],[-122,-108],[34,-92],[56,-37],[-29,-77],[-129,56],[9,76],[-134,107],[-142,-223],[-105,-12],[14,117],[-96,50],[-149,0],[-39,168],[60,70],[-25,49],[256,-70],[8,44],[-57,18],[-56,77],[82,-24],[67,48],[42,85],[-40,25]],[[21693,95280],[18,-33],[-15,32],[-3,1]],[[21662,95179],[16,9],[5,8],[-21,-17]],[[21662,95179],[0,0]],[[21533,95154],[-44,-6]],[[21489,95148],[61,-9],[-17,15]],[[21489,95148],[0,0]],[[21461,95379],[-39,-9],[39,9]],[[21519,95261],[70,15]],[[21589,95276],[-70,-15]],[[21519,95261],[-56,7],[56,-7]],[[21589,95276],[0,0]],[[21772,94829],[0,0]],[[21907,94796],[0,0]],[[21998,94791],[0,0]],[[22091,94810],[-32,-10],[18,2],[14,8]],[[21982,94950],[13,-2],[-13,2]],[[22104,94967],[32,-14],[-3,4],[-29,10]],[[22152,94857],[0,0]],[[21814,94870],[0,0]],[[23339,91894],[-17,-149],[94,-247],[-85,-84],[-146,7],[-11,-430]],[[18598,93354],[14,156],[-122,-40],[-20,93],[-76,13],[1,57],[-132,47],[-6,190],[71,89],[-60,39],[5,37],[83,15],[16,97],[95,60],[311,55],[697,4],[51,-49],[129,-33],[83,-70],[101,-189],[104,-65],[279,-309],[4,-43],[78,8],[4,-34],[284,-17],[164,45],[32,36],[272,22],[148,-31],[342,1],[91,-31],[52,36]],[[21693,93543],[68,-186],[259,-75],[52,-92],[-44,-37],[-41,-251],[-43,-39],[-173,-41],[-25,-79],[47,14],[146,-53],[40,-112],[-29,-42],[165,-21],[-46,-50],[63,-64],[220,1],[201,-102],[171,12],[27,26],[136,-21],[195,-135],[41,-117],[163,-98],[53,-87]],[[16069,90902],[173,44]],[[16113,94475],[99,-21],[232,81],[154,-3],[193,96],[200,-39],[256,-167],[116,-31],[-128,-119],[-64,-199],[16,-36],[56,-6],[37,-104],[-66,-41],[13,-132],[19,-43],[114,19],[10,-28],[74,-5],[5,-84],[87,9],[53,-38],[-58,-30],[7,-82],[231,-29],[5,-106],[99,-30],[17,43],[120,37],[95,5],[123,-61],[249,47],[121,-24]],[[18598,93354],[21,-17],[-41,-35],[32,-22],[-152,-116],[204,-145],[-9,-274],[78,-234],[77,-137],[177,-36],[82,-245],[-71,-481],[-79,-138]],[[17324,91278],[-11,-4],[98,1],[-13,0],[-74,3]],[[17700,91066],[5,27],[-9,-27],[4,0]],[[17267,91218],[26,-6]],[[17293,91212],[0,0]],[[17293,91212],[5,55],[-38,-13],[7,-36]],[[17293,91029],[0,0]],[[17692,91202],[0,0]],[[17860,91167],[-45,21],[12,-34],[33,13]],[[17858,91259],[-22,16],[31,-40],[42,41],[-51,-17]],[[17728,91305],[0,0]],[[17593,91300],[0,0]],[[18312,90418],[184,-9],[-69,234],[61,76],[-81,26],[-44,116],[253,69],[5,233],[51,62],[84,16],[-11,243],[172,-10]],[[18917,91474],[30,-41],[368,-84],[159,-90],[475,-56],[685,-159],[360,-214],[693,-182],[-2,118],[-121,115],[92,26],[37,51],[187,45],[167,-17],[143,-111],[176,-47],[95,110],[192,-82],[15,39],[111,12],[31,86],[364,-2]],[[23174,90991],[106,-108]],[[23280,90883],[112,-101],[-83,-25],[-66,-69],[41,-122],[-70,-48],[117,-225],[25,-164],[-69,-41],[174,-129],[-49,-3],[73,-170],[79,-51],[97,-194],[2,-84],[114,-116],[63,-12]],[[23840,89329],[49,-113],[410,-259]],[[21182,90033],[0,0]],[[21152,90023],[30,10]],[[21182,90033],[-30,-10]],[[21171,89931],[121,-92],[-118,91],[-3,1]],[[21473,89783],[0,0]],[[21290,89647],[0,0]],[[21207,89547],[0,0]],[[21207,89547],[-4,-8]],[[21181,89491],[0,0]],[[21203,89539],[-22,-48]],[[21062,90287],[0,-53],[10,-48],[-10,101]],[[21098,90066],[0,0]],[[20899,89581],[24,-18],[-24,18]],[[20840,89658],[1,21],[-4,-14],[3,-7]],[[20842,89682],[0,0]],[[21078,89461],[0,0]],[[21042,89943],[0,0]],[[20967,89830],[0,0]],[[20893,89780],[0,0]],[[20967,89830],[-74,-50]],[[21447,90245],[0,0]],[[21447,90245],[-54,-11],[-57,3],[57,-3],[54,11]],[[21481,90102],[57,25],[-3,66],[3,-66],[-57,-25]],[[21372,90046],[0,0]],[[21217,90305],[0,0]],[[21807,89727],[0,0]],[[21822,89762],[0,0]],[[22030,89760],[-55,0],[55,0]],[[22360,89802],[77,-15]],[[22437,89787],[-144,25]],[[22293,89812],[0,0]],[[22293,89812],[67,-10]],[[22041,89527],[-20,63],[20,-63]],[[22037,89508],[33,-28],[4,2],[-37,26]],[[22037,89508],[4,19]],[[22319,89513],[-163,0],[132,-5],[31,5]],[[22046,89639],[-28,30],[-65,41],[65,-41],[28,-30]],[[22344,89516],[6,16],[-16,-17],[10,1]],[[22336,89619],[20,-74],[6,12],[-26,62]],[[22347,89651],[0,0]],[[22437,89787],[-99,-53]],[[22338,89734],[0,0]],[[20512,88892],[144,4],[78,-34],[157,22],[44,-36],[54,93],[-40,26],[5,50],[156,-60],[82,17],[45,163],[-73,97],[-65,2],[72,59],[26,-87],[71,-22],[39,-61],[107,16],[14,-126],[188,-9],[77,29],[-7,48]],[[21686,89083],[13,35],[45,-6],[26,-69],[186,27],[21,-119],[266,-87],[392,-20],[92,-90],[90,-2],[81,70],[53,-30],[138,0],[23,34],[106,10],[144,76],[83,-21],[84,17],[26,36]],[[17905,86365],[-33,-12],[-61,55],[-208,-23],[-108,100],[20,266],[-74,92],[3,56],[-66,19],[93,79],[2,166],[-142,34],[14,82],[-74,239],[-115,106],[-62,142],[-92,64],[-61,246],[70,102],[-61,111],[-232,131],[-121,7],[-172,80],[-235,-9],[-155,36],[-45,-14],[-43,-80],[-229,100],[-10,25],[152,87],[-2,127],[-123,231],[64,247],[-68,162],[-118,125],[-55,162],[19,62]],[[16413,90404],[201,20],[240,-179],[163,0],[185,-102],[83,-113],[53,23],[49,-42],[110,21],[-18,152]],[[17479,90184],[133,-2],[-13,-80],[307,20],[91,30],[-51,38],[-108,-5],[-56,43],[33,52],[345,63],[58,114],[94,-39]],[[18312,90418],[-14,-42],[108,-32],[115,52],[134,-29],[34,-56],[-24,-109],[-150,3],[-20,-60],[115,-81],[106,39],[-96,-202],[163,-119],[64,20],[26,-282],[117,8],[17,-62],[111,65],[264,-88],[67,-50],[-58,-126],[257,-60],[131,-148],[124,-17],[23,-81],[64,-58],[103,-20],[24,-51],[31,36],[-29,69],[158,78],[235,-123]],[[20512,88892],[5,-43],[110,-49],[-23,-127],[41,-117],[103,7],[17,-27],[-113,-9],[-36,-101],[-48,-30],[-62,13],[-66,-77],[-47,-326],[-122,-311],[-45,-15],[-51,-121],[88,-104],[-44,1],[-27,-46],[68,-9],[-106,-63],[108,-80]],[[17900,88956],[47,-2]],[[17947,88954],[-47,2]],[[17947,88954],[0,0]],[[18114,88735],[0,0]],[[18155,88723],[0,0]],[[18114,88735],[41,-12]],[[18276,88560],[0,0]],[[18182,88515],[-62,-38],[62,38]],[[18182,88515],[0,0]],[[18048,88436],[0,0]],[[17941,88455],[63,-143]],[[18004,88312],[-63,143]],[[18019,88253],[43,-15],[68,16],[-70,-13],[-56,71]],[[18004,88312],[15,-59]],[[17873,88528],[0,0]],[[17767,88610],[24,1],[-24,-1]],[[17730,88609],[0,0]],[[17694,88927],[0,0]],[[17891,88894],[0,0]],[[18192,88315],[0,0]],[[18215,88291],[0,0]],[[18798,85451],[-60,279],[-55,28],[-357,-26],[-136,81],[-85,4]],[[18105,85817],[-39,9],[-94,156],[32,42],[-71,-1],[-36,47],[-27,214]],[[17870,86284],[35,81]],[[17905,86365],[59,50]],[[17964,86415],[142,-30],[42,95],[49,11],[142,-36],[100,36],[29,-42],[41,6],[176,98],[-33,182],[135,198],[172,-19],[64,84],[179,-10],[118,-39],[29,-42],[-64,-18],[52,-38],[142,63],[-13,78],[-77,30],[15,19],[280,-2],[17,196],[75,18],[86,-24],[65,-71],[168,-23],[-3,-33],[52,-1],[76,84],[69,-1],[-3,-46],[67,8],[-20,72],[-73,-5],[2,45]],[[20262,87258],[183,9],[62,-37],[59,30],[144,-82],[69,40],[31,-28],[-43,-53],[146,-20],[31,-106],[96,-50],[-13,-81],[-89,-3],[-67,-53],[82,-41],[70,21],[15,-20],[-52,-35],[4,-142],[129,8],[-16,-51],[177,1],[-3,30],[138,-107]],[[19974,85134],[-69,-5],[-25,66],[-107,-72],[-23,32],[-139,26],[-50,91],[-190,-41],[-104,50],[18,61],[-49,6],[-74,-35],[-29,-109],[152,40],[110,-73],[-461,-2],[-37,55],[-61,8],[40,158],[-78,61]],[[19091,86257],[-3,-21],[27,14],[-24,7]],[[19083,86200],[6,8],[-2,17],[-4,-25]],[[19078,86167],[36,-19]],[[19114,86148],[0,0]],[[19114,86148],[-36,19]],[[19096,86042],[-16,-33],[54,5],[65,-54],[93,0],[23,35],[100,19],[-100,-19],[-23,-35],[-93,0],[-65,54],[-54,-5],[16,33]],[[19096,86042],[0,0]],[[18966,85882],[0,0]],[[18966,85882],[52,-9],[-22,32]],[[19067,85909],[-71,-4]],[[18996,85905],[-30,-23]],[[19118,85902],[-10,-72]],[[19108,85830],[0,0]],[[19108,85830],[11,72],[-52,7]],[[19067,85909],[51,-7]],[[19041,85828],[0,-1],[-1,4],[1,-3]],[[18593,85853],[0,0]],[[18551,85931],[0,0]],[[18551,85931],[42,-78]],[[18593,85853],[-42,78]],[[18793,86017],[12,-14],[16,23],[-28,-9]],[[18869,86087],[-101,139],[125,-176],[-24,37]],[[18763,85847],[0,0]],[[18542,85999],[0,0]],[[18929,86243],[0,0]],[[19486,85716],[4,38],[104,9],[-104,-9],[-4,-38]],[[19458,85719],[-10,1],[52,-206],[-52,206],[10,-1]],[[19626,85779],[0,0]],[[11500,92783],[2,-90]],[[11461,92673],[73,-54]],[[6675,92861],[127,38],[-56,80],[121,55],[55,-7],[-15,50],[356,87],[53,-18],[24,42],[-28,20],[77,25],[-43,78],[94,35],[-27,89],[86,33],[15,47],[-111,48],[9,31],[-74,49],[-69,-7],[83,290],[-83,27],[30,212],[51,14],[27,74],[102,13],[120,111],[-16,70],[118,12],[26,87],[67,22],[5,-49],[116,41],[11,61],[120,71],[384,68],[266,-38],[19,144],[-184,-3],[13,62],[-83,7],[7,21],[191,135],[487,-22],[182,406],[127,79],[41,83],[84,20],[29,41],[38,-4],[-33,-45],[51,-8],[-55,-106],[117,-70],[14,-43],[299,0],[-1,-59]],[[11525,92576],[15,32],[-79,65]],[[11461,92673],[41,20]],[[11502,92693],[-2,90]],[[11500,92783],[20,100]],[[11520,92883],[0,0]],[[11520,92883],[-4,138],[31,46],[43,1],[13,53],[-166,140],[-48,8],[-182,-92],[-173,17],[-177,-24],[-47,18],[-80,152],[-425,-24]],[[10305,93316],[-37,-27],[-211,24],[26,34],[-55,72],[34,30],[-39,31],[-51,-15],[12,51],[-38,24],[26,19],[-75,68],[3,97],[-38,15],[29,82],[-62,57],[-12,73],[148,104],[0,35]],[[16028,94640],[85,-165]],[[16113,94475],[-14,-101],[118,-104],[2,-90],[-30,-201],[-130,-183]],[[11718,92578],[-28,-135]],[[11690,92443],[28,135]],[[11672,92763],[0,0]],[[11709,92806],[14,-22],[5,2],[-19,20]],[[11763,92608],[0,0]],[[11701,92874],[0,0]],[[16212,90844],[219,-110],[7,-84],[83,-68],[-108,-178]],[[16413,90404],[-129,-26],[-45,-47],[16,-62],[-73,-1],[-49,-38],[-6,-88],[-87,-5],[43,-70],[-21,-68],[52,-43],[-36,-41],[-117,-7],[-76,58],[-126,-25],[-29,-67],[-153,-106]],[[15577,89768],[-39,36],[-106,-4],[-170,-99],[-45,-71],[-86,-19],[-56,29]],[[15075,89640],[-238,-14],[-42,146],[-656,-41],[-102,48],[-422,463],[-293,80],[-120,124]],[[13552,90911],[170,43],[52,73],[-113,55],[224,102],[24,149],[86,-1],[-28,106],[-77,-12],[-12,51],[-120,-17],[-24,30],[87,94],[69,-5],[6,44],[-186,124],[23,60],[-122,16],[75,76],[89,-66],[89,14],[123,129],[-78,23],[-53,-43],[-40,30],[-21,73],[39,18],[-53,93],[8,71],[65,63],[-58,78],[-97,33],[88,4],[7,52],[80,49],[-29,80],[159,74],[-10,39],[-95,-36],[-15,25],[-80,-16],[-19,29],[214,39],[20,22],[-39,29],[144,76],[-47,2],[-5,31],[17,52],[65,30],[278,-28],[48,-55],[222,105],[142,-16],[163,-77],[49,-61],[-73,-32],[-70,24],[50,-76],[-121,-100],[-23,-68],[97,-70],[85,-37],[85,4],[23,-47],[-15,112],[51,30],[183,-27],[53,-37],[-7,224],[-59,13],[-34,-52],[-154,122],[56,33],[-2,66],[-52,47],[48,87],[-76,116],[70,96],[-30,281],[-217,58],[-2,31],[-128,-3],[-62,79],[470,8],[60,54],[-20,52],[47,10],[162,-46],[-26,-32],[56,-29],[-4,-65],[73,-15],[96,12],[32,117],[381,-8]],[[16059,93796],[103,-401],[272,49],[242,-118],[187,-261],[1,-84],[-102,-2],[-16,-80],[126,0],[20,-39],[-83,-243],[-244,-124],[-95,1],[-8,-36],[81,-22],[-51,-222],[135,-125],[39,-161],[-64,-18],[4,-221],[115,-28],[25,-77],[-153,-195],[-170,-125],[-5,-66],[-176,-252]],[[16242,90946],[-80,-33],[-132,20],[39,-31]],[[16069,90902],[88,-62],[55,4]],[[15809,91519],[0,-30],[7,85],[-7,-55]],[[15810,91430],[0,0]],[[16001,91103],[18,64],[-9,21],[-9,-85]],[[16100,91494],[-56,-7],[42,-10],[14,17]],[[16143,91499],[-25,-3],[66,-11],[-41,14]],[[16318,91244],[19,47],[-20,-23],[1,-24]],[[16187,91632],[-23,3],[36,-32],[-13,29]],[[16040,91561],[51,-9],[-48,13],[-3,-4]],[[15977,91731],[1,-1],[106,5],[-107,-4]],[[11084,94235],[-16,-77],[-83,-12],[-13,-48],[33,-47],[56,8],[111,-56],[-15,-47],[-201,13],[-253,-31],[-170,-62],[-68,73],[-135,5],[-83,75],[-90,-67],[-19,34],[-58,-17],[-115,111]],[[9965,94090],[67,78],[116,55],[-4,54],[108,130],[-38,77],[-370,82],[-97,132],[-62,0],[-19,30],[-201,9],[-103,37],[-67,-81],[-99,66],[-66,128],[39,83],[111,28],[21,84],[73,52],[88,-1],[41,93],[144,94],[236,-46],[28,32],[120,17],[8,37]],[[10039,95360],[57,-10],[7,-49],[163,-25],[76,37],[-59,148],[277,-9],[90,66],[47,-25],[-83,-223],[53,5],[48,60],[208,-12],[4,85],[84,45],[6,47],[-128,1],[-39,46],[126,17],[82,129],[-48,21],[-117,-76],[-94,108],[53,120],[87,65],[-17,32],[-86,-48],[-57,11],[-148,162],[-3,24],[125,49],[-27,67]],[[11008,97559],[83,13],[25,-25],[-33,-73],[30,-16],[195,44],[420,27],[-77,-142],[85,-30],[-26,-52],[76,32],[-9,-113],[61,19],[16,-27],[-49,-27],[-3,-48],[63,-10],[-18,-35],[-82,16],[25,-36],[505,-33],[61,-92],[86,21],[62,-24],[54,36],[22,310],[565,0],[114,-488],[-98,-53],[11,-56],[83,-25],[45,21],[23,-52],[92,8],[71,-41],[246,4],[29,-127],[-130,-43],[115,-51],[193,9],[73,-99],[100,-20],[3,-28],[300,21],[-24,72],[57,-3],[8,-111],[71,-87],[-108,11],[-60,-25],[-6,22],[-62,-13],[18,-33],[-134,-31],[161,-27],[12,-39],[204,18],[-13,-126],[256,60],[57,-32],[-2,-41],[-421,-59],[-30,-36],[21,-37],[96,13],[-12,-75],[67,-139],[45,-39],[80,1],[29,-40],[-95,-8],[47,-70],[83,-14],[4,-95],[-53,-87],[103,-61],[73,10],[-35,-47],[16,-60],[49,-42],[103,34],[78,169],[262,-16],[87,90],[93,18],[-41,70],[356,1],[122,-185],[-13,-72],[161,-91],[-101,-188],[31,-117],[-27,-77]],[[16028,94640],[-234,11],[-31,-27],[-42,-149],[37,-14],[-47,-65],[101,-52],[-25,-41],[-321,68],[9,-54],[-49,-40],[-35,59],[-160,-10],[64,-100],[-36,-51],[-666,-83],[-37,15],[-5,87],[280,3],[113,72],[-4,38],[-64,15],[-79,-55],[-113,22],[-60,92],[-151,49],[-4,86],[-101,16],[-25,35],[-1,46],[117,38],[-94,87],[-86,-50],[-152,15],[-87,104],[-192,-36],[-76,62],[12,56],[-83,2],[-11,74],[-197,27],[-33,-14],[-8,-93],[-144,-8],[-83,-73],[6,-45],[-108,-76],[23,-38],[-69,0],[-81,-64],[-45,8],[-12,64],[-51,-63],[-164,29],[-164,-70],[24,207],[-28,30],[-136,4],[-44,-119],[-77,-32],[-152,50],[-79,-22],[-184,-155],[-54,4],[-10,-73],[-90,38],[-79,-8],[81,-64],[-20,-55],[-185,42],[-212,-90],[-32,-62],[-122,55],[-137,10],[60,-74]],[[11816,95180],[70,45],[202,4]],[[12088,95229],[0,0]],[[12088,95229],[-209,-3],[-63,-46]],[[11803,95154],[74,-17],[-74,17]],[[11803,95154],[0,0]],[[11845,95087],[0,0]],[[11775,95063],[0,0]],[[11746,95064],[0,0]],[[11697,95026],[8,0],[39,14],[-47,-14]],[[12005,94856],[0,0]],[[11970,94744],[0,0]],[[11925,94702],[8,-81],[24,27],[-32,54]],[[11925,94702],[0,0]],[[11894,94614],[0,0]],[[11771,94621],[0,0]],[[11701,94644],[-127,5],[7,69],[-8,-69],[128,-5]],[[11701,94644],[37,-55],[-37,55]],[[11401,95044],[32,-24],[1,0],[-33,24]],[[11570,94997],[0,0]],[[11619,94727],[7,1],[-34,57],[27,-58]],[[11547,95101],[96,-13],[-96,13]],[[11547,95101],[-73,24],[-43,-51],[44,50],[72,-23]],[[12192,95128],[-15,28],[15,-28]],[[12319,95118],[0,0]],[[12319,95118],[-33,-12],[33,12]],[[12433,95087],[-9,0],[22,-16],[-13,16]],[[12292,94989],[-40,17],[-29,-36],[29,36],[40,-17]],[[12292,94989],[0,0]],[[12206,94916],[5,-27],[-5,27]],[[12206,94916],[0,0]],[[10841,97526],[-43,-205],[106,26],[112,-38],[73,34],[173,-106],[-44,-160],[-130,2],[47,52],[-106,48],[-21,-42],[-69,-18],[-1,-49],[73,-52],[-53,-51],[-160,-65],[-156,-5],[49,-48],[138,-25],[105,78],[66,0],[36,-87],[-55,-26],[42,-39],[5,-177],[134,-52],[-221,-72],[6,61],[-58,-4],[4,-34],[-87,24],[-72,-42],[-22,-53],[52,-39],[-38,-134]],[[10726,96228],[-136,-72],[-61,80],[-114,35],[153,122],[-185,15],[-15,61],[96,52],[-1,29],[-170,45],[-10,40],[156,68],[-82,40],[-56,100],[-76,24],[1,69],[-167,40],[11,39],[112,56],[12,46],[-475,91],[-526,-7],[-118,54],[40,34],[-23,25],[-56,-26],[-42,37],[-112,-7],[-35,-67],[29,-50],[-69,5],[-13,53],[-71,4],[-149,128],[-6,42],[-72,18],[-22,92],[-87,-69],[-233,-56],[-82,70],[-169,12],[-66,76],[-119,-9],[-153,-39],[-27,-58],[39,-34],[2,-89],[61,-31],[-11,-51],[-91,-66],[26,-181],[-94,-39],[-66,-101],[-126,234],[-23,141],[-136,6],[2,154],[-146,4],[10,43],[-67,56],[8,112],[130,152],[271,176],[50,93],[-22,109],[138,91],[26,57],[-42,162],[177,172],[23,82],[98,64],[-14,236],[86,75],[19,63],[-36,27],[73,180],[222,90],[246,33],[-6,34],[-87,28],[-102,0],[-38,85],[195,91],[34,142],[163,50],[87,79],[115,-45],[-32,-158],[78,-13],[-25,-160],[67,-252],[-18,-95],[66,-146],[-21,-205],[239,-356],[109,-64],[109,-4],[16,-75],[102,-65],[148,12],[2,48],[61,21],[23,115],[58,0],[16,-54],[289,7],[36,-32],[136,-15],[-32,-154],[132,23],[22,-34],[-63,-95],[59,-7],[1,-233],[206,19],[19,50],[93,6],[67,-7],[71,-85],[162,12],[75,-93],[-81,-60],[13,-61],[45,-5],[68,-92],[-40,-88]],[[11008,97559],[-71,-38],[-96,5]],[[22772,82648],[-322,62],[-42,-16],[7,-38],[-90,14],[-108,-73],[-88,65],[17,112],[-56,124],[-120,52],[-107,-13],[-78,47],[-56,-1],[-33,-37],[-199,-18],[-42,96],[25,64],[-88,32],[41,16],[-32,47],[-33,16],[-102,-35],[-34,46],[-27,-34],[-112,126],[29,98],[84,11],[1,30],[-56,83],[-146,57],[123,108],[77,16],[-107,136]],[[21098,83841],[-11,0]],[[21087,83841],[-15,37],[-105,37],[-186,-70],[-77,-3],[-88,41],[-19,29],[101,136],[-74,53],[-188,19],[-42,160],[-94,15],[-60,-27],[11,-42],[-54,-14],[-45,40],[-266,62],[21,105],[-36,136],[-139,111],[-43,265],[247,52],[78,58],[-40,93]],[[19974,85134],[64,56],[-31,30],[91,25],[26,-40],[100,-6],[-4,56],[35,1]],[[23413,81837],[-67,33],[4,92],[-65,-10],[-64,51],[53,82]],[[23274,82085],[34,-15],[164,264],[-37,28],[-122,-23],[-215,89],[-197,149],[-44,80],[-85,-9]],[[22488,84151],[0,0]],[[22470,84072],[108,42],[-108,-42]],[[22417,84050],[0,0]],[[22432,83975],[43,-20]],[[22475,83955],[-58,95]],[[22417,84050],[15,-75]],[[22441,83935],[34,20]],[[22475,83955],[-34,-20]],[[22469,83890],[-64,-20],[-83,-15],[83,15],[64,20]],[[22047,83941],[0,0]],[[21965,84062],[0,0]],[[21965,84062],[18,-27],[5,-1],[-23,28]],[[22020,84032],[-27,1],[26,-4],[1,3]],[[22260,83976],[0,0]],[[22276,84023],[0,100]],[[22276,84123],[0,-100]],[[22276,84023],[-16,-47]],[[22014,84014],[-11,-23],[2,-3],[9,26]],[[22048,84251],[0,0]],[[22371,84235],[-151,-5],[139,-6],[12,11]],[[22354,84215],[-4,-8],[29,-17],[-25,25]],[[22326,84118],[23,8]],[[22349,84126],[0,0]],[[22349,84126],[-73,-3]],[[22276,84123],[50,-5]],[[22705,83879],[-19,23]],[[22686,83902],[19,-23]],[[22731,83992],[-8,64],[-78,23],[78,-23],[8,-64]],[[22686,83902],[45,90]],[[22919,84121],[-4,23],[1,-31],[3,8]],[[22914,84077],[-1,-11],[26,-19],[-25,30]],[[23004,84054],[0,0]],[[22960,83969],[0,0]],[[22908,84192],[-2,7],[-9,8],[11,-15]],[[22848,84248],[0,0]],[[22640,84223],[9,17],[-9,-17]],[[22549,84171],[0,0]],[[28167,87138],[117,-3],[133,-96]],[[28417,87039],[10,-227],[91,-91],[85,6],[120,-86]],[[28391,86520],[-123,42]],[[28110,86540],[9,-61],[-70,-29],[-79,12]],[[27924,86424],[35,-23]],[[23149,86822],[-20,117],[42,50],[243,55],[-91,167],[160,107],[-22,123],[270,108],[26,72],[-3,32],[-102,9],[-82,64],[-44,95],[-135,18],[-46,131],[112,110],[-74,59],[82,123],[-19,57],[-57,25],[90,97],[-57,-1],[-30,-36],[-99,52],[98,21],[136,218],[82,170],[-54,79]],[[23555,88944],[189,48],[203,-112],[143,68],[87,-28],[122,37]],[[24299,88957],[179,-110],[159,-48],[278,-32],[150,34],[113,-17],[194,-132],[179,-44],[136,-162],[91,-45],[24,-99],[123,-115],[47,-7],[55,48],[21,-91],[252,-211],[258,-60],[115,-63],[131,8],[129,-121],[160,32],[131,73],[77,-9],[68,-77],[109,-21]],[[27478,87688],[0,-87],[140,-153],[46,8],[133,-145],[144,-52],[95,-104],[131,-17]],[[28009,86231],[0,0]],[[28042,86365],[-118,59]],[[27924,86424],[46,38]],[[27970,86462],[147,13],[-7,65]],[[28110,86540],[158,22]],[[28268,86562],[123,-42]],[[28431,86443],[-53,-83],[0,-1],[53,84]],[[28431,86443],[-40,77]],[[28391,86520],[41,3],[-25,90],[50,-29],[100,25],[31,-39],[47,50],[81,-18],[7,39]],[[28723,86641],[179,-38],[72,-48],[185,21],[2,-118],[206,-154],[86,-11],[107,-73],[341,-38],[115,21],[70,-43],[283,34]],[[30369,86194],[49,-4],[-8,-102],[278,-37],[197,12],[54,-49],[74,44],[28,-14]],[[31041,86044],[-12,-51],[115,12],[359,-397],[-35,-53],[49,-84],[134,15],[20,-46],[136,-1],[2,-28],[89,-15],[-13,-298],[-273,-49],[144,-224]],[[28407,86310],[-28,29],[0,-7],[28,-22]],[[28407,86310],[-61,-12],[61,12]],[[28227,86244],[0,0]],[[28239,86179],[0,0]],[[28239,86179],[55,-4],[25,53],[-32,-5],[6,-47],[-54,3]],[[24610,83986],[-15,226],[47,171],[-178,97],[33,164],[-67,67],[-113,9],[-115,61],[63,149],[-49,-4],[-32,-78],[-132,38],[-20,52],[-177,40],[-255,7],[-93,-72],[-123,2],[-44,-97],[-77,0],[-30,34],[-33,-45],[-102,-22],[-103,193],[90,7],[55,80],[125,27]],[[23197,86680],[-48,142]],[[23149,86822],[153,105],[169,-110],[35,57],[50,-47],[111,23],[-29,83],[95,130],[-113,24],[91,60],[-60,27],[153,49],[138,-42],[69,18],[84,-51],[-11,-73],[65,-35],[-130,21],[-79,-40],[0,-54],[47,-7],[32,-68],[85,-18],[-30,-17],[20,-31],[83,3],[13,86],[-44,37],[145,-15],[-32,64],[41,12],[8,-50],[117,-27],[42,-54],[-26,-51],[-43,-4],[5,-78],[93,40],[112,-109],[106,-4],[53,100],[115,-22],[17,-68],[-179,-70],[-19,-80],[83,-54],[164,-12],[113,86],[65,-33],[-28,-30],[61,-46],[195,4],[-5,-59],[46,30],[3,64],[102,24],[-94,3],[-19,44],[-49,0],[31,58],[-35,55],[134,42],[26,29],[-48,35],[76,16],[58,-2],[17,-43],[91,-26],[9,-46],[55,4],[7,-49],[-86,-8],[61,-75],[190,18],[2,-25],[118,9],[259,-66],[285,139],[77,-7],[55,-31],[0,-90],[171,-70],[68,29],[-27,29],[32,20],[127,11],[-15,-35],[41,-24],[86,92],[109,41],[124,-89],[80,-13],[41,37],[114,-3],[-5,-33],[97,-21],[25,-44],[-45,-26],[47,-27],[68,11],[25,-36],[43,3],[33,55]],[[27959,86401],[83,-36]],[[28042,86365],[-77,-95],[44,-39]],[[28009,86231],[-138,-72],[-24,-224],[33,-29],[-105,-149],[-188,-471],[127,-71],[68,3],[28,61],[91,-6]],[[25748,85472],[0,0]],[[26011,85560],[0,0]],[[26011,85560],[-69,-1],[69,1]],[[26177,85622],[0,0]],[[25817,85648],[0,0]],[[25946,85718],[-42,-23],[100,11],[-58,12]],[[24352,80147],[-311,95],[-13,33],[75,83],[-62,22],[-61,-58],[-83,110],[-177,32],[-35,33],[183,76],[109,8],[-101,42],[-67,-13],[-3,80],[44,31],[-32,28],[-48,-103],[-102,-48],[-25,52],[34,79],[-205,53],[-17,81],[84,34],[18,86],[-123,-9],[-21,30],[72,46],[-59,1],[-57,45],[41,23],[1,120],[150,26],[20,87],[-52,37],[50,7],[86,-46],[-105,91],[-81,-31],[-18,106],[-53,4],[43,41],[-63,144],[70,114],[-45,18]],[[23413,81837],[140,78],[64,175],[91,-11],[86,33],[24,104],[86,75],[89,56],[180,42],[109,76],[-61,88],[6,94],[63,-15],[-5,51],[-59,38],[1,70],[-47,43],[-72,293],[182,120],[60,86],[-60,28],[-79,-28],[-169,34],[-32,56],[51,94],[-28,37],[72,82],[6,82],[35,28],[44,-30],[46,21],[-51,53],[0,136],[36,43],[389,17]],[[24610,83986],[110,-14],[88,-101],[207,-25],[101,-96],[154,54],[599,27],[66,92],[161,67],[52,-8],[14,-63],[40,-9],[14,183],[77,38]],[[26293,84131],[142,43],[-4,-116],[49,-50],[129,52],[152,-23],[6,105],[83,55],[295,16],[75,-37],[-10,-74],[48,12],[-28,106],[37,41],[124,-40],[47,-58],[94,-9],[15,-39],[-48,-37],[53,-26],[147,39],[65,-29],[30,-85],[198,26]],[[29998,82207],[29,-55],[-58,-6],[-21,-65],[144,-24],[-1,-28],[-138,-28],[-32,31],[-67,-38],[174,-105],[-68,-87],[-57,-3],[-6,61],[-56,20],[8,-78],[98,-43],[117,74],[114,-58],[-30,-38],[30,-34],[67,1],[-28,66],[39,39],[62,14],[44,-31],[65,74],[42,-12],[-83,-105],[15,-28],[56,11],[102,125],[58,6],[30,-17],[-7,-145],[31,-14],[126,56],[-41,-86],[-131,-6],[-45,-21],[-11,-56],[99,-12],[38,-65],[42,18],[-31,58],[43,1],[27,-61],[-111,-74],[87,-101],[-92,-90],[84,-142]],[[30755,81106],[-94,-71],[-111,1],[-62,-216],[-93,30],[-140,-206],[-112,-17],[-150,46],[-45,53]],[[30507,82687],[-394,28],[-38,-24],[-19,-228],[-95,-59],[37,-197]],[[29998,82207],[-168,-84],[-57,-6],[-5,43],[-130,-9],[-41,28],[58,33],[-122,99],[30,93],[71,18],[-112,18],[-31,35],[-119,-10],[-88,99],[50,-3],[64,-69],[48,15],[93,105],[-58,55],[33,36],[151,-15],[-5,38],[-183,38],[20,51],[81,42],[93,-22],[77,19],[-24,53],[-104,-8],[-42,29],[-12,45],[52,36],[-89,-17],[-78,52],[199,12],[-31,111],[-82,0],[-29,38],[53,7],[-34,51],[28,47],[-215,69],[5,51],[107,26],[11,88],[-110,-2],[-62,-57],[15,-61],[-73,-20],[18,128],[-136,15],[-94,-76],[-75,65],[73,118],[-69,32],[116,157],[-77,5],[-154,-68],[-30,-49],[84,-20],[-77,-52],[-93,88],[142,91],[-8,28],[-82,17],[6,35],[-53,10],[4,-51],[-55,-38],[-105,47],[-26,88],[-96,2],[-32,-12],[14,-39],[74,-12],[-101,-84],[-213,43],[-55,-45],[2,73],[-76,12],[-67,91]],[[27992,84003],[53,118],[103,-4],[-15,48],[-37,3],[77,116],[-88,38],[-84,-15],[-234,157],[124,116],[111,-15],[25,88],[87,7],[62,93],[-90,54],[-88,-17],[-34,63],[-143,38],[-38,111],[84,62],[57,104],[-23,105]],[[27901,85273],[56,5],[94,109],[147,-16]],[[28198,85371],[29,27],[109,-13],[62,40],[169,-101],[-116,-97],[43,-12],[48,33],[69,-143],[-34,-67],[52,-11],[2,-197],[120,0],[100,52],[-41,60],[37,27],[43,-55],[143,-16],[54,117],[123,53],[171,-24],[120,33],[160,-99],[139,247],[194,-19],[115,-85],[157,-5],[56,35],[31,-51],[85,37],[160,-37],[11,-92],[108,5],[19,-36],[-123,-34],[11,-34],[160,-38],[1,-64],[-84,-49],[64,-32],[-42,-87],[97,-43],[112,-16],[1,37],[56,16],[18,102],[103,26],[315,27],[0,46],[331,-9]],[[31756,84825],[94,-7],[255,59]],[[32105,84877],[151,-192],[-37,-111],[56,-227],[76,7],[10,-84],[-119,-264],[-7,-118],[103,4],[32,-185],[-28,-62],[129,106],[60,9],[46,-52],[14,109],[56,-26],[-30,-187]],[[32617,83604],[-37,4],[-76,-115],[-103,-49],[-58,-96],[64,-35],[-19,-41],[-118,-77],[-172,-51],[-135,68],[-39,-38],[64,-96],[-150,5],[-122,-136],[22,-210],[165,-79],[-93,-93],[43,-38],[-30,-45],[-190,49],[28,42],[-39,42],[-257,142],[4,98],[-206,-10],[0,-57],[-65,14],[-38,-48],[-220,-25],[-111,-103],[-122,9],[6,42],[-51,18],[39,42],[-98,-10],[4,-40]],[[27404,77950],[-99,-11]],[[27305,77939],[23,56],[-34,26],[-231,31],[-44,74],[-111,31],[-9,47],[78,70],[-70,45],[-216,-145],[-102,38],[-196,10],[-59,127],[208,75],[2,59],[-182,11],[-115,76],[-46,-19],[-9,-125],[-142,35],[4,86],[72,116],[67,24],[156,-81],[11,35],[-66,55],[202,115],[-7,41],[-113,-56],[-103,36],[-41,60],[103,17],[22,33],[-81,180],[-83,-5],[-7,-115],[-108,-26],[15,66],[-111,65],[-96,7],[-181,-49]],[[25705,79065],[171,145],[-42,86],[-49,-6],[-132,96],[-16,73],[-87,53],[-17,-80],[-178,20],[-94,-65],[-51,9],[-81,156],[-159,36],[3,46],[-97,62],[-127,-91],[-57,19],[-1,54],[-147,-45],[-143,37],[19,30],[163,-30],[-46,86],[-192,-25],[-79,55],[-112,-13],[-41,42],[62,37],[234,-57],[50,104],[-55,51],[60,72],[-112,125]],[[24352,80147],[59,22],[40,122],[69,29],[27,66],[-79,153],[38,26],[21,117],[-128,54],[-23,146],[-76,56],[-16,67],[54,97],[110,26],[17,-28],[125,58]],[[24590,81158],[61,37],[177,0],[57,164],[86,26],[140,-64],[401,109],[452,-124],[152,41],[167,-9],[29,69],[154,19],[10,122],[80,77],[85,-58],[79,-10],[133,34],[37,-89],[-28,-51],[51,15],[69,-32],[70,0],[30,47],[-27,62],[30,54],[123,-101],[170,8],[25,-68],[95,-14],[27,-47],[55,0],[32,108],[78,-20],[41,61],[325,-59],[51,-26],[-90,-119],[5,-55],[334,67],[71,-19],[-26,-54],[57,-43],[94,9],[49,39],[43,-25],[105,17],[57,-35],[222,2],[-20,-29],[109,30],[82,-26],[91,33],[-9,37],[78,1],[107,-48],[18,-106],[112,-70],[134,-65],[174,6],[19,-49],[-87,-64],[29,-26],[-24,-51],[107,-70]],[[29948,80726],[-69,-83],[-46,23],[-65,-30],[-147,-340],[-140,7],[-67,49],[-51,-15],[19,-127],[-37,-93],[112,-83],[-67,-53],[-57,8],[4,-59],[48,3],[-75,-106],[46,-58],[-67,-74],[-126,-7],[-64,-72],[20,-65],[-37,-13],[-52,-157],[-141,-42],[-122,-103],[78,-94],[-228,-43],[-55,-100],[42,-33],[-14,-47],[54,-103],[-117,-156],[3,-106],[16,-22],[148,4],[-34,-154],[-140,32],[-169,-79],[60,-138],[148,3],[-6,50],[33,14],[79,-170],[-66,-43]],[[28599,78051],[-32,-7],[9,-38],[-155,-12],[-27,-49],[-111,33],[-62,-37],[-115,38],[-166,-60],[-447,7],[-69,47],[-20,-23]],[[27907,79857],[0,0]],[[27905,79825],[2,32]],[[27907,79857],[-2,-32]],[[28139,79922],[-44,45]],[[28095,79967],[0,0]],[[28095,79967],[47,-83],[-3,38]],[[28147,79819],[35,7],[7,21],[-42,-28]],[[28033,79786],[-117,-41],[97,30],[20,11]],[[28033,79786],[0,0]],[[28145,79788],[0,0]],[[28147,79819],[-2,-31]],[[22510,85033],[-22,-26],[-96,3],[-111,51],[-62,55],[-31,129],[-189,65],[-21,-29],[-194,-5],[-159,-43],[-9,-51],[60,-22],[-22,-27],[-69,39],[-96,-23],[-18,183],[-130,54],[-265,9],[-94,186],[-147,-62],[-77,-82],[-96,54],[-121,-71],[-55,1],[23,-55],[-55,-105],[36,-62],[-168,6],[-67,51]],[[20255,85256],[-30,144],[-45,44],[-167,5],[40,127],[-119,25],[10,24],[93,3],[16,47],[-37,14],[39,121],[36,-29],[16,58],[201,13],[83,89],[-6,44],[-113,21],[72,61],[-135,185],[-118,-38],[-90,44],[30,39],[-29,20],[118,57],[73,10],[16,-31],[66,24],[0,45],[223,-5],[124,-69],[283,-10],[98,85],[238,-17],[174,82]],[[21415,86488],[67,38],[139,-19],[288,31],[234,-35],[4,-58],[281,240],[-11,43]],[[22417,86728],[128,63],[239,-22],[22,24],[78,-41],[67,10],[55,-109],[191,27]],[[23197,86680],[212,-78],[47,-33],[-53,-46],[16,-40],[73,29],[35,-50],[-30,-372],[85,-38],[-65,-103],[-103,16],[-105,-53],[2,-32],[156,-24],[-7,-65],[-125,-31],[-38,-57],[7,-116],[190,-6],[58,-126],[-144,-16],[-50,-51],[-99,19],[58,-149],[81,-45],[-2,-47],[-131,-74]],[[23265,85092],[-56,67],[-107,10],[-19,55],[-262,113],[-121,-58],[25,-63],[-83,17],[-70,-43],[-191,20],[129,-177]],[[3652,89997],[-154,18],[-25,30],[11,54],[79,38],[-5,39],[-112,70],[95,73],[85,-14],[-31,170],[76,-15],[122,80],[2,31],[-78,28],[33,85],[-31,35],[-200,41],[-109,115],[-100,-97],[-50,5],[-29,85],[126,66],[-91,41],[-52,112],[101,75],[-3,92],[48,42],[159,35],[22,139],[102,68],[-78,52],[-13,65],[121,132],[-54,49],[0,104],[127,87],[142,34],[95,-51],[40,10],[11,32],[-90,8],[-13,31],[97,42],[0,67],[65,-8],[44,-61],[67,-4],[223,54],[0,50],[-58,29],[50,54],[50,0],[62,-64],[69,0],[27,48],[72,-15],[17,28],[-52,44],[152,5],[5,48],[89,18],[-95,104],[71,-14],[115,65],[-3,34],[80,-33],[47,69],[51,-8],[38,-69],[51,-5],[-6,50],[87,3],[49,-32],[85,60],[112,-63],[154,44],[95,97],[65,-3],[-1,66],[42,23],[41,-43],[73,75],[48,1],[-26,-39],[27,-12],[76,20],[47,-41],[45,66],[38,-24],[114,60],[245,-16]],[[6675,92861],[177,-102],[25,-73],[87,-23],[-72,-107],[301,76],[84,-25],[5,-55],[51,-37],[143,-38],[150,15],[72,-14],[7,-30]],[[3714,86136],[-35,-48],[-91,-3],[-64,-107],[-183,45],[-128,-59],[9,-66],[-45,-2],[-33,-78],[-183,-16],[44,78],[-139,-16],[50,95],[1,129],[-197,62],[-159,12],[-84,-30],[-199,34],[20,107],[95,122],[-276,52],[89,104],[-110,36],[-108,84],[154,135],[-15,44],[-86,3],[-54,39],[17,32],[185,63],[70,75],[-6,43],[-72,77],[17,135],[-89,-7],[-43,-93],[-49,-7],[-35,24],[38,106],[-28,48],[-95,-25],[-66,54],[93,64],[-29,36],[131,150],[-85,74],[-177,34],[-17,38],[68,22],[-61,51],[17,58],[71,32],[-14,55],[-65,58],[-42,-32],[-62,31],[9,50],[102,154],[139,121],[290,-13],[30,167],[117,16],[95,61],[-169,160],[15,78],[184,51],[13,33],[-88,18],[-4,73],[155,50],[35,50],[-37,18],[6,53],[74,98],[-43,58],[19,65],[106,23]],[[4964,86341],[-103,-15],[-88,-87],[9,-89],[-58,-10],[-68,42],[-35,-29],[-192,55],[8,-42],[-84,-17],[-52,-152],[-199,32],[-10,70],[-111,61],[-16,60],[-197,0],[-69,-39],[15,-45]],[[8111,85907],[-8,-326],[84,-41],[-36,-109],[84,-51],[-18,-93],[75,-103],[120,-12],[-48,-53],[69,-98],[147,-25],[38,27],[-26,54],[108,11],[-9,58],[126,-95],[69,31],[124,-63],[-85,-83],[203,-106],[-68,-39],[-161,-9],[56,-105],[57,-18],[147,43],[35,-58],[-52,-101],[35,-19],[-25,-61],[87,-80],[2,-42],[-52,-30],[-101,53],[-74,-17],[-18,-42],[47,-67],[-93,-84],[114,-63],[-63,-62]],[[9001,84029],[-168,17],[-36,-37],[-371,72],[72,182],[-40,38],[-275,-27],[25,150],[-219,68],[-215,-7],[-23,72],[37,89],[-41,59],[69,-4],[34,43],[-17,75],[-43,-24],[-137,24],[-22,42],[-165,30],[41,115],[-51,15],[-26,-34],[-161,60],[-78,-19],[-66,90],[-65,3],[-4,42],[-202,42],[-61,-47],[-98,2],[-54,85],[43,38],[-114,27],[46,85],[-29,22],[-355,121],[-1,60],[-220,58],[30,102],[-182,33],[-66,-27],[-139,95],[-82,14],[-47,39],[77,24],[44,121],[-26,207],[-36,58],[-174,82]],[[10561,88182],[15,-75],[73,33],[54,-33],[-26,-52],[-76,-5],[-64,-100],[-75,1]],[[10462,87951],[-60,31],[-297,-64],[-20,-37],[-24,-115],[86,-99],[-41,-6],[-36,41],[-70,-9],[-7,-31],[171,-81],[6,-146],[48,-86],[-115,-48],[6,-46],[-259,3],[-45,134],[-118,30],[-25,-191],[-158,-54],[-29,45],[-139,6],[-35,161],[-157,8],[11,-95],[-240,83],[-167,-29],[187,-137],[-80,-94],[-151,120],[-74,-2],[-49,104],[-103,-44],[-111,-380],[-104,-53],[-157,6],[-19,-67],[23,-312],[72,-81],[-10,-61],[-94,-20],[26,-74],[52,-14],[-65,-169],[-57,-19],[5,-68],[72,-84]],[[7714,87017],[-47,-19],[49,14],[-2,5]],[[7701,87060],[0,0]],[[7708,87107],[-57,2],[6,-1],[51,-1]],[[7710,87424],[0,0]],[[7710,87424],[4,-22],[19,4],[-23,18]],[[7791,87518],[0,0]],[[7832,87559],[0,0]],[[7823,87599],[0,0]],[[7724,87568],[0,0]],[[7472,87589],[0,0]],[[7354,87596],[0,0]],[[7404,87439],[0,0]],[[7621,87398],[0,0]],[[7678,87395],[-57,3]],[[7621,87398],[57,-3]],[[7456,87259],[59,8],[34,-113],[-34,113],[-59,-8]],[[7550,87129],[0,0]],[[7473,86859],[0,0]],[[7270,86880],[0,0]],[[7260,86883],[-96,-71],[96,71]],[[7045,86841],[0,0]],[[7076,86892],[-45,1],[45,-1]],[[6983,87011],[0,0]],[[6860,87042],[45,9]],[[6905,87051],[0,0]],[[6855,87086],[16,49],[-11,-93]],[[6860,87042],[-5,44]],[[7028,87202],[-31,-2],[-53,-38],[53,38],[31,2]],[[7060,87259],[25,1],[1,4],[-26,-5]],[[7442,87301],[0,0]],[[7164,87339],[-35,9],[-3,-4],[38,-5]],[[7693,86856],[0,0]],[[4715,86822],[-93,-63],[-245,-28],[-70,20],[-192,127],[-14,117],[-60,22],[18,38],[-154,14],[74,154],[-72,35],[85,76],[-59,65],[38,51],[90,31],[-6,56],[106,-25],[23,72],[-19,41],[-246,63],[26,151],[87,162],[-18,38],[-238,21],[-87,98],[32,105],[111,77],[195,2],[72,132],[-203,125],[-71,151],[1,95],[-80,78],[-56,-17],[-41,-94],[-50,-24],[-219,48],[64,321],[-62,76],[54,105],[-60,35],[-127,31],[-283,-44],[-259,112]],[[2707,89472],[26,37],[89,-55],[82,62],[-13,103],[-89,86],[60,35],[108,-17],[4,42],[280,39],[83,50],[259,-2],[137,98],[-13,44],[-68,3]],[[3652,89997],[125,90],[107,-4],[17,31],[148,42],[72,73],[-34,32],[20,32],[135,98],[72,-59],[113,124],[75,-24],[66,26],[38,-37],[57,66],[59,-37],[66,4],[44,-64],[-18,-48],[-35,1],[11,-128],[94,-55],[139,-27],[-31,-109],[-92,-63],[-10,-56],[115,-74],[93,-39],[175,41],[169,-55],[-17,28],[92,68],[142,-17],[2,-100],[-143,-246],[105,-141],[321,-10],[29,-25],[80,103],[43,-3],[-35,47],[31,45],[139,41],[172,-50]],[[7245,89153],[-27,-113],[34,-48],[-92,-89],[-177,-29],[-13,-32],[-51,26],[0,-236],[-56,-72],[11,-87],[-127,-100],[-11,-81],[58,-150],[43,-22],[-43,-26],[-4,-57],[80,-165],[-194,-83],[8,-151],[-49,24],[-54,-16],[-174,-251],[14,-55],[-72,-55],[-13,-66],[-260,44],[-43,-125],[-103,-113],[-130,36],[-216,-89],[-217,20],[-108,-69],[-58,-123],[62,-62],[-23,-45],[70,-25],[82,44],[49,-83],[-32,-28],[105,-70],[-104,-127]],[[5410,86404],[-53,-30],[-204,18],[-44,-100],[-67,24],[8,31],[-86,-6]],[[4964,86341],[-15,62],[-62,-1],[47,62],[-46,55],[77,20],[-36,40],[14,69],[-36,5],[-111,190],[-81,-21]],[[5363,87774],[0,0]],[[5374,87624],[0,0]],[[5447,87672],[16,32],[59,-3],[-59,3],[-16,-32]],[[5153,87618],[0,0]],[[5203,87720],[0,0]],[[5213,87736],[0,0]],[[5408,87843],[0,0]],[[5497,87750],[-11,-3],[11,3]],[[8405,88858],[-60,8],[5,-61],[-135,-69],[-82,62],[36,48],[-41,98],[-49,-59],[27,-26],[-26,-59],[-20,51],[-71,34],[92,88],[-38,74],[-215,72],[-58,50],[-53,-60],[-48,15],[-91,-93],[-112,65],[18,32],[-239,25]],[[7245,89153],[-5,67],[-185,4],[-5,132],[-101,21],[26,28],[-37,66],[-150,29],[-59,-86],[-180,-14],[-86,23],[-60,95]],[[6403,89518],[73,27],[-5,56],[-133,86],[28,80],[-33,36],[54,94],[-58,51]],[[6329,89948],[4,84],[91,148],[95,0],[26,98],[46,-12],[62,92],[-22,122],[49,140],[-71,39],[12,129],[-90,71],[37,42],[131,-36],[72,21],[131,211],[62,-31],[121,31],[47,-43],[22,93],[162,29],[-93,35],[368,294],[-63,24],[-353,-41],[39,164],[-73,50],[-166,-6],[-73,28],[132,75],[220,207],[114,34],[14,165],[67,1],[256,242]],[[7705,92448],[149,76],[150,-26],[82,146],[-42,33],[6,135],[145,10],[204,-35],[87,-71],[176,61],[-63,12],[20,39],[-60,4],[9,38],[146,-6],[117,-57],[174,26],[100,-44],[-7,-45],[77,41],[261,-42],[124,24],[78,-88],[84,-5],[103,42],[-11,40],[86,25],[-52,41],[231,53],[120,-36],[407,16],[84,-54],[158,-16],[-1,28],[49,4],[66,-123],[-26,-71],[39,-29],[13,-121],[206,25],[4,-36],[55,14],[12,-31],[42,10],[5,80],[222,84]],[[11534,92619],[-9,-43]],[[11525,92576],[7,-46],[-55,-25],[32,-46],[135,-23]],[[11644,92436],[46,7]],[[11690,92443],[31,-40],[104,-22],[-37,-113],[128,-55],[-22,-58],[107,-27],[72,-87],[239,-54],[13,-101],[191,14],[159,-26],[382,-236],[-9,-28],[183,-175],[12,-70],[103,-56],[-17,-65],[105,-76],[1,-93],[100,-66],[17,-98]],[[13552,90911],[-125,-68],[-19,-94],[42,-64],[-92,-47],[0,-41],[-89,-45],[-67,-106]],[[13202,90446],[-106,32],[-84,78],[-40,-9],[78,-60],[-192,-82],[-34,-61],[18,-60],[-37,-69],[48,-84],[-50,-55],[-255,-59],[-45,-58],[12,-61],[-104,-47],[-316,-1],[-108,89],[-244,35],[-1,-32],[183,-25],[-176,-3],[-47,-65],[-4,57],[-49,-3],[-38,-40],[31,-53],[-156,25],[-15,-116],[-57,-65],[34,-128],[-83,-26],[-1,-68],[-173,-30],[-50,-60],[-8,-175],[74,-155],[116,-54],[-9,-229],[-273,-2],[-160,-170],[-104,-1],[-34,-89],[-86,-53],[50,-59],[17,-150],[-60,-3],[12,43],[-127,75],[-135,1],[-7,-32],[57,-22],[119,4],[-22,-89]],[[10561,88182],[-372,17],[-139,-101],[-112,-6],[-8,-63],[-88,7],[-18,40],[-190,-20],[-31,24],[-87,-48],[-70,-112],[-70,6],[-34,48],[17,68],[-62,63],[119,167],[46,13],[-14,33],[-46,52],[-147,42],[17,45],[-31,22],[-120,-25],[28,47],[56,5],[33,73],[61,-11],[167,161],[-60,64],[-263,-17],[-22,-81],[-65,0],[-107,123],[26,57],[-182,64],[-389,-39],[1,-42]],[[9601,90281],[47,-2],[-47,10],[0,-8]],[[9576,90273],[-45,26],[79,-56],[-9,38]],[[9601,90281],[-25,-8]],[[9741,90197],[42,8],[-91,4],[49,-12]],[[9685,89962],[59,-62],[-56,62],[-3,0]],[[9867,89829],[42,25]],[[9909,89854],[-42,-25]],[[10175,90051],[-266,-197]],[[9909,89854],[266,197]],[[9488,90002],[-34,57],[114,-127],[-80,70]],[[9392,90078],[2,-5],[9,-2],[-11,7]],[[9140,90128],[-2,11],[-32,51],[24,-38],[10,-24]],[[9073,90073],[93,1],[-5,5],[-88,-6]],[[9394,90145],[-12,-44],[3,-7],[22,35],[-13,16]],[[68849,64420],[-140,3],[-36,-48],[97,-114],[-292,82],[-98,-76],[-63,-156],[-194,-15],[-35,64],[-80,21],[29,75],[78,49],[114,-9],[21,31],[-49,28],[-594,65],[-255,-133]],[[67352,64287],[-72,75],[133,142],[289,187],[103,19],[142,-130],[202,117],[214,182]],[[68363,64879],[293,229],[146,271]],[[68802,65379],[0,0]],[[68802,65379],[107,208],[-24,117],[174,142]],[[69059,65846],[183,100]],[[69348,65969],[115,-8],[-2,-32],[12,34]],[[69425,65906],[0,0]],[[69238,65580],[33,36],[30,-52],[-27,58],[-36,-42]],[[69391,65527],[0,0]],[[68934,65436],[0,0]],[[69235,65576],[-12,-46],[-152,-97],[152,97],[12,46]],[[69568,65786],[3,-59],[2,2],[-5,57]],[[69465,65605],[44,50],[-118,-128]],[[69391,65527],[74,78]],[[69602,65839],[0,0]],[[69224,62676],[57,39],[187,-52],[72,71],[-292,220],[42,29],[-14,48],[-104,127],[-146,31],[-94,-40],[-156,70],[-64,-33],[75,-84],[-112,-21],[-26,23],[123,248],[-66,228]],[[68706,63580],[207,21],[281,-118],[65,8],[-92,233],[-3,223],[-61,177],[-159,243],[-95,53]],[[68849,64420],[-20,73],[231,-31],[27,57],[122,-34],[20,45],[110,-47]],[[69339,64483],[42,-60],[315,4],[-55,108],[209,9],[2,-150],[71,0],[50,78],[92,13],[-10,-209],[277,-56],[102,111],[149,-9],[18,35],[103,-19],[-42,49],[-124,20],[18,131],[-67,-16],[-70,36],[-11,133],[52,-9],[18,64],[156,8],[9,-102],[43,-29],[110,45],[5,99],[48,5],[12,100],[135,4],[18,256],[-289,1],[-35,146],[-65,56],[-19,149],[60,44],[44,-14],[-12,-37],[213,9],[38,-46],[337,4],[122,42],[32,167],[-155,-29],[-11,41],[88,99],[-203,75],[-159,11],[-21,56],[-64,-22],[-76,25],[73,108],[-144,91],[-36,-42],[-40,15],[-197,181],[76,29],[151,-125],[642,-134],[13,-37],[98,-21],[29,-43],[140,37],[39,-35],[-20,-49],[154,46],[-1,38],[-153,112],[-189,22],[-55,-20],[-56,49],[187,107],[155,-15],[24,37],[116,-64],[117,207],[63,31],[7,92],[117,-13],[-13,34],[77,108],[-134,147],[-10,-169],[-35,-3],[-297,119],[-92,-43],[-305,34],[-64,199],[128,-96],[73,14],[75,-40],[52,76],[69,-10],[-18,50],[219,106],[-102,96],[5,39],[-466,25],[-102,137]],[[75114,57781],[-377,47],[-122,59],[50,83],[-247,5],[-231,89],[-31,-42],[-131,-5],[-63,-40],[-206,37],[-55,47],[-161,-63],[-25,62],[-83,27],[-139,-37],[-75,140],[-437,22]],[[74097,60868],[14,77],[62,-2]],[[74455,60969],[14,-110],[40,-22],[124,71],[80,-21],[166,-130],[123,29],[4,56],[-108,9],[-10,47],[100,30],[171,-108],[-43,-100],[214,-70],[45,122],[-68,101],[30,110],[89,-14]],[[75426,60969],[14,24],[179,13],[64,44],[88,-37],[34,45],[84,5],[70,-49],[120,-7],[12,43],[344,44],[432,-44],[178,10],[117,48]],[[77910,59362],[-26,-153],[45,-213],[-262,-329],[84,-143],[54,-241],[-42,-101],[-50,-27],[27,-34],[-41,-52],[-161,-13],[-120,-66],[-302,-70],[-201,78],[-92,-9],[13,-43],[-95,-25],[151,-111],[-4,-30],[-98,-23],[-47,-127],[-91,-3],[-35,-33],[-83,10],[-147,106],[-49,-16],[-7,-64],[-346,43],[-233,-45],[-638,153]],[[75182,59925],[80,12],[0,10],[-80,-22]],[[75278,59830],[1,-1],[-13,32],[12,-31]],[[75052,59762],[66,-88]],[[75118,59674],[-66,88]],[[75112,59648],[7,-23],[-1,49]],[[75118,59674],[-6,-26]],[[75259,59588],[0,0]],[[75408,59610],[12,0],[-166,6],[154,-6]],[[75490,59612],[-5,5],[-13,-5],[18,0]],[[74938,59808],[0,0]],[[75026,59886],[0,0]],[[75090,59872],[0,0]],[[75370,59734],[27,-35],[8,-7],[-35,42]],[[75370,59734],[0,0]],[[70675,62490],[139,-44],[26,103],[130,18],[228,-86],[48,26],[-13,58],[-101,92],[-10,85],[227,97],[223,10],[171,53],[428,-86],[70,16],[-131,109],[-109,13],[55,102],[42,-3],[96,-116],[319,-121],[25,25],[-72,155],[79,-26],[113,-103],[65,-4],[-65,135],[81,33],[13,60],[171,-4],[20,-37],[72,-10],[56,31],[67,-85],[51,1],[61,82],[206,95],[-23,83],[-87,13],[-30,39],[232,-2],[122,-159],[281,98],[-159,129],[-175,71],[-43,84],[8,32],[44,0],[129,-132],[52,-13],[135,32],[18,173],[-222,8],[215,307]],[[74643,63806],[117,-32],[-12,-93],[57,-73],[-158,-18],[-164,31],[-62,-33],[-6,-47],[-113,-84],[38,-36],[-32,-71],[25,-50],[-101,-136],[-197,-5],[-44,-97],[0,-68],[95,-104],[49,-168],[178,-55],[34,74],[47,-1],[62,-51],[-64,-6],[2,-82],[61,-59],[-77,-185],[66,-83],[-177,-81],[-40,-117],[-49,6],[-53,-52],[-16,-157],[35,-86],[79,-20],[1,-67],[91,-44],[-20,-77],[117,-4],[71,-115],[62,-2],[-27,-94],[71,-49],[-121,-15],[-19,-29],[15,-78],[65,-26],[-74,-198]],[[74455,60969],[-62,-3],[-64,-79],[-156,56]],[[74173,60943],[-4,84]],[[74169,61027],[-39,62]],[[74130,61089],[0,3]],[[73486,61173],[-72,-21]],[[72905,62904],[-48,66],[29,-76],[65,20],[-46,-10]],[[72871,62859],[-11,-37],[26,35],[-15,2]],[[72921,62821],[-4,9],[-18,16],[22,-25]],[[72970,62584],[-47,-5],[0,-1],[47,6]],[[72970,62584],[30,30],[39,6],[-60,1],[-9,-37]],[[72746,62655],[-6,17],[6,-17]],[[72892,62607],[0,0]],[[72817,62745],[0,0]],[[72821,62987],[0,0]],[[72785,63021],[0,0]],[[73175,62638],[0,0]],[[70164,60241],[62,-55],[-47,-56],[-17,35],[-236,-28],[-51,42],[-6,-42],[-533,75],[-70,47],[-203,46],[3,-38],[-85,16],[-54,66],[-139,-57],[-28,26],[56,18],[-57,18],[-105,-19],[-72,45],[-90,-49],[-57,51],[-186,5],[-89,102],[-276,185],[-81,130]],[[67803,60804],[388,202],[68,72],[39,149],[-18,39],[-225,-10],[-608,-175],[4,139],[255,441],[131,66],[349,27],[725,-101],[211,8],[35,36],[0,142],[-72,147],[-253,255],[-211,126],[14,66],[125,63],[262,-2],[202,182]],[[69224,62676],[92,-69],[-18,-97],[-84,12],[-28,-24],[40,-53],[250,-33],[124,-68],[-47,-72],[57,-19],[275,57],[18,34],[-48,30],[57,21],[344,-42],[41,82]],[[70297,62435],[6,59],[372,-4]],[[70675,62490],[31,-58],[49,-10],[31,-104],[104,0],[95,-71],[77,18],[215,-74],[171,86],[38,-80],[-69,-53],[42,-82],[-83,-31],[53,-113],[18,-248],[-132,-131],[-12,-127]],[[70939,60807],[-306,55],[-286,-163],[-28,-94],[-171,-142],[33,-63],[-98,-132],[9,-35],[72,8]],[[70318,57867],[4,66]],[[70322,57933],[-8,44],[-153,2]],[[70161,57979],[-87,-9],[-33,-55],[-144,73],[-109,-1]],[[69788,57987],[43,65],[-10,226],[36,23],[275,-36]],[[70132,58265],[2,-51],[9,105]],[[70143,58319],[3,53],[56,-24],[124,26]],[[70326,58374],[0,0]],[[70326,58374],[-22,30],[-451,82],[-2,289],[-189,1],[-5,85],[135,23],[20,168],[130,-25],[50,408],[140,-10],[21,89],[258,3],[109,61],[125,17],[124,-116],[30,191],[-41,137],[-173,-13],[-5,-67],[-101,52],[-48,-15],[-15,-59],[-228,-43],[-212,71],[-26,80],[94,18],[109,204],[107,7],[20,-71],[142,-12],[39,146],[49,22],[32,-52],[71,11],[23,87],[144,20],[8,57],[199,-14],[-7,94],[30,67],[61,27],[23,149],[-58,9],[4,72],[-43,19],[23,52],[-87,49],[6,33]],[[70939,60807],[178,-4],[2,41],[180,30]],[[72200,60638],[-24,-147],[-153,-219],[16,-72],[75,-33],[-99,-325],[3,-259],[237,-498],[515,-715],[11,-158]],[[72781,58212],[-135,32],[-372,-65],[-211,1],[66,-459],[408,-492],[3,-120],[-120,-284],[-379,-372],[15,-88],[48,-11],[53,-91],[-47,-76],[75,-186],[-122,-8],[-247,132],[-24,48],[-157,-63],[-145,28],[-141,-27],[-233,172],[-70,-14],[-51,38],[-158,-61],[-101,12],[-189,90]],[[70547,56348],[-55,57],[-102,18],[2,114],[129,105],[27,-27],[115,86],[-25,128],[-71,4],[55,45],[63,-23],[78,79],[-34,34],[27,29],[-19,102],[-176,62],[2,198],[-239,86],[-160,-7],[-13,44],[43,49],[-32,7],[-16,99],[81,81],[7,130],[77,17]],[[70311,57865],[115,-41],[-108,43]],[[70588,57769],[0,0]],[[70597,57801],[0,0]],[[70570,57814],[0,0]],[[70611,58213],[3,-7],[14,70],[-17,-63]],[[70664,58125],[0,0]],[[70645,58032],[-7,-52]],[[70638,57980],[7,52]],[[70594,57935],[70,-33]],[[70664,57902],[0,0]],[[70664,57902],[-60,31],[34,47]],[[70638,57980],[-44,-45]],[[70043,58097],[0,0]],[[70145,58145],[0,0]],[[70201,58190],[0,0]],[[70295,58029],[0,0]],[[70295,58029],[-94,48],[94,-48]],[[70457,58161],[-47,-48],[16,14],[31,34]],[[70602,58281],[-93,-65],[-5,-5],[98,70]],[[70393,58266],[0,0]],[[70381,58213],[12,53]],[[70332,58198],[49,15]],[[70381,58213],[-49,-15]],[[75100,64210],[-83,54],[-61,-16],[33,-56],[-77,3],[-231,-244],[17,-75],[-55,-70]],[[74643,63806],[-388,53],[37,69],[-176,28],[-163,-29]],[[73953,63927],[-51,8],[-5,41],[250,225],[22,130],[123,16],[23,33],[-47,63],[-132,-66],[-158,26],[-1,41],[194,27],[-116,94],[208,125],[-56,52],[-149,-37],[-45,104],[40,61],[186,-106],[116,1],[36,44],[-154,114],[178,103],[-44,54],[55,39],[240,82],[32,37],[-208,111],[24,44],[105,-32],[20,55],[35,0],[-9,99],[-160,40],[-223,-37],[-185,21],[-104,-68],[-95,16],[-74,69],[54,48],[-71,-2],[-100,288],[-4,42],[60,33],[-1,142],[304,-77],[162,80],[-145,244],[-319,11],[10,191],[-64,11],[-101,-51],[-53,29],[-268,17],[109,106],[109,43],[-82,78],[-60,12],[-53,245],[-431,89],[-157,71],[-131,-22],[-89,43],[19,135],[313,127],[-41,84]],[[77125,63700],[-30,-21],[23,-38],[-166,-206],[-169,118],[-548,57],[-70,-37],[-62,72],[-139,6],[3,25],[55,2],[-76,96],[-38,-28],[-127,19],[98,72],[55,-12],[61,30],[92,82],[-97,46],[55,31],[-34,44],[-47,-14],[-83,35],[-22,69],[-102,-94],[-30,53],[-103,-10],[-83,-72],[-50,0],[-152,47],[-42,119],[-197,19]],[[75118,65786],[4,-27]],[[75122,65759],[-4,27]],[[75194,65736],[32,-19],[-104,42]],[[75122,65759],[72,-23]],[[75233,65713],[63,45],[-64,-45],[1,0]],[[75047,65792],[-41,-2],[40,0],[1,2]],[[75074,65815],[0,0]],[[75013,65943],[22,49]],[[75035,65992],[-22,-49]],[[75035,65992],[0,0]],[[74977,65868],[0,0]],[[74984,65917],[0,0]],[[75272,65798],[0,0]],[[75308,65858],[8,-16],[-8,16]],[[75360,65942],[-16,-34],[16,34]],[[75247,65966],[0,0]],[[73749,60753],[-129,-21],[66,-102],[-78,-61],[-303,18],[-83,-49],[-102,16],[-123,-64],[-19,-50],[-63,13],[14,91],[-424,262],[-41,83],[-152,15],[-112,-266]],[[72200,60638],[-72,4],[-28,32],[21,77],[-53,87],[-36,-13],[11,-54],[-53,-13],[-98,19],[-138,-50],[-54,26],[-228,-34],[5,80],[-178,75]],[[71299,60874],[14,128],[45,43],[-4,108],[-71,107],[22,30],[-46,14],[44,108]],[[71303,61412],[103,-59],[23,-76],[88,-51],[309,77],[104,-18],[9,-48],[97,-18],[100,50],[-46,110],[80,29],[3,-33],[99,-30],[2,-58],[-141,-64],[28,-31],[-29,-49],[130,16],[90,-55],[111,64],[45,-21],[27,111],[56,3]],[[72591,61261],[195,30],[76,-104],[204,-9],[30,37],[77,-9],[-14,-65],[89,-30]],[[73248,61111],[0,0]],[[73248,61111],[77,58],[89,-17]],[[73414,61152],[38,20],[9,-33],[25,34]],[[73486,61173],[12,34],[62,-12],[113,68],[78,-8],[-52,58],[77,1],[24,-103],[282,35],[137,-31],[10,-81],[-99,-42]],[[74130,61092],[-51,-4]],[[74005,61099],[74,-11]],[[74079,61088],[51,1]],[[74130,61089],[39,-62]],[[74169,61027],[9,-46],[-67,-37],[-14,-76]],[[74097,60868],[-32,-52],[-316,-63]],[[73952,61040],[53,59]],[[74005,61099],[-53,-59]],[[73678,60976],[-27,-29],[5,-1],[22,30]],[[73678,60976],[147,-6],[-119,5],[-28,1]],[[73888,60927],[0,0]],[[73753,60931],[-19,1],[149,-37],[-130,36]],[[73045,61049],[0,0]],[[73099,61001],[0,0]],[[73078,60950],[21,51]],[[73099,61001],[-21,-51]],[[73161,60899],[-33,9],[33,-9]],[[73464,61019],[0,0]],[[73988,60942],[0,0]],[[90830,70245],[29,-30],[-69,-39],[13,-31],[87,32],[330,-38],[96,-38],[-5,-102],[69,-97],[-46,-33],[48,-22],[-13,-142],[-48,-69],[127,-44],[47,-109],[149,-43],[-46,-177],[-118,-169],[179,-90],[-194,-209],[-7,-49],[60,-60],[283,-83],[-642,-754],[-75,-10],[-55,-61],[-18,-57],[36,-22],[-117,-58],[9,-64],[42,-12],[-54,-113],[-193,-186],[71,-104],[-37,-72],[10,-119],[-91,-164],[9,-172],[-44,-89]],[[89402,67865],[65,88],[-4,0],[-61,-88]],[[89402,67865],[26,-13],[14,11],[-40,2]],[[89527,67939],[0,0]],[[89597,67843],[13,-20]],[[89610,67823],[28,99],[-41,-79]],[[89555,67805],[-62,56],[-40,2],[102,-58]],[[89610,67823],[-55,-18]],[[88872,64057],[36,-83],[-30,-39],[109,-202],[-28,-22],[23,-54],[69,-22],[-35,-106],[26,-69],[-49,-75],[-30,-18],[-210,103],[-141,-68],[-226,60],[-18,-95],[-72,-81],[47,-120],[-73,-18],[-86,-82],[-11,-58],[-99,-48],[-69,-82],[68,-94],[-127,-54],[-27,20],[-99,-31],[-95,28]],[[86740,67009],[-24,83],[104,45],[-41,32],[24,116],[180,59],[-32,50],[66,9],[28,48],[-9,67],[-58,3],[17,30],[93,9],[169,-84],[-110,-117],[10,-31],[-127,-102],[10,-74],[110,-50],[33,28],[181,-56],[139,-177],[88,73],[40,199],[123,114],[207,-73],[38,-90],[392,-82],[-68,-114],[55,-7],[6,-106],[237,-8],[131,-87],[132,-48],[50,17],[16,-307],[145,-38],[-36,-124],[39,-86],[88,66],[22,59],[-29,30],[87,38],[-71,64],[-14,45],[33,20],[277,-92],[153,43],[72,60],[170,-1],[191,118],[3,50],[213,65],[52,73]],[[90345,66768],[169,-88],[38,-117],[100,-17]],[[90652,66546],[-136,-215],[16,-49],[-79,-245],[39,-50],[-53,-176],[-68,-1114],[-148,-10],[-437,119],[-393,259],[-187,2],[0,37],[-152,110],[-223,-70],[22,-40],[-77,-54],[38,-22],[-29,-79],[27,-41],[-67,-38],[112,-79],[-143,-76],[30,-39],[-38,-9],[-6,-65],[36,-49],[-30,-25],[29,-174],[60,-42],[-31,-84],[108,-171]],[[81997,60096],[21,-35],[-61,-32],[-77,10],[-72,-83],[-176,-64],[-162,47],[-55,90],[-72,39],[-314,-3],[-242,98]],[[83765,61980],[67,-257],[342,-861],[-604,-1635],[-2,-28],[61,-15],[-55,-59],[34,-25],[2,-148],[-48,3],[12,-36],[-46,-4],[24,-33],[-107,-73],[-8,-89],[-77,-33],[-110,38],[-126,-43],[-42,34],[-104,3],[-13,67],[-111,58],[10,81],[-91,184],[-8,105],[39,10],[-56,83],[-145,37],[-117,101],[-56,-36],[-158,32],[-121,118],[40,50],[-78,147],[72,-7],[54,38],[64,98],[-43,40],[104,10],[-82,65],[-110,27],[63,56],[-111,-7],[-16,35],[59,33],[-40,18],[-118,9],[-12,-75]],[[82212,62527],[-121,27],[20,-8],[101,-19]],[[82212,62527],[26,-45],[-6,28],[-20,17]],[[82234,62347],[38,27],[-18,0],[-20,-27]],[[82142,62363],[58,20]],[[82200,62383],[0,0]],[[82140,62346],[70,-45],[-70,45]],[[82142,62363],[-2,-17]],[[82421,62048],[0,0]],[[82071,62022],[-67,1]],[[82004,62023],[119,-24],[-52,23]],[[82004,62023],[0,0]],[[82000,62079],[0,0]],[[82069,62046],[0,0]],[[82238,62048],[0,0]],[[82055,62230],[15,5],[-86,-21],[71,16]],[[81940,62080],[0,0]],[[82396,62261],[47,47],[-6,-1],[-41,-46]],[[82396,62261],[0,0]],[[82487,62368],[-15,-48],[1,0],[14,48]],[[82487,62368],[-125,9],[-29,-1],[154,-8]],[[85206,62774],[-44,-112],[-78,56],[-218,67],[-130,-74],[27,-23],[89,12],[-20,-102],[39,-36],[80,25],[80,-142],[93,-43],[-33,-35],[-62,18],[-40,-42],[241,-224],[150,-89],[39,-109],[-66,-5],[17,-155],[-276,16],[-34,70],[-104,21],[-84,99],[-28,122],[-127,83],[54,38],[-87,7],[-166,94],[-137,-91],[-152,-40],[-48,-95],[-129,-48],[-145,-8],[-105,-64],[-37,15]],[[83765,61980],[107,245],[152,591],[91,22],[3,154],[-45,25],[-140,-57],[-124,33],[-67,148],[69,161],[-18,197],[-102,31],[-45,102],[-85,4],[38,137],[-229,23]],[[86083,67197],[32,-76],[86,-30],[-15,-42],[-91,-40],[-19,-64],[76,-135],[225,-35],[109,129],[190,45],[64,60]],[[86740,67009],[147,-60],[24,-70],[-107,-221],[-176,-189],[26,-234],[-72,-164],[75,-65],[-23,-122],[110,-30],[30,-42],[246,-7],[163,-64],[51,46],[68,-9],[304,-138],[80,43],[100,-2],[13,-83],[106,-34],[36,-99],[-109,-64],[28,-9],[-19,-34],[-143,-106],[177,3],[130,45],[-92,-73],[58,-1],[32,-230],[-185,-206],[150,-26],[-71,-45],[110,-78],[62,123],[91,-16],[-18,-177],[88,-41],[-80,-99],[-225,-57],[-132,-132],[-27,-83],[51,-24],[3,-63],[238,-92],[-13,-44],[-48,-4],[31,-123],[-44,-33],[104,-63],[-56,-120],[-140,-24],[-30,-70],[42,-209],[-57,3],[-88,-100],[25,-229],[-59,-217]],[[87725,62747],[-115,-15],[19,-46],[-92,-34],[-10,-44],[-127,-25],[-128,53],[-960,26],[-87,54],[-150,-3],[-146,57],[38,36],[-90,14],[-263,-81],[-62,35],[-1,69],[-167,90],[-32,-82],[-83,28],[7,-65],[-70,-40]],[[86097,65163],[87,-20],[-18,16],[-69,4]],[[86108,65109],[0,0]],[[86017,65074],[23,-9],[61,1],[-2,8],[-82,0]],[[86096,64989],[0,0]],[[86011,64849],[12,-68],[-9,56],[-3,12]],[[86126,64845],[0,0]],[[86174,64835],[0,0]],[[86363,64782],[33,-34],[-29,61],[-4,-27]],[[86408,64696],[-72,-10],[72,10]],[[86408,64696],[0,0]],[[86285,64726],[-135,-14],[135,14]],[[86285,64726],[0,0]],[[85965,64749],[0,0]],[[85813,64808],[14,26],[22,1],[-22,9],[-14,-36]],[[85813,64808],[0,0]],[[85870,64704],[-15,6],[15,-6]],[[85856,64835],[155,14]],[[86011,64849],[-155,-14]],[[86294,65073],[0,0]],[[86294,65073],[-59,1],[26,-12],[33,11]],[[86517,65156],[-11,20],[11,-20]],[[86416,64995],[16,40],[-16,-40]],[[86338,64937],[45,43],[-45,-43]],[[86266,64953],[0,0]],[[86267,65167],[0,0]],[[81071,63739],[-14,-258],[-131,5],[-34,53],[-58,-42],[155,-173],[-58,-225]],[[77200,64234],[-16,180],[53,174],[64,59],[-48,34],[34,68],[143,153],[-51,31],[30,35],[133,-17],[156,51],[-71,109],[44,44],[108,-4],[26,114],[-73,47],[-22,104],[68,22],[147,-77],[58,22],[2,43],[98,-11],[48,43],[-43,28],[18,37],[-97,-14],[-60,95],[-96,30],[58,131],[-179,-6],[-106,193],[-152,28],[49,74],[75,-4],[-23,64],[-109,52],[-195,-45],[-103,-65],[-61,26],[-7,72],[305,207],[191,-115],[-23,-51],[65,-77],[79,11],[4,29],[-107,63],[30,16],[144,-31],[283,49],[194,-63],[120,307],[-30,142],[-148,152]],[[81834,64033],[-235,89],[-27,-38],[50,-48],[-41,-48],[-36,-21],[-138,29],[-113,-119],[-61,-4],[42,91],[-50,-15],[30,72],[-69,12],[-64,65],[-75,-26],[-118,41],[-65,-202],[18,-120],[189,-52]],[[80505,64539],[5,0],[6,3],[-11,-3]],[[80352,64540],[-3,-27],[52,-26],[-42,25],[46,19],[-53,9]],[[80438,64329],[0,0]],[[80679,64443],[-65,-33]],[[80614,64410],[65,33]],[[80614,64410],[0,0]],[[80438,64329],[119,-8],[-119,8]],[[83627,64128],[127,10],[-67,-95],[-198,-41],[-101,31],[52,-154],[-70,-83]],[[83370,63796],[-148,-82],[59,-42],[-7,-33],[-232,-20],[-15,38],[-66,4],[-46,66],[-94,45],[66,25],[-37,83],[40,7],[10,68],[-435,-48],[-179,79],[-254,-7],[-198,54]],[[81834,64033],[33,73],[-67,40],[27,46],[-37,20],[75,66],[-160,130],[-52,-5],[63,65],[-70,138],[-25,15],[-117,-90],[-38,7],[57,57],[-7,70],[-223,40],[47,87],[-21,33],[56,64],[-141,37],[-55,170],[29,82],[-64,46],[-22,79],[-211,19],[2,103],[-259,26],[-40,55],[-174,19],[-73,112],[-8,81],[38,35],[-59,54],[75,48],[-12,26],[-117,29],[-21,-70],[-43,29],[-114,2],[38,-39],[-53,-17],[-65,52],[86,91],[3,37],[-51,26],[34,114],[-229,10],[45,47],[-93,8],[20,55],[-54,58]],[[84802,66992],[66,-95],[-58,-110],[-73,-50],[-239,70],[-51,-18],[-19,-209],[121,-170],[-4,-53],[-133,-68],[-57,-77],[14,-54],[-185,-51],[-25,-233],[-116,-223],[85,-171],[141,-128],[30,-72],[294,26],[38,-24],[-8,-58],[-286,-49],[-30,-41],[26,-39],[-91,-27],[24,-44],[-255,-58],[55,-62],[-22,-95],[80,-5],[15,-33],[-50,-73],[70,-133],[-35,-40],[-40,36],[-304,-29],[-1,-37],[65,-22],[-1,-55],[84,-8],[-13,-58],[-164,-82],[-84,8],[-72,-58],[-15,-71],[48,-21]],[[79690,58795],[-47,-4],[-123,73],[-36,66],[-312,42],[-58,138],[-111,3],[-52,-54],[-66,-3],[-159,94],[-92,165],[-25,297],[-69,106],[-186,154],[16,351],[-53,40],[-52,-60],[-129,-53],[-82,-94],[-60,-36],[-51,15],[84,-215],[8,-166],[124,-20],[15,-74],[-43,-194],[-72,-48],[-149,44]],[[77910,59362],[-19,215],[-79,24],[-38,106],[-123,8],[23,107],[-45,87],[-130,60],[-62,218],[-125,71],[30,140],[-42,19],[33,73],[-71,44],[-59,-10],[11,52],[117,49],[11,212],[-89,74],[11,89],[-102,108]],[[77162,61108],[6,58],[236,173],[88,156],[38,94],[3,244],[-53,305],[-102,76],[-74,167],[74,34],[-8,46],[-99,2],[-10,-51],[-327,19],[-16,185],[39,132],[-56,531],[23,38],[371,-11],[8,40],[-60,50],[21,71],[-48,53],[69,65],[-18,51],[-38,59],[-104,5]],[[77125,63700],[121,388],[-46,146]],[[77200,64234],[134,-20],[11,-66],[105,0],[64,-42],[97,8],[4,-96],[52,-1],[12,-65],[43,-13],[-39,-48],[46,-7],[-17,-52],[-87,27],[-19,-96],[66,-55],[124,-7],[-27,-95],[164,-22],[36,-139],[74,-22],[51,-72],[-37,-54],[-232,-36],[111,-159],[265,21],[109,60],[133,-74],[166,78],[77,3],[69,78],[50,-33],[-29,-144],[128,-13],[160,69],[194,10],[91,-119],[265,16],[7,32],[349,-18],[57,34],[179,-27],[157,48],[90,-20],[22,38],[119,24],[37,-6],[34,-78],[266,18]],[[80931,63099],[0,-75],[185,-219],[-102,-37],[-50,28],[-30,-49],[190,-68],[53,-35],[-7,-52],[-64,-88],[12,-61],[-132,-51],[-98,-6],[-233,104],[-62,-70],[-25,-74],[26,-16],[237,16],[41,-313],[-10,-102],[-315,-50],[-8,-98],[99,-30],[-85,-136],[-11,-138],[418,11],[122,-61],[18,-164],[-51,-323],[-157,-68],[-203,23],[-27,-199],[-188,-32],[-40,-85],[68,-8],[68,64],[74,-1],[210,105],[186,-47],[-27,-80],[31,-33],[-53,-26],[63,-91],[-31,-72],[-154,-149],[13,-28],[-95,-52]],[[80787,60163],[-763,333],[284,-1729],[-357,-15],[-106,26],[-26,45],[-129,-28]],[[79938,61556],[34,-9],[-9,-51]],[[79963,61496],[13,56],[-38,4]],[[79811,61612],[-50,10],[-11,-17],[1,0],[60,7]],[[79682,61448],[0,0]],[[79704,61418],[10,1],[-30,26],[20,-27]],[[79755,61421],[59,21]],[[79814,61442],[149,54]],[[79963,61496],[-149,-54]],[[79814,61442],[-59,-21]],[[79595,61511],[0,0]],[[79616,61475],[-21,36]],[[79616,61475],[1,-2]],[[79617,61473],[0,0]],[[79652,61602],[0,0]],[[70192,76032],[132,-42],[269,-18],[285,16],[132,-57],[52,-60],[148,8],[73,-55],[292,38],[63,-59],[198,93],[103,-128],[138,-30],[202,28],[86,-37]],[[78791,75229],[71,-1],[63,139],[170,60]],[[78574,73495],[-183,9]],[[78391,73504],[183,-9]],[[78341,73352],[0,0]],[[78161,73861],[70,-27],[0,1],[-70,26]],[[77897,73659],[-5,-72],[58,-14]],[[77950,73573],[-58,15],[5,71]],[[77897,73659],[50,118],[67,49]],[[78014,73826],[0,0]],[[77950,73573],[42,17],[-42,-17]],[[78131,73551],[0,0]],[[78165,73539],[0,0]],[[78239,73447],[1,3],[-108,17],[107,-20]],[[78391,73504],[0,0]],[[78170,73564],[-39,-13]],[[78131,73551],[84,21],[-45,-8]],[[78265,73522],[0,0]],[[78224,73592],[0,0]],[[78227,73593],[111,63],[-6,78],[6,-78],[-111,-63]],[[78249,73766],[-10,37],[2,-15],[8,-22]],[[67716,69327],[-38,187],[-185,17],[-11,34],[254,233],[-10,194]],[[73870,67475],[-179,-27],[-47,-57],[-6,-164],[-98,-29],[-104,305],[-142,79],[-27,-77],[-54,-2],[-25,71],[31,110],[-169,24],[-60,-30],[-64,-108],[-132,3]],[[72794,67573],[-204,-19],[8,69],[-46,6],[-142,-30],[36,78],[-51,46],[50,71],[-195,81],[-106,86]],[[71639,69291],[0,0]],[[71639,69291],[-4,16],[4,-16]],[[71636,69121],[-32,45]],[[71604,69166],[0,0]],[[71769,69105],[0,0]],[[71636,69121],[133,-16]],[[71144,69453],[-9,36],[-6,-4],[15,-32]],[[71209,69474],[0,0]],[[71368,69360],[-39,5],[39,-5]],[[71372,69337],[-4,23]],[[71368,69360],[4,-23]],[[71372,69337],[0,0]],[[71065,69286],[0,0]],[[71054,69207],[0,0]],[[71065,69286],[-11,-79]],[[71360,69156],[0,0]],[[71462,69278],[0,0]],[[71711,69346],[0,0]],[[71855,69495],[-91,-30],[4,0],[87,30]],[[71793,69369],[20,48],[-6,-103]],[[71807,69314],[-14,55]],[[72040,69395],[0,0]],[[72040,69395],[-107,35],[107,-35]],[[72123,69352],[-43,2],[32,-6],[11,4]],[[71807,69314],[0,0]],[[71740,69236],[0,0]],[[71989,69521],[-34,28],[34,-28]],[[72138,69445],[-22,4],[-83,57],[83,-57],[22,-4]],[[72226,69405],[-71,37],[45,-45],[-48,-32],[74,40]],[[66527,69865],[-52,94],[65,112],[-38,40],[71,120],[89,86],[141,14],[-121,138],[-36,-34],[-155,17],[-88,120],[-21,103],[-137,75],[40,94],[76,-2],[2,33],[-107,129],[-42,5],[5,58],[-61,7],[-31,50],[-198,10],[-25,65],[-47,-16],[-108,79],[-6,52],[-98,36],[-65,-38],[-106,44],[-183,4],[-75,-46],[-16,41],[-57,-10],[-107,85],[-50,3],[-128,-46],[33,-90],[-193,-159],[-13,-114],[-48,-7],[-53,93],[-105,-50],[-61,9],[-15,46],[111,14],[-138,71],[-22,62],[-174,-95],[-160,-8]],[[64020,71159],[-39,305],[-49,60],[-171,10],[-119,45],[-180,-14],[-81,-25],[-21,-58],[-67,-12],[-169,69]],[[63124,71539],[-50,88],[49,25],[-27,232],[36,32],[-44,36],[-82,-51],[-17,58],[104,35],[170,-10],[145,107],[69,180],[-118,65],[-88,131],[-81,34],[-71,-2],[-22,-30],[-145,9],[-10,52],[-83,16],[24,113],[-74,41]],[[62809,72700],[-13,94],[122,66]],[[75791,72507],[-56,14],[-93,-69],[-43,40],[-182,10],[-328,-104],[-73,8],[-71,62],[-505,-121]],[[75337,75350],[610,79],[38,21],[1,77],[117,85],[266,-14],[-70,107],[118,101],[603,32],[107,48],[91,-36],[9,-72],[-235,-43],[-94,-136],[78,-9],[-88,-127],[12,-50],[74,-138],[78,76],[86,23],[47,-77],[41,60],[119,-25],[47,-106],[-6,-147],[93,-45],[320,-35],[71,59],[135,7],[17,59],[118,17],[48,-81],[98,22],[-19,115],[119,42],[138,4],[97,-49],[170,35]],[[78791,75229],[40,-167],[-52,-35],[37,-79],[-125,-152],[31,-41],[-6,-166],[50,-34],[-1,-47],[-83,-52],[-35,-142],[120,-80],[34,-112],[-56,-33],[9,-83],[-247,-95],[-17,51],[-90,50],[0,137],[-115,120],[53,49],[-114,43],[-131,-46],[-138,-4],[-104,72],[-120,0],[-43,-19],[43,-96],[-135,-117],[-373,7],[-76,-39],[-294,86],[-57,-65],[92,-326],[-409,13],[-29,-327],[231,-61],[3,-98],[121,0],[-34,-168],[-135,-28],[-18,-47],[277,-122],[-37,-64],[-34,-1],[-33,-92],[-100,0],[-113,74],[-15,-74],[-63,-22],[-142,76],[-26,70],[-80,3],[-5,53],[-62,1],[22,-128],[-297,-195],[-159,-12],[84,-65],[-44,-93]],[[76566,67439],[15,-87],[-142,50],[6,138],[-98,75],[-247,-135],[-15,-75],[170,-10],[41,-54],[22,-164],[-30,-55],[-80,163],[-191,68],[-119,105],[-30,-25],[36,-75],[-79,-19],[-98,178],[-76,-63],[-59,-180],[-126,-80],[-49,28],[32,144],[-140,76],[-48,-11],[3,-68],[-39,8],[-45,113],[-126,-41],[-401,119],[-4,-81],[-38,2],[-165,120],[-38,-2],[34,-115],[-61,6],[-91,68],[-261,-192],[-35,19],[31,99],[-35,26],[-120,-37]],[[73870,67475],[3,53],[-61,47],[2,121],[-53,28],[18,50],[123,12],[77,100],[-61,35],[-10,70],[-144,9],[-79,85],[92,140],[96,58],[0,73],[-48,31],[-109,-5],[-1,81],[-215,208],[20,31],[104,5],[53,-91],[204,119],[114,-44],[124,35],[-49,221],[-81,39],[-131,2],[-45,36],[47,81],[-61,84],[88,85],[112,48],[78,-7],[51,56],[-139,50],[-16,34],[18,57],[-38,43],[64,49],[-130,77],[27,209],[-242,54],[32,146],[70,49],[3,42],[-81,56],[-8,56]],[[75034,70204],[103,-34],[-27,106],[44,15],[92,-62],[120,51],[34,48],[37,-14],[30,-156],[78,-26],[182,67],[42,80],[255,-35],[-16,-64],[44,-46],[89,-8],[199,61],[55,-30],[66,12],[19,-42],[251,-53],[5,-42],[111,-37],[-28,-159],[119,-8],[174,114],[-36,59]],[[77076,70001],[5,53],[-65,75],[52,21],[12,-36],[91,-31],[19,-54],[298,-50],[138,-4],[48,84],[148,15],[187,-30],[123,38]],[[77968,67654],[-525,-119],[-26,-66],[45,-144],[-80,-42],[-90,24],[-30,71],[-203,189],[-22,-57],[-364,-5],[-107,-66]],[[76450,69201],[0,0]],[[76662,69185],[-16,-8],[16,8]],[[76796,69133],[0,0]],[[76945,69096],[0,0]],[[77163,69116],[-56,-2],[1,-12],[55,14]],[[77313,69130],[0,0]],[[76211,69373],[8,-23],[2,24],[-10,-1]],[[76413,69314],[-114,4],[114,-4]],[[76803,69368],[127,13]],[[76930,69381],[-127,-13]],[[76930,69381],[0,0]],[[76953,69296],[0,0]],[[77359,69263],[0,0]],[[77421,69192],[-14,36],[14,-36]],[[76383,69262],[0,0]],[[76215,69279],[0,0]],[[70123,71019],[-46,-116],[-128,2],[-243,122],[-68,-52],[-240,30],[-281,145],[-43,-56],[27,-58],[-40,-185],[93,-194],[-188,-83],[-123,14],[34,-144],[-203,-29],[-52,-69],[-90,78],[-36,-56],[66,-112],[-100,12],[-121,113],[-134,5],[41,-83],[-105,-90],[-102,-20],[67,-56],[-136,-82],[-95,1],[-63,-56],[-88,-8]],[[67726,69992],[-23,132],[-113,19],[-31,19],[25,59],[-118,1],[-133,98],[-35,-82],[-193,-149],[5,-35],[141,-78],[69,-135],[-53,-6],[-150,-142],[-27,-80],[-242,-67],[-29,41],[37,74],[-268,115]],[[66588,69776],[-61,89]],[[66527,69865],[231,102],[215,238],[252,109],[-13,149],[161,125],[163,263],[-14,44],[-157,-12],[-158,152],[-164,17],[-16,87]],[[67027,71139],[310,184],[43,-35],[17,-115],[72,-20],[46,171],[-58,82],[103,222],[-77,172],[117,140],[0,147],[-109,57],[-15,170],[-43,-12],[-38,-80],[-72,100],[-103,4],[-123,-41],[-53,17],[73,115],[-13,42],[-212,-46],[105,129],[-75,63],[7,81],[-103,89],[21,73],[-30,43],[-162,-25],[-238,142],[-110,-17],[-70,144],[-56,-6],[-9,37],[-87,-9],[-41,177],[-76,-1],[-14,54],[-103,-30],[-18,22]],[[68783,74026],[24,-142],[213,-39],[37,-61],[109,-12],[65,-80],[5,-46],[-62,-25],[-30,-68],[113,-13],[-69,-199],[49,-49],[63,-29],[111,113],[164,61],[23,59],[92,8],[98,-29],[67,-92],[-30,-61],[151,-6]],[[63825,73320],[-92,15],[-5,29],[-259,36],[-156,-49],[60,-57],[-37,-29],[-32,-194],[55,-85],[-13,-124],[-302,-75],[-93,27],[-33,46]],[[62918,72860],[20,180],[-144,-10],[-96,82],[-30,230],[65,18],[9,59],[132,9],[32,43],[370,44],[-64,49],[-95,0],[-96,106],[-426,-11],[24,135],[-76,3],[25,214],[102,13],[2,39],[-42,111],[-96,51],[115,58],[95,-34],[109,48],[262,-185],[59,-3],[71,48],[95,-50],[148,46],[-9,73],[-82,60],[13,147],[60,33],[-30,53],[-137,21],[-365,263],[25,58],[158,81],[-29,102],[51,25],[-94,138],[-67,2],[36,226],[170,-11],[-14,66],[143,27],[-8,69],[67,56],[-87,69],[-93,21],[51,70]],[[63247,75802],[219,62],[243,-3],[284,45],[110,49],[131,-4],[18,31],[221,17],[8,60],[235,-42],[555,118],[278,-10]],[[66068,74103],[28,-90],[-25,-98],[191,-77],[79,-82],[-5,-49],[-289,47],[-56,-45],[9,-41],[169,-66],[-21,-93],[-50,-37],[-226,-12],[-39,-81]],[[65833,73379],[-163,27],[-51,48],[-11,54],[101,192],[-140,60],[-114,10],[-95,-94],[54,-19],[145,-240],[-8,-47],[-61,29],[-84,-41],[-55,-156],[127,-26],[-42,-149],[-296,-8],[-221,30],[-63,-69],[-143,12],[-103,-51],[-215,213],[-224,101],[-234,67],[-112,-2]],[[69789,66384],[8,-305],[-324,-116]],[[69473,65963],[-125,6]],[[69348,65969],[-106,-23]],[[69242,65946],[-183,-100]],[[69059,65846],[-81,73],[-111,39],[-71,-20],[-96,45],[-225,-2],[-30,117],[28,29],[-52,24],[-103,-33],[-40,60],[13,38],[155,53],[-111,118],[18,117],[-162,64],[-287,54],[-55,58],[72,76],[-7,53],[-61,45],[46,12],[340,-108],[24,45],[-46,68]],[[68217,66871],[158,47],[66,-26],[27,26],[83,316],[224,26],[15,-29],[75,26],[42,-31],[101,81],[47,185],[-219,57],[30,30],[-29,52],[220,-41],[126,53],[79,70],[-34,47],[14,134],[-24,36],[-118,-18],[-150,76],[-151,26],[-5,42],[105,40],[19,38],[61,259],[-9,43],[-83,34],[-96,-9],[3,-81],[-177,-119],[-115,15],[8,-64],[-31,-16],[-91,64],[-110,-24],[-253,184],[-183,62],[-155,8],[-128,-181],[-107,22],[17,88],[-373,17],[26,54],[186,51],[-3,53],[-112,106],[-4,80],[43,38],[61,-5],[120,-109],[76,104],[-31,54],[-67,10],[-50,-40],[-49,19],[3,83],[-69,34],[-145,-18],[-98,37],[90,2],[277,120],[87,-39],[52,17],[-1,87],[164,80],[-29,67],[93,6]],[[67716,69327],[55,186],[48,29],[119,-35],[112,83],[15,61],[111,104],[87,-4],[38,52],[135,-6],[55,-35],[23,-96],[359,-14],[21,-66],[-12,-21],[-55,8],[-16,40],[-115,-27],[-5,27],[-112,1],[-161,-128],[302,-209],[20,-96],[-254,-71],[-56,-114],[13,-169],[-47,-9],[-130,114],[-76,30],[-29,-17],[-4,-114],[50,-39],[220,-48],[89,41],[-8,30],[75,-1],[84,-64],[297,-13],[60,-51],[292,-8],[-70,-61],[170,-64],[-57,-37],[-1,-53],[125,1],[294,109],[33,154],[173,111],[-11,30],[-311,-77],[54,137],[-67,80],[235,64],[119,73],[258,-108],[72,1],[116,80],[46,-4],[-7,-57],[68,-15],[38,-50],[85,-201],[111,-35],[31,-71],[-106,-69],[-42,-152],[368,280]],[[71040,68744],[52,8],[-2,-97],[242,8],[64,46],[107,1],[47,-32],[43,-243],[-180,-64],[-16,-104],[93,-4],[166,52],[105,-38],[81,-87],[179,-5],[102,-104],[68,45],[44,-10],[-2,-60],[-105,-61],[16,-34]],[[72144,67961],[-77,-20],[-21,-99],[-64,-26],[-300,50],[-148,-21],[-25,-41],[38,-27],[205,-31],[57,-112],[-328,-146],[-23,75],[-78,16],[-171,-243]],[[71209,67336],[-168,-33],[-264,-172],[-84,48],[-34,99],[-80,16],[-45,-42],[47,-212],[-34,-161],[97,-106],[-219,-87],[36,-151],[-89,-194],[-104,-17],[-309,77],[17,68],[-52,20],[-135,-105]],[[74671,71077],[101,-97],[-20,-196],[-39,-27],[113,-21],[181,-132],[48,-230],[-21,-170]],[[75034,70204],[-131,-51],[-101,63],[-153,-37],[4,32],[-146,40],[-40,-39],[-119,97],[-123,5],[-264,100],[-29,-19],[45,-27],[17,-87],[-257,50],[-49,-38]],[[73688,70293],[-269,-16],[-127,-42],[-58,72],[-202,77],[-41,-19],[15,-66],[-182,-21],[-28,-66],[-48,-15],[-69,115],[-309,-69],[-7,68],[-46,9],[-41,-118],[-526,215],[10,38],[193,54],[20,81],[-34,24],[-126,-48],[-77,40],[-206,-32],[-55,18],[-45,-50],[-154,-6],[-23,82],[68,36],[-59,12],[-182,197],[-242,105],[-147,8],[-38,-98],[-177,82],[-98,-6],[-255,65]],[[70123,71019],[-222,168]],[[69901,71187],[-39,35],[174,123],[-4,30],[188,29],[-3,36],[115,61],[-37,99],[-112,19],[74,163],[-158,3],[24,148],[-90,85],[16,38],[184,48],[-15,49],[-112,-19],[-46,28],[36,128],[108,132],[128,-41],[38,5],[-9,73],[195,-37],[1,73],[43,-1],[17,72],[41,-1],[-39,129],[121,26]],[[74037,73200],[253,-241],[100,-202],[144,-161],[-94,-249]],[[74440,72347],[-34,-98],[102,-71],[-14,-78],[203,-56],[-53,-19],[6,-61],[164,-124],[56,-92],[233,-63],[210,-164],[-72,-119],[91,6],[15,-36],[-94,-41],[1,-42],[62,-26],[-28,-28],[-91,53],[-142,-7],[-90,-41],[-79,33],[-195,-27],[-98,-92],[78,-77]],[[72492,72128],[-80,-59],[-47,113],[-173,115],[-73,6],[-78,-80],[-160,96],[21,69],[-39,32],[-241,-74],[-9,-148],[-124,-23],[-19,-34],[115,-30],[-103,-103],[-235,-42],[-100,43],[-45,-28],[-65,139],[50,171],[-142,-54],[-160,28],[128,56],[-82,151],[-3,112],[46,7],[32,-73],[30,5],[33,93],[-116,19],[-113,85]],[[70740,72720],[28,52],[-85,78],[33,78],[-144,8],[-25,72],[49,52],[-135,114],[-135,-7],[-173,144],[-179,-20],[2,25]],[[69976,73316],[-15,18],[63,27],[-40,91],[87,41],[81,218],[87,57],[105,13],[32,46],[12,107],[-62,132],[60,7],[113,-69]],[[70499,74004],[103,-71],[82,78],[247,-40],[229,15],[146,-71],[141,-11],[158,-86],[65,15],[-94,23],[23,46],[186,-15],[89,28],[92,174],[108,94],[14,90],[56,8],[90,-46],[212,91],[76,-7],[47,159],[-47,339],[47,42],[-17,36],[73,23],[-166,72],[-1,90],[-93,36],[-4,126],[-101,94],[10,87],[125,122],[-30,184]],[[72365,75729],[214,-50],[173,25],[89,-36],[42,46],[-22,30],[58,32],[172,-129],[63,-94],[162,-2],[170,-117],[194,-4],[34,54],[123,-74],[82,44],[181,-1],[-46,-107],[68,-59],[-132,-88],[133,-26],[180,5],[-12,36],[87,9],[143,-24],[60,47],[79,-45],[100,1],[42,133],[146,60],[161,8],[228,-53]],[[75337,75350],[-60,-144],[-354,-94],[20,-230],[-207,-292],[-123,-16],[6,120],[-139,-39],[-59,23],[-30,-159],[196,-49],[181,-119],[-132,-179],[-197,-79],[-199,33],[-137,-20],[-72,-123],[98,-58],[-28,-99],[-91,56],[-27,-66],[-96,38],[-56,121],[-186,43],[-50,-273],[87,-64],[87,-42],[362,-23],[140,-37],[-53,-145],[-83,-126],[-70,-21],[-28,-87]],[[74037,73200],[-109,-47],[-46,-66],[-117,-58],[-59,5],[-25,-59],[-141,53],[20,-96],[-34,-28],[-423,-31],[-218,35],[-69,-28],[-144,-279],[76,-53],[-9,-143],[-275,-53],[35,-29],[-7,-195]],[[72356,74149],[0,0]],[[72573,74114],[26,24]],[[72599,74138],[0,0]],[[72599,74138],[-26,-24]],[[72678,74066],[-39,41]],[[72639,74107],[0,0]],[[72680,74000],[-2,66]],[[72678,74066],[2,-66]],[[72593,73947],[36,12],[20,16],[-56,-28]],[[72360,74054],[0,0]],[[72349,73981],[152,-27],[-71,15],[-81,12]],[[72593,73947],[0,0]],[[69314,74942],[-3,-49],[127,-16],[45,85],[51,20],[72,-48],[66,-105],[23,-418],[58,-60],[-17,-35],[-74,14],[-64,-45],[-295,11],[-50,-25],[-234,19],[-124,-139],[-6,-91],[-106,-34]],[[68783,74026],[-110,17],[-378,-42],[-75,-101],[-13,-109],[-340,13],[-220,-154],[-21,-20],[54,-95],[-31,-29],[-276,20],[-38,36],[-154,17],[-235,-153],[-237,161],[18,48],[185,122],[-279,389],[-415,24],[-150,-67]],[[66068,74103],[-327,139],[18,96],[-66,53],[-25,-31],[-142,26],[-131,-84],[-83,50],[-98,1],[-117,94],[-92,9],[-7,101],[105,65],[-56,43],[11,120],[-224,46],[-283,117],[33,102],[-55,23],[3,50],[161,119],[354,41],[172,-81],[20,-40],[258,-83],[237,219],[193,-30],[-78,121],[35,30],[-151,330],[-188,130],[70,149],[-66,97]],[[65549,76125],[68,26],[-34,82],[75,5],[245,-38],[979,-38],[395,50],[428,-1],[586,83],[596,-33],[119,-47],[105,32],[24,-39],[207,10],[72,-34],[18,55],[175,23],[21,72],[155,26],[204,-139],[322,-87],[-117,-101]],[[70192,76032],[-75,-238],[-64,-32],[92,-125],[-113,-98],[-100,22],[-61,55],[-303,3],[-38,-29],[-21,-78],[189,-8],[-35,-115],[123,-14],[78,133],[92,-18],[-18,-57],[-181,-116],[50,-85],[-26,-64],[-396,54],[-154,-292],[83,12]],[[80786,66989],[-28,-79],[60,-117],[-223,-14],[-35,-107],[-372,-183],[-49,-148],[-93,-10],[-69,-46],[-70,57],[-120,-29]],[[79787,66313],[-129,-50],[-195,15],[-558,166]],[[83417,67404],[-52,-227],[-238,-77],[-121,194],[-91,11],[-88,-43],[-165,50],[-86,-13],[-24,-106],[-306,-96],[-75,2],[-46,88],[-73,27],[-198,23],[-133,-29],[-524,-252],[-140,136],[-148,-31],[-123,-72]],[[88000,69089],[-101,-9],[-106,-109],[-105,-40],[-123,-1],[-62,12],[-84,140],[-247,16],[-56,41]],[[90446,71308],[68,-21],[-3,-99],[244,-135],[-2,-217],[-41,-16],[24,-37],[-17,-28],[-147,22],[-61,-78],[7,-76],[82,-19],[61,-290],[218,-29],[-49,-40]],[[90830,70245],[-128,-84],[-143,5],[122,-113],[2,-84],[-259,14],[-359,-104],[-72,-66],[7,-90],[-78,9],[-98,-38],[-17,65],[-109,-13],[-93,-136],[-15,-162],[92,-70],[4,-86],[-27,-115],[-67,-58],[-284,26],[-125,64],[-247,-64],[-78,26],[-166,-91],[-172,20],[-59,-41],[-228,-29],[-45,-35],[-188,94]],[[88880,70336],[0,0]],[[88915,70292],[0,0]],[[88853,70261],[0,0]],[[88795,70201],[0,0]],[[88853,70132],[0,0]],[[88795,70201],[58,-69]],[[88829,70088],[0,0]],[[88883,70008],[0,0]],[[88846,69953],[51,6],[21,-29],[-41,58],[-31,-35]],[[88697,69934],[0,0]],[[88369,69924],[0,0]],[[88415,69775],[0,0]],[[88644,69781],[0,0]],[[88834,69773],[30,-22],[-30,22]],[[88834,69773],[0,0]],[[88935,69786],[0,0]],[[89060,70174],[51,-22],[-4,10],[-47,12]],[[89067,70300],[0,0]],[[89090,70379],[-15,-28],[15,28]],[[88944,70474],[25,-16],[-25,16]],[[89056,69888],[-72,11],[72,-11]],[[89119,69877],[0,0]],[[89155,69997],[-53,17],[53,-17]],[[89155,69997],[0,0]],[[89033,70006],[0,0]],[[89193,70004],[0,0]],[[89227,70022],[0,0]],[[78442,68822],[87,147],[-115,174],[-225,82],[-225,-49],[-57,13],[39,130],[-39,45],[-271,-19],[151,109],[56,7],[23,-49],[148,78],[16,88],[259,-120],[48,26],[122,-10],[-66,87],[107,0],[6,23],[-80,71],[29,73],[-32,105],[-82,-24],[-39,69],[-36,-34],[-105,1],[-24,108],[62,8],[-5,105],[-62,16]],[[78132,70082],[-24,214],[65,-50],[14,-127],[74,30],[-2,189],[-73,-7],[-12,114],[-68,-1],[-9,41],[148,125],[49,-14],[183,61],[86,155],[-70,73],[32,16],[185,-53],[-19,-100],[54,-31],[132,23],[20,78],[70,0],[19,194],[-245,-4],[-39,52],[6,145],[-120,7],[40,34],[208,5],[101,142],[-274,32],[-3,28],[278,8],[-32,135],[-144,-5],[39,105],[-71,34],[77,5],[-1,74],[44,-4],[3,35],[-87,28],[17,92]],[[79046,72605],[38,16],[-3,82],[-64,53],[-540,77],[-155,86],[-43,85],[437,-92],[234,45],[-214,105],[-59,84],[-140,83],[-199,80],[-26,33],[29,10]],[[78341,73352],[251,13],[22,31],[-40,99]],[[78574,73495],[-173,132],[12,30],[74,6],[146,-23],[122,75],[-4,51],[-91,53],[48,119],[408,75],[135,94],[209,-53],[308,50],[-89,65],[80,102],[-226,123],[-107,100],[39,91],[-29,112],[73,35],[-60,62],[164,169],[2,134],[-198,-7],[44,72],[-14,58],[-115,14],[-62,153],[-175,40]],[[79095,75427],[19,66],[-55,35],[42,52],[59,-24],[48,29],[111,-13],[49,-19],[27,-68],[337,-38],[63,-24],[20,-86],[219,-57],[-86,64],[23,111],[127,125],[-108,193],[75,68],[139,46],[41,-7],[-30,-83],[79,-55],[99,-28],[63,16],[193,-69],[171,57],[502,31],[-30,49],[254,-3],[132,89],[89,15],[334,-22],[147,-49]],[[83153,68953],[-39,-83],[-226,59],[6,73],[-44,1],[-40,-75],[-148,31],[39,53],[43,0],[10,111],[-66,17],[-284,23],[-27,-57],[-148,-3],[26,64],[-146,35],[-98,-80],[-160,31]],[[80940,69603],[30,265],[144,48],[-33,94],[130,30],[19,83],[70,43],[42,94],[6,96],[-87,8],[1,128],[71,2],[34,-56],[113,65],[24,75],[-184,16],[22,28],[-99,39],[-7,72],[-51,3],[-3,130],[58,13],[-11,115],[-36,73],[-52,-4],[-9,28],[127,14]],[[81966,71355],[97,-83],[-44,-128],[405,-60],[294,2],[128,-106],[227,-46],[-48,-74],[-55,-1],[-24,-38],[11,-87],[93,-26],[160,42],[66,53],[41,102]],[[86127,67990],[-75,-45],[105,-8],[78,-156],[-56,-104],[6,-361],[-102,-119]],[[86083,67197],[-187,-2],[-89,41],[-3,-61],[-422,57],[-61,-73],[-166,-68],[-10,-42],[-143,-11],[-89,-74],[-111,28]],[[84802,66992],[-104,50],[-15,65],[-336,82],[-111,76],[-2,-27],[-138,20],[-91,43],[21,57],[-139,-128],[-95,-1],[-236,54],[45,85],[-184,36]],[[83417,67404],[99,149],[132,83],[-3,148],[65,77],[-37,52],[-251,25],[-25,144],[-94,50],[14,34],[115,-15],[0,103],[92,-34],[124,37],[52,59],[-62,113],[-83,-18],[-65,26],[-115,108],[32,146],[-37,36],[-178,21],[-24,57],[53,40],[-68,108]],[[83153,68953],[266,-25],[191,-88],[182,5],[38,-31],[453,20],[73,-31],[41,-194],[168,-18],[-33,-43],[-128,-34],[26,-55],[79,-51],[-5,90],[209,30]],[[85366,68408],[-39,23],[-107,-18],[13,71],[-91,73],[-95,4],[-39,-65],[-143,-21],[-152,53]],[[84713,68528],[-64,116],[-84,22],[84,53],[-57,61],[99,48],[22,113],[-32,38],[-152,3],[86,273],[-91,21],[33,81],[75,-3],[86,83],[71,-13],[22,114],[-144,17],[14,39],[-34,16],[83,106],[-73,24],[6,109],[-118,53],[-120,1],[-129,-79],[-100,26],[-170,155],[7,177],[-42,84],[-153,1],[-11,68],[-84,15],[0,31],[93,3],[22,42],[158,82],[12,74],[-110,23],[-24,148]],[[86879,71316],[50,-19],[0,-108],[49,-8],[-21,-201],[54,-154],[-19,-81],[199,3],[69,-41],[42,9],[23,114],[93,31],[41,-37],[123,14],[34,-85],[-174,-69],[-7,-147],[316,-63],[32,-76],[67,-30],[-42,-67],[-100,37],[-33,-15],[-16,-95],[-190,-110],[98,-32],[-53,-86],[-216,-72],[-17,-83],[73,-69],[65,-7],[-32,-30],[-86,9],[5,-36],[95,-16],[-61,-61],[-158,13],[-52,-115],[-4,-27],[112,-7],[7,-137],[-106,-13],[-52,30],[-14,85],[-72,60],[-76,-64],[69,-106],[-75,-84],[158,-5],[-1,-36],[126,-76],[-86,-14]],[[87116,69139],[38,-46],[-58,-46],[18,-238],[147,-21],[-49,-292],[-78,-35],[37,-91],[-77,-34],[-30,-62],[-360,30],[-13,-88],[53,-55],[-155,-139],[-67,-15],[0,-60],[-211,64],[54,46],[-57,52],[-181,-119]],[[86127,67990],[-187,112],[-172,9],[-59,84]],[[85709,68195],[-269,-32],[-15,32],[-274,58],[215,155]],[[86023,70804],[39,-16]],[[86062,70788],[-39,16]],[[86062,70788],[0,0]],[[85818,70689],[11,-32],[-14,-29],[23,12],[-20,49]],[[85818,70689],[197,56]],[[86015,70745],[0,0]],[[85761,70599],[0,0]],[[85748,70561],[14,-6],[-11,15],[-3,-9]],[[85784,70545],[104,-9]],[[85888,70536],[21,34],[-21,-34]],[[85888,70536],[-104,9]],[[85932,70192],[-44,7],[44,-7]],[[85775,70204],[0,0]],[[85636,70188],[0,0]],[[85605,70238],[0,0]],[[85605,70238],[-23,-54],[3,0],[20,54]],[[85319,70578],[-26,6],[29,67],[-29,-67],[26,-6]],[[85355,70461],[-15,2],[15,-2]],[[85392,70391],[26,-20],[17,31],[-77,-7],[34,-4]],[[85627,70335],[4,6],[-67,26],[67,-26],[-4,-6]],[[85450,70348],[0,0]],[[85658,70640],[-10,26],[16,-70],[-6,44]],[[85837,70836],[0,0]],[[85656,70794],[0,0]],[[86332,70394],[-32,-19],[-1,-2],[33,21]],[[86089,70215],[69,37],[-78,-38],[9,1]],[[86139,70659],[-25,-45],[26,46],[-97,-22]],[[86043,70638],[-84,-52],[84,52]],[[86043,70638],[96,21]],[[86142,70587],[0,0]],[[86158,70526],[0,0]],[[86332,70394],[0,0]],[[81393,73153],[48,106],[297,-37],[234,24],[45,-40],[70,189],[123,-50],[23,28],[125,6],[3,62],[-76,70],[-44,276],[-135,45],[28,28],[-46,72],[80,160],[63,66],[47,-15],[-29,53],[72,131],[101,46],[-72,28],[-62,101],[-134,53],[-56,-30],[12,50],[98,71],[213,57],[-177,98],[77,127],[102,36],[-250,151],[-50,121],[-3,86],[139,136],[-87,111],[-1,91],[70,89],[7,79]],[[82248,75828],[243,-11],[70,42],[131,-13],[95,37],[122,-57],[84,66],[218,-11],[-21,35],[74,-2],[23,27],[182,-10],[184,33],[322,-5],[79,-52],[692,-25],[323,-75],[446,227],[294,23],[51,-77],[142,-57],[53,51],[123,24],[80,-31],[68,69],[259,6]],[[85910,71761],[-252,-155]],[[85114,72175],[11,41],[-93,-6],[-57,118],[-125,-28],[-25,43],[19,35],[115,37],[11,153],[108,71],[91,-14],[-6,-49],[82,-58],[53,114],[114,22],[72,318],[69,29]],[[85553,73001],[-2,85],[235,3],[30,84],[117,3],[12,80],[-39,44],[75,-22],[186,101],[92,-25],[113,-123],[125,-62],[176,131],[8,-70],[67,-39],[173,24],[93,64],[84,139],[67,-8],[38,44],[-19,47],[82,67],[-202,81],[31,55],[-29,127],[62,72],[388,122],[61,59],[-82,27],[29,71],[145,71],[118,-6],[70,111],[144,62],[-30,55],[-201,46],[-366,-73],[-63,347],[-121,24],[-11,73],[-132,1],[-21,84],[-119,143],[48,15],[-23,29],[-216,59],[-24,46],[-140,-8],[-79,78],[25,59],[-54,19],[-1,55],[44,12],[-21,26],[136,19],[119,62],[12,44],[-53,67],[6,103],[-112,44],[81,135],[-79,-7],[-21,65]],[[86585,76042],[43,-28],[166,37],[259,-41],[99,-60],[94,23],[186,-81],[218,-40],[58,15],[22,-61],[272,-92],[45,-46],[256,-62],[15,-61],[133,-34],[-30,-37],[-45,10],[-44,-67],[5,-88],[172,-39],[-111,-18],[120,-70],[102,-7],[107,40],[7,-65],[100,-10],[126,50],[37,-26],[-136,-28],[46,-58],[-18,-50],[84,-15],[164,36],[157,-60],[-35,-29],[123,-72],[102,148],[29,154],[78,-33],[49,-76],[-20,-63],[313,-53],[226,-89],[-23,-30],[-386,74],[-89,-195],[153,-25],[82,34],[328,-79],[14,-87],[99,-66]],[[87890,71384],[-91,-57],[-89,-147],[-64,-12],[-205,158],[-245,-63],[-174,125],[-143,-72]],[[86879,71316],[-220,-208],[-530,-1],[-49,-52],[-186,43],[-41,47],[218,184],[-23,127],[68,71],[-17,47],[-191,130],[2,57]],[[85910,71761],[83,96],[-54,27],[3,45],[147,196],[135,14],[160,206],[214,-21],[89,23]],[[86687,72347],[134,107],[-77,122],[142,-11],[51,28],[-48,95],[77,34],[84,8],[132,-56],[144,40],[52,50],[53,7],[121,-58],[338,59],[45,-58],[230,83],[93,-22],[89,29],[239,177],[203,100],[-86,142],[102,16],[-15,38],[56,19],[39,173],[166,201],[81,24],[39,154],[426,83],[143,77],[41,-6],[84,-220],[-27,-110],[72,-19],[171,28],[184,89],[-2,33],[106,67],[-570,169],[39,61],[176,70],[128,266],[-91,24],[0,25],[308,-36],[-22,73]],[[90337,74522],[78,41],[46,-40],[447,-147],[1163,-268],[49,-6],[43,46],[124,-29],[-2,64],[70,65],[214,16],[306,-74],[42,-20],[9,-164],[-49,-89],[-184,-114],[35,-21],[159,-35],[155,23],[35,-35],[102,-5],[39,52],[91,-38],[49,-111],[152,30],[66,-56],[81,-5],[36,29],[157,-16],[142,-116],[39,21],[228,-82],[106,17],[103,-41],[55,35],[45,-34],[2,-134],[-39,-10],[20,-104],[-179,-370]],[[89909,72029],[-209,-129],[-181,24],[-284,-97],[-78,90],[-79,209],[-99,35],[-174,-106],[24,-248],[-232,-196],[-32,-183],[-82,-5],[-184,63],[-203,-95],[-206,-7]],[[91197,72845],[0,0]],[[91346,72816],[-17,-52]],[[91329,72764],[17,52]],[[91329,72764],[0,0]],[[80076,66705],[-40,-55],[-114,-3],[-53,42],[-182,-1],[-3,43],[-98,-5],[-111,-53],[-59,23],[-202,-51],[-14,-66],[-283,36],[-12,-171]],[[78905,66444],[-212,65],[23,149],[-166,244],[-80,-39],[-61,32],[-202,-102]],[[78207,66793],[-193,29],[60,109],[-176,94],[-3,74],[-111,28],[58,93],[-16,42],[-90,44],[36,39],[145,16],[70,54],[-12,119],[174,108],[-19,51],[-55,4],[-107,-43]],[[77968,67654],[96,301],[-180,15],[-15,-85],[-61,4],[15,116],[369,16],[24,61],[-116,67],[17,93],[-122,35],[68,9],[77,111],[143,0],[8,-51],[138,-23],[21,84],[-54,55],[32,48],[-151,66],[-42,85],[-99,50],[82,16],[19,65],[51,27],[154,3]],[[78442,68822],[96,-55],[-11,-84],[39,9],[51,95],[-68,5],[19,51],[127,33],[163,-83],[171,-24],[92,-66],[93,23],[30,-66],[149,40],[89,109],[64,-5],[-1,-66],[28,-2],[12,49],[72,-1],[4,46],[-46,5],[23,49],[-35,78],[99,60],[14,51],[67,2],[6,48],[39,0],[75,172],[88,27]],[[79991,69322],[42,-2],[27,39],[-21,-129],[34,-11],[328,28],[50,17],[-19,48],[282,36],[57,86],[150,67],[-31,61],[50,41]],[[80940,69603],[159,-82],[332,-86],[129,5],[138,-97],[69,-7],[15,53],[65,0],[20,29],[77,-10],[24,-164],[-117,-91]],[[81851,69153],[-171,-67],[-15,-86],[-113,30],[-302,-26],[42,-149],[129,-96],[11,-230],[97,-22],[54,24],[235,-5],[26,-313],[-182,62],[-47,-67],[86,-37],[23,-83],[-37,-89],[-80,16],[-57,-33],[-10,29],[-129,12],[-6,47],[-120,27],[-95,98],[-51,-23],[3,-241],[-115,9],[-9,-64],[-294,-11],[-26,35],[-43,-9],[15,80],[-48,-24],[-169,25],[58,154],[-35,15],[-136,9],[-37,-90],[-57,5],[-3,-68],[66,-20],[-44,-67],[20,-24],[-100,-36],[51,-24],[-21,-32],[40,22],[97,-27],[24,-41],[-182,-138],[113,-123],[118,-7],[-30,-52],[45,-57],[-75,-69],[6,-114],[-73,-72],[-126,-28],[-13,-66],[-55,-39],[9,-57],[-45,-26],[70,-47],[-26,-60],[26,-15],[-62,-73]],[[80528,71111],[-39,-62],[-109,-38],[-99,63],[104,232],[-134,126],[-303,-74],[-183,3],[-36,28],[57,78],[-11,142],[-318,20],[-271,71],[-54,30],[-28,128],[-321,102]],[[78783,71960],[214,-4],[95,91],[128,18],[76,62],[-189,28],[-22,37],[175,194],[9,54],[-34,42],[-265,106],[76,17]],[[79046,72605],[179,-102],[96,10],[10,43],[-62,59],[225,27],[20,84],[316,103],[-25,52],[81,172],[163,60]],[[80049,73113],[156,54],[128,-23],[87,68],[264,109],[38,-188],[102,-66],[111,7],[138,58],[26,-56],[63,6],[112,57],[119,14]],[[81393,73153],[219,-109],[68,-149],[184,-139],[-57,-54],[249,-30],[82,-1],[154,156],[48,-5],[73,-73],[137,36],[79,-40],[114,18],[170,-23],[43,67],[214,47],[69,104],[210,163],[153,-59],[158,33],[4,-113],[151,-93],[28,-126],[178,-203],[184,-477],[134,61],[24,-25],[210,-12],[23,37],[-52,115],[223,-5],[-10,-38],[76,-97],[181,56]],[[85114,72175],[14,-45],[61,-7],[-8,-91],[91,-103],[-21,-69],[72,-221],[32,-21],[95,53],[39,-34],[75,11],[94,-42]],[[85658,71606],[-97,-79],[-99,-7],[-23,-62],[-149,-25],[-323,-206],[-110,-121],[114,-31],[7,-145],[-788,24],[22,-24],[-81,-225],[-237,48]],[[83894,70753],[-93,38],[-99,107],[-207,-45],[-178,52]],[[83317,70905],[-30,33],[57,20],[128,199],[-52,34],[-20,116],[-262,73],[19,55],[-49,18],[-106,-21],[-147,63],[-60,134],[-114,-31],[-157,33],[-118,-38],[-9,-51],[-64,-16],[-104,38],[9,145],[-43,-25],[-117,22],[-32,-70],[45,-19],[29,-146],[-182,-19],[-64,31],[-38,-61],[130,-67]],[[81966,71355],[-73,-105],[-93,-35],[-291,19],[-29,-70],[-221,-59]],[[81259,71105],[32,9],[-60,123],[-105,-7],[-63,-67],[-84,-17],[-244,59],[16,31],[173,13],[51,51],[-45,131],[-116,46],[-148,-89],[-138,-277]],[[93161,70944],[-63,-1]],[[93098,70943],[17,95],[-17,-95]],[[93098,70943],[-59,13],[-112,166],[-62,-16],[-85,-148],[-49,-20],[-63,30],[-191,149],[-53,122],[-206,-27],[-194,100],[-11,133],[-93,85],[-88,22],[-259,-51],[-67,-88],[-202,-27],[-156,38],[-403,23],[-221,-75],[-78,-64]],[[90446,71308],[-41,-1],[-90,134],[33,61],[59,14],[-40,40],[-233,44],[19,74],[-69,-11],[29,93],[-62,5],[48,162],[-190,106]],[[89909,72029],[286,-5],[4,175],[-183,120],[3,37],[202,17],[300,-148],[57,7],[35,71],[-32,119],[23,58],[88,48],[306,33],[47,118],[101,63],[307,-42],[105,-165],[-59,-124],[74,-61],[414,-155],[135,-12],[129,111],[97,-37],[124,44],[79,309],[191,-98],[40,-91],[277,-26],[147,268],[230,-4],[103,392],[339,-311],[494,57]],[[94372,72797],[112,-3],[22,-42],[-60,-298],[20,-52],[538,-8],[284,78],[188,-111],[22,-31],[-40,-68],[-331,-94],[-76,-110],[24,-113],[582,59],[189,85],[55,-6],[-80,-284],[82,-161],[149,-91],[-37,-151],[78,-51],[-123,-187],[39,-259],[-134,-64],[-134,20],[-108,-77],[-227,66],[-435,1],[-151,-260],[-238,-62],[-198,77],[-238,26],[-95,-156],[-330,34],[-77,129],[-113,60],[-10,73]],[[93521,70766],[77,4],[29,42],[-62,90],[62,-90],[-29,-42],[-77,-4]],[[93521,70766],[-23,62],[-83,26]],[[93415,70854],[0,0]],[[93415,70854],[-152,-12]],[[93291,70880],[-28,-38]],[[93263,70842],[-57,5],[-45,97]],[[93291,70880],[0,0]],[[93606,71232],[-23,-74]],[[93583,71158],[48,-15],[-48,15]],[[93493,71235],[113,-3]],[[93606,71232],[-113,3]],[[93281,71094],[0,0]],[[93309,71075],[2,-79],[-2,79]],[[93309,71075],[0,0]],[[93337,70997],[0,0]],[[93430,70910],[0,0]],[[93113,71105],[0,0]],[[93234,71240],[6,-56],[-6,56]],[[93493,71266],[0,0]],[[93206,71045],[0,0]],[[93157,71046],[0,0]],[[93490,71033],[-27,-6],[27,6]],[[93753,70930],[0,0]],[[93758,70991],[-134,14],[9,-1],[125,-13]],[[93758,70991],[-5,-61]],[[93608,70885],[0,0]]]}