district_en,upazila_en,district_bn,upazila_bn,voters,u35,first_time,age_18_24,age_25_34,age_35_44,age_45_54,age_55_64,age_65p,muslim,hindu,indigenous,christian,buddhist,unknown,registered,valid_votes_cast,turnout,bnp_share,jamaat_share,ncp_share,iab_share,km_share,independent_share,bnp_coalition_share,jamaat_coalition_share,leading_coalition,u35_pct,first_time_pct,minority_pct,hindu_pct,roll_ratio,ok
Cox's Bazar,Eidgaon,কক্সবাজার,ঈদগাঁও,99403,38242,40254,12530,25712,26336,16556,9778,8486,79754,4495,8,73,9,15064,96142,61034,63.48318112791496,51.36808991709539,47.21139037257922,0.0,1.1108562440606875,0.0,0.1228823278828194,51.36808991709539,47.21139037257922,BNP-led Coalition,38.47167590515377,40.49575968532137,5.4363936020109325,5.3296814048067915,1.0339185787689045,1
Cox's Bazar,Ukhia,কক্সবাজার,উখিয়া,172891,69008,72568,26724,42284,45823,27490,16019,14548,138879,4418,1547,43,9223,18781,171167,121579,71.0294624547956,49.91322514578998,48.52153743656388,0.0,1.425410638350373,0.0,0.0,49.91322514578998,48.52153743656388,BNP-led Coalition,39.914165572528354,41.97326639327669,9.883200311465837,2.866783466355201,1.010072034913272,1
Cox's Bazar,Coxs Bazar Sadar,কক্সবাজার,কক্সবাজার সদর,240612,87209,91871,28234,58975,65688,41679,25405,20630,180193,21101,1882,148,1653,35635,236574,147235,62.2363404262514,51.95979216898156,46.29401976432234,0.0,1.221177029918158,0.0,0.2282066084830373,51.95979216898156,46.29401976432234,BNP-led Coalition,36.244659451731415,38.182218675710274,12.09111266142055,10.294325704835178,1.017068655050851,1
Cox's Bazar,Kutubdia,কক্সবাজার,কুতুবদিয়া,104918,43100,45720,15430,27670,25546,17996,9695,8567,83352,6754,11,16,4,14781,103586,65654,63.38115189311297,44.78173454778079,53.687513327443874,0.0,1.2367867913607702,0.0,0.0,44.78173454778079,53.687513327443874,Jamaat-led Coalition,41.07970033740636,43.57688861777769,7.527430466955856,7.49303837491818,1.0128588805437029,1
Cox's Bazar,Chakaria,কক্সবাজার,চকরিয়া,391687,158036,165304,57358,100678,100884,62577,36798,33380,295948,22336,946,222,2162,70073,384800,251296,65.3056133056133,60.371434483636826,38.27000827709155,0.0,1.358557239271616,0.0,0.0,60.371434483636826,38.27000827709155,BNP-led Coalition,40.34752238394432,42.20308562704404,7.980373988694522,6.944971301000578,1.017897609147609,1
Cox's Bazar,Teknaf,কক্সবাজার,টেকনাফ,202779,80118,84150,27367,52751,55081,32989,18553,16034,176841,2487,1627,46,178,21600,200655,126203,62.89551718123147,49.39422993114268,48.41723255390126,0.0,2.028477928416915,0.0,0.0,49.39422993114268,48.41723255390126,BNP-led Coalition,39.510008432825884,41.498380009764325,2.3943172221946254,1.3726756412166974,1.0105853330343126,1
Cox's Bazar,Pekua,কক্সবাজার,পেকুয়া,148746,60818,63479,20594,40224,38526,24992,13076,11334,124031,1614,101,50,3,22947,146055,98244,67.2650713772209,69.26326289646187,29.660844428158462,0.0,1.075892675379667,0.0,0.0,69.26326289646187,29.660844428158462,BNP-led Coalition,40.88714990655211,42.67610557594826,1.405416577238293,1.282999069944912,1.0184245660881177,1
Cox's Bazar,Maheshkhali,কক্সবাজার,মহেশখালী,282907,109562,117218,38618,70944,78979,45105,25485,23769,221718,15291,664,82,1126,44026,280053,158516,56.60214316575791,60.094249160967976,34.4249160967978,0.0,5.008327235105605,0.0,0.0,60.094249160967976,34.4249160967978,BNP-led Coalition,38.72721424355,41.43340391011888,7.184748891707587,6.401095105931405,1.0101909281457435,1
Cox's Bazar,Ramu,কক্সবাজার,রামু,205890,79053,83464,26382,52671,56790,33223,20073,16747,168044,7920,508,62,6918,22438,202330,135217,66.8299313003509,53.72993040815874,43.66536752035617,0.0,1.9317097702212,0.0,0.3890043411701191,53.72993040815874,43.66536752035617,BNP-led Coalition,38.39574530088883,40.538151440089365,8.398927239822951,4.317205590563199,1.017595018039836,1
Kishoreganj,Austagram,কিশোরগঞ্জ,অষ্টগ্রাম,143283,54954,57894,18510,36444,36241,23154,15180,13754,115090,18522,49,19,0,9603,149742,71257,47.58651547328071,72.7760079711467,20.88496568758157,0.0,0.4883730721192303,0.9851663696198268,4.582005978360021,72.7760079711467,21.533323041946755,BNP-led Coalition,38.35346831096501,40.40535164674107,13.906343506882106,13.855475763016155,0.95686580919181,1
Kishoreganj,Itna,কিশোরগঞ্জ,ইটনা,153333,60202,63687,21843,38359,37205,24689,15946,15291,118442,21304,29,38,0,13520,152642,76614,50.19195241152501,70.79776542146344,26.47688412039575,0.0,1.5206098102174537,0.3289216070169943,0.3732999190748427,70.79776542146344,26.47688412039575,BNP-led Coalition,39.26225926578101,41.53509029367455,15.285416949782924,15.237495797958704,1.004526932299105,1
Kishoreganj,Katiadi,কিশোরগঞ্জ,কটিয়াদী,277054,89154,94232,19675,69479,71633,48738,34122,33407,228020,11629,90,51,0,37264,291806,148069,50.74227397654606,48.696891314184604,48.45848894772032,0.0,1.1163714214319,0.0,0.6841405020632273,48.696891314184604,48.45848894772032,BNP-led Coalition,32.17928634850968,34.01214203729237,4.90846157054089,4.849660119271029,0.9494458647183402,1
Kishoreganj,Karimganj,কিশোরগঞ্জ,করিমগঞ্জ,291015,111903,116812,38637,73266,68968,45797,32999,31347,235238,7079,102,107,0,48489,289057,147253,50.9425476636096,47.967104235567355,45.50739203955098,0.0,4.94523031788826,0.0,0.8414090035517103,47.967104235567355,45.50739203955098,BNP-led Coalition,38.45265707953198,40.13951170901843,3.0050386350329448,2.9188623075464073,1.0067737505059555,1
Kishoreganj,Kishoreganj Sadar,কিশোরগঞ্জ,কিশোরগঞ্জ সদর,379183,141773,149014,48676,93097,91674,59053,44520,42156,294662,22285,198,128,4,61906,375962,189086,50.29391268266474,43.47862877209312,0.0,0.0,0.0,38.149307722412026,17.787144473943073,43.47862877209312,0.0,BNP-led Coalition,37.389070712558315,39.29870273720077,7.127840971769148,7.023830911159649,1.008567355211431,1
Kishoreganj,Kuliarchar,কিশোরগঞ্জ,কুলিয়ারচর,170635,69121,71990,24381,44740,40874,25776,18161,16702,141212,11625,34,38,0,17726,168563,104601,62.05454340513636,86.44181221976845,0.0,0.0,1.0563952543474728,11.432969092073687,0.0,86.44181221976845,11.432969092073687,BNP-led Coalition,40.50810208925484,42.189468749084305,7.649647829754953,7.602561000333532,1.0122921400307303,1
Kishoreganj,Tarail,কিশোরগঞ্জ,তারাইল,157309,59222,62514,20058,39164,38437,24913,17783,16953,129111,7321,48,36,0,20793,156411,79406,50.76752913797623,51.63967458378461,43.1516510087399,0.0,4.347278543183135,0.0,0.2946880588368637,51.63967458378461,43.1516510087399,BNP-led Coalition,37.64692420649804,39.73962074642901,5.424272612734039,5.362741363649682,1.00574128418078,1
Kishoreganj,Nikli,কিশোরগঞ্জ,নিyলী,128036,48081,50228,17032,31049,32022,21362,13922,12649,100136,6223,50,42,0,21585,126827,68952,54.36697233238979,33.484162895927604,26.998491704374057,0.0,1.741791391112658,0.0,37.16643462118575,33.484162895927604,26.998491704374057,Independent,37.55271954762723,39.22959167734075,5.932306882979023,5.845882142957793,1.009532670488145,1
Kishoreganj,Pakundia,কিশোরগঞ্জ,পাকুন্দিয়া,224639,68339,72658,14806,53533,59619,40169,28065,28445,188114,5590,77,63,0,30795,233198,120343,51.60550262009108,58.591692080137605,38.3977464414216,0.0,1.537272629068579,0.0,0.5367989829071903,58.591692080137605,38.3977464414216,BNP-led Coalition,30.421698814542445,32.34433913968634,2.9559852252326615,2.883762200532387,0.9632972838532065,1
Kishoreganj,Bajitpur,কিশোরগঞ্জ,বাজিতপুর,225505,87101,90900,29140,57961,54277,36320,24739,23067,181357,20407,129,49,0,23563,223274,135996,60.909913379972586,31.639901173563928,25.55148680843554,0.0,1.0735609870878555,0.0,40.77399335274567,31.639901173563928,25.55148680843554,Independent,38.624864193698585,40.30952750493337,10.193520911945011,10.105376791355932,1.0099922068848142,1
Kishoreganj,Bhairab,কিশোরগঞ্জ,ভৈরব,258134,103610,107762,32795,70815,63043,40959,27142,23380,219518,11423,149,106,0,26938,255084,130813,51.28232268586034,72.91018476756898,0.0,0.0,0.9647359207418224,23.714003959851084,0.0,72.91018476756898,23.714003959851084,BNP-led Coalition,40.13806782523805,41.74653474551977,5.051125451997439,4.940829426114639,1.01195684558812,1
Kishoreganj,Mithamain,কিশোরগঞ্জ,মিঠামইন,111233,45465,47639,16150,29315,26587,17940,11096,10145,95085,7986,25,19,0,8118,110263,53433,48.45959206624162,51.563640446914825,42.28847341530515,0.0,1.820972058465742,0.7149140044541763,3.5296539591638125,51.563640446914825,42.28847341530515,BNP-led Coalition,40.87366159323222,42.82811755504212,7.787421810599816,7.744751006158173,1.008797148635535,1
Kishoreganj,Hossainpur,কিশোরগঞ্জ,হোসেনপুর,175046,65442,68932,19998,45444,43546,28638,19633,17785,146635,4270,116,55,0,23970,172770,73299,42.42576836256295,55.571017339936425,0.0,0.0,0.0,38.1696885359964,4.911390332746695,55.571017339936425,0.0,BNP-led Coalition,37.38560149903454,39.37936313883208,2.939580078900686,2.8263920146151604,1.0131735833767437,1
Kurigram,Ulipur,কুড়িগ্রাম,উলিপুর,367334,121511,128994,44708,76803,88626,65472,46874,44841,311803,31193,44,56,8,24230,366368,222236,60.65922788016421,35.539696538814596,48.11686675426124,0.0,15.033117946687304,0.0,0.1070933602116668,35.539696538814596,48.11686675426124,Jamaat-led Coalition,33.0791595659536,35.116270206406156,9.122889852639434,9.09141251632158,1.0026366931609747,1
Kurigram,Kurigram Sadar,কুড়িগ্রাম,কুড়িগ্রাম সদর,276154,97699,102702,35455,62244,65432,46874,34508,31632,232013,21850,74,74,0,22143,274975,181174,65.88744431311937,39.56969543091172,0.0,45.501010078708866,9.974941216730878,0.0,0.066786625012419,39.56969543091172,45.58545928223697,Jamaat-led Coalition,35.37844825713189,37.19011855703702,8.66025487085205,8.601989677612387,1.004287662514774,1
Kurigram,Rajibpur,কুড়িগ্রাম,চর রাজিবপুর,69448,25687,26897,8596,17091,16215,12328,8154,7061,63864,659,5,4,0,4916,68702,44423,64.66041745509592,41.777907840533054,55.50052900524503,0.0,0.9049366319249038,0.0,1.0377507147198524,41.777907840533054,55.50052900524503,Jamaat-led Coalition,36.98738624582421,38.72969703951158,1.0351453542428564,1.0211987850988655,1.0108584902914035,1
Kurigram,Chilmari,কুড়িগ্রাম,চিলমারী,114105,40159,42567,14649,25510,28015,19114,13693,13121,98387,6696,12,19,0,8991,113166,63184,55.83302405316084,28.706634591035705,39.01462395543175,0.0,1.1142061281337048,0.0,30.900227905798936,28.706634591035705,39.01462395543175,Jamaat-led Coalition,35.19477674072127,37.3051137110556,6.39971840097418,6.37022661110794,1.008297545199088,1
Kurigram,Nageshwari,কুড়িগ্রাম,নাগেশ্বরী,350969,124456,130397,40609,83847,84152,61130,41873,39348,311574,18842,29,42,1,20481,349687,218520,62.49016978040362,31.63509060955519,42.37506864360242,0.0,13.047775947281714,0.0,0.0,31.63509060955519,42.37506864360242,Jamaat-led Coalition,35.46068171262989,37.15342380666099,5.7230519716298325,5.701266006632616,1.0036661357156542,1
Kurigram,Phulbari,কুড়িগ্রাম,ফুলবাড়ী,153170,52429,55545,19606,32823,36246,26697,19308,18484,128613,16401,21,22,0,8113,152092,100705,66.21321305525603,47.23300729854525,0.0,46.854674544461545,2.4844843850851497,0.0,0.0744749515912814,47.23300729854525,46.9738344670076,BNP-led Coalition,34.22928771952732,36.26362864790755,11.336233342754918,11.306589823310835,1.0070878152697051,1
Kurigram,Bhurungamari,কুড়িগ্রাম,ভুরুংগামারী,212175,72046,76229,26363,45683,52298,36878,26761,24187,192023,5124,22,29,0,14977,210579,135454,64.32455278066664,39.26794336084575,34.62430050053893,0.0,7.499224829093271,0.0,0.0,39.26794336084575,34.62430050053893,BNP-led Coalition,33.95593260280429,35.92741840461883,2.6242659661862695,2.5984036349253037,1.0075791033293915,1
Kurigram,Rajarhat,কুড়িগ্রাম,রাজারহাট,174823,58389,62094,21386,37003,41920,30751,22346,21405,129256,35145,55,20,3,10344,173739,109159,62.829301423399464,46.79320990481774,0.0,45.11584019641074,3.7972132394030726,0.0,0.1062670050110389,46.79320990481774,45.25050614241611,BNP-led Coalition,33.398923482608126,35.51820984653049,21.41489187069474,21.36746940338888,1.0062392439233565,1
Kurigram,Roumari,কুড়িগ্রাম,রৌমারী,178691,64566,68693,22395,42171,42848,32071,21209,17996,160389,2565,17,27,0,15693,177099,112070,63.280989728908686,41.99607388239493,50.89765325243152,0.0,4.536450432765236,0.0,0.8325153921656108,41.99607388239493,50.89765325243152,Jamaat-led Coalition,36.132765500221055,38.44233900979904,1.6006331366029032,1.5736389403550963,1.008989322356422,1
Cumilla,Sadar Dakkhin,কুমিল্লা,কুমিল্লা সদর দক্ষিণ,218909,74188,78495,23513,50675,60712,38376,24590,21039,179284,14155,176,71,3,25220,138804,76653,55.22391285553731,64.42409299048961,33.10503176653229,0.0,1.36459107927935,0.0,0.1187168147365399,64.42409299048961,33.10503176653229,BNP-led Coalition,33.88988118350547,35.857365389271344,7.437180221902121,7.308107326693824,1.5771087288550762,1
Cumilla,Chandina,কুমিল্লা,চান্দিনা,329008,120174,125892,39393,80781,88456,53581,35014,31775,274948,24383,54,60,0,29563,323444,177680,54.93377524393713,26.972647456100855,0.0,0.0,7.924358397118415,13.84342638451148,51.11380009004953,26.972647456100855,13.84342638451148,Independent,36.52616349754413,38.264115158294025,8.180801148791932,8.142730718495883,1.017202359604754,1
Cumilla,Chauddagram,কুমিল্লা,চৌদ্দগ্রাম,421556,148510,156565,45158,103352,110250,72497,48705,41589,347660,19589,91,140,41,54035,396390,213894,53.96049345341709,35.82989705181071,62.32432887318017,0.0,1.2931639036158098,0.0,0.0,35.82989705181071,62.32432887318017,Jamaat-led Coalition,35.22900872007515,37.13978688477925,5.40404493892866,5.330035562593702,1.0634879790105705,1
Cumilla,Titas,কুমিল্লা,তিতাস,177199,58411,61739,18493,39918,49779,31184,19541,18282,146147,9659,15,70,0,21308,173318,92041,53.10527469737708,32.822329179387445,32.714768418422224,0.0,2.861768125074695,0.0,30.79497180604296,32.822329179387445,32.714768418422224,BNP-led Coalition,32.96350430871506,34.84161874502678,6.250521197503383,6.195995920226312,1.0223923654784846,1
Cumilla,Daudkandi,কুমিল্লা,দাউদকান্দি,324530,106782,112844,37321,69461,89811,58025,37251,32650,259557,31201,134,73,1,33564,317680,179440,56.4845127171997,56.50579580918413,40.87104324565314,0.0,1.8602318323673652,0.0,0.1666295140436914,56.50579580918413,40.87104324565314,BNP-led Coalition,32.903583644039074,34.771515730440946,10.794732030546523,10.723246014998317,1.021562578695543,1
Cumilla,Nangalkot,কুমিল্লা,নাঙ্গলকোট,361313,136682,143845,46685,89997,94173,58258,37770,34419,307780,11944,89,43,0,41457,351925,192151,54.59998579242736,57.605737154633594,39.179603540965175,0.0,2.771778445077049,0.0,0.0,57.605737154633594,39.179603540965175,BNP-led Coalition,37.829250539006345,39.81174217368321,3.775448952028413,3.734180381171527,1.0266761383817575,1
Cumilla,Barura,কুমিল্লা,বরুড়া,380810,131702,139103,38495,93207,100681,65053,43129,40226,315883,27304,109,79,171,37264,372385,215463,57.860279012312525,77.70754143402812,19.188909464734085,0.0,1.0136311106779354,0.0,0.0737945726180365,77.70754143402812,19.188909464734085,BNP-led Coalition,34.58470103201071,36.52818991097923,8.052196794606836,7.947698415932655,1.0226244343891402,1
Cumilla,Burichang,কুমিল্লা,বুড়িচং,275745,97510,102756,32506,65004,74619,46840,30379,26392,232403,11650,41,71,0,31580,268690,144938,53.942461572816256,51.57998592501622,46.234251887013755,0.0,0.4898646317735859,0.0,0.0,51.57998592501622,46.234251887013755,BNP-led Coalition,35.36238191082341,37.26486427677746,4.817234247332746,4.771363627055475,1.0262570248241467,1
Cumilla,Brahmanpara,কুমিল্লা,ব্রাক্ষ্মণ পাড়া,200373,76183,80111,26723,49460,53053,31734,21144,18256,170957,9214,14,55,0,20133,195149,110805,56.779691415277554,52.144758810522994,46.19556879202202,0.0,0.6687423852714228,0.0,0.0,52.144758810522994,46.19556879202202,BNP-led Coalition,38.020591596672205,39.980935555189575,5.150355082112738,5.1120727918331115,1.0267692891072977,1
Cumilla,Manoharganj,কুমিল্লা,মনোহরগঞ্জ,230083,89860,94580,27282,62578,59609,36767,24430,19415,197581,8383,36,29,0,24054,224008,137283,61.28486482625621,54.445197147498234,40.417968721546,0.0,3.673433709927667,0.0,0.2440214738897023,54.445197147498234,40.417968721546,BNP-led Coalition,39.05547128644881,41.106904899536254,4.100393633905907,4.068844677205636,1.0271195671583158,1
Cumilla,Muradnagar,কুমিল্লা,মুরাদনগর,500680,182898,191968,58627,124271,134090,83213,53751,46721,416667,44225,47,107,7,39627,491227,267807,54.517972342725464,58.92303039128925,39.17223970994037,0.0,1.308778336637952,0.0,0.0,58.92303039128925,39.17223970994037,BNP-led Coalition,36.52991930973876,38.341455620356314,9.62709276373866,9.59217270031862,1.019243649066521,1
Cumilla,Meghna,কুমিল্লা,মেঘনা,114067,39809,41718,12756,27053,29535,20446,12882,11395,94320,6285,17,35,0,13410,112335,59834,53.263898161748344,65.03158739178393,28.67934619112879,0.0,5.099107530835311,0.0,0.1754855099107531,65.03158739178393,28.67934619112879,BNP-led Coalition,34.899664232424804,36.5732420419578,6.295637660570055,6.243977070645856,1.015418168869898,1
Cumilla,Laksam,কুমিল্লা,লাকসাম,248423,91669,97064,29847,61822,63724,39985,27465,25572,207271,15819,88,49,256,24940,243364,157633,64.77252181916799,59.22871479956608,36.77339135840845,0.0,1.5326739959272488,0.0,0.2296473454162516,59.22871479956608,36.77339135840845,BNP-led Coalition,36.90036751830547,39.07206659608812,7.254243052044227,7.078390750079424,1.0207877911276937,1
Cumilla,Lalmai,কুমিল্লা,লালমাই,156844,53889,56928,18052,35837,42450,27025,17818,15659,133096,7932,24,33,281,15478,170364,94959,55.73888849756991,53.87272401773397,43.0354152844912,0.0,2.565317663412631,0.0,0.0,53.87272401773397,43.0354152844912,BNP-led Coalition,34.35834332202698,36.29593736451506,5.850062957146697,5.610967276431391,0.92064051090606,1
Cumilla,Homna,কুমিল্লা,হোমনা,197854,68119,71766,20691,47428,52782,33690,21996,21266,167482,12608,24,43,1,17696,194457,104535,53.75738595164998,44.0598842492945,19.1562634524322,0.0,3.6676711149375807,0.0,32.56421294303343,44.0598842492945,19.1562634524322,BNP-led Coalition,34.42892233667249,36.27220071365755,7.036046137279499,6.998301490913532,1.0174691577058168,1
Kushtia,Kumarkhali,কুষ্টিয়া,কুমারখালী,302527,99690,104390,36623,63067,73788,54947,38887,35210,257320,20068,228,81,0,24830,299773,212668,70.94301354691717,43.69721819925894,51.1304004363609,0.0,4.774107999322888,0.0,0.0,43.69721819925894,51.1304004363609,Jamaat-led Coalition,32.952430692136566,34.50601103372591,7.337853847898969,7.226581489897262,1.009186951459938,1
Kushtia,Kushtia Sadar,কুষ্টিয়া,কুষ্টিয়া সদর,440375,136543,143385,50079,86464,106946,83285,60621,52971,355953,33880,375,168,3,49996,435174,312536,71.81862887029096,40.43886144316175,57.56712826682366,0.0,1.6174136739447615,0.0,0.137904113446131,40.43886144316175,57.56712826682366,Jamaat-led Coalition,31.006074368435993,32.55975021288675,8.818609607586474,8.678745526782947,1.0119515412225917,1
Kushtia,Khoksa,কুষ্টিয়া,খোকসা,121548,40440,42604,15399,25041,30274,21138,15471,14225,95572,16588,58,29,0,9301,120285,86949,72.28582117471007,52.495140829681766,43.08962725275736,0.0,4.013847197782608,0.0,0.0,52.495140829681766,43.08962725275736,BNP-led Coalition,33.27080659492546,35.05117319906539,14.855630885457964,14.778123246055571,1.0105000623519145,1
Kushtia,Daulatpur,কুষ্টিয়া,দৌলতপুর,404453,131010,138118,46231,84779,101769,74877,52296,44501,345119,18404,123,90,0,40717,406018,276710,68.15215088986203,60.1684073578837,30.74879838097647,0.0,1.4668786816522714,0.4007806006288171,6.441400744461711,60.1684073578837,31.14957898160529,BNP-led Coalition,32.39189720437233,34.14933255532781,5.118272593309433,5.059713638463061,0.996145491086602,1
Kushtia,Bheramara,কুষ্টিয়া,ভেড়ামারা,186136,62837,65872,22686,40151,45098,35295,23411,19408,154799,9160,85,72,0,22020,184824,122156,66.09314807600744,40.2919218049052,57.75893120272438,0.0,1.5038147941975837,0.0,0.0,40.2919218049052,57.75893120272438,Jamaat-led Coalition,33.758649589547424,35.38917780547557,5.677082063906018,5.5814180213994975,1.0070986451975934,1
Kushtia,Mirpur,কুষ্টিয়া,মিরপুর,291514,89451,94133,33005,56446,73873,57214,39206,31770,244762,16711,90,108,0,29843,288531,216444,75.01585618183141,43.367337509933286,55.08907615826727,0.0,0.9277226441943413,0.0,0.0,43.367337509933286,55.08907615826727,Jamaat-led Coalition,30.684975678698105,32.29107349904293,6.461931203687072,6.386263666971121,1.010338577137292,1
Khagrachhari,Khagrachhari Sadar,খাগড়াছড়ি,খাগড়াছড়ি সদর,91388,28418,30023,5890,22528,23197,17627,11754,10392,25175,7650,53491,8,753,4311,96803,54992,56.80815677200087,35.999781786441666,15.393148094268255,0.0,0.5073465231306372,0.0,46.559499563572885,35.999781786441666,15.393148094268255,Independent,31.095986343940123,32.85223442902788,71.08880645865153,8.78532792815554,0.9440616509818912,1
Khagrachhari,Guimara,খাগড়াছড়ি,ঙ্গইমারা,34652,12081,12633,2976,9105,8251,6164,4120,4035,9411,1470,22520,0,81,1170,37544,23221,61.85009588749201,44.49851427587098,12.889195125102278,0.0,0.9215796046681882,0.0,39.77003574350803,44.49851427587098,12.889195125102278,BNP-led Coalition,34.86378852591481,36.45677017199584,71.89236007406964,4.390418732453258,0.9229703814191348,1
Khagrachhari,Dighinala,খাগড়াছড়ি,দিঘিনালা,88081,28498,30186,7141,21357,21522,16112,10686,11261,26034,3100,55788,6,839,2314,94167,54455,57.82811388278272,35.03075934257644,9.927463042879442,0.0,1.1403911486548526,0.0,53.02176108713617,35.03075934257644,9.927463042879442,Independent,32.354310237168065,34.27072807983561,69.64566791423275,3.6144437837396666,0.9353701402826892,1
Khagrachhari,Panchhari,খাগড়াছড়ি,পানছড়ি,55096,17669,18815,3813,13856,13989,9786,6516,7135,15285,1621,36754,1,122,1313,57642,32293,56.02338572568613,36.38559440126343,12.482581364382376,0.0,0.560492986096058,0.0,49.60208094633512,36.38559440126343,12.482581364382376,Independent,32.069478728038334,34.149484536082475,71.58023910901214,3.013963520071398,0.9558308178064606,1
Khagrachhari,Mahalchhari,খাগড়াছড়ি,মহালছড়ি,35918,11077,11755,2437,8640,9082,6695,4407,4656,9199,2460,23052,0,309,898,37887,21956,57.95127616332779,39.04171980324285,10.794315904536344,0.0,0.5829841501184186,0.0,48.46055747859355,39.04171980324285,10.794315904536344,Independent,30.839690405924607,32.727323347625145,73.73215305539692,7.024557395773844,0.948029667168158,1
Khagrachhari,Matiranga,খাগড়াছড়ি,মাটিরাংগা,88760,30914,32565,6661,24253,22240,15298,10162,10132,60439,1919,21046,8,59,5289,93900,59854,63.74227902023429,60.21485614996491,25.928091689778466,0.0,1.1477929628763324,0.0,11.82042971229993,60.21485614996491,25.928091689778466,BNP-led Coalition,34.82875168995043,36.68882379450203,27.592816666866337,2.299002048615687,0.9452609158679446,1
Khagrachhari,Manikchhari,খাগড়াছড়ি,মানিকছড়ি,54177,19063,20347,4134,14929,13832,9092,6110,6075,34133,3759,12373,3,265,3644,59043,37706,63.86193113493555,57.42056967060945,25.910995597517637,0.0,1.6787779133294436,0.0,14.209940062589508,57.42056967060945,25.910995597517637,BNP-led Coalition,35.18651826420806,37.55652767779685,32.45403993430036,7.438703421526527,0.9175854885422488,1
Khagrachhari,Ramgarh,খাগড়াছড়ি,রামগড়,45832,15297,16251,3239,12058,11561,7657,5610,5701,27887,3622,10546,8,168,3601,47735,29742,62.30648371216089,61.05843588191782,25.00504337300787,0.0,0.8237509246183847,0.0,12.265483155134154,61.05843588191782,25.00504337300787,BNP-led Coalition,33.376243672543204,35.45775877116425,33.965570315644904,8.576638014728516,0.960134073530952,1
Khagrachhari,Lakkhichhari,খাগড়াছড়ি,লক্ষীছড়ি,21185,7163,7570,1760,5403,5542,3841,2463,2176,3552,582,16592,0,26,433,22321,13940,62.45239908606245,27.03730272596844,3.715925394548063,0.0,0.3443328550932568,0.0,67.79770444763271,27.03730272596844,3.715925394548063,Independent,33.81165919282511,35.73282983242861,82.88357748650732,2.804548959136469,0.9491062228394784,1
Khulna,Koyra,খুলনা,কয়রা,184605,61726,65293,20679,41047,44289,32288,23736,22566,138193,34317,1278,55,0,10762,182745,124029,67.86998276286629,38.62000016125261,59.77876141870046,0.0,0.6280789170274694,0.0,0.0,38.62000016125261,59.77876141870046,Jamaat-led Coalition,33.436797486525286,35.36903117467024,20.50700919795448,19.74022537577009,1.010178117048346,1
Khulna,Dumuria,খুলনা,ডুমুরিয়া,282863,88752,93659,30969,57783,64643,52103,39447,37917,161030,108562,278,52,0,12941,280034,210628,75.21515244577444,53.97952788803008,44.8701027403764,0.0,0.0,0.0,0.0,53.97952788803008,44.8701027403764,BNP-led Coalition,31.376319985293232,33.11108204325062,40.342024733071035,40.219767192003616,1.0101023447152846,1
Khulna,Terokhada,খুলনা,তেরখাদা,110298,40039,41997,14828,25211,26929,18007,12913,12407,78872,21689,593,37,0,9107,108385,67490,62.268764127877475,50.650466735812714,0.0,0.0,3.507186249814787,45.45414135427471,0.3882056600977923,50.650466735812714,45.45414135427471,BNP-led Coalition,36.30074888030608,38.07593972692161,22.0563093555751,21.43372434307399,1.0176500438252525,1
Khulna,Dacope,খুলনা,দাকোপ,137533,42577,44776,13228,29349,31695,25106,19383,18770,59161,73756,857,28,0,3731,134327,87506,65.1440142339217,67.07654332274359,25.685095879139716,0.0,2.158709117089114,0.0,0.6902383836536923,67.07654332274359,25.685095879139716,BNP-led Coalition,30.957661070434003,32.556550064348194,55.78466689586105,55.12324180505523,1.0238671302120943,1
Khulna,Dighalia,খুলনা,দিঘলিয়া,111441,40031,42303,13682,26349,27255,18393,13889,11873,80901,18739,255,39,2,11505,134058,87565,65.31874263378538,47.84217438474276,11.89173756637926,0.0,5.2520984411579965,34.374464683378065,0.3882829897790213,47.84217438474276,46.26620224975732,BNP-led Coalition,35.92124980931614,37.959996769591086,19.047190201729105,18.751000640409863,0.831289441883364,1
Khulna,Paikgachha,খুলনা,পাইকগাছা,238534,74321,78764,23343,50978,57639,43423,33610,29538,155582,72029,418,52,2,10451,232838,153016,65.71779520525,48.607335180634706,48.09366340774821,0.0,1.3704449207925968,0.0,0.0,48.607335180634706,48.09366340774821,BNP-led Coalition,31.157403137498218,33.02003068744917,31.787112586207652,31.58017037657344,1.0244633607916234,1
Khulna,Phultala,খুলনা,ফুলতলা,84984,27901,29306,9666,18235,20206,15668,11363,9846,64093,12890,37,23,1,7940,118452,84303,71.17060074967075,40.24649182116888,59.07856185426379,0.0,0.0,0.0,0.0,40.24649182116888,59.07856185426379,Jamaat-led Coalition,32.83088581380024,34.484138190718255,16.809874876693836,16.73069934063652,0.7174551717151251,1
Khulna,Batiaghata,খুলনা,বটিয়াঘাটা,169423,55587,58646,19438,36149,38654,29976,23517,21684,98043,60291,52,36,5,10996,168027,115496,68.73657209853178,52.18102791438665,40.77803560296461,0.0,3.1975133337951096,0.0,0.7861744129666828,52.18102791438665,40.77803560296461,BNP-led Coalition,32.809594919225844,34.61513489903968,38.11471529474143,38.056013179571664,1.008308188564933,1
Khulna,Rupsa,খুলনা,রূপসা,165271,56429,59331,18895,37534,41420,29473,20516,17427,115880,31841,410,51,0,17089,163824,110554,67.48339681609532,50.35367331801653,0.0,0.0,6.454764187636811,42.88763862004088,0.3039238743057691,50.35367331801653,42.88763862004088,BNP-led Coalition,34.14331612926648,35.89922006885661,21.798868958442995,21.48776504568706,1.0088326496728195,1
Gaibandha,Gaibandha Sadar,গাইবান্ধা,গাইবান্ধা সদর,410995,138091,145927,48248,89843,105499,73577,50432,43396,337449,41013,288,77,16,32152,408000,239881,58.79436274509804,38.427386912677534,50.47210908742252,0.0,0.980069284353492,0.0,0.0,38.427386912677534,50.47210908742252,Jamaat-led Coalition,33.599192204284726,35.50578474190684,10.926425986490448,10.825856621344462,1.0073406862745098,1
Gaibandha,Gobindaganj,গাইবান্ধা,গোবিন্দগঞ্জ,467929,149251,158217,52861,96390,118492,85572,59626,54988,371439,57597,2964,87,0,35842,464871,285505,61.41596270793403,49.63555804626889,48.40545699725049,0.0,0.4752981558991961,0.0,0.5393951069158158,49.63555804626889,48.40545699725049,BNP-led Coalition,31.89607825118768,33.812180907787294,14.036062181921697,13.329954384186518,1.0065781689974207,1
Gaibandha,Palashbari,গাইবান্ধা,পলাশবাড়ী,234322,80250,84365,28966,51284,57626,41795,28542,26109,186799,30885,312,29,0,16297,232234,144506,62.22430824082606,38.90011487412287,59.070903630299085,0.0,0.5093214122596985,0.0,0.5245456936044178,38.90011487412287,59.070903630299085,Jamaat-led Coalition,34.24774455663574,36.00387500960217,14.322210755647289,14.165806673546612,1.0089909315604089,1
Gaibandha,Fulchhari,গাইবান্ধা,ফুলছড়ি,132650,46754,49596,15005,31749,33930,23049,14965,13952,114696,7971,43,20,0,9920,132289,74737,56.49524903809085,37.51020244323428,37.80456801851827,0.0,1.8986579605817735,0.0,19.18594538180553,37.51020244323428,37.80456801851827,Jamaat-led Coalition,35.246136449302675,37.38861666038447,6.546076753849914,6.494744561231973,1.00272887390486,1
Gaibandha,Saghata,গাইবান্ধা,সাঘাটা,246009,81857,86288,28813,53044,62521,43003,30428,28200,203761,22861,278,49,1,19059,249462,138515,55.5254908563228,32.275926794931955,43.07042558567664,0.0,0.5566184167779663,0.0,23.092805833303252,32.275926794931955,43.07042558567664,Jamaat-led Coalition,33.27398591108455,35.075139527415665,10.217669090107954,10.073143864287289,0.9861582124732424,1
Gaibandha,Sadullapur,গাইবান্ধা,সাদুল্লাপুর,271807,89111,94103,31131,57980,67864,50228,34063,30541,215326,38956,336,40,0,17149,269709,164846,61.119947795587095,50.0388241146282,45.612875047013574,0.0,1.2617837254164492,0.0,1.4176868107203089,50.0388241146282,45.612875047013574,BNP-led Coalition,32.78465970339248,34.62125699485296,15.445028233945134,15.297379230183228,1.00777875413872,1
Gaibandha,Sundarganj,গাইবান্ধা,সুন্দরগঞ্জ,419042,143187,150893,49897,93290,103795,75478,50547,46035,354103,40855,134,57,14,23879,415903,240833,57.906050208822734,15.716699953909972,57.69350545813904,0.0,0.8487208978835957,0.0,11.41787047456121,15.716699953909972,57.69350545813904,Jamaat-led Coalition,34.170083189751864,36.00903966666826,10.390648922090378,10.33877159551881,1.0075474329350835,1
Gazipur,Kapasia,গাজীপুর,কাপাসিয়া,330868,110675,115910,38919,71756,81683,60295,41246,36967,257727,22595,74,195,1,50276,325552,195949,60.189769990662015,45.60064098311295,50.661651756324346,0.0,1.1732644718778866,0.0,0.7481538563605836,45.60064098311295,50.661651756324346,Jamaat-led Coalition,33.44989542657495,35.03209739231355,8.148842447396932,8.05261732337344,1.016329188578169,1
Gazipur,Kaliganj,গাজীপুর,কালিগঞ্জ,259211,86542,91360,29958,56584,66647,46340,32047,27634,178647,34920,214,16493,0,28937,256287,164318,64.11484000358972,59.022139996835406,34.71256952981414,0.0,1.9407490354069548,0.0,0.0,59.022139996835406,34.71256952981414,BNP-led Coalition,33.38670041009062,35.2454178256324,22.41981291852315,15.164543109513016,1.0114090843468455,1
Gazipur,Kaliakair,গাজীপুর,কালিয়াকৈর,375500,115672,122976,41726,73946,114437,68917,42597,33876,285839,44671,1571,158,9,43252,372524,221577,59.479926125565065,60.27250120725527,35.39852963078298,0.0,1.0989407745388735,0.0,2.318381420454289,60.27250120725527,35.39852963078298,BNP-led Coalition,30.804793608521972,32.74993342210386,13.968180395367316,13.445077171269654,1.007988747033748,1
Gazipur,Sreepur,গাজীপুর,শ্রীপুর,419227,139108,146613,47735,91373,109250,75382,51341,44141,337746,20202,424,245,5,60605,416413,234759,56.376482002242966,55.36528950966736,0.0,0.0,2.16264339173365,35.17607418671915,5.774858471879672,55.36528950966736,35.17607418671915,BNP-led Coalition,33.18202310442791,34.972222686038826,5.8211710380289,5.633229417046361,1.006757714096342,1
Gopalganj,Kashiani,গোপালগঞ্জ,কাশিয়ানী,201759,70859,74006,25543,45316,49199,34130,24330,23237,146817,40201,546,44,1,14150,199666,81849,40.99295824026124,39.19901281628364,14.79309460103361,0.0,2.5864702073330155,4.849173477989957,30.861708756368433,39.19901281628364,19.64226807902357,BNP-led Coalition,35.12061419812747,36.680395917902054,21.74309334840013,21.428076478207338,1.0104825057846605,1
Gopalganj,Kotalipara,গোপালগঞ্জ,কোটালিপাড়া,214200,77563,80979,28060,49503,50356,36297,25638,24346,88865,113158,1345,62,1,10769,212391,96076,45.23543841311543,44.72605021025022,0.0,0.0,3.734543486406595,19.1858528664807,29.338232232815688,44.72605021025022,19.1858528664807,BNP-led Coalition,36.21055088702147,37.80532212885154,56.31688385742586,55.624757288712146,1.008517310055511,1
Gopalganj,Gopalganj Sadar,গোপালগঞ্জ,গোপালগঞ্জ সদর,305106,106794,111609,36904,69890,75777,52008,36443,34082,196677,84620,751,89,1,22968,305706,115933,37.923037166427875,26.99835249670068,0.0,0.0,2.090000258770152,20.77320521335599,48.472824821232955,26.99835249670068,20.77320521335599,Independent,35.00226150911487,36.58040156535761,30.29049614018672,29.992415059297223,0.99803732998371,1
Gopalganj,Tungipara,গোপালগঞ্জ,টুংগীপাড়া,94520,34837,36551,11780,23057,23628,15104,10661,10289,59527,27384,906,42,0,6661,93903,34830,37.09146672630268,49.368360608670685,0.0,0.0,3.060579959804766,18.185472293999425,27.91846109675567,49.368360608670685,18.185472293999425,BNP-led Coalition,36.85674989420229,38.67012272534913,32.247123231541444,31.168121649461067,1.006570610097654,1
Gopalganj,Muksudpur,গোপালগঞ্জ,মুকসুদপুর,273521,97616,102128,33849,63767,68344,46036,32454,29067,182960,71051,1246,85,5,18174,270987,138233,51.01093410385,32.62607336887719,15.60047166740214,0.0,2.9493680958960597,0.0,13.447584874812817,32.62607336887719,15.60047166740214,Others,35.688667414933406,37.33826653163742,28.348482653017268,27.82527305979706,1.0093510020775904,1
Chattogram,Anwara,চট্টগ্রাম,আনোয়ারা,260173,92751,98334,34349,58402,66304,44397,29202,27515,186412,41240,35,30,1460,30996,257788,133039,51.60791037596785,57.379415058742175,16.0787438269981,0.0,0.0,0.0,0.0,57.379415058742175,16.0787438269981,BNP-led Coalition,35.649740749424424,37.79562060628889,18.660249501477026,17.994824960619958,1.009251788291154,1
Chattogram,Karnaphuli,চট্টগ্রাম,কর্ণফুলী,135059,46083,49605,14136,31947,37564,23293,14961,13154,111509,5752,83,185,218,17312,134245,78507,58.48039033111103,62.5714904403429,16.10557020393086,0.0,0.0,0.0,0.0,62.5714904403429,16.10557020393086,BNP-led Coalition,34.12064357058767,36.728392776490274,5.297799519308348,4.885050149897662,1.0060635405415472,1
Chattogram,Chandanaish,চট্টগ্রাম,চন্দনাইশ,205063,72852,76983,24463,48389,51479,36013,24011,20703,146536,28639,496,31,4527,24834,202724,114828,56.64252875831179,42.81534120597764,0.0,0.0,0.9196363256348624,0.0,1.5727871250914411,42.81534120597764,38.08565855017939,BNP-led Coalition,35.526643031653684,37.54114589175034,18.6945497117556,15.890339512509083,1.011537854422762,1
Chattogram,Patiya,চট্টগ্রাম,পটিয়া,352528,118769,126474,40539,78230,91338,62562,42564,37278,229365,76809,50,22,7538,38744,349495,186663,53.40934777321564,71.82998237465378,11.219148947568613,0.0,0.4709021070056733,0.0,0.1258953300868409,71.82998237465378,11.219148947568613,BNP-led Coalition,33.69065719602415,35.87629918758226,26.903538740024985,24.4783035463886,1.0086782357401394,1
Chattogram,Banshkhali,চট্টগ্রাম,বাঁশখালী,411250,159160,168705,52638,106522,100177,67591,40928,43371,313587,48163,115,32,3475,45878,404559,232402,57.44576192842082,35.385667937453206,38.70878908098898,0.0,1.7116892281477785,0.0,23.696439789674788,35.385667937453206,38.70878908098898,Jamaat-led Coalition,38.701519756838906,41.02249240121581,14.173226191388505,13.18190775428878,1.0165389967841527,1
Chattogram,Boalkhali,চট্টগ্রাম,বোয়ালখালী,222880,72344,77253,24433,47911,58384,39763,27844,24542,147819,45106,52,126,4411,25366,220391,114136,51.78795867344855,63.546996565500805,15.145090067989068,0.7517347725520431,0.2172846428821756,0.0,0.0,63.546996565500805,15.145090067989068,BNP-led Coalition,32.458722182340274,34.66125269203159,25.16024180564416,22.83686219711008,1.011293564619245,1
Chattogram,Rangunia,চট্টগ্রাম,রাংঙ্গনীয়া,319000,103974,111009,33344,70630,84520,55953,39057,35415,219198,46958,3524,32,12463,36825,313164,171728,54.83644352479851,58.372542625547375,22.992755986210753,0.0,0.7331361222398212,0.0,0.0,58.372542625547375,22.992755986210753,BNP-led Coalition,32.59373040752351,34.79905956112853,22.31841942057234,16.641445911225304,1.0186356030705956,1
Chattogram,Raozan,চট্টগ্রাম,রাউজান,339238,103272,110852,32888,70384,89256,61767,43626,41317,207643,66913,159,29,24768,39726,335990,159730,47.54010536027858,69.6181055531209,13.155324610279846,0.0,0.0,0.0,0.0,69.6181055531209,13.155324610279846,BNP-led Coalition,30.442344312842312,32.676763805941555,30.67289457517562,22.340674163305643,1.009666954373642,1
Chattogram,Lohagara,চট্টগ্রাম,লোহাগাড়া,249772,90228,95412,30339,59889,63229,42161,27791,26362,189273,21925,21,55,5180,33318,242171,152177,62.83865533032444,46.27637553638198,53.035609849057344,0.0,0.688014614560676,0.0,0.0,46.27637553638198,53.035609849057344,Jamaat-led Coalition,36.12414522044104,38.19963806991976,12.55740249660436,10.129172942056972,1.0313869125535262,1
Chattogram,Sandwip,চট্টগ্রাম,সন্দীপ,260479,85012,91675,27552,57460,70294,45394,29214,30562,193482,22641,87,52,2,44215,255700,114857,44.918654673445445,62.99398382336297,32.35066212768921,0.0,4.401124877020991,0.0,0.2542291719268307,62.99398382336297,32.35066212768921,BNP-led Coalition,32.63679605649592,35.19477577846966,10.534346909333037,10.469148818111195,1.0186898709425107,1
Chattogram,Satkania,চট্টগ্রাম,সাতকানিয়া,364251,134893,142462,44815,90078,91856,61586,40797,35109,271312,37461,49,100,3375,51954,355131,214879,60.50696785129994,39.78657756225597,42.34057306670265,0.0,1.055943112170105,0.0,1.369608011950912,39.78657756225597,55.934269984502905,Jamaat-led Coalition,37.032980005545625,39.11094272905222,13.123725171871648,11.995312154775744,1.0256806643182377,1
Chattogram,Hathazari,চট্টগ্রাম,হাটহাজারী,413167,132560,141853,41203,91357,112933,74299,49934,43431,302657,44979,355,92,4341,60743,372315,163756,43.98318628043458,71.10579154351596,0.0,0.0,0.8054666699235448,19.973619287232225,0.5233396028237133,71.10579154351596,19.973619287232225,BNP-led Coalition,32.0838789157895,34.33309049367447,14.12134247383833,12.762751685469777,1.1097242926016948,1
Chandpur,Kachua,চাঁদপুর,কচুয়া,356460,133736,139717,43545,90191,91099,59018,38227,34378,292120,28785,91,63,2,35399,348742,203526,58.360048402544,64.52689091320028,32.812024016587564,0.0,0.0,0.0,0.0,64.52689091320028,32.812024016587564,BNP-led Coalition,37.51781406048365,39.19570218257308,9.014174876425352,8.965585978988416,1.0221309736137316,1
Chandpur,Chandpur Sadar,চাঁদপুর,চাঁদপুর সদর,441617,162288,170692,51825,110463,108465,72066,51533,47259,335027,43599,652,129,20,62190,434679,227546,52.34805454139722,58.52882494089107,34.83559368215658,0.0,5.393634693644362,0.0,0.0,58.52882494089107,34.83559368215658,BNP-led Coalition,36.74858531261251,38.651591763904015,11.70185569292644,11.490747890898644,1.0159612035548071,1
Chandpur,Faridganj,চাঁদপুর,ফরিদগঞ্জ,400615,144804,152418,45905,98899,99981,66900,46361,42569,327751,22032,328,139,2,50363,391260,210033,53.681183867504984,32.29635343017526,29.649150371608272,0.0,2.447710597858432,0.0,35.12924159536835,32.29635343017526,29.649150371608272,Independent,36.14542640689939,38.04600426843728,6.424231696035997,6.290328106620376,1.0239099320145173,1
Chandpur,Matlab Uttar,চাঁদপুর,মতলব উওর,293411,101298,106671,34846,66452,71074,50757,35636,34645,228024,31545,112,102,0,33628,288531,138329,47.94250877721978,74.09870670647514,0.0,0.0,5.04015788446385,0.0,0.0,74.09870670647514,19.703749756016453,BNP-led Coalition,34.524268006311964,36.35548769473537,12.225203342789944,12.14282689783396,1.016913260620176,1
Chandpur,Matlab Dakkhin,চাঁদপুর,মতলব দক্ষিণ,207597,73036,76802,24524,48512,49787,35356,25150,24268,151745,27312,52,55,1,28432,203846,101528,49.80622626885001,67.05834843589946,0.0,0.0,5.001575919943267,0.0,0.0,67.05834843589946,27.063470175715075,BNP-led Coalition,35.1816259387178,36.99571766451346,15.304328412357323,15.244048781849134,1.018401145963129,1
Chandpur,Shahrasti,চাঁদপুর,শাহরাস্তি,219101,82858,87221,28059,54799,55450,35981,24644,20167,185734,9978,47,52,0,23290,214283,115517,53.908616175804895,64.81037423063272,0.0,0.0,1.7902126959668274,0.0,0.0848359981647722,64.81037423063272,27.42020654968533,BNP-led Coalition,37.817262358455686,39.80858143048183,5.146289023599287,5.0957300662373415,1.0224842848009408,1
Chandpur,Hajiganj,চাঁদপুর,হাজীগঞ্জ,307572,112550,118875,35899,76651,79249,51572,34660,29405,246637,23354,101,75,1,37404,300583,160246,53.311730869676595,67.22227075870849,0.0,0.0,2.7620034197421464,0.0,0.0967262833393657,67.22227075870849,25.009048587796265,BNP-led Coalition,36.593057885633286,38.649486949397215,8.7097657753694,8.644250984572562,1.0232514812880302,1
Chapainababganj,Gomastapur,চাঁপাইনবাবগঞ্জ,গোমস্তাপুর,236803,86171,91562,30134,56037,57998,39819,30950,21865,194238,9498,2761,33,0,30273,234456,166706,71.10332002593238,44.71164805105995,51.059949851834965,0.0,0.3869086895492664,0.0,0.0,44.71164805105995,51.059949851834965,Jamaat-led Coalition,36.389319392068515,38.6658952800429,5.951677722364789,4.598847625042366,1.0100104070699834,1
Chapainababganj,Chapainawabganj Sadar,চাঁপাইনবাবগঞ্জ,চাঁপাইনবাবগঞ্জ সদর,468330,168105,176673,60206,107899,115656,87119,55386,42063,380977,18141,1702,75,0,67435,460802,312933,67.9105125411782,40.26996194073491,59.17113247883732,0.0,0.2508524188883883,0.0,0.0,40.26996194073491,59.17113247883732,Jamaat-led Coalition,35.89456152712831,37.72404074050349,4.968383242494918,4.525125032739246,1.0163367346495893,1
Chapainababganj,Nachole,চাঁপাইনবাবগঞ্জ,নাচোল,132461,46950,50241,16017,30933,34264,22772,16053,12422,101069,8601,3447,19,0,19325,131008,97198,74.19241573033707,48.21601267515793,50.075104426017,0.0,0.2582357661680281,0.0,0.0,48.21601267515793,50.075104426017,Jamaat-led Coalition,35.44439495398645,37.928899827118926,10.665924197426106,7.602354688162919,1.0110909257449927,1
Chapainababganj,Bholahat,চাঁপাইনবাবগঞ্জ,ভোলাহাট,91690,33897,36147,13189,20708,23300,15280,11421,7792,76824,926,40,15,0,13885,90903,68656,75.52666028623918,47.557387555348406,51.021032393381496,0.0,0.2243066884176182,0.0,0.0,47.557387555348406,51.021032393381496,Jamaat-led Coalition,36.96913512923983,39.4230559493947,1.2608444187391556,1.190154874365401,1.008657580057864,1
Chapainababganj,Shibganj,চাঁপাইনবাবগঞ্জ,শিবগঞ্জ,500134,180737,191371,64756,115981,124328,87600,60889,46580,432604,14850,138,36,0,52506,495681,369541,74.55218174592127,43.7480550196054,55.05261933046671,0.0,0.2900895976359862,0.0581802831079636,0.0,43.7480550196054,55.11079961357468,Jamaat-led Coalition,36.13771509235525,38.2639452626696,3.3563584047467985,3.3174868417525265,1.0089836003397346,1
Chuadanga,Alamdanga,চুয়াডাঙ্গা,আলমডাংগা,307516,93921,98935,33218,60703,75316,61404,42060,34814,267098,13739,157,74,0,26448,304380,226825,74.52033642157829,41.12818251956354,56.86807009809324,0.0,2.003747382343216,0.0,0.0,41.12818251956354,56.86807009809324,Jamaat-led Coalition,30.541825465992012,32.172309733477285,4.970327465239729,4.888140948097969,1.0103029108351402,1
Chuadanga,Chuadanga Sadar,চুয়াডাঙ্গা,চুয়াডাঙ্গা সদর,276958,89375,93496,30241,59134,67676,53215,37350,29338,236285,14651,121,66,0,25835,274442,198825,72.44700155224055,41.64617125612976,55.092166478058594,0.0,3.261662265811643,0.0,0.0,41.64617125612976,55.092166478058594,Jamaat-led Coalition,32.270235920247835,33.75818716195236,5.908658306885471,5.834192805915826,1.0091676929915976,1
Chuadanga,Jibannagar,চুয়াডাঙ্গা,জীবন নগর,161252,55125,57819,18705,36420,40034,29489,20429,16174,139557,7865,59,33,0,13738,159767,123651,77.39458085837501,47.74567128450235,51.00322682388335,0.0,1.2511018916143015,0.0,0.0,47.74567128450235,51.00322682388335,Jamaat-led Coalition,34.18562250390693,35.856299456750925,5.394064292202774,5.331697330422875,1.00929478553143,1
Chuadanga,Damurhuda,চুয়াডাঙ্গা,দামুরহুদা,257684,85647,89795,30537,55110,65140,49416,33199,24282,227442,9489,91,39,1,20622,254947,195830,76.81204328742837,40.83337588724915,57.25782566511771,0.0,1.9087984476331512,0.0,0.0,40.83337588724915,57.25782566511771,Jamaat-led Coalition,33.237220782043124,34.84694431939895,4.058010140807046,4.002750335355308,1.0107355646467695,1
Joypurhat,Akkelpur,জয়পুরহাট,আক্রেলপুর,126794,39038,41442,14175,24863,31469,24017,18081,14188,94709,15133,678,62,0,16212,125028,84286,67.41369933134978,58.144887644448666,41.05308117599601,0.0,0.0,0.0,0.0,58.144887644448666,41.05308117599601,BNP-led Coalition,30.788523116235783,32.68451188542045,14.354054005172632,13.684867338264818,1.014124836036728,1
Joypurhat,Kalai,জয়পুরহাট,কালাই,126762,38555,41150,13920,24635,32995,26052,16809,12351,97223,16254,145,54,0,13086,125939,94672,75.17290116643773,63.30594051039378,36.282110866993406,0.0,0.0,0.0,0.0,63.30594051039378,36.282110866993406,BNP-led Coalition,30.415266404758523,32.46240987046591,14.473591611245997,14.298532671804075,1.0065349097578986,1
Joypurhat,Khetlal,জয়পুরহাট,ক্ষেতলাল,98007,29686,31290,10339,19347,24451,19622,13718,10529,71229,16710,150,48,0,9870,97134,70698,72.78398912842053,68.15892953124558,31.20456024215678,0.0,0.0,0.0,0.0,68.15892953124558,31.20456024215678,BNP-led Coalition,30.28967318660912,31.92629097921577,19.18377072058273,18.959120460192658,1.0089875841620854,1
Joypurhat,Joypurhat Sadar,জয়পুরহাট,জয়পুরহাট সদর,254669,80609,84873,27819,52790,60262,48077,36440,29277,184842,35003,3982,131,2,30709,252459,180695,71.57399815415573,48.818174271562576,47.025650958797975,0.0,0.0,0.0,3.93868120313235,48.818174271562576,47.025650958797975,BNP-led Coalition,31.652458681661297,33.326788890677705,17.466511877120915,15.629130201821754,1.008753896672331,1
Joypurhat,Panchbibi,জয়পুরহাট,পাঁচবিবি,211101,68785,72333,25413,43372,50052,39953,29116,23192,147671,31217,6051,125,3,26034,209799,151254,72.09471923126421,43.706612717680194,51.77119282795827,0.0,0.0,0.0,4.37476033691671,43.706612717680194,51.77119282795827,Jamaat-led Coalition,32.583929019758315,34.26464109596828,20.20673593887619,16.86794512257723,1.0062059399711152,1
Jamalpur,Islampur,জামালপুর,ইসলামপুর,282065,100585,105282,32927,67658,68025,49529,33974,29952,225596,10939,270,74,0,45186,280142,158900,56.72123423121131,60.02391441157961,38.80113278791693,0.0,1.0685966016362491,0.0,0.106356198867212,60.02391441157961,38.80113278791693,BNP-led Coalition,35.66022016201939,37.3254391718221,4.7631913339721965,4.617969511860486,1.0068643759236386,1
Jamalpur,Jamalpur Sadar,জামালপুর,জামালপুর সদর,576759,196494,206028,73278,123216,136537,103261,76419,64045,486937,15215,485,265,1,73856,576399,322683,55.98257457074006,61.75224601234029,34.877573345977325,0.0021693116774047,1.314602876507284,0.0,0.3201284232513023,61.75224601234029,34.877573345977325,BNP-led Coalition,34.068649123810815,35.72167924557744,3.174767301050103,3.0254343282899487,1.0006245673569871,1
Jamalpur,Dewanganj,জামালপুর,দেওয়ানগঞ্জ,236212,86607,90390,31706,54901,55980,41982,28201,23441,198689,6141,79,52,3,31248,234827,156366,66.58774331742092,72.38721972807387,26.415589066676898,0.0,0.8243480040417994,0.0,0.0,72.38721972807387,26.415589066676898,BNP-led Coalition,36.66494504936244,38.266472490813335,3.0615132413497004,2.996135906793388,1.0058979589229518,1
Jamalpur,Madarganj,জামালপুর,মাদারগঞ্জ,239805,84125,87873,29027,55098,56594,43456,29688,25942,183652,12821,124,92,0,43116,236890,130343,55.02258432183714,57.404693769515816,30.528682015911865,0.0,0.6866498392702332,0.0,10.673377166399424,57.404693769515816,30.528682015911865,BNP-led Coalition,35.08058630970997,36.64352286232564,6.6282303535022296,6.5184123158895515,1.0123052893748152,1
Jamalpur,Melandaha,জামালপুর,মেলান্দহ,299565,102973,107766,37597,65376,70512,54915,38460,32704,244144,8910,101,91,0,46319,297733,182550,61.3133243543712,71.97534921939194,21.810462886880305,0.0,0.8830457408929061,0.0,4.805258833196384,71.97534921939194,21.810462886880305,BNP-led Coalition,34.374175888371475,35.97416253567673,3.5941337671671025,3.5183181570488773,1.0061531640765384,1
Jamalpur,Sarishabari,জামালপুর,সরিষাবাড়ী,304977,101884,107083,36263,65621,73981,54271,40035,34806,260466,12479,225,113,0,31694,302556,194048,64.13622602096802,75.5204897757256,22.757771273087073,0.0,0.6632379617414248,0.0,0.0,75.5204897757256,22.757771273087073,BNP-led Coalition,33.40710938857684,35.11182810507022,4.690009989644435,4.566328677597948,1.008001824455638,1
Jhalokati,Kanthalia,ঝালকাঠী,কাঠালিয়া,100728,34368,36294,12077,22291,23261,17319,13542,12238,66723,23468,115,71,0,10351,85980,47641,55.40939753431031,48.20847589261351,43.88866732436347,0.0,4.321907600596125,0.0,0.4848764719464327,48.20847589261351,43.88866732436347,BNP-led Coalition,34.119609244698594,36.031689301882295,26.172588158491653,25.966783584319018,1.1715282623866017,1
Jhalokati,Jhalokathi Sadar,ঝালকাঠী,ঝালকাঠী সদর,188122,63579,66894,21719,41860,44603,32288,24521,23130,120284,46628,670,181,0,20359,186519,106976,57.3539424937942,51.97333981453784,36.94286568950045,0.0,8.455167514208794,0.0,2.348190248279988,51.97333981453784,36.94286568950045,BNP-led Coalition,33.79668512986254,35.558839476509924,28.301234479593237,27.793971257070982,1.0085942987041534,1
Jhalokati,Nalchhity,ঝালকাঠী,নলছিটি,176350,63943,67114,22593,41350,40848,29487,21679,20393,122942,33696,644,150,0,18918,174478,102073,58.50193147560151,55.528886189295896,28.806834324454066,0.0,14.895222046966389,0.0,0.63092100751423,55.528886189295896,28.806834324454066,BNP-led Coalition,36.25914374822795,38.05727246952084,21.907871334925556,21.40352660196148,1.0107291463680237,1
Jhalokati,Rajapur,ঝালকাঠী,রাজাপুর,127486,46864,49222,16971,29893,29478,21166,15729,14249,93622,17872,330,110,0,15552,139361,79081,56.74543093117874,48.36686435426967,41.55233241865935,0.0,7.077553394620705,0.0,0.8611423730099518,48.36686435426967,41.55233241865935,BNP-led Coalition,36.76011483613887,38.60972969580973,16.359640502438936,15.966551717976666,0.9147896470318094,1
Jhenaidah,Kaliganj,ঝিনাইদহ,কালিগঞ্জ,255886,81625,86565,27485,54140,62075,47650,34568,29950,187559,48062,130,95,0,20040,252516,185689,73.53553834212485,21.157419125527092,43.48399743657406,0.0,1.584369564163736,0.0,33.41231844643463,21.157419125527092,43.48399743657406,Jamaat-led Coalition,31.89897063536106,33.82951783215963,20.47395334243532,20.378552106035293,1.0133456889860444,1
Jhenaidah,Kotchandpur,ঝিনাইদহ,কোটচাঁদপুর,128818,42397,44773,14836,27561,30766,24329,17542,13782,101773,15380,31,38,0,11596,127181,98047,77.09249023045895,42.78254306608056,56.37908350077004,0.0,0.7119034748640958,0.0,0.0,42.78254306608056,56.37908350077004,Jamaat-led Coalition,32.912325917185484,34.75678864754926,13.179266690552968,13.12040401972326,1.0128714194730344,1
Jhenaidah,Jhenaidah Sadar,ঝিনাইদহ,ঝিনাইদহ সদর,410193,133638,141244,46608,87030,99454,77255,54444,45399,310190,61177,175,176,3,38472,404251,294970,72.96704275314099,43.997694680814995,49.442655185273075,0.0,1.268603586805438,0.0,4.890666847476014,43.997694680814995,49.442655185273075,Jamaat-led Coalition,32.57929803775296,34.433547135129075,16.55300615246381,16.457773437605084,1.0146987886238996,1
Jhenaidah,Maheshpur,ঝিনাইদহ,মহেশপুর,302075,103133,109055,37265,65868,76961,55115,37466,29397,258809,17279,73,79,0,25835,298425,227869,76.35720867889755,46.81593371630191,51.72972190161891,0.0,1.3472653147202998,0.0,0.0,46.81593371630191,51.72972190161891,Jamaat-led Coalition,34.141521145410906,36.10196143341885,6.310092673037938,6.255068056762235,1.012230878780263,1
Jhenaidah,Shailkupa,ঝিনাইদহ,শৈলকুপা,325246,103996,109250,35440,68556,77137,58977,43910,41224,248513,54980,139,86,1,21527,321214,229534,71.45828014968214,74.82813003738008,24.3667604799289,0.0,0.0,0.0,0.0,74.82813003738008,24.3667604799289,BNP-led Coalition,31.97456694317532,33.589959599810605,18.176669882358365,18.10225899597984,1.012552379410611,1
Jhenaidah,Harinakundu,ঝিনাইদহ,হরিনাকুন্ডু,173951,56139,59153,20672,35467,40931,33216,23177,20484,141775,13559,48,93,0,18476,171759,133153,77.52315744735355,45.81346270831299,52.45619700645123,0.0,1.2729716942164278,0.0,0.0766036063776257,45.81346270831299,52.45619700645123,Jamaat-led Coalition,32.27288144362493,34.00555328799489,8.811706062067856,8.721016240553144,1.0127620677810187,1
Tangail,Kalihati,টাঙ্গাইল,কালিহাতী,374855,116451,122531,38723,77728,96672,70017,48427,43284,291826,37356,1490,210,0,43973,370039,221376,59.825045468180384,47.08866363110726,21.93553050014455,0.0,0.8090307892454467,0.0,29.825726366001735,47.08866363110726,21.93553050014455,BNP-led Coalition,31.065612036654173,32.68757252804418,11.803603701621729,11.289825375813734,1.013014844381268,1
Tangail,Gopalpur,টাঙ্গাইল,গোপালপুর,241064,76497,80513,27004,49493,60325,43173,31885,29184,203489,11713,199,99,0,25564,238477,153114,64.20493380913044,78.6414044437478,19.05704246509137,0.0,1.6732630588972923,0.0,0.0,78.6414044437478,19.05704246509137,BNP-led Coalition,31.73306673746391,33.399014369627984,5.57354988399072,5.435266821345707,1.0108480063066878,1
Tangail,Ghatail,টাঙ্গাইল,ঘাটাইল,380647,119809,126114,43378,76431,95520,70786,49365,45160,307015,26171,530,253,5,46673,377365,226773,60.09380838180542,36.04220961049155,0.0,14.641513760456492,1.7607916286330385,0.0,47.55548500041892,36.04220961049155,14.641513760456492,Independent,31.475093722004903,33.13148402588225,8.072185259930414,7.836238749124183,1.008697149974163,1
Tangail,Tangail Sadar,টাঙ্গাইল,টাঙ্গাইল সদর,462344,147478,154617,52290,95188,114185,86674,60166,53841,362525,40973,1103,234,4,57505,459486,286253,62.298524873445544,45.7871183882789,27.50259385927833,0.0,0.8939644300671085,0.0,24.26105577932808,45.7871183882789,27.50259385927833,BNP-led Coalition,31.897894208641183,33.4419825930476,10.452056249521414,10.1208134591776,1.0062199936450729,1
Tangail,Delduar,টাঙ্গাইল,দেলদুয়ার,191631,57942,60988,20059,37883,49003,37467,25255,21964,151291,22426,1816,77,0,16021,189298,109043,57.60388382338957,43.83408380180296,36.04816448556991,0.0,3.759067523820878,0.0,14.61166695707198,43.83408380180296,36.04816448556991,BNP-led Coalition,30.23623526464925,31.82574844362342,13.848300210694152,12.77034337452309,1.012324483090154,1
Tangail,Dhanbari,টাঙ্গাইল,ধনবাড়ী,168916,53870,56487,18873,34997,40676,30773,22895,20700,144449,5978,147,75,0,18267,167475,105152,62.78668457978803,62.65596469872185,29.430728849665247,0.0,0.4774041387705417,0.0,6.256657029823494,62.65596469872185,29.430728849665247,BNP-led Coalition,31.89159108669398,33.440881858438516,4.115526820622772,3.9681644086585375,1.0086042692939243,1
Tangail,Nagarpur,টাঙ্গাইল,নাগরপুর,275958,90365,95112,32807,57558,68010,50169,35609,31802,229516,22308,632,120,0,23382,273043,164595,60.28171386924404,61.79653087882378,30.58112336340715,0.0,4.760168899419788,0.0,1.2284698806160577,61.79653087882378,30.58112336340715,BNP-led Coalition,32.745925104544895,34.46611440871437,9.129925250221715,8.832193082478145,1.0106759741139677,1
Tangail,Basail,টাঙ্গাইল,বাসাইল,157216,44941,47401,15507,29434,40618,31885,20710,19061,122779,16799,1527,79,0,16032,155013,95431,61.56322372962268,55.25877335457032,24.315997946160053,0.0,0.0,0.0,19.98616801668221,55.25877335457032,24.315997946160053,BNP-led Coalition,28.58551292489314,30.150239161408507,13.036179737080689,11.898657071622846,1.0142117112758284,1
Tangail,Bhuanpur,টাঙ্গাইল,ভুয়াপুর,177120,61703,64703,21754,39949,44140,30327,21555,19392,142124,12255,213,124,0,22404,175084,108822,62.15416600031985,69.08437632096451,28.205693701641213,0.0,1.9692709194831928,0.0,0.0,69.08437632096451,28.205693701641213,BNP-led Coalition,34.836833785004515,36.530600722673896,8.138783319113731,7.92096486465524,1.0116287039363965,1
Tangail,Madhupur,টাঙ্গাইল,মধুপুর,268213,89764,94545,30894,58870,66218,47670,33355,31199,218739,11729,10183,986,2,26574,266218,173460,65.15712686595197,50.16949152542373,35.799607978784735,0.0,0.6969906606710481,0.0,12.81678773204197,50.16949152542373,35.799607978784735,BNP-led Coalition,33.46743073601951,35.24996924086454,9.476947016003212,4.853935002214047,1.0074938584167863,1
Tangail,Mirzapur,টাঙ্গাইল,মির্জাপুর,375327,110985,117558,39472,71513,97515,74471,49673,42676,285470,54536,3122,219,10,31970,370827,213785,57.65087223961578,66.07245597212152,33.22964660757303,0.0,0.0,0.0,0.0,66.07245597212152,33.22964660757303,BNP-led Coalition,29.570214772718188,31.321487662758074,16.859129127992148,15.883176984887449,1.0121350387107737,1
Tangail,Sakhipur,টাঙ্গাইল,সখিপুর,255386,72404,76557,24644,47760,66348,51400,33309,31902,204099,16556,880,129,0,33722,251982,147717,58.62204443174512,40.310864693975645,20.463453766323443,0.0,0.0,0.0,38.569697462038896,40.310864693975645,20.463453766323443,BNP-led Coalition,28.35081014621005,29.976976028443215,7.924155478562148,7.4689620326259565,1.0135089014294671,1
Thakurgaon,Thakurgaon Sadar,ঠাকুরগাঁও,ঠাকুরগাঁও সদর,510815,181489,191427,63626,117863,124383,92565,62215,50155,333231,119214,2404,201,14,55751,507200,380670,75.0532334384858,62.30540888433551,36.66456510888696,0.0,1.0300260067775238,0.0,0.0,62.30540888433551,36.66456510888696,BNP-led Coalition,35.529301214725486,37.474819650949954,26.772717683666475,26.197194240810084,1.0071273659305993,1
Thakurgaon,Pirganj,ঠাকুরগাঁও,পীরগঞ্জ,214713,73998,78223,27071,46927,52653,38450,27217,22391,132134,58764,1915,57,0,21843,212594,152268,71.62384639265454,53.19371108834424,31.40581080726088,0.0,0.5858092310925473,0.0,0.0893162056374287,53.19371108834424,31.40581080726088,BNP-led Coalition,34.463679423230076,36.43142241038037,31.490641364649765,30.468191009488255,1.0099673556168096,1
Thakurgaon,Baliadangi,ঠাকুরগাঁও,বালিয়াডাংগী,160863,48345,51689,12604,35741,40987,30210,21929,19390,111529,29066,257,54,0,19957,167133,121933,72.9556700352414,48.995759966539,48.66607071096422,0.0,0.1960092837869977,0.0,0.0,48.995759966539,48.66607071096422,BNP-led Coalition,30.05352380597154,32.13231134567924,20.848650873632067,20.62793635473294,0.96248496706216,1
Thakurgaon,Ranishankail,ঠাকুরগাঁও,রানীশংকাইল,192517,69718,73719,24398,45320,47782,32770,23381,18303,130598,38080,1407,47,0,22385,191316,133030,69.53417382759413,49.70608133503721,42.755017665188305,0.0,0.350296925505525,0.0,0.1052394196797714,49.70608133503721,42.755017665188305,BNP-led Coalition,36.21394474254222,38.29220276650893,23.23725107563539,22.382620553452615,1.0062775721842396,1
Thakurgaon,Haripur,ঠাকুরগাঁও,হরিপুর,124689,46382,48884,16732,29650,29003,20466,15673,13165,94195,11178,319,31,0,18966,127274,88001,69.14295142762857,51.51077828661038,46.81651344871081,0.0,0.1329530346246065,0.0,0.0,51.51077828661038,46.81651344871081,BNP-led Coalition,37.19814899469881,39.20474139659473,10.903966024422312,10.57291223291053,0.9796894888193975,1
Dhaka,Keraniganj,ঢাকা,কেরানীগঞ্জ,651113,203160,212533,64554,138606,168206,119661,81814,78075,477885,63320,1763,332,8,107805,653378,366416,56.08024757491069,59.46547094013362,36.97518667307104,0.0,2.9032574996725034,0.0,0.1380944063578009,59.46547094013362,36.97518667307104,BNP-led Coalition,31.201957263946504,32.64149233696762,12.041604393824498,11.65453113151288,0.9965334002675328,1
Dhaka,Dohar,ঢাকা,দোহার,224496,68886,72561,23680,45206,56484,42170,28178,28778,175642,14453,980,608,0,32813,222339,118429,53.26505921138442,51.49921049742884,41.30576125780003,0.0,3.884183772555709,0.0,2.88273986945765,51.49921049742884,41.30576125780003,BNP-led Coalition,30.684733803720334,32.321734017532606,8.368504249203111,7.540053108517709,1.0097014019132946,1
Dhaka,Dhamrai,ঢাকা,ধামরাই,376495,115691,122264,43250,72441,96139,72311,48533,43818,301499,39200,2842,124,2,32828,370938,229606,61.89875396966609,69.87099640253304,0.0,24.538992883461233,0.0,3.9559070755990695,0.0,69.87099640253304,24.538992883461233,BNP-led Coalition,30.728429328410737,32.47426924660354,12.270017196879538,11.406390488467034,1.0149809402110326,1
Dhaka,Nawabganj,ঢাকা,নবাবগঞ্জ,320454,95059,100144,31466,63593,80072,61598,42046,41678,214576,58754,4696,5082,1,37345,314274,175858,55.95690384823434,63.35338739210045,34.11388734092279,0.0,1.102025497844852,0.0,0.801783256945945,63.35338739210045,34.11388734092279,BNP-led Coalition,29.663851910102544,31.250663121696093,24.207284120250502,20.753137484149217,1.0196643693083105,1
Dhaka,Savar,ঢাকা,সাভার,927859,267929,287095,84828,183101,315909,173285,96172,74559,701122,70815,7470,4039,145,144268,921812,438598,47.57998377109432,57.80099316458352,9.138208564562538,28.53478584033671,2.9090419928955447,0.0,0.5257661913643017,57.80099316458352,9.186316399071588,BNP-led Coalition,28.876046899367253,30.941662472423072,10.524495559545732,9.037240090812682,1.0065599059244184,1
Dinajpur,Kaharole,দিনাজপুর,কাহারোল,138679,48576,51626,18693,29883,33664,24554,17588,14297,69522,59443,2455,6,0,7253,137922,100610,72.94702803033599,59.37580757379982,37.700029818109535,0.0,1.097306430772289,0.0,0.0,59.37580757379982,37.700029818109535,BNP-led Coalition,35.02765379040807,37.22697740825936,47.101791122000215,45.22925448541385,1.0054886095039226,1
Dinajpur,Khansama,দিনাজপুর,খানসামা,153843,55716,59240,20622,35094,37424,26404,18033,16265,101382,41675,273,17,0,10496,152780,112436,73.59340227778505,57.83912625849372,40.592870610836385,0.0,0.737308335408588,0.0,0.0,57.83912625849372,40.592870610836385,BNP-led Coalition,36.21614243091983,38.50678938918248,29.27511562850984,29.072809336784168,1.006957716978662,1
Dinajpur,Ghoraghat,দিনাজপুর,ঘোড়াঘাট,111668,38669,40722,14489,24180,26777,19719,14302,12200,83716,10410,6498,31,2,11011,111303,76667,68.88134192249984,51.75499236959839,46.383711375167934,0.0,0.539997652184121,0.0,0.2478250094564806,51.75499236959839,46.383711375167934,BNP-led Coalition,34.62854174875524,36.46702725937601,16.83042411357382,10.34205271367118,1.0032793365857164,1
Dinajpur,Chirirbandar,দিনাজপুর,চিরিরবন্দর,267185,93304,98754,34974,58330,63446,46136,33512,30787,181847,61896,1980,28,0,21434,264982,185598,70.04173868413703,54.17353635276242,44.19498054935937,0.0,0.4617506654166532,0.0,0.0,54.17353635276242,44.19498054935937,BNP-led Coalition,34.92112206897842,36.96090723655894,26.003556445345087,25.186469231050943,1.0083137722562288,1
Dinajpur,Dinajpur Sadar,দিনাজপুর,দিনাজপুর সদর,415587,137578,145796,49696,87882,99467,75187,56256,47092,281214,67768,4471,347,0,61787,411474,280512,68.17247262281457,49.626040953684694,47.990103810175675,0.0,0.4962354551676933,0.0,0.0994609856262833,49.626040953684694,47.990103810175675,BNP-led Coalition,33.104500381388256,35.08194433415867,20.516110797060485,19.15432447710571,1.0099957713002523,1
Dinajpur,Nababganj,দিনাজপুর,নবাবগঞ্জ,205480,68798,72757,25815,42983,49563,36247,27394,23474,159723,15574,8762,43,0,21378,204349,151169,73.97589418103342,52.14098128584564,46.54393427223835,0.0,0.4518122101753666,0.0,0.2732041622290284,52.14098128584564,46.54393427223835,BNP-led Coalition,33.48160404905587,35.40831224450068,13.242115783641676,8.459440962075371,1.005534649056271,1
Dinajpur,Parbatipur,দিনাজপুর,পার্বতীপুর,318631,112366,118732,40503,71863,75093,54854,41605,34713,231447,48397,3747,87,3,34950,316294,218325,69.02596950938052,24.546433069964504,0.0,30.1536699874041,0.0,0.0,44.89178976296805,24.546433069964504,30.1536699874041,Independent,35.26524412251162,37.263166484114855,18.41293565660019,17.06036005231228,1.0073886953277646,1
Dinajpur,Fulbari,দিনাজপুর,ফুলবাড়ী,157965,52601,55695,19315,33286,38076,28427,21204,17657,107257,26633,4555,55,0,19465,157135,111728,71.10319152321253,39.50307890591437,0.0,38.589252470284976,0.0,0.0,21.387655735357296,39.50307890591437,38.589252470284976,BNP-led Coalition,33.29914854556389,35.25781027442788,22.55812274368231,19.22960288808664,1.0052820822859323,1
Dinajpur,Birol,দিনাজপুর,বিরল,230541,81006,85282,30878,50128,54505,40848,29697,24482,149492,55716,2418,44,0,22871,228285,166363,72.87513415248483,46.857774865805496,41.44611482120423,0.0,0.3480341181632935,0.4784717755750978,9.709490692040898,46.857774865805496,41.44611482120423,BNP-led Coalition,35.13735083998074,36.99211853856798,28.014638609332113,26.82910386671161,1.0098823838622777,1
Dinajpur,Birampur,দিনাজপুর,বিরামপুর,156724,52641,55937,18419,34222,37789,27544,21284,17466,115559,13103,6410,59,0,21593,154947,110512,71.32245219333062,51.18448675256985,47.77218763573187,0.0,0.1845953380628348,0.0,0.2434124800926596,51.18448675256985,47.77218763573187,BNP-led Coalition,33.58834639238406,35.691406549092676,14.48372320192998,9.69651671341143,1.0114684375947904,1
Dinajpur,Birganj,দিনাজপুর,বীরগঞ্জ,278302,98524,104969,35470,63054,68143,48646,34377,28611,180772,74675,5742,52,0,17061,276431,201611,72.93357112624851,58.90105202593112,38.96513583088225,0.0,0.9771292240998756,0.0,0.0,58.90105202593112,38.96513583088225,BNP-led Coalition,35.40182966705234,37.71765923349455,30.802592242412175,28.584716794071376,1.0067684159880763,1
Dinajpur,Bochaganj,দিনাজপুর,বোচাগঞ্জ,140859,48602,51277,17995,30607,33371,25726,18610,14550,74552,51703,2203,33,3,12365,139852,102744,73.46623573491978,59.29689324924083,33.814139998442734,0.0,0.4574476368449739,0.24137662539905,3.137896130187651,59.29689324924083,33.814139998442734,BNP-led Coalition,34.50400755365295,36.40306973640307,41.98017028032437,40.23767646738369,1.0072004690672998,1
Dinajpur,Hakimpur,দিনাজপুর,হাকিমপুর,83299,29647,31208,10741,18906,19989,14299,11096,8268,62628,6827,2161,34,0,11649,82612,59574,72.11301021643345,48.3801658441602,50.36425286198677,0.0,0.5723973545506429,0.0,0.2232517541209252,48.3801658441602,50.36425286198677,Jamaat-led Coalition,35.591063518169484,37.46503559466501,12.591765526866713,9.528262386601536,1.0083159831501476,1
Naogaon,Atrai,নওগাঁ,আত্রাই,177023,55024,58405,19678,35346,46988,33286,23916,17808,127179,31879,2670,51,0,15244,175056,117310,67.01284160497212,46.727474213622024,44.73275935555366,0.0,0.6930355468417014,0.0,7.640439860199471,46.727474213622024,44.73275935555366,BNP-led Coalition,31.082966620156704,32.99288792981703,21.387201058233764,19.70527695189116,1.011236404350608,1
Naogaon,Dhamoirhat,নওগাঁ,ধামইরহাট,164687,51494,54352,18586,32908,40589,30605,23007,18992,125311,11216,9767,79,0,18314,163855,121496,74.14848494095389,44.91752814907487,54.162276947389216,0.0,0.0,0.0,0.0,44.91752814907487,54.162276947389216,Jamaat-led Coalition,31.26779891551853,33.003212153964796,14.3892657798911,7.662615373053773,1.0050776601263312,1
Naogaon,Naogaon Sadar,নওগাঁ,নওগাঁ সদর,363003,112550,118818,39582,72968,90587,69362,50368,40135,264410,42108,2148,165,1,54171,359360,238502,66.36854407836154,53.8217708866173,43.28517161281666,0.0,1.6964218329406042,0.0,0.0,53.8217708866173,43.28517161281666,BNP-led Coalition,31.00525340010964,32.73196089288518,14.38387213760232,13.634597451041342,1.010137466607302,1
Naogaon,Niamatpur,নওগাঁ,নিয়ামতপুর,218067,72516,77019,25851,46665,55849,39166,28967,21568,143356,32135,8092,101,0,34383,216736,164445,75.87341281559132,52.265499103043574,37.11332056310621,0.0,0.9851318069871384,0.0,8.291526042141749,52.265499103043574,37.11332056310621,BNP-led Coalition,33.25399991745656,35.31896160354386,21.955096796672542,17.494719191655236,1.0061411117673114,1
Naogaon,Patnitala,নওগাঁ,পত্নীতলা,207742,65062,68882,23160,41902,52276,38698,29091,22615,142185,33546,9830,169,0,22012,206404,155495,75.33526482044921,51.076240393581784,48.00282967297984,0.0,0.0,0.0,0.0,51.076240393581784,48.00282967297984,BNP-led Coalition,31.31865486998296,33.15747417469746,23.44532385721208,18.061702471329347,1.0064824325109978,1
Naogaon,Porsha,নওগাঁ,পোরশা,113486,39665,42321,12251,27414,29736,19538,14262,10285,85597,8632,3985,30,0,15242,112766,84406,74.8505755280847,43.511124801554395,46.37585005805275,0.0,6.865625666421819,0.0,2.0413240764874536,43.511124801554395,46.37585005805275,Jamaat-led Coalition,34.9514477556703,37.29182454223429,12.873050771548389,8.786287203289769,1.00638490325098,1
Naogaon,Badalgachhi,নওগাঁ,বদলগাছী,181734,55548,58843,18589,36959,42850,33418,26495,23421,132796,23194,3904,100,1,21739,179788,124167,69.06300754221638,56.65917675388791,35.35641515056336,0.0,0.4099317854180257,0.0,6.0241449016244255,56.65917675388791,35.35641515056336,BNP-led Coalition,30.565551850506782,32.37864131092696,16.99990624707022,14.496703021969436,1.0108238592119607,1
Naogaon,Mahadebpur,নওগাঁ,মহাদেবপুর,259039,80724,85771,29055,51669,63198,48189,36410,30517,172045,49277,6743,105,1,30868,257114,186985,72.7245501995224,50.96344626574325,39.54167446586624,0.0,1.6546781827419312,0.0,6.181244484851726,50.96344626574325,39.54167446586624,BNP-led Coalition,31.162875088307167,33.111230355274685,24.598218003164295,21.596521906815504,1.0074869513134252,1
Naogaon,Manda,নওগাঁ,মান্দা,333847,104789,110637,36057,68732,82193,63924,45854,37086,245366,47678,2406,88,0,38309,331418,234610,70.78975794917596,56.77123737266101,41.14104258130514,0.0,0.2540386172797408,0.0,0.3000724606794254,56.77123737266101,41.14104258130514,BNP-led Coalition,31.388330582572255,33.14003121190246,16.976497100203698,16.13261238825464,1.0073291130837794,1
Naogaon,Raninagar,নওগাঁ,রাণীনগর,168391,51802,54842,17287,34515,44718,32014,22602,17255,121786,27375,1833,63,0,17334,166400,108477,65.1905048076923,49.09243434092019,40.01769960452446,0.0,0.9117140038902256,0.0,9.704361293177357,49.09243434092019,40.01769960452446,BNP-led Coalition,30.762926759743692,32.56824889691254,19.377453544026427,18.122298205313225,1.011965144230769,1
Naogaon,Sapahar,নওগাঁ,সাপাহার,142503,50356,53558,17380,32976,37006,24723,17702,12716,115792,6773,2140,43,0,17755,141520,107716,76.11362351611079,46.76092688180029,48.39670986668647,0.0,1.4788889301496528,0.0,2.4573879460804338,46.76092688180029,48.39670986668647,Jamaat-led Coalition,35.33679992701908,37.58377016624211,7.179273415205054,5.429345560650271,1.0069460146975693,1
Narail,Kalia,নড়াইল,কালিয়া,209351,74358,78311,25359,48999,51303,34664,25266,23760,155819,39633,160,45,3,13691,207151,124913,60.300457154442896,54.823757335105235,39.19928270075973,0.0,3.89551127584799,0.0,1.838079303195024,54.823757335105235,39.19928270075973,BNP-led Coalition,35.518340012705934,37.4065564530382,20.36236328324645,20.25605642440969,1.0106202721686113,1
Narail,Narail Sadar,নড়াইল,নড়াইল সদর,252582,82766,87146,29295,53471,60206,45778,33287,30545,162716,71278,169,71,3,18345,249527,170432,68.30202743590874,28.623732632369503,45.75079797221179,0.0,1.8406167855801727,0.0,23.428112091625987,28.623732632369503,45.75079797221179,Jamaat-led Coalition,32.76797238124649,34.50206269647085,30.533604853204235,30.42986377045471,1.0122431640664136,1
Narail,Lohagara,নড়াইল,লোহাগড়া,223051,79136,83442,28271,50865,55316,38187,25959,24394,176852,29169,129,76,1,16824,220616,133444,60.4870000362621,20.394322712148917,47.61847666436857,0.0,2.2398908905608343,0.0,29.186025598753034,20.394322712148917,47.61847666436857,Jamaat-led Coalition,35.47888151140322,37.409381710909166,14.244012665654836,14.14412273853569,1.011037277441346,1
Narsingdi,Palash,নরসিংদী,পলাশ,189545,64803,68114,21853,42950,47261,32995,23636,20849,144469,24704,105,64,5,20198,187725,110564,58.896790518045016,52.181541912376545,33.16540646141601,13.175174559531133,0.0,0.0,0.0,52.181541912376545,13.175174559531133,BNP-led Coalition,34.188715080851516,35.93552982141444,14.690546629110642,14.587799016221132,1.0096950326275136,1
Narsingdi,Belabo,নরসিংদী,বেলাবো,175763,66239,69115,22906,43333,42697,28870,19820,18137,151684,5913,26,40,0,18100,173067,96879,55.97774272391617,73.04782254152087,22.63958133341591,0.0,1.1550490818443626,0.1610256092651658,0.0,73.04782254152087,22.63958133341591,BNP-led Coalition,37.68654381183753,39.32283813999533,3.7922657820794985,3.750404343441391,1.0155777820150578,1
Narsingdi,Manohardi,নরসিংদী,মনোহরদী,252890,88556,92922,29489,59067,61419,44619,30489,27806,208351,13765,49,125,0,30600,249768,153183,61.33011434611319,59.500075073604776,35.58619429048915,0.0,3.839851680669526,0.1991082561380832,0.0,59.500075073604776,35.58619429048915,BNP-led Coalition,35.0175965834948,36.74403891019811,6.27063745557605,6.192361329794413,1.0124995996284551,1
Narsingdi,Shibpur,নরসিংদী,শিবপুর,283770,101763,107117,33160,68603,70989,47878,32349,30791,240376,15992,71,63,4,27264,280929,165303,58.84155783133816,49.25197969788812,2.7113845483748027,0.0,3.8795424160481056,15.10438407046454,27.46532125853735,49.25197969788812,2.7113845483748027,BNP-led Coalition,35.861084681255946,37.7478239419248,6.288351929389566,6.234552018276376,1.010112875495232,1
Natore,Gurudaspur,নাটোর,ঙ্গরুদাসপুর,190225,60940,63997,22719,38221,46232,36587,25470,20994,158210,17648,758,23,0,13586,191429,133895,69.9449926604642,57.82142723776093,40.00298741551215,0.0,1.4996825871018336,0.0,0.0,57.82142723776093,40.00298741551215,BNP-led Coalition,32.03574714154291,33.642791431199896,10.433143303573956,9.99099859034528,0.9937104618422496,1
Natore,Naldanga,নাটোর,নলডাঙ্গা,121180,38570,40580,13949,24621,29951,22758,16977,12924,90425,15743,1502,59,0,13451,121470,89370,73.57372190664361,59.158554324717464,39.10148819514379,0.0,0.4699563611950318,0.2070045876692402,0.1846257133266196,59.158554324717464,39.308492782813026,BNP-led Coalition,31.828684601419376,33.48737415415085,16.062527267495287,14.613520964642762,0.997612579237672,1
Natore,Natore Sadar,নাটোর,নাটোর সদর,285675,93007,98144,33889,59118,71296,52214,38445,30708,223266,31394,2350,71,0,28594,283548,208246,73.44294440447473,52.57483937266502,45.02607493061091,0.0,1.1083046012888602,0.0,0.2117687734698385,52.57483937266502,45.02607493061091,BNP-led Coalition,32.55692657740439,34.35512382952656,13.15344191130422,12.211715373753798,1.007501375428499,1
Natore,Baraigram,নাটোর,বড়াইগ্রাম,254920,82532,86859,29972,52560,61676,47383,34383,28945,205768,24212,974,4529,1,19436,250863,176983,70.54966256482622,52.223659899538376,45.556352870049665,0.0,1.022697095201234,0.0,0.0,52.223659899538376,45.556352870049665,BNP-led Coalition,32.37564726188608,34.073042523144515,12.61911637308692,10.281802585313653,1.0161721736565377,1
Natore,Bagatipara,নাটোর,বাগাতিপাড়া,119332,37469,39598,13437,24032,29459,22620,16834,12948,100931,8973,336,22,0,9070,118251,84692,71.62053597855409,37.58914655457422,36.4107589855004,0.0,0.3731167052378029,0.0,25.162943371274736,37.58914655457422,36.4107589855004,BNP-led Coalition,31.398954178258975,33.183052324606976,8.462570967332354,8.137889753496218,1.0091415717414651,1
Natore,Singra,নাটোর,সিংড়া,326864,106546,112073,37610,68936,82201,60890,42816,34404,266077,38409,2220,61,0,20097,324773,227108,69.92822679225182,52.47283230885746,0.0,8.923948077566621,8.374429786709406,0.0,29.30632122162143,52.47283230885746,8.923948077566621,BNP-led Coalition,32.596431543394196,34.28734886680699,13.264138580746952,12.520577506707046,1.006438343088865,1
Narayanganj,Araihazar,নারায়ণগঞ্জ,আড়াইহাজার,364041,137939,143602,50988,86951,93682,60061,38317,34034,298389,15203,265,155,0,50029,359597,230073,63.98078960614243,54.02241897136996,35.22968796860127,0.0,2.2884041152156054,0.0,8.146979436961312,54.02241897136996,35.22968796860127,BNP-led Coalition,37.89106172106988,39.44665573383218,4.975287568627951,4.841534718418404,1.0123582788510472,1
Narayanganj,Narayanganj Sadar,নারায়ণগঞ্জ,নারায়ণগঞ্জ সদর,431481,130443,138086,42772,87671,115339,81628,56024,48040,296361,55731,415,295,60,78619,536086,259998,48.499307946859275,0.0,0.0,40.18569373610566,6.399664612804714,0.2742328787144516,17.0728236371049,30.822544788806063,40.18569373610566,Jamaat-led Coalition,30.231458627378725,32.00279965977644,16.012208738827077,15.793993119123057,0.804872725644766,1
Narayanganj,Rupganj,নারায়ণগঞ্জ,রূপগঞ্জ,408701,135516,142510,47267,88249,111778,74608,47676,39107,321429,28664,391,198,6,58013,405300,253971,62.66247224278312,61.19635706438924,35.55090935579259,0.0,2.810163365108614,0.0,0.179548058636616,61.19635706438924,35.55090935579259,BNP-led Coalition,33.15773634025852,34.869011820377246,8.343313714754997,8.173647230586733,1.0083913150752528,1
Narayanganj,Sonargaon,নারায়ণগঞ্জ,সোনারগাঁও,367025,124416,131724,43235,81181,101736,66437,40532,33903,291415,17406,336,233,10,57625,362961,215969,59.501985061755946,50.13589913367196,37.30998430330279,0.0,3.8236969194652937,0.3421787386152642,7.8265862230227485,50.13589913367196,37.30998430330279,BNP-led Coalition,33.898508276003,35.88965329337238,5.812863606981254,5.6257272139625085,1.0111967952479743,1
Nilphamari,Kishoreganj,নীলফামারী,কিশোরগঞ্জ,223885,77660,81867,27488,50172,53285,41357,27485,24097,173088,33331,166,32,0,17268,222553,139702,62.77246318854385,27.487795450315673,44.13465805786603,0.0,3.536814075675366,0.0,1.1667692660090765,27.487795450315673,44.13465805786603,Jamaat-led Coalition,34.68745114679411,36.56654085802979,16.22760953842133,16.131780056820105,1.0059850911917612,1
Nilphamari,Jaldhaka,নীলফামারী,জলঢাকা,294335,109868,115845,39600,70268,69906,50350,34653,29558,214988,55268,40,29,1,24009,292070,202009,69.16458383264286,44.10793578503928,53.740179892975064,0.0,0.4876020375329812,0.0,0.0,44.10793578503928,53.740179892975064,Jamaat-led Coalition,37.327534951670714,39.35821427964734,20.470838913016134,20.444944252495137,1.0077549902420653,1
Nilphamari,Dimla,নীলফামারী,ডিমলা,243641,88884,93914,31744,57140,59046,40792,28659,26259,197074,27435,112,39,0,18981,241366,149451,61.91882866683792,0.0,53.67377936581221,0.0,0.3981237997738389,0.0,0.0,39.73676991120835,53.67377936581221,Jamaat-led Coalition,36.48154456762203,38.54605751905468,12.278999376836108,12.211786699902074,1.009425519750089,1
Nilphamari,Domar,নীলফামারী,ডোমার,216628,78115,82371,27891,50224,51865,37607,26285,22755,152920,38952,63,41,0,24652,215237,141328,65.66157305667706,0.0,48.82118193139364,0.0,0.8908355032265368,0.0,0.0,41.58623910336239,48.82118193139364,Jamaat-led Coalition,36.05951215909301,38.024170467344945,20.344209692878277,20.290036254531817,1.0064626435046018,1
Nilphamari,Nilphamari Sadar,নীলফামারী,নীলফামারী সদর,384468,140186,148240,48422,91764,92451,66733,46623,38467,270944,78659,206,71,2,34586,382969,283845,74.11696508072455,47.41284856171502,51.15538410047737,0.0,1.1400588349275134,0.1218975144885412,0.1032253518645739,47.41284856171502,51.15538410047737,Jamaat-led Coalition,36.46233236576256,38.55717510950196,22.561320673827176,22.48157950394705,1.0039141549316002,1
Nilphamari,Saidpur,নীলফামারী,সৈয়দপুর,227910,80968,85783,25625,55343,55600,38423,28013,24903,165640,20911,226,117,4,41012,226093,148177,65.5380750399172,29.10370705305142,42.657092531229544,0.0,2.27498194726577,0.0,2.4140048725510708,29.10370705305142,42.657092531229544,Jamaat-led Coalition,35.5263042429029,37.63898029924093,11.374118503140751,11.18845573521386,1.0080365159469775,1
Netrakona,Atpara,নেত্রকোনা,আটপাড়া,134705,50038,52410,17393,32645,32712,21588,15588,14778,107809,12841,99,27,0,13929,133441,72232,54.13028979099377,53.55936427068335,21.81720013290508,0.0,0.9469487207885702,0.0,23.137944401373353,53.55936427068335,21.81720013290508,BNP-led Coalition,37.14635685386585,38.90724175049181,10.736404583692124,10.632079221037293,1.0094723510765058,1
Netrakona,Kalmakanda,নেত্রকোনা,কলমাকান্দা,243699,95456,99508,34193,61263,55302,38375,27546,27014,190652,25919,8510,833,1,17784,242393,131334,54.18225773846604,64.79586398038589,0.0,0.0,0.6601489332541459,32.86277734630789,0.0,64.79586398038589,32.86277734630789,BNP-led Coalition,39.16963138954202,40.832338253337106,15.608967974680745,11.472899099218733,1.005387944371331,1
Netrakona,Kendua,নেত্রকোনা,কেন্দয়া,267769,100921,105360,36779,64142,62231,43386,30435,30795,229172,11215,151,66,0,27165,283037,157491,55.64325512212184,49.92729743286918,15.80471265024668,0.0,1.2927722854004355,0.0,32.6520245601336,49.92729743286918,15.80471265024668,BNP-led Coalition,37.68957571638241,39.34734790061583,4.751375704477066,4.661186015195092,0.9460565226454491,1
Netrakona,Khaliajuri,নেত্রকোনা,খালিয়াজুরী,80570,29845,31360,11427,18418,19265,13661,9117,8682,47152,27510,59,15,0,5834,80321,42351,52.727182181496744,74.30048877240206,21.73266274704257,0.0,0.7673962834407688,0.0,0.0,74.30048877240206,21.73266274704257,BNP-led Coalition,37.04232344545116,38.92267593397046,36.9085848854635,36.80956968529223,1.0031000610052163,1
Netrakona,Durgapur,নেত্রকোনা,দূর্গাপুর,211957,82898,86963,28915,53983,48206,33099,24296,23453,174515,12473,8260,917,1,15791,210696,120162,57.03098302767969,59.77347247882026,0.0,0.0,1.110167939947737,36.211114994757075,0.0,59.77347247882026,36.211114994757075,BNP-led Coalition,39.11076303212444,41.028604858532624,11.03708083969699,6.358390342872873,1.0059849261495235,1
Netrakona,Netrakona Sadar,নেত্রকোনা,নেত্রকোনা সদর,335700,125060,130965,44574,80486,78477,55150,39025,37987,263029,34166,521,78,2,37904,345665,181073,52.383955563913034,66.49748996261177,1.455766458831521,23.39222302607236,5.8744263363394875,0.1999193695360434,0.0093884786798694,66.49748996261177,25.04790885443992,BNP-led Coalition,37.25350014894251,39.012511170688114,11.674770648363308,11.472954640089188,0.9711715099879942,1
Netrakona,Barhatta,নেত্রকোনা,বারহাট্টা,166511,64183,67400,23107,41076,38861,25382,19044,19041,131383,18766,153,36,0,16173,165387,82862,50.10188225193032,63.114576042094086,0.0,28.951751104245613,5.3933045304240785,0.0,0.0,63.114576042094086,28.951751104245613,BNP-led Coalition,38.54580177886146,40.47780627105717,12.608256063004696,12.48253934467666,1.0067961810783193,1
Netrakona,Madan,নেত্রকোনা,মদন,139189,52709,55074,19726,32983,33182,23177,15645,14472,113261,11648,138,41,0,14101,138140,78104,56.53974229043,88.71888763699683,10.246594284543685,0.0,0.7438799549318857,0.0,0.0,88.71888763699683,10.246594284543685,BNP-led Coalition,37.86865341370367,39.56778193679098,9.454943719621388,9.311844461499104,1.0075937454756043,1
Netrakona,Mohanganj,নেত্রকোনা,মোহনগঞ্জ,155078,59182,62325,21156,38026,36199,24311,18333,17053,112175,25680,178,44,0,17001,153847,83640,54.36570098864456,69.83142037302726,26.465805834528933,0.0,1.3235294117647058,0.0,0.0,69.83142037302726,26.465805834528933,BNP-led Coalition,38.16273101278067,40.18945304943319,18.759098184346417,18.59831832962767,1.008001455991992,1
Noakhali,Kabirhat,নোয়াখালী,কবিরহাট,197853,79400,83295,26154,53246,49028,30546,20114,18747,166220,10043,150,37,0,21403,194065,107511,55.39947955581893,54.6120862051325,39.726167554947864,0.0,2.4974188687669168,0.0,0.3190371217828873,54.6120862051325,39.726167554947864,BNP-led Coalition,40.13080418290347,42.0994374611454,5.797676395579484,5.691697364692548,1.0195192332465923,1
Noakhali,Companiganj,নোয়াখালী,কোম্পানীগঞ্জ,244836,91094,95946,29199,61895,62090,40473,26707,24472,200998,14636,142,71,2,28987,237922,134331,56.4601003690285,50.67482561731841,45.0089703791381,0.0,1.5513917115185625,0.0,0.3811480596437159,50.67482561731841,45.0089703791381,BNP-led Coalition,37.206129817510494,39.18786452972602,6.8802727832883175,6.780666113811044,1.0290599440152657,1
Noakhali,Chatkhil,নোয়াখালী,চাটখিল,211700,76991,81197,24532,52459,53224,36332,25011,20142,175250,7819,350,64,1,28216,220320,118760,53.903413217138706,52.94038396766588,39.37773661165375,0.0,6.787638935668575,0.0,0.0,52.94038396766588,39.37773661165375,BNP-led Coalition,36.36797354747283,38.3547472838923,4.487584748533932,4.261406989165268,0.9608750907770516,1
Noakhali,Noakhali Sadar,নোয়াখালী,নোয়াখালী সদর,509208,197760,206908,61300,136460,123615,80315,53409,54106,424271,17535,844,474,43,66041,501135,270675,54.01239187045407,57.90191188694929,36.95391151750254,0.0,3.854068532372772,0.0,0.0314029740463655,57.90191188694929,36.95391151750254,BNP-led Coalition,38.83678182589433,40.63329719878713,4.2638553863442,3.956747682025061,1.01610943159029,1
Noakhali,Begumganj,নোয়াখালী,বেগমগঞ্জ,511747,190663,200532,58834,131829,129649,85392,56867,49175,427597,26302,1661,60,5,56122,498976,268731,53.85649810812544,51.70114352270486,43.8445880825063,0.0,3.598393932966424,0.291369436350849,0.2898809590259404,51.70114352270486,43.8445880825063,BNP-led Coalition,37.25727752190047,39.18576953064698,6.151550068587106,5.772729766803841,1.025594417366767,1
Noakhali,Subarnachar,নোয়াখালী,সুবর্ণচর,252196,105062,110012,35431,69631,62852,38531,22076,23669,208687,16863,137,19,3,26487,249111,142119,57.050471476570685,55.77790443220118,39.11370049043407,0.0,3.907288962067,0.0,0.0,55.77790443220118,39.11370049043407,BNP-led Coalition,41.658868499103875,43.62162762295992,7.541569011426217,7.471124323797456,1.01238403763784,1
Noakhali,Senbag,নোয়াখালী,সেনবাগ,273294,103324,108537,32674,70650,68547,44116,30355,26896,230762,11773,120,42,85,30512,266247,152220,57.17247518281896,41.116804624885035,0.0,31.43148075154382,2.4024438312968073,0.0,24.775982131126003,41.116804624885035,31.43148075154382,BNP-led Coalition,37.80690392032024,39.71437353180091,4.950943644916015,4.849206283826643,1.0264679038637057,1
Noakhali,Hatiya,নোয়াখালী,হাতিয়া,335598,133847,140677,41874,91973,80622,53219,32873,35032,285121,21625,81,38,2,28731,333686,165377,49.56066481662401,38.22236465772145,0.0,54.07886223598203,1.3151768383753484,0.0,5.0164170350169615,38.22236465772145,54.07886223598203,Jamaat-led Coalition,39.88313398768765,41.91830702209191,7.086457651034487,7.047026887869989,1.005729937725886,1
Panchagarh,Atowari,পঞ্চগড়,আটোয়ারী,116762,41052,43358,15210,25842,27752,20905,15357,11696,78493,27700,164,33,0,10372,112283,83498,74.36388411424704,53.9342259694843,0.0,44.81185178088098,0.0,0.0,0.0,53.9342259694843,44.81185178088098,BNP-led Coalition,35.15869889176273,37.1336564978332,26.221449384340634,26.036281605414043,1.0398902772458876,1
Panchagarh,Tentulia,পঞ্চগড়,তেঁতুলিয়া,109806,40708,43434,15289,25419,26871,18864,13086,10276,91733,2687,101,41,0,15244,108393,85724,79.08628785991715,51.33334888712613,0.0,47.318137277775186,0.0,0.0,0.0,51.33334888712613,47.318137277775186,BNP-led Coalition,37.07265541045116,39.55521556199115,2.9916879930627527,2.841521964425456,1.01303589715203,1
Panchagarh,Debiganj,পঞ্চগড়,দেবীগঞ্জ,208382,75254,80221,28138,47116,50749,36034,24467,21875,142741,49991,407,25,0,15218,207304,155572,75.04534403581214,56.11678194019489,40.506003651042604,0.0,1.3119327385390689,0.0,0.4338827038284524,56.11678194019489,40.506003651042604,BNP-led Coalition,36.11348389016326,38.497087080458,26.103725331842373,25.880081174545985,1.005200092617605,1
Panchagarh,Panchagarh Sadar,পঞ্চগড়,পঞ্চগড় সদর,240506,88673,93857,32112,56561,60465,40415,28549,22399,191936,16040,110,90,2,32328,238126,177034,74.3446746680329,48.23423749110341,0.0,49.79043573550843,0.0,0.0,0.0,48.23423749110341,49.79043573550843,Jamaat-led Coalition,36.86935045279536,39.0248060339451,7.801977154166147,7.704944806847986,1.009994708683638,1
Panchagarh,Boda,পঞ্চগড়,বোদা,204050,71568,75895,26284,45284,50339,36558,25189,20395,138913,45917,285,73,0,18862,207045,157239,75.94435992175615,54.938024281507765,41.07886720215723,0.0,1.4735529989379226,0.0,0.7288268177742163,54.938024281507765,41.07886720215723,BNP-led Coalition,35.073756432246995,37.19431511884342,24.988120180573254,24.79480311899259,0.9855345456301772,1
Patuakhali,Kalapara,পটুয়াখালী,কলাপাড়া,216392,77777,81199,29278,48499,52229,40221,22693,23472,150524,25982,3016,233,1,36636,215104,146443,68.0800914906278,59.7584042938208,0.0,0.0,35.882903245631404,4.312940871192205,0.0,59.7584042938208,4.312940871192205,BNP-led Coalition,35.942641132759064,37.524030463233395,16.262044104230178,14.454037695542848,1.0059878012496282,1
Patuakhali,Galachipa,পটুয়াখালী,গলাচিপা,251978,88709,93393,31718,56991,62055,43916,27974,29320,176699,37533,3105,243,1,34397,252679,159852,63.262875031166026,0.0,6.2714260691139305,0.0,16.243775492330407,0.0,31.031203863573804,46.45359457498186,6.2714260691139305,BNP-led Coalition,35.205057584392286,37.06395002738334,18.789324435497583,17.250127538709723,0.9972257290871026,1
Patuakhali,Dashmina,পটুয়াখালী,দশমিনা,121374,42350,44709,14856,27494,29621,20805,13932,14666,92416,12558,1374,63,1,14962,120723,72291,59.8817126810964,0.0,7.951197244470266,0.0,16.717157045828664,0.0,44.19498969442946,31.136656015271612,7.951197244470266,Independent,34.89215153162951,36.83573088140787,13.152651956546254,11.801300605194903,1.005392510126488,1
Patuakhali,Dumki,পটুয়াখালী,দুমকী,75974,27102,28372,10151,16951,18168,12878,8919,8907,54525,11362,416,82,0,9589,75280,37493,49.804729011689695,50.542767983356896,0.0,0.0,21.79073427039714,0.0,0.0,50.542767983356896,26.471608033499585,BNP-led Coalition,35.67273014452313,37.34435464764262,17.865481660013558,17.115312194019733,1.0092189160467588,1
Patuakhali,Patuakhali Sadar,পটুয়াখালী,পটুয়াখালী সদর,309035,106085,111595,36011,70074,73057,53065,37384,39434,219414,43245,3643,389,3,42341,306547,148843,48.55470776096325,50.066848961657584,0.0,0.0,29.156225015620485,0.0,0.0,50.066848961657584,19.52594344376289,BNP-led Coalition,34.32782694516802,36.11079651172197,17.72818286125672,16.21521294067358,1.0081162105647747,1
Patuakhali,Bauphal,পটুয়াখালী,বাউফল,315120,111195,116595,38914,72281,75791,53130,37215,37787,233559,43503,1822,155,1,36080,312783,186719,59.69601928493556,38.662910576856135,53.25542660361292,0.0,7.67838302475913,0.0,0.0,38.662910576856135,53.25542660361292,Jamaat-led Coalition,35.286557501904035,37.00019040365575,16.299096903669724,15.590237958715596,1.0074716336885317,1
Patuakhali,Mirzaganj,পটুয়াখালী,মির্জাগঞ্জ,120417,39150,41264,13840,25310,27750,20861,15668,16988,86335,17838,307,133,1,15803,119254,69570,58.33766582253006,81.82262469455225,0.0,0.0,8.750898375736668,0.0,0.0,81.82262469455225,8.881701882995545,BNP-led Coalition,32.5120207279703,34.26758680252788,17.472804787122183,17.0512550901409,1.00975229342412,1
Patuakhali,Rangabali,পটুয়াখালী,রাঙ্গাবালী,95691,34821,36435,12891,21930,23900,17007,9256,10701,67043,8657,1729,140,0,18122,95502,61487,64.38294485979351,58.25946948135378,0.0,0.0,28.02055719095093,13.513425602159806,0.0,58.25946948135378,13.513425602159806,BNP-led Coalition,36.38900210051102,38.07568109853591,13.56985393649525,11.160386236769844,1.0019790161462587,1
Pabna,Atgharia,পাবনা,আটঘরিয়া,146690,47292,49857,16843,30449,39202,26711,17918,15567,126222,10149,441,137,0,9741,145538,99151,68.12722450494029,42.99200209781041,47.425643715141554,0.0,0.895603675202469,0.0,8.342830632066242,42.99200209781041,47.425643715141554,Jamaat-led Coalition,32.23941645647283,33.98800190878724,7.832842883117073,7.410787957560844,1.0079154585056824,1
Pabna,Ishwardi,পাবনা,ঈশ্বরদী,293453,96584,101670,34379,62205,73569,52313,37756,33231,232069,26603,864,84,1,33832,291605,202558,69.46314363608306,44.75063932305809,44.06836560392579,0.0,0.8807353943068158,0.0,9.696975681039504,44.75063932305809,44.06836560392579,BNP-led Coalition,32.912936654251276,34.64609324150716,10.612392680099068,10.246859845698152,1.0063373398947206,1
Pabna,Chatmohar,পাবনা,চাটমোহর,260112,85443,89395,32832,52611,65644,48439,33286,27300,219143,20689,593,1807,1,17879,258498,174663,67.56841445581784,44.14214802219131,35.90915076461529,0.0,0.6023027200952692,0.0,18.11889180879751,44.14214802219131,35.90915076461529,BNP-led Coalition,32.848542166451374,34.3678876791536,9.53214467062704,8.540950242122253,1.006243762040712,1
Pabna,Pabna Sadar,পাবনা,পাবনা সদর,527362,166495,174669,59913,106582,135505,97453,67071,60837,422838,47708,3736,145,15,52920,525951,350392,66.62065477582513,51.85392360556177,46.79273499394964,0.0,1.2291947304732984,0.0,0.0005707892874266,51.85392360556177,46.79273499394964,BNP-led Coalition,31.571292584600332,33.12127153643986,10.876777351077688,10.055602160011128,1.0026827594205543,1
Pabna,Faridpur,পাবনা,ফরিদপুর,117702,39638,41873,14584,25054,30801,20962,14054,12247,96483,11622,398,21,0,9178,116588,79350,68.06017771983394,47.683679899180845,49.029615626969125,0.0,0.2835538752362949,0.0,2.028985507246377,47.683679899180845,49.029615626969125,Jamaat-led Coalition,33.67657304039014,35.575436271261324,11.095241605543476,10.709151892668904,1.009555014238172,1
Pabna,Bera,পাবনা,বেড়া,238562,83302,87573,29933,53369,62301,39415,27405,26139,199770,21422,433,41,0,16896,236580,144921,61.25665736748669,71.10425680198178,26.212902201889307,0.0,1.9258768570462528,0.0,0.0,71.10425680198178,26.212902201889307,BNP-led Coalition,34.91838599609326,36.70869627182871,9.877924444885547,9.66408921530591,1.0083777157832443,1
Pabna,Bhangura,পাবনা,ভাংঙ্গড়া,108962,36082,37752,13689,22393,28218,19831,13528,11303,92226,7799,149,16,0,8772,107710,78605,72.97836783956922,36.38827046625533,56.24578589148273,0.0,0.6119203613001718,0.0,5.845684116786464,36.38827046625533,56.24578589148273,Jamaat-led Coalition,33.114296727299426,34.646941135441715,7.948897095518515,7.784210000998104,1.011623804660663,1
Pabna,Santhia,পাবনা,সাঁথিয়া,340913,113504,119653,41703,71801,89510,59868,40668,37351,291490,22036,1013,40,0,26334,337720,234257,69.36426625607012,44.25182598598975,54.84019687778807,0.0,0.4695697460481437,0.0,0.4384073901740396,44.25182598598975,54.84019687778807,Jamaat-led Coalition,33.294124894034546,35.09781087843526,7.339650771348373,7.004917683634318,1.0094545777567216,1
Pabna,Sujanagar,পাবনা,সুজানগর,257734,87532,91942,33384,54148,66804,43512,30770,29116,212246,29326,1332,27,0,14803,255891,152986,59.78561184254233,72.42165949825474,24.64604604342881,0.0,1.9844953132966416,0.0,0.0,72.42165949825474,24.64604604342881,BNP-led Coalition,33.9621470197956,35.673213468149335,12.631158641754244,12.07174053537836,1.0072022853480584,1
Pirojpur,Indurkani,পিরোজপুর,ইন্দরকানী,75311,27768,29056,10479,17289,17218,12823,9008,8493,54862,12549,45,36,0,7819,74293,46238,62.23735748993849,27.34763614343181,72.65236385656819,0.0,0.0,0.0,0.0,27.34763614343181,72.65236385656819,Jamaat-led Coalition,36.87110780629656,38.581349338078105,18.713328987139217,18.5933147632312,1.0137025022545865,1
Pirojpur,Kawkhali,পিরোজপুর,কাউখালী,66310,22948,24286,7996,14952,15614,11402,8551,7795,45757,13973,27,44,0,6509,65534,36939,56.36616107669301,40.61560951839519,51.4117870001895,0.0,3.605944936246244,0.0,2.149489699233872,40.61560951839519,51.4117870001895,Jamaat-led Coalition,34.60714824310059,36.624943447443826,23.484557114429524,23.365830002842763,1.011841181676687,1
Pirojpur,Nazirpur,পিরোজপুর,নাজিরপুর,165935,59835,62769,21105,38730,37442,27055,20860,20743,101973,50755,295,70,1,12841,164736,99775,60.566603535353536,54.276121272863946,45.723878727136054,0.0,0.0,0.0,0.0,54.276121272863946,45.723878727136054,BNP-led Coalition,36.05930032844186,37.827462560641216,33.391903013834636,33.15283420643526,1.007278311965812,1
Pirojpur,Nesarabad (Swarupkathi),পিরোজপুর,নেছারাবাদ(স্বরূপকাঠী),199159,68787,73000,23278,45509,44693,32936,26703,26039,127856,42253,111,206,1,28732,189694,108759,57.33391672904784,61.636278376961904,32.241929403543615,0.0,1.2504712253698544,0.0,3.025956472567787,61.636278376961904,32.241929403543615,BNP-led Coalition,34.538735382282496,36.65413061925396,24.9790232768282,24.79243312385948,1.0498961485339546,1
Pirojpur,Pirojpur Sadar,পিরোজপুর,পিরোজপুর সদর,150867,52458,55202,18632,33826,34957,26739,19471,17241,106236,32671,128,88,0,11744,148958,90723,60.90508734005559,43.33300265643773,56.66699734356227,0.0,0.0,0.0,0.0,43.33300265643773,56.66699734356227,Jamaat-led Coalition,34.77102348426097,36.58984403481212,23.63879444807832,23.483536151463095,1.0128156930141383,1
Pirojpur,Bhandaria,পিরোজপুর,ভান্ডারিয়া,142390,51087,53646,18348,32739,33473,24134,17386,16310,98387,28156,123,174,0,15550,150069,81808,54.51359041507573,27.35062585566204,50.25914336006259,0.0,4.823489145315862,0.0,14.653823586935262,27.35062585566204,50.25914336006259,Jamaat-led Coalition,35.87822178523773,37.67539855326919,22.432198044780822,22.198044780826237,0.9488302047724714,1
Pirojpur,Mathbaria,পিরোজপুর,মঠবাড়ীয়া,241306,76951,81221,26905,50046,59829,43588,30387,30549,175860,33166,323,292,1,31664,237744,134683,56.650430715391344,46.87896764996324,0.0,26.223057104460104,26.453969691794807,0.0,0.1685439142282248,46.87896764996324,26.223057104460104,BNP-led Coalition,31.889385261866675,33.65892269566443,16.114137434292747,15.820303183522386,1.0149825021872263,1
Faridpur,Alfadanga,ফরিদপুর,আলফাডাঙ্গা,104728,37588,39439,13021,24567,25998,17132,12076,11934,85652,9785,127,52,1,9111,103773,49486,47.68677787092982,28.777836155680394,58.54787212544962,0.0,0.0,0.0,12.171119104393162,28.777836155680394,58.54787212544962,Jamaat-led Coalition,35.89107020090138,37.65850584370942,10.421786920735851,10.23353587751132,1.009202779142937,1
Faridpur,Char Bhadrasan,ফরিদপুর,চরভদ্রাসন,66658,21707,22954,6658,15049,16689,11999,8011,8251,52255,7232,76,18,0,7077,65898,35833,54.37646059060973,48.9911534060782,19.465297351603272,0.0,1.1693132029135154,0.3097703234448692,29.629112828956547,48.9911534060782,19.465297351603272,BNP-led Coalition,32.564733415343994,34.43547661195956,12.295866131820548,12.13809771571474,1.0115329752041031,1
Faridpur,Nagarkanda,ফরিদপুর,নগরকান্দা,178998,64498,67964,21230,43268,44908,29559,21211,18819,144660,18896,57,44,0,15341,177281,111100,62.66887032451306,60.28082808280829,0.0,0.0,1.3843384338433844,37.441044104410445,0.0,60.28082808280829,37.441044104410445,BNP-led Coalition,36.03280483580822,37.9691393199924,11.60781390346884,11.546099464123136,1.009685189050152,1
Faridpur,Faridpur Sadar,ফরিদপুর,ফরিদপুর সদর,432254,142134,149276,45967,96167,106694,77300,55123,51003,319905,61573,342,195,16,50223,428778,276702,64.53269524089389,53.43148947242882,44.25302310789225,0.0,1.4347565250702925,0.0,0.4466899408027409,53.43148947242882,44.25302310789225,BNP-led Coalition,32.882055458133415,34.53432472573996,16.262031091717688,16.11727844075481,1.008106759208728,1
Faridpur,Boalmari,ফরিদপুর,বোয়ালমারী,219464,79846,83659,26695,53151,52683,36424,26457,24054,170494,31350,576,99,3,16942,217768,140824,64.66698504830829,41.63423848207692,48.595409873317045,0.0,0.0,0.0,9.36346077373175,41.63423848207692,48.595409873317045,Jamaat-led Coalition,36.38227681988845,38.11969161229177,15.814578169285312,15.479799725461923,1.007788104772051,1
Faridpur,Bhanga,ফরিদপুর,ভাংগা,251072,88267,92215,28695,59572,63217,43965,29133,26486,195647,26480,119,112,0,28714,248815,138552,55.684745694592365,43.86439748253363,32.1135746867602,0.0,5.328685258964144,0.4301634043536,17.59628154050465,43.86439748253363,32.1135746867602,BNP-led Coalition,35.15605085393831,36.72850815702269,12.012610295109688,11.908723769776666,1.0090709965235214,1
Faridpur,Madhukhali,ফরিদপুর,মধুখালী,185982,65802,68991,21996,43806,44320,30999,23733,21128,136785,36124,160,54,2,12857,184138,125665,68.24501189325397,42.1071897505272,43.928699319619625,0.0,0.0,0.0,13.61397366012812,42.1071897505272,43.928699319619625,Jamaat-led Coalition,35.380843307416846,37.09552537342323,20.990613718411552,20.865848375451264,1.0100142284590905,1
Faridpur,Sadarpur,ফরিদপুর,সদরপুর,178088,57717,61184,18481,39236,44847,32423,21504,21597,137181,18163,127,113,0,22504,176262,96968,55.01355936049744,49.709182410692186,22.846712317465556,0.0,3.703283557462256,0.3619750845639798,23.20559359788796,49.709182410692186,22.846712317465556,BNP-led Coalition,32.40925834418939,34.35604869502718,11.828337104072398,11.674079596873714,1.0103595783549488,1
Faridpur,Saltha,ফরিদপুর,সালথা,152674,57955,60876,20009,37946,37605,24439,16953,15722,129013,12938,16,46,0,10661,151209,101635,67.2149144561501,53.06931667240616,0.0,0.0,0.7841786786048114,45.61322379101687,0.0,53.06931667240616,45.61322379101687,BNP-led Coalition,37.95996698848527,39.8731938640502,9.154091526832053,9.110433551857929,1.0096885767381572,1
Feni,Chhagalnaiya,ফেনী,ছাগলনাইয়া,178033,59175,62797,18600,40575,46023,31216,22103,19514,149074,9989,42,41,8,18879,172436,91390,52.99937368066993,55.23033154612102,41.80763759711128,0.0,2.126053178684758,0.0,0.0,55.23033154612102,41.80763759711128,BNP-led Coalition,33.238219880583934,35.272674167148786,6.3334883194893,6.276310994382799,1.032458419355587,1
Feni,Daganbhuiyan,ফেনী,দাগনভূঁঞা,250752,89158,93958,27757,61401,63309,43165,28816,26300,199312,15337,411,66,4,35622,238071,128901,54.14393185226256,56.776130518770216,40.29604114785766,0.0,1.6415698869675177,0.0,0.2924725176685984,56.776130518770216,40.29604114785766,BNP-led Coalition,35.556246809596736,37.4704887697805,7.352763445358621,7.129177706503045,1.0532656224403645,1
Feni,Parashuram,ফেনী,পরশুরাম,95045,34298,36340,11495,22803,24530,15848,10839,9529,77329,8364,11,11,1,9329,92440,54764,59.24275205538728,57.89934993791542,39.32145204879118,0.0,2.030531005770214,0.0,0.0,57.89934993791542,39.32145204879118,BNP-led Coalition,36.08606449576517,38.234520490294074,9.784637640580522,9.757804843903122,1.0281804413673734,1
Feni,Fulgazi,ফেনী,ফুলগাজী,112506,37822,39960,12281,25541,29370,19412,13280,12621,87504,13060,27,18,3,11894,109552,58479,53.38012998393457,59.93262538689102,35.77181552352126,0.0,3.5807725850305236,0.0,0.0,59.93262538689102,35.77181552352126,BNP-led Coalition,33.61776260821645,35.51810570102928,13.028267005923746,12.980558979048224,1.0269643639550168,1
Feni,Feni Sadar,ফেনী,ফেনী সদর,436977,149045,157593,45942,103103,110545,77907,53297,46180,345104,35838,210,124,7,55694,424331,213536,50.32297899517122,60.03952495129627,0.0,0.0,3.0683350816724113,0.3502922223887307,0.3268769668814626,60.03952495129627,35.165030720815224,BNP-led Coalition,34.10820249120663,36.064369520592614,9.488752448968352,9.399317567266309,1.0298022062964998,1
Feni,Sonagazi,ফেনী,সোনাগাজী,257372,92638,97885,29522,63116,65848,43291,28647,26946,210396,15762,227,39,100,30848,249773,133738,53.543817786550186,59.79601908208587,35.830504419088065,0.0,3.2309440847029265,0.0,0.2362828814547847,59.79601908208587,35.830504419088065,BNP-led Coalition,35.993814400944935,38.03249770759834,7.119775388038353,6.958203104306828,1.030423624651183,1
Bogura,Adamdighi,বঙ্গড়া,আদমদিঘী,177301,54090,57484,18939,35151,47335,32894,25025,17957,126490,23885,3845,87,1,22993,175472,123235,70.23057809793015,56.350062887978254,42.117904816001946,0.0,0.86663691321459,0.0,0.0,56.350062887978254,42.117904816001946,BNP-led Coalition,30.50744214640639,32.42170094923323,18.027581201233897,15.478782694351557,1.0104233154007476,1
Bogura,Kahaloo,বঙ্গড়া,কাহালু,197386,62193,66116,23022,39171,51906,37336,26581,19370,151679,21697,6551,56,0,17403,195964,149831,76.45843114041355,55.29496566131174,43.44227830021825,0.0,0.8809925849790764,0.0,0.0,55.29496566131174,43.44227830021825,BNP-led Coalition,31.508313659530057,33.495789974972894,15.725929671135606,12.055027419256264,1.0072564348553816,1
Bogura,Gabtali,বঙ্গড়া,গাবতলী,291180,91280,96983,32501,58779,71645,53557,38838,35856,227023,37747,2205,46,0,24159,292590,204745,69.97675928774052,76.98405333463576,22.373195926640456,0.0,0.500134313414247,0.0,0.0078145986470976,76.98405333463576,22.373195926640456,BNP-led Coalition,31.348306889209425,33.30688920942372,14.97934619374506,14.136341336449194,0.9951809699579616,1
Bogura,Dupchachia,বঙ্গড়া,দুপচাঁচিয়া,161624,47996,51134,16707,31289,39399,31985,22539,19705,119505,20578,5536,65,0,15940,159890,116361,72.77565826505723,49.184004950112154,49.64893735873704,0.0,0.604154312871151,0.0,0.0,49.184004950112154,49.64893735873704,Jamaat-led Coalition,29.69608473989011,31.63762807503836,17.96971527415502,14.12509266631888,1.010844955907186,1
Bogura,Dhunat,বঙ্গড়া,ধুনট,265489,84395,88975,30847,53548,65456,50283,34331,31024,215907,27620,1624,51,0,20287,263914,176780,66.98394173859667,68.32447109401517,30.246634234641927,0.0,0.8869781649507863,0.0,0.0,68.32447109401517,30.246634234641927,BNP-led Coalition,31.788511011755663,33.51362956657338,11.94729243644016,11.264182184484628,1.0059678531642884,1
Bogura,Nandigram,বঙ্গড়া,নন্দীগ্রাম,162100,50249,52549,17057,33192,40936,32070,21672,17171,123632,23564,973,55,0,13876,161029,117095,72.71671562265182,61.35872582091464,36.80857423459584,0.0,1.3817840215209871,0.0,0.0,61.35872582091464,36.80857423459584,BNP-led Coalition,30.99876619370759,32.417643429981496,16.591105354058723,15.897560449050086,1.0066509759111713,1
Bogura,Bogura Sadar,বঙ্গড়া,বঙ্গড়া সদর,453933,145262,152801,52259,93003,110256,86129,62236,50042,341625,43345,5044,187,54,63678,452116,315883,69.86768882322235,68.15878030789881,30.56954631936508,0.0,0.7901659791758341,0.1405583712957012,0.2529417537505975,68.15878030789881,30.71010469066078,BNP-led Coalition,32.000757821088136,33.66157560697283,12.461083137948265,11.106840399226147,1.0040188801104142,1
Bogura,Shajahanpur,বঙ্গড়া,শাজাহানপুর,244994,77415,81761,27307,50108,62586,46104,33245,25643,197532,17732,2495,104,8,27123,243604,175600,72.08420222984844,59.3992027334852,39.87927107061503,0.0,0.5746013667425968,0.0,0.0,59.3992027334852,39.87927107061503,BNP-led Coalition,31.59873303019666,33.372654024180186,9.335340637349624,8.138761009955433,1.0057059818393788,1
Bogura,Shibganj,বঙ্গড়া,শিবগঞ্জ,342133,105777,112133,36837,68940,86469,64846,45862,39177,276191,37771,1418,46,0,26707,339340,242159,71.36176106559793,59.60505287848067,38.25172717099096,0.0,0.3733084461035931,0.0,0.0747442795849008,59.60505287848067,38.25172717099096,BNP-led Coalition,30.916924120152103,32.77468119123265,12.438733649096775,11.9745994306113,1.0082306830907055,1
Bogura,Sherpur,বঙ্গড়া,শেরপুর,306799,99554,104586,36239,63315,72406,58590,41575,34673,240283,38369,1497,56,5,26589,305251,221800,72.66151462239272,57.27321911632101,40.0595130748422,0.0,1.7908025247971144,0.0,0.0,57.27321911632101,40.0595130748422,BNP-led Coalition,32.44925830918614,34.08942010893126,14.248956140037828,13.692944577281324,1.0050712364578658,1
Bogura,Sariakandi,বঙ্গড়া,সারিয়াকান্দি,202714,66709,70828,23783,42926,48672,36339,25997,24997,162851,21655,2137,29,0,16042,204263,121616,59.538927754904215,74.58886988554137,24.561735297987106,0.0,0.4135968951453756,0.0,0.0,74.58886988554137,24.561735297987106,BNP-led Coalition,32.90793926418501,34.93986601813392,12.760885403274193,11.600561412531071,0.9924166393326252,1
Bogura,Sonatala,বঙ্গড়া,সোনাতলা,173238,58337,61591,21256,37081,42666,30668,21978,19589,142224,16962,798,29,0,13225,171827,109385,63.659960308915366,73.94889610092791,25.237464003291127,0.0,0.4826987246880285,0.0,0.0,73.94889610092791,25.237464003291127,BNP-led Coalition,33.67448250383865,35.552823283575194,11.117221725734783,10.600388718416628,1.0082117478626758,1
Barguna,Amtali,বরঙ্গনা,আমতলী,184723,60121,63153,19684,40437,45525,34633,21850,22594,133411,19852,2891,182,0,28387,182869,99465,54.39139493298482,41.60458452722063,0.0,0.0,55.773387623787265,2.2068064143165937,0.0,41.60458452722063,2.2068064143165937,IAB-led Coalition,32.54656972872896,34.18794627631643,14.66392897349299,12.698290860710266,1.010138405087795,1
Barguna,Taltali,বরঙ্গনা,তালতলী,87008,29779,31249,11589,18190,21465,16444,9585,9735,60811,9179,909,146,1,15962,86010,49944,58.067666550401114,56.583373378183566,0.0,0.0,41.332292167227294,1.8000160179400928,0.0,56.583373378183566,1.8000160179400928,BNP-led Coalition,34.22558845163663,35.915088267745496,14.406159389691188,12.919798440447034,1.0116033019416346,1
Barguna,Patharghata,বরঙ্গনা,পাথরঘাটা,150823,49612,52326,18161,31451,36634,27138,18921,18518,107707,17991,483,380,2,24260,148668,92281,62.07186482632443,46.3237286115235,43.66120869951561,0.0,9.09721394436558,0.0,0.0736879747727051,46.3237286115235,43.66120869951561,BNP-led Coalition,32.89418722608621,34.69364752060362,14.898509042927238,14.215054952869322,1.014495385691608,1
Barguna,Barguna Sadar,বরঙ্গনা,বরঙ্গনা সদর,247336,78247,82164,29285,48962,59143,46594,31102,32247,174523,21634,1989,447,3,48740,244286,129880,53.167189278141194,49.81136433631044,0.0,0.0,48.03818909762858,1.839390206344318,0.0,49.81136433631044,1.839390206344318,BNP-led Coalition,31.635912281269206,33.219587928971116,12.121593586980604,10.893472174666156,1.0124853655141923,1
Barguna,Bamna,বরঙ্গনা,বামনা,70025,22693,23913,8387,14306,17096,12658,8881,8697,52146,7685,107,82,0,10005,69093,39791,57.590493971892954,43.27360458395115,47.550953733256264,0.0,7.471538790178684,0.0,0.1608403910432007,43.27360458395115,47.550953733256264,Jamaat-led Coalition,32.40699750089254,34.14923241699393,13.11896034655115,12.804065311562812,1.0134890654624926,1
Barguna,Betagi,বরঙ্গনা,বেতাগী,116726,39902,41795,15154,24748,27044,20707,14961,14108,82062,17463,473,273,0,16455,114979,58824,51.16064672679359,50.08329933360533,40.464776281789746,0.0,8.302733578131376,0.0,0.2600979192166462,50.08329933360533,40.464776281789746,BNP-led Coalition,34.18432911262272,35.80607576718126,18.15978697729154,17.415803173400086,1.015194078918759,1
Barishal,Agailjhara,বরিশাল,আগৈলঝাড়া,141467,50222,52660,18360,31862,32718,23313,17563,17586,63641,66552,489,247,4,10534,139727,83300,59.61625169079706,48.94117647058823,18.24249699879952,0.0,4.507803121248499,0.0,27.552220888355343,48.94117647058823,18.24249699879952,BNP-led Coalition,35.500858857542745,37.224228972127776,51.39422452704819,50.829049972123144,1.0124528544948364,1
Barishal,Ujirpur,বরিশাল,উজিরপুর,235095,81198,85112,29516,51682,55638,38838,28657,30756,134027,76850,1234,193,0,22791,235190,134593,57.22734810153493,64.929082493146,30.15535726226475,0.0,3.004613910084477,0.0,0.0,64.929082493146,30.15535726226475,BNP-led Coalition,34.53837810246922,36.2032369893022,36.87024267088703,36.19809330017333,0.9995960712615332,1
Barishal,Gaurnadi,বরিশাল,গৌরনদী,186629,64275,67619,22503,41772,46264,31587,22428,22069,126025,40660,1014,426,0,18504,183970,113551,61.72256346143393,51.65080008102086,26.370529541791793,0.0,2.6463879666405403,0.0,18.367958010057155,51.65080008102086,26.370529541791793,BNP-led Coalition,34.43998521130157,36.23177534038118,25.04089219330855,24.184386617100373,1.0144534434962222,1
Barishal,Bakerganj,বরিশাল,বাকেরগঞ্জ,315269,114223,119526,42359,71864,73505,52112,38593,36836,210208,72652,1055,931,0,30423,311699,165162,52.98765796489562,49.09543357430886,33.01788547002337,0.0,17.451350794977053,0.0,0.2082803550453494,49.09543357430886,33.01788547002337,BNP-led Coalition,36.230330289371935,37.912385930744854,26.2029307064168,25.505711858337488,1.011453357245291,1
Barishal,Banaripara,বরিশাল,বানারী পাড়া,149540,51798,54583,18173,33625,34827,24595,19033,19287,97952,27423,372,190,1,23602,145516,88061,60.516369333956405,59.83920237108368,35.86604739896208,0.0,2.130341467846152,0.0,0.0,59.83920237108368,35.86604739896208,BNP-led Coalition,34.63822388658553,36.50060184566002,22.22204576855278,21.77500039702076,1.0276533164737898,1
Barishal,Babuganj,বরিশাল,বাবুগঞ্জ,149214,52498,55330,18204,34294,36610,24217,17833,18052,106844,18997,868,95,1,22409,147133,78981,53.680003806080215,43.5712386523341,0.0,0.0,6.835821273470835,0.0,0.0835644015649333,43.5712386523341,39.566478013699495,BNP-led Coalition,35.18302572144705,37.08097095446808,15.74149284334214,14.98127045463507,1.0141436659349023,1
Barishal,Muladi,বরিশাল,মুলাদী,182663,68336,72204,24095,44241,45594,28052,19940,20734,131482,15414,693,212,1,34861,180287,91366,50.67808549701309,49.6442878094696,0.0,0.0,11.658603857014644,0.0,0.1444738743077293,49.6442878094696,30.903180614232863,BNP-led Coalition,37.41096992822849,39.52853068218523,11.041799163746091,10.428816930758718,1.0131789868376533,1
Barishal,Mehendiganj,বরিশাল,মেহেন্দীগঞ্জ,283077,107340,112791,37604,69736,69111,42821,29898,33890,214810,29223,1024,108,1,37911,280216,155729,55.5746281440032,55.8123406687258,34.15613020054068,0.0,9.714953541087402,0.0,0.0,55.8123406687258,34.15613020054068,BNP-led Coalition,37.91901143505124,39.84463591178372,12.381814770400464,11.919678911431438,1.0102099808718987,1
Barishal,Hijla,বরিশাল,হিজলা,138401,56874,59764,19597,37277,33899,19099,13263,15265,106751,11751,369,72,0,19458,137301,81484,59.34698217784284,49.42810858573462,24.05502920818811,0.0,26.227234794560896,0.0,0.0,49.42810858573462,24.05502920818811,BNP-led Coalition,41.09363371651939,43.18176891785464,10.250287953053142,9.879522124042609,1.0080115949628918,1
Bagerhat,Kachua,বাগেরহাট,কচুয়া,93419,31431,33082,10826,20605,21353,16522,12626,11487,66232,20584,26,16,0,6561,92690,64939,70.06041644190312,31.400237145628974,46.811623215633134,0.0,1.9772401792451375,0.0,19.810899459492756,31.400237145628974,46.811623215633134,Jamaat-led Coalition,33.64518995065244,35.412496387244566,23.746805130212532,23.698450344240023,1.0078649260977453,1
Bagerhat,Chitalmari,বাগেরহাট,চিতলমারী,127141,46432,48464,16196,30236,29277,20723,15121,15588,75021,42985,527,22,0,8586,126238,78480,62.168285302365376,51.03720693170234,42.357288481141694,0.0,0.0,0.0,6.097094801223242,51.03720693170234,42.357288481141694,BNP-led Coalition,36.520084001226984,38.11830959328619,36.72050946817932,36.25743325882502,1.0071531551513808,1
Bagerhat,Fakirhat,বাগেরহাট,ফকিরহাট,129081,42309,44522,14537,27772,29708,23537,17614,15841,87322,32815,576,29,0,8339,128127,96168,75.05677960148915,43.690208801264454,52.743116213293405,0.0,0.0,0.0,3.0134764162715246,43.690208801264454,52.743116213293405,Jamaat-led Coalition,32.77709345294815,34.49152082800722,27.67885242914645,27.177784035381222,1.0074457374323913,1
Bagerhat,Bagerhat Sadar,বাগেরহাট,বাগেরহাট সদর,244464,77498,81516,26039,51459,56603,45139,34245,30975,167696,53001,426,70,1,23270,242194,170132,70.24616629644004,26.733947758211272,50.53193990548515,0.0,1.7615733665624338,0.0,20.97253896974114,26.733947758211272,50.53193990548515,Jamaat-led Coalition,31.70119117743308,33.344786962497544,24.18600866207944,23.961319023119977,1.0093726516759292,1
Bagerhat,Mongla,বাগেরহাট,মোংলা,123663,39055,41079,12362,26693,28115,22309,17253,16734,77933,35608,166,62,13,9881,122949,81992,66.68781364630863,57.46658210557128,39.29651673333984,0.0,2.7600253683286176,0.0,0.2366084496048395,57.46658210557128,39.29651673333984,BNP-led Coalition,31.581798921261814,33.21850513087989,31.506740960784654,31.294932414617428,1.005807285947832,1
Bagerhat,Morelganj,বাগেরহাট,মোড়লগঞ্জ,273120,89773,94553,32112,57661,63675,49355,36352,33965,196550,53992,291,132,0,22155,271087,162231,59.84462552612261,40.423223674883346,55.28228267100616,0.0,3.575149015909413,0.0,0.0899951304004783,40.423223674883346,55.28228267100616,Jamaat-led Coalition,32.86943468072642,34.61958113649678,21.68230629769091,21.51375689837228,1.00749943744997,1
Bagerhat,Mollahat,বাগেরহাট,মোল্লাহাট,119234,45026,47078,16149,28877,27932,18919,14015,13341,83821,25335,354,32,0,9692,117620,67742,57.59394660771977,46.311003513329986,47.55690708865991,0.0,0.0,0.0,5.677423164358891,46.311003513329986,47.55690708865991,Jamaat-led Coalition,37.76271868762266,39.4837043125283,23.480491500976793,23.128115243468255,1.013722156095902,1
Bagerhat,Rampal,বাগেরহাট,রামপাল,143122,45692,48068,16317,29375,31959,26449,20590,18430,98756,33003,36,20,3,11304,142371,107459,75.47815215177248,51.25210545417322,47.140769968080846,0.0,1.264668385151546,0.0,0.2056598330526061,51.25210545417322,47.140769968080846,BNP-led Coalition,31.925210659437404,33.585332793001776,25.081551836623223,25.036793154197458,1.0052749506570862,1
Bagerhat,Sharankhola,বাগেরহাট,শরণখোলা,107123,37226,39378,12411,24815,26102,18400,12862,12533,75587,21049,258,43,2,10184,106007,59816,56.426462403426186,53.42550488163702,41.34679684365387,0.0,4.418550220676742,0.0,0.1136819580045472,53.42550488163702,41.34679684365387,BNP-led Coalition,34.75070713105495,36.75961278156885,22.026222676115907,21.71365497890426,1.0105276066674842,1
Bandarban,Thanchi,বান্দরবান,থালিচ,19194,7306,7592,3056,4250,4441,3107,2014,2326,855,393,17657,5,62,222,18926,8724,46.095318609320515,94.612563044475,0.0,3.622191655204035,0.6762952773956901,0.0,0.0,94.612563044475,3.622191655204035,BNP-led Coalition,38.06397832656038,39.55402730019798,95.4933586337761,2.0714737507906387,1.014160414244954,1
Bandarban,Naikkhongchhari,বান্দরবান,নাইক্ষ্যংছড়ি,49017,20043,20827,7516,12527,12264,7840,4602,4268,33473,486,9246,2,1583,4227,48274,30795,63.792103409702946,71.14141906153597,0.0,24.552687124533204,3.1563565513882126,0.0,0.0,71.14141906153597,24.552687124533204,BNP-led Coalition,40.88989534243222,42.48934043291103,25.266800625139545,1.0850636302746148,1.0153913079504495,1
Bandarban,Bandarban Sadar,বান্দরবান,বান্দরবান সদর,74909,26642,27837,9827,16815,18083,13145,8940,8099,27269,7609,32440,20,1715,5856,74137,40088,54.07286510109662,84.17232089403312,0.0,11.881361005787268,2.631710237477549,0.0,0.0,84.17232089403312,11.881361005787268,BNP-led Coalition,35.56581986143187,37.16108878772911,60.51004301044126,11.01907230677885,1.0104131540256551,1
Bandarban,Ruma,বান্দরবান,রুমা,23518,8735,9117,3693,5042,5616,3679,2550,2938,1037,476,21414,2,240,349,23322,9721,41.68167395592145,95.49429071083222,0.0,3.487295545725748,0.4526283304186812,0.0,0.0,95.49429071083222,3.487295545725748,BNP-led Coalition,37.14176375542138,38.766051534994475,95.52419180801934,2.0544693340239113,1.0084040819826774,1
Bandarban,Rowangchhari,বান্দরবান,রোয়াংছড়ি,22439,7934,8243,3042,4892,5080,3696,2589,3140,1127,223,20471,0,303,315,22698,12658,55.767027931976386,94.46200031600569,0.0,3.705166693000474,0.6004108073945331,0.0,0.0,94.46200031600569,3.705166693000474,BNP-led Coalition,35.358081910958596,36.73514862516155,94.90598445127463,1.0079551618152234,0.9885893030222928,1
Bandarban,Lama,বান্দরবান,লামা,88810,34292,35668,12533,21759,21881,14769,9217,8651,54770,3422,20518,29,1104,8967,87554,50677,57.88085067501199,76.88300412415889,0.0,17.672711486473155,3.90907117627326,0.0,0.0,76.88300412415889,17.672711486473155,BNP-led Coalition,38.6127688323387,40.16214390271366,31.40287814836617,4.2859111005348,1.0143454325330654,1
Brahmanbaria,Akhaura,ব্রাহ্মণবাড়িয়া,আখাউড়া,137417,51930,55177,15945,35985,36389,22320,14598,12173,114498,10326,30,34,4,12525,134701,72083,53.5133369462736,64.15798454559328,33.46975014913364,0.0,0.6228930538407114,0.0,0.0,64.15798454559328,33.46975014913364,BNP-led Coalition,37.79008419627848,40.15296506254685,8.322390545431253,8.267943503186753,1.020163176219924,1
Brahmanbaria,Ashuganj,ব্রাহ্মণবাড়িয়া,আশুগঞ্জ,153078,59570,62492,18699,40871,38629,25017,16300,13561,126688,9426,74,56,6,16828,151051,65657,43.466776121972046,0.0,0.0,11.462601093561997,2.7856892639017925,0.0,53.4855384802839,31.23048570601764,11.462601093561997,Independent,38.914801604410826,40.82363239655601,7.017981651376147,6.918165137614679,1.0134193087103032,1
Brahmanbaria,Kasba,ব্রাহ্মণবাড়িয়া,কসবা,306435,118162,124512,36879,81283,80756,47902,33053,26557,260460,18144,33,80,0,27718,299910,158931,52.99289786936081,57.80936381196872,39.76568447942818,0.0,1.1073988082878734,0.0,0.0,57.80936381196872,39.76568447942818,BNP-led Coalition,38.560216685430845,40.632434284595426,6.550371882590585,6.50982896629915,1.0217565269580875,1
Brahmanbaria,Nabinagar,ব্রাহ্মণবাড়িয়া,নবীনগর,474776,177927,187009,54721,123206,121166,78295,50632,46749,395507,38060,216,95,0,40898,466759,248330,53.20304482613083,34.13240446180485,0.0,0.0,8.290581081625257,23.25494301936939,33.823943945556316,34.13240446180485,23.25494301936939,BNP-led Coalition,37.47598867676546,39.38889076111682,8.843730265189754,8.772051129580204,1.01717588734229,1
Brahmanbaria,Nasirnagar,ব্রাহ্মণবাড়িয়া,নাসিরনগর,271731,107939,113243,34080,73859,64914,43335,29154,26385,214004,45338,36,27,0,12326,273827,145808,53.248218765863115,46.48784703171294,16.383188851091848,0.0,0.6131350817513442,0.0,36.2401239986832,46.48784703171294,16.383188851091848,BNP-led Coalition,39.722740504395894,41.67467090615352,17.50197567510264,17.47768932749947,0.9923455320329988,1
Brahmanbaria,Banchharampur,ব্রাহ্মণবাড়িয়া,বাঞ্জারামপুর,289401,99981,105500,33244,66737,77491,49220,32369,30338,253460,14980,33,48,1,20879,288803,148575,51.44510271707704,0.9133434292444892,26.19821638902911,0.0,5.72572774692916,0.0,1.7136126535419822,64.33653037186606,26.19821638902911,BNP-led Coalition,34.54756548871635,36.45460796610931,5.6092238252359214,5.5786862901363765,1.0020706156099486,1
Brahmanbaria,Bijoynagar,ব্রাহ্মণবাড়িয়া,বিজয়নগর,225488,87089,92100,25610,61479,57294,36108,24037,20956,188566,20486,50,31,1,16354,222567,105278,47.30171139477101,50.74659473014305,0.0,18.863390261973063,1.2405250859628791,0.0,13.764509204202207,62.60567260016337,18.863390261973063,BNP-led Coalition,38.62245440999077,40.84474561839211,9.8348427324108,9.795633421633976,1.0131241379000482,1
Brahmanbaria,Brahmanbaria Sadar,ব্রাহ্মণবাড়িয়া,ব্রাহ্মণবাড়িয়া সদর,456737,173546,182755,54086,119460,115554,74004,49150,44470,374047,38418,134,125,14,43999,449533,206311,45.89451719895981,74.65864641245498,0.0,20.21414272627247,2.401713917338387,0.0,0.0916092695008991,74.65864641245498,20.21414272627247,BNP-led Coalition,37.996921641995286,40.013180451769834,9.374227718310404,9.30808406301334,1.0160255198172323,1
Brahmanbaria,Sarail,ব্রাহ্মণবাড়িয়া,সরাইল,288555,115195,121380,33946,81249,73425,44950,29489,25491,241369,21694,69,55,2,25366,285244,139284,48.82977380768745,0.0,0.0,6.649722868384021,1.3038109186984863,0.0,57.79701904023434,33.69877372849717,6.649722868384021,Independent,39.92133215504843,42.0647710141914,8.290620048710242,8.242745707457379,1.011607606119673,1
Bhola,Charfasson,ভোলা,চর ফ্যাশন,430924,168524,177048,51250,117274,109624,67084,39128,46562,335561,16541,515,87,2,78218,430457,250071,58.09430442529683,63.68911229210904,27.272654566103228,0.0,8.650743188934342,0.0,0.0775779678571285,63.68911229210904,27.272654566103228,BNP-led Coalition,39.10759205799631,41.08566707818548,4.860989039029674,4.689741597818013,1.0010848934969114,1
Bhola,Tazumuddin,ভোলা,তজুমুদ্দিন,108767,39771,42129,11263,28508,27466,18237,10824,12467,81719,7710,124,18,0,19196,107847,59321,55.00477528350349,70.26179599130157,0.0,0.0,3.1169400380978067,0.0,0.3118625781763625,70.26179599130157,25.689047723403178,BNP-led Coalition,36.56531852492024,38.73325549109565,8.766230141452032,8.60769668754396,1.0085306035402004,1
Bhola,Daulatkhan,ভোলা,দৌলত খান,163713,63355,66393,20936,42419,40034,25508,16416,18400,131598,4902,140,17,0,27056,164371,84193,51.22132249606074,62.81401066596985,35.78207214376492,0.0,0.0,0.0,0.8361740287197273,62.81401066596985,35.78207214376492,BNP-led Coalition,38.69882049684509,40.55450697256785,3.701969163672553,3.587082988796769,0.9959968607601096,1
Bhola,Borhanuddin,ভোলা,বোরহানউদ্দীন,229318,86713,90806,27093,59620,56392,36614,24427,25171,174589,13053,294,33,3,41346,226910,128140,56.47172887929135,50.91774621507726,48.03262057125019,0.0,0.0,0.0,0.5439363196503824,50.91774621507726,48.03262057125019,BNP-led Coalition,37.8134293862671,39.59828709477669,7.119677398761517,6.944119336922521,1.0106121369706051,1
Bhola,Bhola Sadar,ভোলা,ভোলা সদর,406091,154133,161377,48291,105842,99227,63571,42462,46695,321083,18818,486,68,1,65635,402861,205671,51.052596304929,0.0,35.86942252432283,0.0,12.199580884033235,0.0,0.0646663846628839,50.79082612521941,35.86942252432283,BNP-led Coalition,37.95528588419837,39.73912251194929,5.690309467302677,5.5272928072937475,1.008017653731684,1
Bhola,Monpura,ভোলা,মনপুরা,68063,28044,29194,9965,18079,17231,11090,5179,6519,53127,4845,67,10,0,10014,67782,44029,64.95677318462128,66.14276953825888,26.18047196166163,0.0,7.272479502146313,0.0,0.0863067523677576,66.14276953825888,26.18047196166163,BNP-led Coalition,41.203003100069054,42.892614195671655,8.479043566641975,8.346397009423073,1.0041456433861498,1
Bhola,Lalmohan,ভোলা,লালমোহন,279654,107288,113635,35701,71587,71904,44060,27374,28932,218186,11173,303,49,0,49943,277722,150734,54.27513844780032,68.62884286226067,0.0,0.0,3.5340400971247363,0.0,0.2136213462125333,68.62884286226067,27.183648015709792,BNP-led Coalition,38.36455048023629,40.634140759653,5.017173753107165,4.863937730452612,1.0069565968846543,1
Mymensingh,Ishwarganj,ময়মনসিংহ,ঈশ্বরগঞ্জ,348798,132568,138989,44253,88315,83020,54563,39219,39428,307088,11867,260,57,0,29526,345746,187821,54.32340504300845,57.276342900953566,0.0,0.0,17.428296090426525,0.0,0.0,57.276342900953566,24.380127887722885,BNP-led Coalition,38.007098664556565,39.84799224766197,3.8161818136259993,3.716893432559072,1.0088272893974188,1
Mymensingh,Gafargaon,ময়মনসিংহ,গফরগাঁও,405456,140095,148632,44161,95934,105191,67166,47449,45554,343653,10399,189,149,0,51066,404099,209897,51.94197461513144,35.56506286416671,30.57833127676908,0.0,1.1496114761049467,0.0,31.830373945316037,35.56506286416671,30.57833127676908,BNP-led Coalition,34.55245452034253,36.65798508346158,3.029713028019978,2.934337876350913,1.0033580879932888,1
Mymensingh,Gouripur,ময়মনসিংহ,গৌরীপুর,298264,112245,118827,38632,73613,69928,46319,34611,35158,256134,13248,198,64,0,28620,295661,168246,56.905036511410025,44.26732284868585,0.0,0.0,1.5976605684533365,0.0,38.938815781653055,44.26732284868585,14.997681965693092,BNP-led Coalition,37.63276828581391,39.83953812729662,5.010309890077287,4.913144738989185,1.008804001880532,1
Mymensingh,Tarakanda,ময়মনসিংহ,তারাকান্দা,277495,106918,112417,36022,70896,63743,43553,31784,31497,240549,15889,471,61,0,20525,276818,156306,56.46525876207472,40.52179698795952,0.0,0.0,1.5053804716389645,40.95428198533646,16.25657364400599,40.52179698795952,40.95428198533646,Jamaat-led Coalition,38.52970323789618,40.51136056505523,6.390240105848932,6.183212048099,1.0024456502106076,1
Mymensingh,Dhobaura,ময়মনসিংহ,ধোবাউড়া,189404,75922,79342,26797,49125,43349,28586,21288,20258,159198,7415,7701,860,2,14228,188079,98250,52.23868693474551,33.16437659033079,0.0,0.0,1.8055979643765905,25.521628498727736,39.25394402035624,33.16437659033079,25.521628498727736,Independent,40.08468670144242,41.89035078456632,9.121112481161804,4.232885783440654,1.0070449119784772,1
Mymensingh,Nandail,ময়মনসিংহ,নান্দাইল,384028,144685,152550,49436,95249,92174,61623,42778,42767,338448,9363,131,62,0,36024,381273,191928,50.33873366328064,44.30776124379976,0.0,0.0,2.873994414572131,0.0,15.801758992955692,44.30776124379976,36.487120170063776,BNP-led Coalition,37.67563823471205,39.723665982688765,2.7459454489028863,2.6904863162492387,1.0072257935914686,1
Mymensingh,Fulpur,ময়মনসিংহ,ফুলপুর,298493,113709,120144,36467,77242,72689,46037,34120,31937,261929,10906,626,81,0,24951,295968,160707,54.29877554330198,33.92633799398906,0.0,0.0,0.902263124817214,50.23489953766793,14.568749338858916,33.92633799398906,50.23489953766793,Jamaat-led Coalition,38.094360671774545,40.2501901217114,4.24541752272046,3.986956299215477,1.008531327711104,1
Mymensingh,Fulbaria,ময়মনসিংহ,ফুলবাড়ীয়া,412343,151772,161099,53555,98217,101578,66330,47394,45268,361253,13153,1068,131,0,36738,413309,230781,55.83740010500618,21.229650621151656,32.90825501232771,0.0,0.8397571723842084,0.0,45.02233719413643,21.229650621151656,32.90825501232771,Independent,36.807221172664505,39.06917299432754,3.82103539622742,3.50181706846288,0.9976627656305572,1
Mymensingh,Bhaluka,ময়মনসিংহ,ভালুকা,358640,118088,125329,40614,77474,94836,63445,44021,38250,299472,19987,871,205,2,38103,355146,199527,56.18168302613573,55.23763701153227,0.0,10.79001839350063,0.9056418429585972,0.0,32.873245224957024,55.23763701153227,10.79001839350063,BNP-led Coalition,32.9266116439884,34.94562792772697,6.571784224598097,6.235473595871928,1.0098382073851315,1
Mymensingh,Muktagachha,ময়মনসিংহ,মুক্তাগাছা,387664,139693,147060,46424,93269,96198,64243,46986,40543,331695,18896,761,143,2,36167,384617,233330,60.66554520471014,54.82235460506579,43.23318904555779,0.0,1.54545064929499,0.0,0.0,54.82235460506579,43.23318904555779,BNP-led Coalition,36.034555697717614,37.934912707912005,5.633618494610196,5.375863805380985,1.0079221667268998,1
Mymensingh,Haluaghat,ময়মনসিংহ,হালুয়াঘাট,293632,108914,115781,39340,69574,71465,46474,34864,31913,243192,13453,10583,709,1,25694,292159,166423,56.96316047083951,41.1517638787908,0.0,0.0,0.7931595993342266,16.543386430962066,41.26472903384749,41.1517638787908,16.543386430962066,Independent,37.092006320836965,39.430647885789014,9.235718711045092,5.020937679612448,1.0050417751977518,1
Magura,Magura Sadar,মাঙ্গরা,মাঙ্গরা সদর,344198,117937,123148,41868,76069,79808,62688,44541,39219,238867,71545,434,197,5,33150,338824,227774,67.22487190990013,61.45389728415008,30.460456417325947,0.0,6.830015717333849,0.0,0.3722988576395901,61.45389728415008,30.460456417325947,BNP-led Coalition,34.26428974020767,35.778243917745016,23.20574316504205,23.00127311540341,1.015860741860081,1
Magura,Mohammadpur,মাঙ্গরা,মোহাম্মদপুর,194138,71018,74161,25421,45597,45540,32375,23441,21764,152529,25036,182,99,1,16291,192073,131054,68.23134953897737,46.34120286294199,49.346834129442826,0.0,3.4993208906252384,0.0,0.0,46.34120286294199,49.346834129442826,Jamaat-led Coalition,36.58119482017946,38.20014628769226,14.235831922945003,14.077268663514143,1.0107511206676627,1
Magura,Shalikha,মাঙ্গরা,শালিখা,150648,49612,52267,16786,32826,36037,26944,19557,18494,96384,45019,388,31,0,8826,148802,101880,68.46682168250426,57.72673733804476,34.1421279937181,0.0,6.822732626619552,0.0,0.0,57.72673733804476,34.1421279937181,BNP-led Coalition,32.932398704264244,34.69478519462588,32.03875280280916,31.743312039034848,1.0124057472345802,1
Magura,Sreepur,মাঙ্গরা,শ্রীপুর,157320,51793,54391,18722,33071,37605,27614,20696,19610,107879,39495,208,43,1,9694,157492,109052,69.24288217814238,64.96166966217952,31.36026849576349,0.0,2.163188203792686,0.0,0.309026886256098,64.96166966217952,31.36026849576349,BNP-led Coalition,32.922069666920926,34.57348080345792,26.924119057618576,26.75341741969572,0.9989078810352272,1
Madaripur,Kalkini,মাদারীপুর,কালকিনী,268221,98437,103541,33692,64745,66184,43497,30451,29650,182726,48801,551,268,0,35875,197428,98875,50.08154871649411,42.57597977243995,49.62730720606827,0.0,6.122882427307206,0.0,0.2042983565107459,42.57597977243995,49.62730720606827,Jamaat-led Coalition,36.699960107523275,38.60286853005544,21.3560810171038,21.00358947431847,1.358576291103592,1
Madaripur,Madaripur Sadar,মাদারীপুর,মাদারীপুর সদর,342279,119275,125369,38827,80448,87647,59798,39726,35829,253095,46691,573,229,0,41691,337741,146971,43.51588939453605,46.18462145593348,15.386028536241843,0.0,11.861523701954807,15.897694102918262,9.854325002891729,46.18462145593348,31.283722639160107,BNP-led Coalition,34.84730293123446,36.627721829267934,15.800031937402691,15.533221552423916,1.0134363313900296,1
Madaripur,Rajoir,মাদারীপুর,রাজৈর,212579,72790,76025,24846,47944,54189,37122,25259,23218,130309,67920,1191,38,1,13120,211001,92911,44.033440599807584,23.591393914606453,0.0,0.0,4.458029727373508,12.433404010289417,58.99086222298759,23.591393914606453,12.433404010289417,Independent,34.24138790755437,35.76317510196209,34.66877904732301,34.052110960147196,1.0074786375420022,1
Madaripur,Shibchar,মাদারীপুর,শিবচর,323496,113342,119360,37814,75528,82190,54653,36719,36585,256741,31008,267,415,0,35065,324263,178671,55.100643613363225,36.410497506590325,0.4169674989226007,0.0,3.4499163266562567,35.54633936117221,22.22800566404173,36.410497506590325,35.96330686009481,BNP-led Coalition,35.03660014343299,36.896901352721514,10.987029826891009,10.750578127871137,0.9976346360824392,1
Manikganj,Ghior,মানিকগঞ্জ,ঘিওর,139899,42542,45045,14741,27801,33853,25618,19121,18765,108073,18266,2269,41,1,11249,138682,92833,66.93947303903896,50.23536888821863,26.141566037939096,0.0,0.5310611528228109,0.0,22.851787618626997,50.23536888821863,26.141566037939096,BNP-led Coalition,30.40908083688947,32.19822872214955,15.994558880684028,14.198212203653323,1.0087754719430062,1
Manikganj,Daulatpur,মানিকগঞ্জ,দৌলতপুর,161270,55145,58064,19529,35616,38922,27399,19796,20008,130905,9954,832,84,0,19495,159273,96723,60.727806972933266,35.15399646412953,20.051073684645843,0.0,1.6976313803335297,0.0,42.3901243757948,35.15399646412953,20.051073684645843,Independent,34.194208470267256,36.00421653128294,7.667078116734262,7.020983953447364,1.0125382205395768,1
Manikganj,Manikganj Sadar,মানিকগঞ্জ,মানিকগঞ্জ সদর,290741,85841,90272,30116,55725,71524,55134,39244,38998,224016,31838,3817,110,0,30960,287998,182680,63.43099604858367,63.94514998905189,0.0,0.0,0.9311364134004816,26.409021239325597,6.9553317276111235,63.94514998905189,26.409021239325597,BNP-led Coalition,29.52490360836621,31.04894046591296,13.767365588707412,12.255707692248471,1.0095243716970257,1
Manikganj,Shibalay,মানিকগঞ্জ,শিবালয়,160674,50257,52971,17646,32611,38333,28358,21050,22676,122120,22963,283,56,1,15251,159324,105449,66.18525771384098,53.294957752088685,24.60810439169646,0.0,1.0241917893958217,0.0,20.664017676791623,53.294957752088685,24.60810439169646,BNP-led Coalition,31.27886279049504,32.96799731132604,16.024287767409557,15.790487061881546,1.0084732996911954,1
Manikganj,Saturia,মানিকগঞ্জ,সাটুরিয়া,157695,47854,50571,17622,30232,38734,29704,21266,20137,128053,13182,1328,51,0,15081,155781,108341,69.54699225194344,62.73986764013624,0.0,0.0,1.179608827682964,21.15081086569258,11.008759380105408,62.73986764013624,21.15081086569258,BNP-led Coalition,30.34592092330131,32.06886711690288,10.210077551993493,9.2431318103412,1.0122864790956536,1
Manikganj,Singair,মানিকগঞ্জ,সিংগাইর,279446,82455,86503,27801,54654,73695,56074,35028,32192,228080,18646,1384,158,3,31175,276231,153717,55.64799026901398,62.34704034036574,0.0,0.0,1.8033138820039425,33.46734583683002,0.0,62.34704034036574,33.46734583683002,BNP-led Coalition,29.506595191915434,30.955175597432063,8.132645375416379,7.510341521965916,1.011638809547082,1
Manikganj,Harirampur,মানিকগঞ্জ,হরিরামপুর,144549,43851,46207,14758,29093,34677,26000,19246,20774,108506,22715,1062,38,0,12228,143329,83664,58.371997292941415,71.9293842034806,0.0,0.0,0.9406674316312872,24.040208452859055,0.0,71.9293842034806,24.040208452859055,BNP-led Coalition,30.336425710312767,31.966322838622197,17.997899048525934,17.166587314182934,1.008511885243042,1
Munshiganj,Gazaria,মুস্পীগঞ্জ,গজারিয়া,153899,52943,55410,18501,34442,39158,26946,18014,16838,124457,11136,317,65,3,17921,150330,83892,55.805228497305926,55.86468316406809,0.0,0.0,3.0300863014351784,16.359128403185046,24.42664378009822,55.86468316406809,16.359128403185046,BNP-led Coalition,34.40113321074211,36.00413258045861,8.47269411228287,8.18956007589463,1.023741102906938,1
Munshiganj,Tongibari,মুস্পীগঞ্জ,টংগীবাড়ী,201065,63110,66449,21489,41621,52480,37385,25166,22924,150131,29072,574,89,0,21199,198477,103339,52.06598245640553,61.468564627101095,0.0,30.323498388798033,6.757371369957132,0.0,0.0,61.468564627101095,30.323498388798033,BNP-led Coalition,31.387859647377713,33.0485166488449,16.531751414942235,16.163143673623697,1.0130392942255273,1
Munshiganj,Munshiganj Sadar,মুস্পীগঞ্জ,মুস্পীগঞ্জ সদর,355301,114506,120088,38696,75810,92428,67273,42545,38547,266257,38383,339,209,0,50113,349700,186351,53.28881898770375,40.67592875809628,0.0,0.0,1.999452645813545,20.35835600560233,36.29763188821096,40.67592875809628,20.35835600560233,BNP-led Coalition,32.227885651883895,33.7989479342867,12.756399334180898,12.576837883534084,1.0160165856448384,1
Munshiganj,Louhajang,মুস্পীগঞ্জ,লৌহজং,176429,56660,59332,19597,37063,46107,31925,21696,20040,132651,21587,782,66,0,21343,174355,89902,51.5626165008173,62.64043069119708,0.0,28.268559097684143,6.9297679695668615,0.0,0.0,62.64043069119708,28.268559097684143,BNP-led Coalition,32.114901745177946,33.62939199337978,14.466167158866693,13.919373766813251,1.0118952711422098,1
Munshiganj,Sreenagar,মুস্পীগঞ্জ,শ্রীনগর,270837,85470,90136,28985,56485,68055,51586,34745,30981,203008,33174,1798,134,1,32722,266496,149904,56.25,47.21621837976305,33.06049204824421,0.0,3.6143131604226704,0.0,15.866154338776818,47.21621837976305,33.06049204824421,BNP-led Coalition,31.55772660308599,33.28053404815442,14.74371627154946,13.931923650337025,1.0162891750720462,1
Munshiganj,Sirajdikhan,মুস্পীগঞ্জ,সিরাজদিখান,274017,89231,93669,30527,58704,69483,51543,34354,29406,195065,44078,2434,1722,2,30716,269989,154045,57.05602820855665,61.62809568632542,31.570644941413224,0.0,2.2714141971501833,0.0,4.290953942029926,61.62809568632542,31.570644941413224,BNP-led Coalition,32.56403799764248,34.18364554024021,19.825648065564877,18.116653856745348,1.0149191263347763,1
Meherpur,Gangni,মেহেরপুর,গাংনী,270679,80737,85174,29273,51464,69867,53696,36830,29549,236552,5638,97,153,1,28238,267563,181904,67.98548379260211,46.97807634796376,52.03733837628639,0.0,0.0,0.0,0.0,46.97807634796376,52.03733837628639,Jamaat-led Coalition,29.827581748122313,31.46679276929499,2.429044592292558,2.3255142488275498,1.011645855368642,1
Meherpur,Mujibnagar,মেহেরপুর,মুজিবনগর,89193,28234,29471,10758,17476,20588,17478,12999,9894,74266,7619,42,33,1,7232,88186,65344,74.09792937654503,41.163687561214495,57.73445151811949,0.0,0.0,0.0,0.0,41.163687561214495,57.73445151811949,Jamaat-led Coalition,31.654950500599824,33.04183063693339,9.388611656763583,9.295884628054807,1.0114190461070918,1
Meherpur,Meherpur Sadar,মেহেরপুর,মেহেরপুর সদর,226622,67824,71157,24625,43199,54864,45204,33149,25581,195061,6233,152,71,0,25105,225269,163075,72.39123004052932,47.76268588072973,51.34753947570137,0.0,0.0,0.0,0.0,47.76268588072973,51.34753947570137,Jamaat-led Coalition,29.9282505670235,31.39898156401409,3.20369993598555,3.093039296932765,1.006006152644172,1
Moulvibazar,Kamalganj,মৌলভীবাজার,কমলগঞ্জ,220693,82113,86564,25277,56836,51835,36737,27411,22594,137683,44880,20752,252,1,17125,218375,119475,54.71093302804808,70.38711027411593,0.0,1.095626700146474,0.0,18.422264071981587,9.807072609332495,70.38711027411593,1.095626700146474,BNP-led Coalition,37.20688920808544,39.22371801552383,32.365106500039296,22.046687102098563,1.0106147681740123,1
Moulvibazar,Kulaura,মৌলভীবাজার,কুলাউড়া,303018,110861,116908,35552,75309,74508,52587,36817,28240,211449,47164,13966,294,19,30126,297429,161450,54.281862225943,41.94549396097863,31.683493341591824,0.0,0.3109321771446268,0.0,25.406627438835553,41.94549396097863,31.683493341591824,BNP-led Coalition,36.58561537598427,38.58120639697972,22.51550063761488,17.28302771792504,1.0187910392059951,1
Moulvibazar,Juri,মৌলভীবাজার,জুড়ী,123710,47065,49780,15366,31699,30369,20334,14685,11257,76452,23638,13831,405,0,9384,114570,64176,56.01466352448285,62.06369982547993,33.509411618050365,0.0,0.0,0.0,3.354836699077537,62.06369982547993,33.509411618050365,BNP-led Coalition,38.04462048338857,40.239269258750305,33.12807235449504,20.67596172349247,1.0797765558174042,1
Moulvibazar,Baralekha,মৌলভীবাজার,বড়লেখা,214090,80321,84392,26295,54026,51443,35559,25893,20873,162226,25897,6396,214,0,19357,216683,121080,55.87886451636723,47.65774694416915,47.996366038982494,0.0,0.0,0.0,3.470432771721176,47.65774694416915,47.996366038982494,Jamaat-led Coalition,37.51739922462516,39.418935961511515,16.693113134394274,13.298721839647106,0.988033209804184,1
Moulvibazar,Moulvibazar Sadar,মৌলভীবাজার,মৌলভীবাজার সদর,289369,99461,105176,31834,67627,71743,50649,35615,31893,210223,47058,1956,81,8,30043,285376,138896,48.671226732451224,68.69168298583112,29.080031102407556,0.0,0.0,1.578879161386937,0.0,68.69168298583112,29.080031102407556,BNP-led Coalition,34.37168459648407,36.34667155085721,18.93485419896193,18.146271488396845,1.0139920666068625,1
Moulvibazar,Rajnagar,মৌলভীবাজার,রাজনগর,196832,69074,72829,21467,47607,48483,34252,24409,20611,137158,36856,7425,43,0,15350,194082,97803,50.39261755340526,61.27828389722197,35.79235810762451,0.0,0.0,2.156375571301494,0.0,61.27828389722197,35.79235810762451,BNP-led Coalition,35.09287107787352,37.00058933506747,24.423358790403455,20.308350139407764,1.0141692686596386,1
Moulvibazar,Sreemangal,মৌলভীবাজার,শ্রীমঙ্গল,267179,95062,100173,29815,65247,65395,46291,33317,27095,143009,70084,32910,586,9,20581,264683,139397,52.665641541013215,61.34493568728165,0.0,2.127735891016306,0.0,19.497550162485563,16.623743696062327,61.34493568728165,2.127735891016306,BNP-led Coalition,35.579892132240936,37.49284187754277,42.00723444634587,28.420344041719723,1.009430148517283,1
Jashore,Keshabpur,যশোর,কেশবপুর,228828,75558,79728,26718,48840,55278,41798,30740,25454,172682,42341,74,52,0,13679,226423,173231,76.50768693993102,45.78914859349654,52.54140425212577,0.0,0.7360114529154712,0.0,0.0,45.78914859349654,52.54140425212577,Jamaat-led Coalition,33.019560543290154,34.84188997849913,19.73841384342944,19.67984977852558,1.01062171245854,1
Jashore,Chaugachha,যশোর,চৌগাছা,206958,69246,73514,24340,44906,51288,37461,27167,21794,171797,16749,58,83,0,18271,205886,147969,71.86938402805436,45.60144354560752,51.56012408004379,0.0,2.251823016983287,0.0,0.3852158222330353,45.60144354560752,51.56012408004379,Jamaat-led Coalition,33.45896268808164,35.521216865257685,8.95133210025068,8.87660517152745,1.005206764908736,1
Jashore,Jhikargachha,যশোর,ঝিকরগাছা,275553,87184,92600,32175,55009,70888,50310,37822,29346,231078,17412,84,125,0,26854,271670,181901,66.95660175948761,42.64957311944409,55.62311367172253,0.0,1.2990582789539364,0.0,0.238591321652987,42.64957311944409,55.62311367172253,Jamaat-led Coalition,31.639648270931545,33.60515037034617,7.085271754208903,7.001234423942195,1.014293076158575,1
Jashore,Manirampur,যশোর,মনিরামপুর,374234,121058,128434,41323,79735,90865,68110,51382,42816,280878,68704,166,54,0,24432,369078,277937,75.3057619256634,19.578177788491637,46.987626692379926,0.0,1.5751771084814183,0.0,31.069630887575244,19.578177788491637,46.987626692379926,Jamaat-led Coalition,32.34820994351128,34.31916928980264,19.7037181033842,19.64082538121566,1.013969946732127,1
Jashore,Jashore Sadar,যশোর,যশোর সদর,613208,195861,206581,65591,130270,152981,112336,82211,69810,475060,64443,341,301,14,73049,639792,427075,66.752163203041,48.71556518175965,46.68336943159866,0.0,3.1647837030966457,0.0051513200257566,0.0266932037698296,48.71556518175965,46.68336943159866,BNP-led Coalition,31.94038564402291,33.68856896844138,12.051821778402283,11.930376055939083,0.9584489959236752,1
Jashore,Sharsha,যশোর,শার্শা,311574,103060,108793,34790,68270,83061,56456,39561,29429,271452,10676,116,98,10,29222,308417,213480,69.21797436587477,43.561457747798386,54.98266816563613,0.0,0.8155330710136781,0.0,0.0,43.561457747798386,54.98266816563613,Jamaat-led Coalition,33.07721440171516,34.91722672623518,3.860429534765116,3.781095936986457,1.0102361413281369,1
Rangpur,Kaunia,রংপুর,কাউনিয়া,214253,73477,78482,26696,46781,55207,36846,26231,22491,182872,15495,80,39,1,15766,199665,131013,65.61640748253325,50.1934922488608,0.0,41.08294596719409,2.039492264126461,0.0831978505949791,0.0915939639577751,50.1934922488608,41.08294596719409,BNP-led Coalition,34.29450229401689,36.63052559357395,7.86701396061203,7.806556600684176,1.0730623794856384,1
Rangpur,Gangachara,রংপুর,গংগাচড়া,250980,89738,94737,34642,55096,63570,42577,29182,25811,207666,24400,533,44,1,18336,248632,144447,58.09670517069404,33.46694635402604,64.65347151550395,0.0,1.463512568623786,0.0,0.0,33.46694635402604,64.65347151550395,Jamaat-led Coalition,35.75504024225038,37.74683241692565,10.73657605612008,10.488127783222437,1.0094436757939445,1
Rangpur,Taraganj,রংপুর,তারাগঞ্জ,126352,44575,47176,16368,28207,31669,22203,15111,12793,95397,17860,259,26,0,12810,125395,81024,64.61501654770925,27.27586887835703,53.164494470774095,0.0,3.6569411532385465,0.0,0.0,27.27586887835703,53.164494470774095,Jamaat-led Coalition,35.27842851715842,37.336963403824235,15.980870514875551,15.72986207746913,1.0076318832489333,1
Rangpur,Pirganj,রংপুর,পীরগঞ্জ,355727,118174,124794,45080,73094,83751,63143,46120,44533,295898,34411,4660,56,0,20702,352852,239898,67.98827837166857,48.73696320936398,49.55856238901533,0.0,0.8645340936564707,0.0,0.2221777588808577,48.73696320936398,49.55856238901533,Jamaat-led Coalition,33.220419029199356,35.08139668903401,11.678829938064323,10.271173793000523,1.008147892034054,1
Rangpur,Pirgachha,রংপুর,পীরগাছা,297312,95528,100875,34812,60716,74924,52477,38208,36169,248850,27558,274,60,1,20569,292692,187241,63.97202520055212,35.65832269641798,0.0,49.59811152471948,0.896705315609295,0.1169615629055602,0.0859854412228091,35.65832269641798,49.59811152471948,Jamaat-led Coalition,32.130556452480896,33.929003874717466,10.079026389104692,9.957975450146888,1.0157845106801688,1
Rangpur,Badarganj,রংপুর,বদরগঞ্জ,254551,84965,90184,31557,53408,63566,45281,32756,27982,197051,31329,2190,53,0,23928,252407,172850,68.48066812727063,33.417413942724906,52.71102111657507,0.0,1.6586635811397166,0.0,0.0,33.417413942724906,52.71102111657507,Jamaat-led Coalition,33.378379971007774,35.428656732835464,14.557091010003338,13.584508049934309,1.0084942176722516,1
Rangpur,Mithapukur,রংপুর,মিঠাপুকুর,469140,148436,158536,54777,93659,113970,84665,63248,58814,390287,40447,5228,80,1,33097,464741,308813,66.44840889871993,37.00070916703636,56.39302749560414,0.0,0.7681023791096877,0.0,0.0812789617017418,37.00070916703636,56.39302749560414,Jamaat-led Coalition,31.640022168222707,33.79289764249478,10.493460507335286,9.275920035409351,1.0094654872283702,1
Rangamati,Kawkhali,রাঙ্গামাটি,কাউখালী,53476,19923,20898,7564,12359,13371,9315,5787,5077,18061,2880,28820,6,771,2938,53054,31239,58.88151694499943,60.58132462626845,0.0,0.0,1.0915842376516534,7.11930599571049,29.7448701943084,60.58132462626845,7.11930599571049,BNP-led Coalition,37.25596529284165,39.07921310494427,64.26253512208635,5.6986821797459335,1.007954159912542,1
Rangamati,Kaptai,রাঙ্গামাটি,কাপ্তাই,35482,11930,12685,4226,7704,8755,6124,4631,4042,14960,2952,14385,15,389,2781,50289,24512,48.74226968124242,83.82016971279373,0.0,0.0,1.0239882506527416,11.631037859007831,1.2442885117493472,83.82016971279373,11.631037859007831,BNP-led Coalition,33.62268192322868,35.7505213911279,54.25216354239931,9.027246873184309,0.7055618524925928,1
Rangamati,Jurachhari,রাঙ্গামাটি,জুরাছড়ি,20973,7676,8099,3220,4456,5182,3621,2307,2187,289,347,20198,1,14,124,20904,11385,54.463260619977035,95.92446201141853,0.0,0.0,0.2810715854194115,0.6148440931049627,1.756697408871322,95.92446201141853,0.6148440931049627,BNP-led Coalition,36.599437371859054,38.61631621608735,98.61384239052232,1.6643484099956831,1.003300803673938,1
Rangamati,Naniarchar,রাঙ্গামাটি,নানিয়ারচর,40959,14821,15447,5841,8980,9196,7117,4459,5364,4959,2278,32916,1,82,723,40730,17677,43.40044193469188,37.082084064038014,0.0,0.0,1.6631781410872886,4.259772585846014,55.04893364258641,37.082084064038014,4.259772585846014,Independent,36.18496545325814,37.71332307917674,87.67521622427677,5.661596580176956,1.0056223913577216,1
Rangamati,Barkal,রাঙ্গামাটি,বরকল,42072,15594,16320,6188,9406,9643,6907,4595,5332,7721,935,32469,1,26,920,41656,21338,51.224313424236605,89.28203205548786,0.0,0.0,1.5840284937669884,5.309775986502952,2.310432092979661,89.28203205548786,5.309775986502952,BNP-led Coalition,37.06503137478608,38.7906446092413,81.2378499222395,2.2720645412130636,1.009986556558479,1
Rangamati,Baghaichhari,রাঙ্গামাটি,বাঘাইছড়ি,81244,30199,31633,11726,18473,19218,13969,9021,8837,16599,2160,60580,1,163,1741,80596,43154,53.54360017866892,79.73536636233025,0.0,0.0,0.479677434305047,4.180377253557029,14.79353014784261,79.73536636233025,4.180377253557029,BNP-led Coalition,37.17074491654768,38.93579833587711,79.12154258329875,2.716878608354402,1.0080401012457194,1
Rangamati,Belaichhari,রাঙ্গামাটি,বিলাইছড়ি,24656,9358,9739,3902,5456,5938,4022,2605,2733,2048,582,21518,1,189,318,24515,11926,48.64776667346523,91.28794231091732,0.0,0.0,0.4527922186818715,3.0605399966459834,2.582592654704008,91.28794231091732,3.0605399966459834,BNP-led Coalition,37.95425048669695,39.499513303049966,91.58517544580492,2.3913222121784865,1.0057515806648991,1
Rangamati,Rangamati Sadar,রাঙ্গামাটি,রাঙ্গামাটি সদর,104803,33546,35355,11415,22131,25980,19985,13037,12255,31752,13704,50235,33,2362,6717,103274,48790,47.24325580494607,81.83849149415865,0.0,0.0,0.9284689485550318,7.546628407460545,7.212543554006968,81.83849149415865,7.546628407460545,BNP-led Coalition,32.00862570727937,33.73472133431295,67.62840772383419,13.971412841791896,1.0148052752871004,1
Rangamati,Rajasthali,রাঙ্গামাটি,রাজস্থালী,21717,7733,8135,2801,4932,5030,3867,2656,2431,4035,1969,14810,3,172,728,21625,12076,55.84277456647399,90.28651871480622,0.0,0.0,0.935740311361378,5.407419675389201,0.6873136800264988,90.28651871480622,5.407419675389201,BNP-led Coalition,35.60804899387576,37.45913339779896,80.77564438515412,9.38110438801277,1.0042543352601156,1
Rangamati,Langadu,রাঙ্গামাটি,লংগদু,68151,28155,29447,11129,17026,15931,10546,6817,6700,44695,1605,17838,4,59,3950,67264,38501,57.238641769743104,72.02150593491078,0.0,0.0,3.8518480039479495,21.404638840549595,1.768785226357757,72.02150593491078,21.404638840549595,BNP-led Coalition,41.31267332834441,43.208463558861936,30.382704319247363,2.4999610597965765,1.0131868458610849,1
Rajbari,Kalukhali,রাজবাড়ী,কালুখালী,143367,49173,51872,17002,32171,36062,24598,16960,16572,107272,25457,245,51,0,10342,141418,88125,62.31526396922598,64.50269503546099,0.0,20.399432624113476,2.7302127659574467,0.0839716312056737,11.45645390070922,64.50269503546099,20.399432624113476,BNP-led Coalition,34.29868798259014,36.18126905075785,19.359518887427175,19.13700432249577,1.0137818382384138,1
Rajbari,Goalanda,রাজবাড়ী,গোয়ালন্দ,107123,36441,38147,13243,23198,27520,18451,12392,12317,86135,11295,40,27,0,9626,106203,60767,57.2177810419668,58.57290963845508,33.06399855184557,0.0,0.0,0.0,0.0,58.57290963845508,33.06399855184557,BNP-led Coalition,34.01790465166211,35.610466473119686,11.65369190846898,11.584971845287548,1.008662655480542,1
Rajbari,Pangsha,রাজবাড়ী,পাংশা,225756,75539,79668,27198,48341,58165,38741,27006,26301,168461,40055,55,75,0,17110,222298,142826,64.24979082132992,68.29708876535085,0.0,14.099673728872894,2.21598308431238,0.0854186212594345,14.76551888311652,68.29708876535085,14.099673728872894,BNP-led Coalition,33.460461737451055,35.28942752352097,19.259894749959265,19.197588259540083,1.0155556955078318,1
Rajbari,Baliakandi,রাজবাড়ী,বালিয়াকান্দি,190265,63827,67447,22055,41772,46704,32889,23582,23260,129784,48666,276,58,0,11481,187891,117767,62.678361390380594,68.32049725305052,0.0,23.077772211230652,2.371632121052587,0.0815168935270491,4.978474445303013,68.32049725305052,23.077772211230652,BNP-led Coalition,33.5463695372244,35.448979055527815,27.407374261678896,27.220556649364596,1.0126349851775764,1
Rajbari,Rajbari Sadar,রাজবাড়ী,রাজবাড়ী সদর,322575,107539,113396,37174,70365,80938,56750,40277,37066,248045,47218,300,72,0,26940,321842,203376,63.191255336469446,58.17303909999213,38.78235386672961,0.0,0.0039336008181889,0.3225552670914955,0.0009834002045472,58.17303909999213,39.1049091338211,BNP-led Coalition,33.33767340928466,35.15337518406572,16.0975527254892,15.97172188678607,1.002277515053971,1
Rajshahi,Godagari,রাজশাহী,গোদাগাড়ী,296595,109840,115284,42265,67575,70366,51953,36878,27556,233831,15868,13762,47,1,33086,294300,211948,72.01766904519198,48.75535508709684,50.70111536792043,0.0,0.0,0.0,0.1627757751901409,48.75535508709684,50.70111536792043,Jamaat-led Coalition,37.0336654360323,38.86916502301118,11.262613421173471,6.021805706825953,1.0077981651376149,1
Rajshahi,Charghat,রাজশাহী,চারঘাট,187155,61891,65109,22341,39550,45724,35949,25151,18440,156342,10446,327,33,2,20005,184881,129624,70.11212617846074,63.22054557797939,35.344534962661236,0.0,0.4165895204591742,0.0,0.0,63.22054557797939,35.344534962661236,BNP-led Coalition,33.06938099436296,34.78881141299992,6.466048459467544,6.249476518097517,1.0122998036574875,1
Rajshahi,Tanore,রাজশাহী,তানোর,171870,58977,62196,21507,37470,43843,32667,21498,14885,125771,16709,11342,31,1,18016,170401,128972,75.68734925264523,50.921130167788355,48.32366715256025,0.0,0.0,0.0,0.2364854386998728,50.921130167788355,48.32366715256025,BNP-led Coalition,34.31488916041194,36.18781637283994,18.2530190960261,10.86029612489763,1.0086208414269868,1
Rajshahi,Durgapur,রাজশাহী,দূর্গাপুর,164318,52455,55190,19478,32977,38582,32091,24099,17090,134497,11346,1771,37,0,16667,163115,101158,62.016368819544496,72.0071571205441,24.918444413689475,0.0,0.1996876173906166,0.0,2.5524427133790706,72.0071571205441,24.918444413689475,BNP-led Coalition,31.922856899426723,33.58731240643143,8.908845859492994,7.684336712924396,1.007375164761058,1
Rajshahi,Paba,রাজশাহী,পবা,273024,96420,101213,36243,60177,67705,51258,34293,23346,228821,9967,1266,89,0,32881,271473,206317,75.99908646532067,55.40794020851408,43.180639501349866,0.0,0.4110179965780813,0.0,0.2268354037718656,55.40794020851408,43.180639501349866,BNP-led Coalition,35.31557665260197,37.071099976558834,4.714690830047097,4.150443693965679,1.00571327535335,1
Rajshahi,Puthia,রাজশাহী,পুঠিয়া,188853,60998,64284,22281,38717,47120,36092,25803,18839,151222,15704,1884,49,1,19993,187097,134892,72.09736126180537,59.18512587848056,35.08584645494173,0.0,0.3024641935770839,0.0,4.9787978530972925,59.18512587848056,35.08584645494173,BNP-led Coalition,32.299195670706844,34.03917332528474,10.445339334359824,9.300011844131234,1.0093855059140446,1
Rajshahi,Bagmara,রাজশাহী,বাগমারা,319895,99865,105413,36191,63674,79626,64588,44085,31731,255656,27755,8645,44,0,27795,316521,224580,70.95263821357824,48.38543058152997,50.56861697390685,0.0,0.2872027785199038,0.0,0.0,48.38543058152997,50.56861697390685,Jamaat-led Coalition,31.21805592460026,32.95237499804623,12.476549127011298,9.501882916809311,1.0106596402766326,1
Rajshahi,Bagha,রাজশাহী,বাঘা,169783,57027,59844,20830,36197,39780,31986,22928,18061,141516,14031,598,29,0,13609,167995,113618,67.63177475520105,57.57010332869792,40.17409213328874,0.0,0.9206287736098152,0.0,0.0,57.57010332869792,40.17409213328874,BNP-led Coalition,33.5881684267565,35.24734514056178,9.385685197279956,8.984209919704945,1.0106431739039852,1
Rajshahi,Mohanpur,রাজশাহী,মোহনপুর,150561,49936,52808,17838,32098,37003,29680,20027,13913,120647,9573,777,53,0,19511,149364,110781,74.16847433116413,55.29287513201722,42.883707494967545,0.0,0.2626804235383324,0.0,0.6156290338595969,55.29287513201722,42.883707494967545,BNP-led Coalition,33.16662349479613,35.07415598993099,7.938191529950401,7.304845478824876,1.0080139792721137,1
Lakshmipur,Kamalnagar,লক্ষ্মীপুর,কমলনগর,189441,74850,78125,24094,50756,49355,29614,18223,17399,157787,4267,154,24,1,27208,186264,102017,54.770111239960485,54.8065518492016,24.754697746454024,0.0,12.870403952282462,0.0,0.6626346589293941,54.8065518492016,24.754697746454024,BNP-led Coalition,39.510982311115335,41.23975274623761,2.7405028570019665,2.630167721733556,1.0170564360262853,1
Lakshmipur,Ramganj,লক্ষ্মীপুর,রামগঞ্জ,281248,99743,104931,30380,69363,69151,47246,34376,30726,239236,10750,406,93,7,30756,271062,151745,55.98165733300869,55.19984183992883,0.0,37.156413720386176,7.024943161224423,0.0,0.1924280865926389,55.19984183992883,37.156413720386176,BNP-led Coalition,35.464429969279784,37.30906530890886,4.493556680452869,4.291554221292496,1.0375781186591997,1
Lakshmipur,Ramgati,লক্ষ্মীপুর,রামগতী,228367,90969,94723,30828,60141,55697,35348,21929,24423,183880,10810,102,31,2,33542,231305,130306,56.335141912193855,45.790677328749254,35.2286157199208,0.5663591853022885,6.054210857519991,0.0,0.7390296686261569,45.790677328749254,35.79497490522309,BNP-led Coalition,39.834564538659265,41.47840975272259,5.617862184011292,5.548569228795072,0.9872981561142214,1
Lakshmipur,Raipur,লক্ষ্মীপুর,রায়পুর,263654,93216,98222,30270,62946,66862,44675,30439,28436,216668,12747,275,85,5,33874,257896,148596,57.61857492942892,52.40046838407494,44.81479986002315,0.0,1.8782470591402192,0.0,0.0,52.40046838407494,44.81479986002315,BNP-led Coalition,35.35542794723388,37.254128516919906,5.706327791800853,5.547480198450692,1.022326829419611,1
Lakshmipur,Lakshmipur Sadar,লক্ষ্মীপুর,লক্ষীপুর সদর,673499,247549,260063,83968,163581,165909,109908,74978,75143,555348,26267,1399,166,2,90317,660671,392474,59.40536212426457,51.219698629718145,45.64251389900987,0.0,2.2549264409871737,0.0,0.0,51.219698629718145,45.64251389900987,BNP-led Coalition,36.75565962236024,38.6137173180658,4.772781052913156,4.5040827734738045,1.019416623402571,1
Lalmonirhat,Aditmari,লালমনিরহাট,আদিতমারী,206750,72276,76699,26249,46027,50747,34996,25202,23519,160943,34233,29,22,0,11523,205621,125728,61.14550556606572,46.55367141766353,40.26469839653856,0.0,4.108074573682871,0.0,0.8168427080682107,46.55367141766353,40.26469839653856,BNP-led Coalition,34.95816203143894,37.09746070133011,17.56109554518586,17.53497210939061,1.0054906843172633,1
Lalmonirhat,Kaliganj,লালমনিরহাট,কালীগঞ্জ,226190,81206,86050,29598,51608,54987,37566,27161,25266,169917,40717,48,29,0,15479,224722,146068,64.99942150746256,44.371114823233015,44.918804940164854,0.0,1.2021798066653888,0.0,1.6820932716269137,44.371114823233015,44.918804940164854,Jamaat-led Coalition,35.90167558247491,38.04323798576418,19.36016629411849,19.32362335141497,1.0065325157305471,1
Lalmonirhat,Patgram,লালমনিরহাট,পাটগ্রাম,190923,71801,75792,27423,44378,43553,33547,22720,19299,161472,10108,74,46,1,19222,189521,141062,74.43080186364571,51.19309239908693,45.216287873417365,0.0,0.8932242560009074,0.0,1.773688165487516,51.19309239908693,45.216287873417365,BNP-led Coalition,37.6073076580611,39.697679169089106,5.957449286841661,5.886977944216982,1.0073975971000575,1
Lalmonirhat,Lalmonirhat Sadar,লালমনিরহাট,লালমনিরহাট সদর,307675,102994,108731,38007,64987,76414,53258,39009,35995,235325,47891,210,59,4,24186,305835,201051,65.73838834665752,68.98299436461396,27.689989107241445,0.0,1.6254582170693008,0.0,0.0,68.98299436461396,27.689989107241445,BNP-led Coalition,33.47493296497928,35.33956285041034,16.989724469027017,16.893424436221512,1.0060163159873787,1
Lalmonirhat,Hatibandha,লালমনিরহাট,হাতীবান্ধা,212460,80543,85117,29186,51357,49429,34767,25423,22298,170047,26153,46,33,0,16181,210784,141551,67.15452785790193,46.246935733410574,45.601232064768176,0.0,0.6859718405380393,0.0,4.50862233399976,46.246935733410574,45.601232064768176,BNP-led Coalition,37.909724183375694,40.06260001882708,13.364649300230791,13.32440047075846,1.0079512676483984,1
Shariatpur,Gosairhat,শরিয়তপুর,গোসাইরহাট,154527,62297,65526,21110,41187,37048,23357,16047,15776,116135,13829,115,111,0,24337,153317,85747,55.927914060410785,61.38640418906784,30.616814582434372,0.0,7.104621736037412,0.0,0.0,61.38640418906784,30.616814582434372,BNP-led Coalition,40.314637571427646,42.40424003572191,10.795760043014056,10.62216760119825,1.0078921450328404,1
Shariatpur,Zajira,শরিয়তপুর,জাজিরা,189593,67573,71134,23728,43845,49797,31563,20285,20374,147849,12309,288,141,0,29006,187463,69779,37.2228119682284,34.258157898508145,0.0,0.16050674271629,6.650998151306267,43.79971051462474,14.207712922225884,34.258157898508145,43.79971051462474,Jamaat-led Coalition,35.6410837952878,37.51931769632845,7.932148928618132,7.665004016514413,1.0113622421491175,1
Shariatpur,Damudya,শরিয়তপুর,ডামুড্যা,114438,41109,43286,13971,27138,28694,18615,12993,13027,83005,9077,73,86,0,22197,112565,62386,55.4222005063741,52.48613470971051,43.21161799121598,0.0,3.245920559099798,0.0,0.0,52.48613470971051,43.21161799121598,BNP-led Coalition,35.92250825774655,37.824848389520966,10.01290098763023,9.840526447024642,1.0166392750855062,1
Shariatpur,Naria,শরিয়তপুর,নড়িয়া,236464,79719,84261,26516,53203,60497,40513,26652,29082,176145,30833,263,78,0,29145,233254,105246,45.120769633103826,56.996940501301715,36.497349067898064,0.0,3.5877848089238547,0.0,0.2584421260665488,56.996940501301715,36.497349067898064,BNP-led Coalition,33.71295419175858,35.63375397523513,15.036730835089886,14.87225001085284,1.013761821876581,1
Shariatpur,Bhedarganj,শরিয়তপুর,ভেদরগঞ্জ,248452,94466,99577,32215,62251,58669,39668,26453,29183,181601,22744,309,246,0,43552,244445,139624,57.118779275501645,64.21317252048358,31.65358391107546,0.0,3.0252678622586373,0.0,0.1282014553371913,64.21317252048358,31.65358391107546,BNP-led Coalition,38.02183117865825,40.07896897589877,11.370912640312348,11.100048804294778,1.0163922354721922,1
Shariatpur,Shariatpur Sadar,শরিয়তপুর,শরিয়তপুর সদর,205485,75033,79057,25978,49055,51743,34218,23174,21317,159512,23099,149,104,4,22617,202896,95129,46.88559656178535,55.48150406290406,0.0,0.2691082635158574,6.3440170715554665,32.16894953168855,5.190846114223843,55.48150406290406,32.16894953168855,BNP-led Coalition,36.51507409299949,38.47336788573375,12.772054159284291,12.631515628759542,1.0127602318429143,1
Sherpur,Nakla,শেরপুর,নকলা,187823,68680,72292,25139,43541,45350,31148,23005,19640,163000,4573,57,74,0,20119,185873,101403,54.55499184927343,59.223099908286734,39.09055945090382,0.0,1.3244184097117442,0.0,0.0,59.223099908286734,39.09055945090382,BNP-led Coalition,36.566341715338375,38.48942887718757,2.804942040738444,2.726828221151553,1.0104910342007716,1
Sherpur,Nalitabari,শেরপুর,নালিতাবাড়ী,251798,90553,95445,33180,57373,62704,41368,30002,27171,212064,9476,4043,145,0,26070,250011,128371,51.34614076980613,44.70402193641866,52.14807082596536,0.0,2.6516892444555236,0.0,0.0,44.70402193641866,52.14807082596536,Jamaat-led Coalition,35.962557287984815,37.90538447485683,6.053303090445137,4.197972781400623,1.007147685501838,1
Sherpur,Sherpur Sadar,শেরপুর,শেরপুর সদর,450103,165346,173181,57684,107662,107639,75901,53459,47758,376962,14364,447,150,0,58180,442181,264593,59.83816581897458,29.03931698873364,47.27713885099001,0.1681828317453598,0.0,0.0,23.238332079835825,29.03931698873364,47.27713885099001,Jamaat-led Coalition,36.73514728850952,38.47585996982913,3.8173314656195223,3.665005626105128,1.017915740386855,1
Satkhira,Ashashuni,সাতক্ষীরা,আশাশুনি,245854,81085,86048,27791,53294,59089,43925,32251,29504,173974,59978,589,44,8,11261,243659,164400,67.47134314759562,19.86557177615572,55.095498783454985,0.0,0.7232360097323601,0.0,23.864355231143552,19.86557177615572,55.095498783454985,Jamaat-led Coalition,32.98095617724341,34.99963392907986,25.84007195440614,25.56683276994625,1.0090084913752415,1
Satkhira,Kaliganj,সাতক্ষীরা,কালিগঞ্জ,256294,84644,89818,30140,54504,62723,44584,33965,30376,200922,39448,113,44,1,15766,254100,182479,71.81385281385282,12.980671748529968,50.19098087999167,0.0,0.706382652250396,0.0,35.82439623189518,12.980671748529968,50.19098087999167,Jamaat-led Coalition,33.0261340491779,35.044909361904686,16.466274196767113,16.400585378833235,1.0086343959071231,1
Satkhira,Debhata,সাতক্ষীরা,দেবহাটা,115421,37874,40216,13585,24289,29093,20429,15230,12795,87688,20224,133,21,1,7354,114192,84527,74.02182289477372,34.58066653258722,64.23273037017758,0.0,0.4708554663007086,0.0,0.0,34.58066653258722,64.23273037017758,Jamaat-led Coalition,32.813786052798015,34.84287954531671,18.857745657786374,18.714316118704136,1.0107625753117555,1
Satkhira,Shyamnagar,সাতক্ষীরা,শ্যামনগর,298048,102515,108541,35108,67407,71855,51534,37574,34558,221530,54741,1381,57,1,20338,295843,196772,66.51230551339731,43.18094037769601,53.77035350558006,0.0,2.476978431890716,0.0,0.0,43.18094037769601,53.77035350558006,Jamaat-led Coalition,34.39546650203994,36.41728849044449,20.229736055597566,19.71156962298801,1.0074532775830425,1
Satkhira,Satkhira Sadar,সাতক্ষীরা,সাতক্ষীরা সদর,419929,139826,148000,48119,91707,104473,75013,55405,45210,338196,51936,124,88,1,29584,415218,300645,72.4065430689421,28.614146252224383,69.58672188128857,0.0,0.5115667980508574,0.0,0.0,28.614146252224383,69.58672188128857,Jamaat-led Coalition,33.29753363068519,35.24405316136775,13.359720247473389,13.305153133766284,1.01134584724169,1
Sirajganj,Ullapara,সিরাজগঞ্জ,উল্লা পাড়া,475770,162705,171201,60582,102123,122835,81941,56841,51445,401218,39704,2241,60,0,32547,471626,324253,68.7521468282071,49.485432671401654,49.24950578714769,0.0,0.6815665545114463,0.0,0.0,49.485432671401654,49.24950578714769,BNP-led Coalition,34.198247052147046,35.98398385774639,9.477170634195428,8.958018875374247,1.00878662329897,1
Sirajganj,Kazipur,সিরাজগঞ্জ,কাজীপুর,241953,79184,83700,28276,50908,63590,41294,30026,27858,208600,11485,127,32,0,21709,241278,141306,58.56563797776838,52.5512009398044,45.92657070471176,0.0,0.0,0.0,0.0735991394562155,52.5512009398044,45.92657070471176,BNP-led Coalition,32.72701723061917,34.5934954309308,5.286863660304027,5.214671001253156,1.002797602765275,1
Sirajganj,Kamarkhanda,সিরাজগঞ্জ,কামারখন্দ,127873,46245,48461,17122,29123,32910,20482,14924,13311,103736,14028,437,22,0,9650,126455,85119,67.31169190621169,55.314324651370434,43.193646541900165,0.0,0.5486436635768748,0.0,0.4006156087360049,55.314324651370434,43.193646541900165,BNP-led Coalition,36.164788501090925,37.89775793169785,12.253960735220726,11.865711409793356,1.0112134751492623,1
Sirajganj,Chouhali,সিরাজগঞ্জ,চৌহালী,122969,45802,47804,14770,31032,30339,20134,13577,13115,106201,5731,48,27,0,10962,121968,63119,51.750459136822776,53.73183985804592,39.457215735357025,0.0,6.248514710309099,0.0,0.0,53.73183985804592,39.457215735357025,BNP-led Coalition,37.2467857752767,38.87483837389911,5.183604596141312,5.116644495433321,1.0082070707070707,1
Sirajganj,Tarash,সিরাজগঞ্জ,তাড়াশ,168525,56369,59523,19725,36644,42473,31417,21438,16827,136920,15230,2440,29,0,13906,173971,110413,63.46632484724466,63.62113156965212,0.0,0.0,0.0253593326872741,35.18607410359287,0.5298289150734062,63.62113156965212,35.18607410359287,BNP-led Coalition,33.448449784898386,35.31998219848687,11.446846765274644,9.850018432404816,0.968695932080634,1
Sirajganj,Belkuchi,সিরাজগঞ্জ,বেলকুচি,302528,109296,113932,40114,69182,80183,50025,33478,29545,241311,35428,1592,53,0,24144,300704,183709,61.09296850058529,54.58741814500106,43.701179582927345,0.0,0.95096048642146,0.0,0.0,54.58741814500106,43.701179582927345,BNP-led Coalition,36.12756505182991,37.65998519145335,13.317216506695788,12.726306109546526,1.0060657656698946,1
Sirajganj,Rayganj,সিরাজগঞ্জ,রায়গঞ্জ,275627,91806,97138,33031,58775,68158,49038,34728,31894,219837,37308,1572,25,1,16884,274088,184467,67.30210735238317,56.93484471477283,0.0,0.0,0.0,42.324643432158595,0.2211777716339507,56.93484471477283,42.324643432158595,BNP-led Coalition,33.308057628606775,35.24255606308525,15.036542051379168,14.418940802263249,1.0056149849683311,1
Sirajganj,Shahjadpur,সিরাজগঞ্জ,শাহাজাদপুর,485056,168214,176514,57930,110284,130981,82397,53787,49673,408603,35706,2400,66,0,38281,480905,279901,58.202971480853805,60.78184786763891,0.0,36.50755088406258,0.907463710383314,0.0,0.3765617128913437,60.78184786763891,36.50755088406258,BNP-led Coalition,34.67929476184193,36.39043739279588,8.543897935202283,7.991942252811819,1.0086316424241797,1
Sirajganj,Sirajganj Sadar,সিরাজগঞ্জ,সিরাজগঞ্জ সদর,483451,163625,171479,57394,106231,128023,80991,59196,51611,406080,31053,876,93,2,45347,481228,319507,66.39410009392637,53.61541374680367,44.86818755144645,0.0,0.5229932364549134,0.0,0.2068812263894061,53.61541374680367,44.86818755144645,BNP-led Coalition,33.845208718153444,35.46977873662481,7.309679893358655,7.088043021748261,1.0046194319532529,1
Sylhet,Osmaninagar,সিলেট,ওসমানীনগর,171775,64951,68194,22216,42735,41704,27882,19694,17542,139691,15973,48,38,0,16025,170419,70397,41.30818746735986,69.20749463755558,0.0,0.0,1.1605608193530974,27.6886799153373,0.0,69.20749463755558,27.6886799153373,BNP-led Coalition,37.81167224567021,39.699607044098386,10.3107544141252,10.25553772070626,1.0079568592703865,1
Sylhet,Kanaighat,সিলেট,কানাইঘাট,230602,95617,99670,33491,62126,53165,36125,25419,20276,198279,11459,524,45,0,20295,225483,111378,49.39529809342611,0.0,0.0,0.0,0.0,28.752536407549066,27.983982474097218,43.102767153297776,28.752536407549066,BNP-led Coalition,41.46408097067675,43.22165462571877,5.719258037060107,5.44870118445891,1.022702376675847,1
Sylhet,Companiganj,সিলেট,কোম্পানীগঞ্জ,126507,54906,56998,19766,35140,29573,19665,12372,9990,108026,8974,213,25,2,9267,127927,69255,54.136343383335806,69.01884340480832,29.23399032560826,0.0,1.1017255071835967,0.0,0.0,69.01884340480832,29.23399032560826,BNP-led Coalition,43.40155090232161,45.0552143359656,7.859092459911293,7.65438416922552,0.9888999194853316,1
Sylhet,Gowainghat,সিলেট,গোয়াইনঘাট,244594,105160,109823,37798,67362,56965,36917,24720,20820,210531,12880,2671,120,0,18392,232240,118945,51.21641405442646,76.20076505948127,22.138803648745217,0.0,0.8499726764470974,0.0,0.0,76.20076505948127,22.138803648745217,BNP-led Coalition,42.993695675282304,44.90012019918723,6.927878621762849,5.694025693848861,1.0531949707199448,1
Sylhet,Golapganj,সিলেট,গোলাপগঞ্জ,286908,108232,113518,38385,69847,69063,46355,33510,29748,235586,16942,65,96,1,34218,282189,135178,47.90335555248433,52.37094793531491,41.369897468522986,0.0,0.0,0.0,5.235319356700055,52.37094793531491,41.369897468522986,BNP-led Coalition,37.723590837481005,39.56599328007584,6.768768055720448,6.704657881198306,1.0167228346958952,1
Sylhet,Zakiganj,সিলেট,জকিগঞ্জ,198041,77862,81940,26125,51737,47325,30643,22654,19557,150721,26258,26,26,0,21010,195350,90555,46.3552597901203,0.0,0.0,0.0,0.0,48.80680249572083,27.94876042184308,23.03793274805367,48.80680249572083,Jamaat-led Coalition,39.31610121136532,41.375270777263296,14.861803864859828,14.832430478277816,1.0137752751471718,1
Sylhet,Jaintapur,সিলেট,জৈন্তাপুর,141690,59462,62256,20280,39182,32370,21382,15212,13263,118073,9705,2129,82,1,11700,140091,68123,48.62767772376527,64.86942735933532,32.27544294878382,0.0,1.2961848421238054,0.0,0.0,64.86942735933532,32.27544294878382,BNP-led Coalition,41.96626437998447,43.93817488884184,9.167628279098391,7.4659589199169165,1.0114140094652762,1
Sylhet,Dakkhin Surma,সিলেট,দক্ষিণ সুরমা,220342,81115,85326,28215,52900,54345,35310,25511,24061,180111,11352,108,78,1,28692,197047,93142,47.26892568778008,62.970518133602454,1.5460264971763544,0.0,0.587275343024629,32.94110068497563,0.5024586115823152,62.970518133602454,34.48712718215198,BNP-led Coalition,36.81322671120349,38.72434669740676,6.020871380120011,5.923297678058962,1.118220526067385,1
Sylhet,Balaganj,সিলেট,বালাগঞ্জ,101800,39550,41761,14115,25435,24594,16493,11488,9675,81087,11497,28,27,1,9160,90710,46148,50.87421452982031,53.66863135997227,0.0,0.0,1.378174568778712,43.10912715610644,0.7454277541821964,53.66863135997227,43.10912715610644,BNP-led Coalition,38.850687622789785,41.02259332023576,12.470854922279791,12.410405872193436,1.1222577444603683,1
Sylhet,Beanibazar,সিলেট,বিয়ানী বাজার,221949,80359,84764,27771,52588,52749,36062,27262,25517,182570,14164,37,53,3,25122,217412,97341,44.77259764870384,38.85104940364286,42.967505984117686,0.0,0.0,0.0,17.009276666563935,38.85104940364286,42.967505984117686,Jamaat-led Coalition,36.20606535735687,38.19075553392896,7.243416807653421,7.196167192509158,1.0208682133460891,1
Sylhet,Bishwanath,সিলেট,বিশ্বনাথ,196132,77002,80643,27160,49842,44607,30917,22324,21282,168958,10043,103,51,4,16973,187941,84651,45.04126294954268,77.95773233629845,0.0,0.0,0.6556331289648084,20.60932534760369,0.0,77.95773233629845,20.60932534760369,BNP-led Coalition,39.260294087655254,41.11669691840189,5.693825038094653,5.60563521787909,1.0435828265253455,1
Sunamganj,Chhatak,সুনামগঞ্জ,ছাতক,326754,131287,137181,46768,84519,76050,51227,36269,31908,276223,21986,419,124,4,27998,326645,155340,47.556215463270526,58.203295995880005,39.974893781382775,0.0,0.003862495171881,1.117548603064246,0.005149993562508,58.203295995880005,39.974893781382775,BNP-led Coalition,40.17915618477509,41.98295965772416,7.542275301583901,7.359182744446973,1.0003336956022593,1
Sunamganj,Jagannathpur,সুনামগঞ্জ,জগন্নাথপুর,218911,85995,90219,31546,54449,50799,34336,24558,23223,178482,23210,107,46,0,17066,228519,92729,40.578245134977834,69.61468364804969,0.4680304974711255,0.0,0.0280386933968877,11.341651479041076,14.71384356565907,69.61468364804969,11.367533349868973,BNP-led Coalition,39.28308764749145,41.21263892632165,11.574723178676708,11.498922440486512,0.9579553560097848,1
Sunamganj,Jamalganj,সুনামগঞ্জ,জামালগঞ্জ,140499,54851,57639,19545,35306,34792,21959,15423,13472,105889,24698,111,20,4,9777,139889,67974,48.59138316808327,60.76735222290876,38.78983140612587,0.0,0.0,0.0,0.0,60.76735222290876,38.78983140612587,BNP-led Coalition,39.04013551697877,41.02449127751799,18.996802374504675,18.893529780756108,1.0043606001901508,1
Sunamganj,Tahirpur,সুনামগঞ্জ,তাহিরপুর,169890,71256,75408,25413,45843,39980,26731,17200,14718,139970,13421,816,55,0,15628,168787,92025,54.52137901615646,64.3216517250747,35.376256452051074,0.0,0.0,0.0,0.0,64.3216517250747,35.376256452051074,BNP-led Coalition,41.9424333392195,44.38636764965566,9.264757360853611,8.700133539043964,1.006534863466973,1
Sunamganj,Derai,সুনামগঞ্জ,দিরাই,208159,80164,83776,30540,49624,49744,32915,23503,21832,136282,60412,142,35,0,11288,207820,109972,52.91694735829083,62.08034772487542,37.360419015749464,0.0,0.0163678027134179,0.0,0.0027279671189029,62.08034772487542,37.360419015749464,BNP-led Coalition,38.510945959578976,40.24615798500185,30.775990369328134,30.686083780749833,1.0016312193244157,1
Sunamganj,Dowarabazar,সুনামগঞ্জ,দোয়ারাবাজার,200557,84604,88373,32393,52211,46198,30061,20996,18697,176218,10418,407,39,0,13475,198503,100643,50.700996962262536,60.79906203113977,37.85459495444293,0.0,0.0,0.5067416511828939,0.0,60.79906203113977,37.85459495444293,BNP-led Coalition,42.184516122598566,44.06378236611038,5.807079248671705,5.568681113094793,1.010347450668252,1
Sunamganj,Dharmapasha,সুনামগঞ্জ,ধর্মপাশা,113290,44284,46308,15873,28411,27274,18338,12167,11227,88213,12412,41,27,0,12597,112389,55354,49.25215101121996,63.122809553058495,36.20334573833869,0.0,0.0,0.0,0.0,63.122809553058495,36.20334573833869,BNP-led Coalition,39.08906346544267,40.87562891693883,12.39410882583695,12.326576822619248,1.0080167987970352,1
Sunamganj,Bishwambharpur,সুনামগঞ্জ,বিশ্বম্ভরপুর,135881,58881,61298,22047,36834,30390,20031,13798,12781,110895,15707,224,15,0,9040,134626,74033,54.99160637618291,50.08307106290438,36.64041711128821,0.0,1.4912268853079031,0.0,10.870827874056165,50.08307106290438,36.64041711128821,BNP-led Coalition,43.332769114151354,45.11153141351624,12.57164481516229,12.383219936771232,1.0093221220269488,1
Sunamganj,Madhyanagar,সুনামগঞ্জ,মধ্যনগর,77186,29175,30667,10334,18841,18706,12596,8694,8015,51838,18179,1511,41,0,5617,76654,38013,49.590367104130245,65.96690605845369,33.49906610896272,0.0,0.0,0.0,0.0,65.96690605845369,33.49906610896272,BNP-led Coalition,37.79830539216957,39.73129842199363,27.569198954854755,25.400662297922285,1.0069402770892582,1
Sunamganj,Shantiganj,সুনামগঞ্জ,শান্তিগঞ্জ,154059,60310,63619,22300,38010,37371,24705,16882,14789,125890,17126,162,28,0,10853,152970,71295,46.6071778780153,49.90953082263833,0.0,0.0,0.0,7.857493512869065,40.32540851392103,49.90953082263833,7.285223367697594,BNP-led Coalition,39.1473396555865,41.295218065805955,12.09167213664232,11.958996131447009,1.007119042949598,1
Sunamganj,Shalla,সুনামগঞ্জ,শাল্লা,97706,36775,38551,13775,23000,23013,15828,10712,11378,49151,45788,16,3,0,2748,97384,53405,54.839604041731704,58.20616047186593,40.67222170208782,0.0,0.0,0.0,0.0,58.20616047186593,40.67222170208782,BNP-led Coalition,37.6384254805232,39.45612347245819,48.239221550580254,48.21921270456412,1.003306497987349,1
Sunamganj,Sunamganj Sadar,সুনামগঞ্জ,সুনামগঞ্জ সদর,236188,93867,98615,32375,61492,57052,36296,26450,22509,190344,25278,569,60,15,19922,233772,127495,54.53818250260938,47.31636534766069,37.05164908427781,0.0,0.6313973096984196,0.0,14.137809325855915,47.31636534766069,37.05164908427781,BNP-led Coalition,39.74249326807458,41.75275627889647,11.986165185466046,11.688383749641645,1.0103348561846586,1
Habiganj,Ajmiriganj,হবিগঞ্জ,আজমিরিগঞ্জ,100586,38322,40059,13219,25103,24154,16419,10957,10733,68993,26975,424,4,0,4190,99856,48952,49.022592533247874,71.89287465272103,0.0,0.0,0.0,26.59135479653538,1.0316228141853243,71.89287465272103,26.59135479653538,BNP-led Coalition,38.09874137553934,39.82562185592428,28.427528113199717,27.98352628739782,1.0073105271591092,1
Habiganj,Chunarughat,হবিগঞ্জ,চুনারুঘাট,263968,102715,108012,34562,68153,64581,42486,29640,24540,185924,28586,25563,235,2,23658,261840,135271,51.66170180262756,55.56992999238565,0.0,0.0,0.0,10.483399989650405,0.884151074509688,55.56992999238565,10.483399989650405,BNP-led Coalition,38.91191356528064,40.918596193477995,22.6316008489035,11.895468353376888,1.0081271005194012,1
Habiganj,Nabiganj,হবিগঞ্জ,নবীগঞ্জ,300271,114997,121158,38384,76613,71816,48568,34058,30823,222417,53901,467,69,2,23415,297369,132073,44.41384273411149,54.96505720321338,0.0,0.0,0.0,22.006768983819555,21.706177644181626,54.96505720321338,22.006768983819555,BNP-led Coalition,38.29773771026839,40.349550905681866,19.66329066373855,19.46896581616436,1.009758919053432,1
Habiganj,Baniachong,হবিগঞ্জ,বানিয়াচং,294150,114631,120674,39459,75172,74431,45904,30552,28629,218327,57518,72,36,0,18197,294432,146331,49.69942125855885,62.58824172595007,0.2986380192850456,0.0,0.0061504397564425,35.422432703938334,1.206169574457907,62.58824172595007,35.72107072322338,BNP-led Coalition,38.97025327214006,41.024647288798235,20.88254159222766,20.84340449279406,0.99904222367134,1
Habiganj,Bahubal,হবিগঞ্জ,বাহুবল,166641,62655,66158,19565,43090,41903,27831,18210,16039,127776,19588,5617,34,2,13624,165254,74590,45.13657763200891,51.58734414800912,0.0,0.0,0.0,35.09853867810698,7.76779729186218,51.58734414800912,35.09853867810698,BNP-led Coalition,37.59879021369291,39.70091394074687,16.495552781717063,12.801192024415588,1.0083931402568167,1
Habiganj,Madhabpur,হবিগঞ্জ,মাধবপুর,288508,113778,119130,36566,77212,69677,45258,31745,28043,215117,45402,8964,88,6,18931,285907,163799,57.29100721563306,68.07611768081613,0.0,0.0,0.0,6.863289763673771,0.2356546743264611,68.07611768081613,6.863289763673771,BNP-led Coalition,39.43668806410914,41.29174927558335,20.2020202020202,16.841941263535094,1.009097363828098,1
Habiganj,Lakhai,হবিগঞ্জ,লাখাই,133207,53144,55674,19075,34069,31998,21270,14174,12619,103662,21401,27,16,0,8101,135146,65385,48.38101016678259,63.44880324233387,24.395503555861435,0.0,6.61466697254722,0.0,0.0,63.44880324233387,24.395503555861435,BNP-led Coalition,39.89580127170494,41.795100858063016,17.14066471632056,17.106293862804343,0.9856525535346958,1
Habiganj,Shayestaganj,হবিগঞ্জ,শায়েস্তাগঞ্জ,58480,22510,23797,7674,14836,14861,9577,6481,5049,46034,5733,20,18,0,6675,58058,30625,52.74897516276827,64.25795918367346,23.65714285714286,0.0,0.64,0.0,0.0,64.25795918367346,23.65714285714286,BNP-led Coalition,38.491792065663475,40.69254445964432,11.139851365698291,11.066499372647428,1.00726859347549,1
Habiganj,Habiganj Sadar,হবিগঞ্জ,হবিগঞ্জ সদর,225138,81987,86593,26739,55248,56067,37621,25365,24081,171052,29803,536,39,18,23690,223118,110943,49.72391290707159,72.42998656967993,19.275664079752666,0.0,0.8040164769295944,0.0,0.0,72.42998656967993,19.275664079752666,BNP-led Coalition,36.416331316792366,38.46218763602768,15.088757396449704,14.79438862634526,1.0090535053200549,1
